{"type":"FeatureCollection","name":"Kelurahan Kota Semarang","features":[{"type":"Feature","properties":{"id":"ADM-BANYUMANIK-BANYUMANIK","name":"Banyumanik","source_name":"Banyumanik","type":"Kelurahan","category":"Administrasi kota","kecamatan":"Banyumanik","kabupaten":"Kota Semarang","catatan":"Batas kelurahan dari berkas vektor kota. Serpihan dan wilayah luar kota dibuang. Kecamatan mengikuti daftar resmi, bukan kolom asli berkas.","status":"Batas administrasi"},"geometry":{"type":"Polygon","coordinates":[[[110.41114,-7.07324],[110.4108,-7.07324],[110.41055,-7.07323],[110.41032,-7.07321],[110.41009,-7.07319],[110.40999,-7.07317],[110.40999,-7.07318],[110.40955,-7.07313],[110.40955,-7.07303],[110.40951,-7.07299],[110.40939,-7.073],[110.40855,-7.07273],[110.40838,-7.07262],[110.40823,-7.07255],[110.40788,-7.07243],[110.40776,-7.07239],[110.40751,-7.07234],[110.40747,-7.07233],[110.40714,-7.07228],[110.40698,-7.07229],[110.40665,-7.07232],[110.40661,-7.07231],[110.40637,-7.07221],[110.40567,-7.07201],[110.4047,-7.07179],[110.40453,-7.07205],[110.40445,-7.07224],[110.40438,-7.0724],[110.40436,-7.07252],[110.40437,-7.0726],[110.40443,-7.07272],[110.40456,-7.07282],[110.40474,-7.07292],[110.40495,-7.07305],[110.40528,-7.07318],[110.40555,-7.07332],[110.40574,-7.07342],[110.40587,-7.07353],[110.40599,-7.07374],[110.40605,-7.07392],[110.40603,-7.07408],[110.40598,-7.07423],[110.40588,-7.07439],[110.40575,-7.07449],[110.40562,-7.07452],[110.40529,-7.0746],[110.40493,-7.07471],[110.40468,-7.07476],[110.40445,-7.07476],[110.40433,-7.07472],[110.40423,-7.07462],[110.40416,-7.07447],[110.40412,-7.07427],[110.40408,-7.07415],[110.40382,-7.07404],[110.40368,-7.074],[110.40348,-7.07402],[110.40331,-7.07414],[110.40312,-7.07427],[110.403,-7.07441],[110.40292,-7.07456],[110.40289,-7.07467],[110.4029,-7.07477],[110.403,-7.07487],[110.40326,-7.07504],[110.40361,-7.07527],[110.40381,-7.0754],[110.40395,-7.07557],[110.404,-7.07575],[110.40398,-7.07588],[110.40387,-7.07596],[110.40361,-7.07609],[110.40326,-7.0762],[110.40285,-7.07632],[110.40252,-7.07645],[110.40229,-7.07659],[110.40209,-7.07679],[110.40199,-7.077],[110.402,-7.07719],[110.40207,-7.0774],[110.40219,-7.0775],[110.40241,-7.07761],[110.40257,-7.0776],[110.40281,-7.07751],[110.40313,-7.07729],[110.40334,-7.07718],[110.40351,-7.07713],[110.40367,-7.07714],[110.40378,-7.0772],[110.40389,-7.07732],[110.40396,-7.07748],[110.40403,-7.07764],[110.40407,-7.07788],[110.40413,-7.07804],[110.40417,-7.07809],[110.40449,-7.0781],[110.40551,-7.07809],[110.40619,-7.07812],[110.40695,-7.07806],[110.4072,-7.07811],[110.40733,-7.07813],[110.40747,-7.07815],[110.40755,-7.07815],[110.40775,-7.07822],[110.40866,-7.07827],[110.40875,-7.07833],[110.40876,-7.07852],[110.40886,-7.07873],[110.40912,-7.07912],[110.40913,-7.07919],[110.40952,-7.07971],[110.40986,-7.07979],[110.41028,-7.08001],[110.41055,-7.08009],[110.41116,-7.08019],[110.41107,-7.08069],[110.41101,-7.08113],[110.41093,-7.08157],[110.41085,-7.082],[110.41084,-7.08202],[110.41084,-7.08204],[110.41073,-7.0826],[110.41073,-7.08263],[110.4109,-7.08265],[110.41152,-7.08278],[110.41271,-7.08324],[110.4132,-7.0834],[110.41352,-7.08347],[110.41389,-7.08357],[110.41445,-7.08373],[110.41476,-7.0838],[110.41495,-7.08383],[110.41522,-7.08389],[110.41545,-7.08398],[110.41559,-7.08403],[110.41579,-7.08412],[110.416,-7.08423],[110.41605,-7.08424],[110.41609,-7.08426],[110.4162,-7.08429],[110.41682,-7.08446],[110.41731,-7.0846],[110.41743,-7.08464],[110.41775,-7.08474],[110.41783,-7.08477],[110.41792,-7.08459],[110.41821,-7.08388],[110.41852,-7.08336],[110.41882,-7.0829],[110.41896,-7.08271],[110.41934,-7.08267],[110.41947,-7.08262],[110.41959,-7.08248],[110.41984,-7.08206],[110.42002,-7.08162],[110.42014,-7.08132],[110.42043,-7.08065],[110.42049,-7.08051],[110.42057,-7.08032],[110.4207,-7.07992],[110.42091,-7.07928],[110.42094,-7.07919],[110.42112,-7.07863],[110.42129,-7.07812],[110.42139,-7.07774],[110.42144,-7.07759],[110.42148,-7.07746],[110.42152,-7.07718],[110.42153,-7.07711],[110.42146,-7.07701],[110.42136,-7.07697],[110.42115,-7.07686],[110.42095,-7.07676],[110.42094,-7.07675],[110.4209,-7.07672],[110.42089,-7.0766],[110.42095,-7.07634],[110.42098,-7.07609],[110.42088,-7.07602],[110.42044,-7.07583],[110.41997,-7.07568],[110.41975,-7.0756],[110.41961,-7.07556],[110.41945,-7.07548],[110.41929,-7.07547],[110.41921,-7.07546],[110.41914,-7.07545],[110.41909,-7.07544],[110.419,-7.07542],[110.41823,-7.0752],[110.41794,-7.07513],[110.41775,-7.07514],[110.4175,-7.07518],[110.41712,-7.07524],[110.41657,-7.07519],[110.41651,-7.07519],[110.41613,-7.07506],[110.41429,-7.07434],[110.41412,-7.07426],[110.41309,-7.0738],[110.41293,-7.07376],[110.41226,-7.07357],[110.41177,-7.07344],[110.41149,-7.07336],[110.41115,-7.07334],[110.41115,-7.07329],[110.41114,-7.07324]]]}},{"type":"Feature","properties":{"id":"ADM-BANYUMANIK-GEDAWANG","name":"Gedawang","source_name":"Gedawang","type":"Kelurahan","category":"Administrasi kota","kecamatan":"Banyumanik","kabupaten":"Kota Semarang","catatan":"Batas kelurahan dari berkas vektor kota. Serpihan dan wilayah luar kota dibuang. Kecamatan mengikuti daftar resmi, bukan kolom asli berkas.","status":"Batas administrasi"},"geometry":{"type":"Polygon","coordinates":[[[110.43811,-7.0749],[110.43798,-7.07495],[110.4375,-7.07503],[110.43745,-7.07502],[110.43724,-7.07493],[110.43698,-7.07483],[110.43677,-7.07486],[110.43558,-7.07513],[110.43534,-7.07526],[110.43518,-7.07541],[110.43517,-7.07554],[110.43523,-7.07569],[110.43536,-7.07606],[110.43527,-7.07615],[110.43511,-7.0762],[110.43483,-7.07619],[110.434,-7.0761],[110.43367,-7.07608],[110.43266,-7.0763],[110.43206,-7.0764],[110.43195,-7.07636],[110.43185,-7.07633],[110.43109,-7.07601],[110.43091,-7.07604],[110.43074,-7.07611],[110.43066,-7.07608],[110.43046,-7.076],[110.4303,-7.07611],[110.43007,-7.07625],[110.42986,-7.07627],[110.42976,-7.07627],[110.42974,-7.07624],[110.4297,-7.07601],[110.42959,-7.07591],[110.42953,-7.07582],[110.42952,-7.07581],[110.42942,-7.07564],[110.42921,-7.07541],[110.42901,-7.07531],[110.42888,-7.07535],[110.42861,-7.07544],[110.4285,-7.07538],[110.42807,-7.07499],[110.42809,-7.07486],[110.4281,-7.07481],[110.42809,-7.07465],[110.42799,-7.07449],[110.4278,-7.07434],[110.42733,-7.07408],[110.42718,-7.07406],[110.42705,-7.07412],[110.42698,-7.07421],[110.42696,-7.07423],[110.42697,-7.07434],[110.42695,-7.07456],[110.42683,-7.07463],[110.42673,-7.07471],[110.42658,-7.07487],[110.42646,-7.07489],[110.42626,-7.07482],[110.42593,-7.07471],[110.42574,-7.07467],[110.42534,-7.07459],[110.42527,-7.07447],[110.42528,-7.07439],[110.42529,-7.0743],[110.42528,-7.07416],[110.42518,-7.07413],[110.42501,-7.07417],[110.42494,-7.07426],[110.42487,-7.07449],[110.42481,-7.07458],[110.42471,-7.07454],[110.42461,-7.07442],[110.42375,-7.07424],[110.42366,-7.07426],[110.42363,-7.07425],[110.42354,-7.07419],[110.42344,-7.07414],[110.42341,-7.0741],[110.42328,-7.07401],[110.42248,-7.07374],[110.42234,-7.07369],[110.4223,-7.07366],[110.42209,-7.07415],[110.42205,-7.07424],[110.42188,-7.07463],[110.42164,-7.0751],[110.42132,-7.07552],[110.42124,-7.07562],[110.42118,-7.07574],[110.42102,-7.07603],[110.421,-7.07606],[110.42098,-7.07609],[110.42095,-7.07634],[110.42089,-7.0766],[110.4209,-7.07672],[110.42094,-7.07675],[110.42095,-7.07676],[110.42115,-7.07686],[110.42136,-7.07697],[110.42146,-7.07701],[110.42153,-7.07711],[110.42152,-7.07718],[110.42148,-7.07746],[110.42144,-7.07759],[110.42139,-7.07774],[110.42129,-7.07812],[110.42112,-7.07863],[110.42094,-7.07919],[110.42091,-7.07928],[110.4207,-7.07992],[110.42057,-7.08032],[110.42049,-7.08051],[110.42043,-7.08065],[110.42014,-7.08132],[110.42002,-7.08162],[110.41984,-7.08206],[110.41959,-7.08248],[110.41947,-7.08262],[110.41934,-7.08267],[110.41896,-7.08271],[110.41882,-7.0829],[110.41852,-7.08336],[110.41821,-7.08388],[110.41792,-7.08459],[110.41783,-7.08477],[110.41874,-7.0851],[110.41906,-7.08525],[110.41931,-7.08546],[110.41962,-7.08566],[110.41965,-7.08568],[110.41983,-7.08577],[110.41995,-7.08583],[110.42042,-7.08599],[110.42244,-7.08708],[110.42268,-7.08737],[110.42273,-7.08767],[110.42269,-7.08782],[110.42255,-7.08798],[110.42234,-7.08809],[110.422,-7.08823],[110.4219,-7.08835],[110.42195,-7.08842],[110.42209,-7.08848],[110.4222,-7.08858],[110.42217,-7.08867],[110.422,-7.08909],[110.42187,-7.08943],[110.42175,-7.08953],[110.42156,-7.08957],[110.42098,-7.08963],[110.42076,-7.08969],[110.42063,-7.08985],[110.42046,-7.09023],[110.42042,-7.09054],[110.42047,-7.09147],[110.42043,-7.09166],[110.42046,-7.09179],[110.42059,-7.09199],[110.42077,-7.09227],[110.42075,-7.09237],[110.42074,-7.09246],[110.42063,-7.09256],[110.42121,-7.09267],[110.42162,-7.09299],[110.4221,-7.09338],[110.4224,-7.09368],[110.42265,-7.0942],[110.42277,-7.09461],[110.42282,-7.09515],[110.42276,-7.09654],[110.42287,-7.09646],[110.42309,-7.09629],[110.42367,-7.09591],[110.42381,-7.09582],[110.42416,-7.09559],[110.42469,-7.09535],[110.42499,-7.09516],[110.42544,-7.09489],[110.42593,-7.09452],[110.42672,-7.09385],[110.42724,-7.0933],[110.42728,-7.09327],[110.42771,-7.09286],[110.42783,-7.09276],[110.42834,-7.0923],[110.42868,-7.09205],[110.42918,-7.09176],[110.42974,-7.09162],[110.43017,-7.09164],[110.43108,-7.09176],[110.43173,-7.09192],[110.43183,-7.09193],[110.43184,-7.0916],[110.43187,-7.09106],[110.43193,-7.09066],[110.432,-7.09034],[110.43208,-7.09008],[110.43219,-7.08985],[110.43223,-7.08975],[110.43246,-7.08948],[110.43257,-7.08937],[110.43294,-7.08934],[110.43312,-7.08928],[110.43329,-7.08918],[110.43368,-7.08901],[110.43418,-7.08878],[110.4343,-7.0887],[110.43436,-7.08862],[110.43434,-7.08841],[110.43434,-7.08824],[110.43434,-7.08794],[110.43429,-7.08788],[110.43401,-7.0878],[110.43365,-7.08775],[110.43338,-7.08765],[110.43309,-7.08745],[110.43274,-7.08713],[110.43261,-7.08689],[110.43256,-7.08672],[110.43255,-7.08657],[110.43262,-7.08642],[110.43282,-7.08625],[110.43307,-7.08613],[110.43349,-7.08612],[110.43385,-7.08602],[110.43399,-7.08601],[110.43414,-7.08602],[110.43428,-7.08597],[110.43452,-7.08578],[110.43474,-7.08564],[110.43483,-7.08555],[110.43488,-7.08542],[110.4348,-7.0852],[110.43476,-7.08506],[110.43487,-7.08476],[110.43491,-7.08462],[110.43488,-7.0845],[110.4348,-7.08432],[110.43481,-7.08412],[110.43481,-7.08409],[110.43486,-7.08409],[110.43527,-7.08393],[110.43546,-7.08356],[110.43552,-7.08333],[110.43555,-7.08319],[110.43562,-7.08281],[110.4356,-7.08261],[110.43565,-7.08221],[110.43565,-7.08211],[110.43551,-7.08197],[110.4354,-7.08188],[110.43538,-7.08158],[110.43541,-7.08144],[110.43539,-7.08119],[110.43536,-7.08098],[110.43564,-7.08043],[110.4357,-7.08033],[110.43581,-7.0801],[110.43592,-7.07971],[110.436,-7.07952],[110.43612,-7.0794],[110.43664,-7.07945],[110.43728,-7.0795],[110.43735,-7.07949],[110.4374,-7.07945],[110.43756,-7.07928],[110.43767,-7.07907],[110.43772,-7.07871],[110.43772,-7.07865],[110.43777,-7.0785],[110.43785,-7.07819],[110.43802,-7.07801],[110.4385,-7.07767],[110.43875,-7.07759],[110.43892,-7.07763],[110.43906,-7.07765],[110.4391,-7.07762],[110.43916,-7.07758],[110.43927,-7.07743],[110.4393,-7.07734],[110.4394,-7.07727],[110.43935,-7.07723],[110.43924,-7.07678],[110.43916,-7.07663],[110.43904,-7.07651],[110.43868,-7.07616],[110.43858,-7.07586],[110.43855,-7.07564],[110.43859,-7.07548],[110.43862,-7.0754],[110.43865,-7.07514],[110.43864,-7.07497],[110.43857,-7.07484],[110.43848,-7.07481],[110.43822,-7.07486],[110.43811,-7.0749]]]}},{"type":"Feature","properties":{"id":"ADM-BANYUMANIK-JABUNGAN","name":"Jabungan","source_name":"Jabungan","type":"Kelurahan","category":"Administrasi kota","kecamatan":"Banyumanik","kabupaten":"Kota Semarang","catatan":"Batas kelurahan dari berkas vektor kota. Serpihan dan wilayah luar kota dibuang. Kecamatan mengikuti daftar resmi, bukan kolom asli berkas.","status":"Batas administrasi"},"geometry":{"type":"Polygon","coordinates":[[[110.44716,-7.07766],[110.44713,-7.07765],[110.44634,-7.0774],[110.44621,-7.07734],[110.44572,-7.0771],[110.44562,-7.07712],[110.44539,-7.0772],[110.44516,-7.07715],[110.44506,-7.07703],[110.44485,-7.07678],[110.44477,-7.07677],[110.44453,-7.07675],[110.44423,-7.07662],[110.44406,-7.0764],[110.44378,-7.07613],[110.44372,-7.07608],[110.44371,-7.07607],[110.44353,-7.07597],[110.4435,-7.07596],[110.44229,-7.07554],[110.44226,-7.07547],[110.44231,-7.07527],[110.44257,-7.07456],[110.44296,-7.07379],[110.44305,-7.07363],[110.44307,-7.07348],[110.443,-7.07335],[110.44284,-7.07317],[110.44277,-7.07309],[110.44263,-7.07297],[110.44251,-7.07285],[110.44237,-7.07272],[110.44236,-7.0727],[110.4418,-7.07205],[110.44133,-7.07167],[110.44113,-7.07154],[110.4396,-7.07059],[110.43959,-7.07059],[110.4392,-7.0704],[110.43904,-7.07032],[110.43902,-7.07032],[110.43888,-7.07026],[110.43823,-7.06999],[110.43816,-7.06995],[110.43795,-7.06978],[110.43763,-7.06953],[110.43755,-7.06942],[110.43753,-7.06939],[110.43751,-7.06989],[110.43757,-7.06996],[110.43778,-7.07037],[110.4379,-7.07061],[110.43806,-7.07084],[110.43805,-7.07115],[110.43805,-7.07123],[110.43811,-7.07134],[110.43801,-7.07164],[110.43811,-7.07184],[110.43822,-7.07201],[110.43824,-7.07204],[110.43831,-7.0723],[110.43834,-7.07265],[110.43832,-7.07297],[110.43829,-7.07333],[110.43828,-7.0735],[110.43838,-7.07379],[110.43838,-7.07394],[110.43831,-7.07409],[110.43806,-7.07433],[110.43797,-7.07437],[110.43802,-7.0745],[110.43805,-7.07478],[110.43811,-7.0749],[110.43822,-7.07486],[110.43848,-7.07481],[110.43857,-7.07484],[110.43864,-7.07497],[110.43865,-7.07514],[110.43862,-7.0754],[110.43859,-7.07548],[110.43855,-7.07564],[110.43858,-7.07586],[110.43868,-7.07616],[110.43904,-7.07651],[110.43916,-7.07663],[110.43924,-7.07678],[110.43935,-7.07723],[110.4394,-7.07727],[110.4393,-7.07734],[110.43927,-7.07743],[110.43916,-7.07758],[110.4391,-7.07762],[110.43906,-7.07765],[110.43892,-7.07763],[110.43875,-7.07759],[110.4385,-7.07767],[110.43802,-7.07801],[110.43785,-7.07819],[110.43777,-7.0785],[110.43772,-7.07865],[110.43772,-7.07871],[110.43767,-7.07907],[110.43756,-7.07928],[110.4374,-7.07945],[110.43735,-7.07949],[110.43728,-7.0795],[110.43664,-7.07945],[110.43612,-7.0794],[110.436,-7.07952],[110.43592,-7.07971],[110.43581,-7.0801],[110.4357,-7.08033],[110.43564,-7.08043],[110.43536,-7.08098],[110.43539,-7.08119],[110.43541,-7.08144],[110.43538,-7.08158],[110.4354,-7.08188],[110.43551,-7.08197],[110.43565,-7.08211],[110.43565,-7.08221],[110.4356,-7.08261],[110.43562,-7.08281],[110.43555,-7.08319],[110.43552,-7.08333],[110.43546,-7.08356],[110.43527,-7.08393],[110.43486,-7.08409],[110.43481,-7.08409],[110.43481,-7.08412],[110.4348,-7.08432],[110.43488,-7.0845],[110.43491,-7.08462],[110.43487,-7.08476],[110.43476,-7.08506],[110.4348,-7.0852],[110.43488,-7.08542],[110.43483,-7.08555],[110.43474,-7.08564],[110.43452,-7.08578],[110.43428,-7.08597],[110.43414,-7.08602],[110.43399,-7.08601],[110.43385,-7.08602],[110.43349,-7.08612],[110.43307,-7.08613],[110.43282,-7.08625],[110.43262,-7.08642],[110.43255,-7.08657],[110.43256,-7.08672],[110.43261,-7.08689],[110.43274,-7.08713],[110.43309,-7.08745],[110.43338,-7.08765],[110.43365,-7.08775],[110.43401,-7.0878],[110.43429,-7.08788],[110.43434,-7.08794],[110.43434,-7.08824],[110.43434,-7.08841],[110.43436,-7.08862],[110.4343,-7.0887],[110.43418,-7.08878],[110.43368,-7.08901],[110.43329,-7.08918],[110.43312,-7.08928],[110.43294,-7.08934],[110.43257,-7.08937],[110.43246,-7.08948],[110.43223,-7.08975],[110.43219,-7.08985],[110.43208,-7.09008],[110.432,-7.09034],[110.43193,-7.09066],[110.43187,-7.09106],[110.43184,-7.0916],[110.43183,-7.09193],[110.43277,-7.09194],[110.43375,-7.09191],[110.43479,-7.09179],[110.43572,-7.09159],[110.43602,-7.09145],[110.43631,-7.09131],[110.43663,-7.09113],[110.43696,-7.09095],[110.43793,-7.09068],[110.4383,-7.09064],[110.4386,-7.09061],[110.43908,-7.09064],[110.43966,-7.09086],[110.44027,-7.09104],[110.44092,-7.09127],[110.44173,-7.09135],[110.44279,-7.09138],[110.44296,-7.09135],[110.4432,-7.09134],[110.44338,-7.09138],[110.44349,-7.09149],[110.44355,-7.09157],[110.44361,-7.09164],[110.4437,-7.09182],[110.44375,-7.09185],[110.44393,-7.09199],[110.44411,-7.09201],[110.44414,-7.092],[110.44418,-7.09198],[110.44427,-7.09188],[110.44438,-7.09174],[110.44446,-7.09154],[110.44448,-7.09137],[110.44449,-7.09128],[110.44451,-7.09105],[110.44451,-7.09098],[110.4445,-7.09068],[110.4445,-7.09067],[110.44453,-7.09054],[110.44458,-7.09051],[110.44464,-7.09045],[110.44487,-7.09037],[110.44525,-7.09027],[110.44558,-7.09028],[110.44578,-7.09032],[110.44591,-7.09041],[110.44597,-7.09048],[110.44604,-7.09056],[110.44615,-7.09085],[110.44619,-7.09094],[110.44625,-7.09112],[110.44627,-7.09116],[110.44632,-7.09125],[110.44649,-7.09135],[110.44666,-7.09138],[110.44679,-7.09135],[110.4468,-7.09135],[110.44692,-7.09125],[110.44704,-7.09112],[110.44719,-7.09089],[110.44737,-7.0906],[110.44756,-7.09029],[110.44772,-7.09002],[110.4478,-7.0899],[110.44794,-7.0897],[110.44811,-7.08956],[110.44873,-7.08919],[110.4491,-7.08909],[110.44931,-7.08909],[110.44948,-7.08911],[110.44991,-7.08926],[110.45037,-7.08944],[110.45038,-7.08945],[110.4505,-7.08951],[110.45084,-7.08968],[110.45137,-7.08991],[110.45185,-7.09006],[110.45228,-7.09011],[110.45258,-7.09007],[110.45281,-7.09],[110.45285,-7.08996],[110.45295,-7.08989],[110.45303,-7.08971],[110.45309,-7.08953],[110.4531,-7.08948],[110.45311,-7.08946],[110.45316,-7.08913],[110.45319,-7.08898],[110.45323,-7.08881],[110.45338,-7.08844],[110.45343,-7.08833],[110.45367,-7.08784],[110.45377,-7.08767],[110.45386,-7.0875],[110.45394,-7.08736],[110.45404,-7.08719],[110.45432,-7.08684],[110.45478,-7.0861],[110.45521,-7.08535],[110.45528,-7.08521],[110.45538,-7.08498],[110.45542,-7.08474],[110.45545,-7.08457],[110.45545,-7.08439],[110.45544,-7.08417],[110.4554,-7.08406],[110.45536,-7.08391],[110.45526,-7.08378],[110.45522,-7.08373],[110.45508,-7.08353],[110.45486,-7.08327],[110.45478,-7.0832],[110.45476,-7.08317],[110.45457,-7.083],[110.45451,-7.08294],[110.45445,-7.08288],[110.45421,-7.08265],[110.45396,-7.08225],[110.45395,-7.08224],[110.45394,-7.08222],[110.45384,-7.08199],[110.4538,-7.08165],[110.45379,-7.08159],[110.45379,-7.08154],[110.4538,-7.08135],[110.45383,-7.08116],[110.45389,-7.08085],[110.45398,-7.08061],[110.45399,-7.08055],[110.45415,-7.08022],[110.45422,-7.08014],[110.45434,-7.07997],[110.45453,-7.07985],[110.45437,-7.07956],[110.45431,-7.07952],[110.45429,-7.07949],[110.45414,-7.07936],[110.45387,-7.07932],[110.45356,-7.07942],[110.45338,-7.07944],[110.45303,-7.07952],[110.45279,-7.07951],[110.45186,-7.07922],[110.45181,-7.07921],[110.45108,-7.0789],[110.45088,-7.07879],[110.45087,-7.07879],[110.45079,-7.07869],[110.45065,-7.07844],[110.45053,-7.0783],[110.45016,-7.07807],[110.44982,-7.07798],[110.44897,-7.07775],[110.44874,-7.07775],[110.44776,-7.07778],[110.44755,-7.07776],[110.4474,-7.07773],[110.44739,-7.07773],[110.44716,-7.07766]]]}},{"type":"Feature","properties":{"id":"ADM-BANYUMANIK-NGESREP","name":"Ngesrep","source_name":"Ngesrep","type":"Kelurahan","category":"Administrasi kota","kecamatan":"Banyumanik","kabupaten":"Kota Semarang","catatan":"Batas kelurahan dari berkas vektor kota. Serpihan dan wilayah luar kota dibuang. Kecamatan mengikuti daftar resmi, bukan kolom asli berkas.","status":"Batas administrasi"},"geometry":{"type":"Polygon","coordinates":[[[110.42816,-7.03111],[110.42717,-7.03107],[110.42562,-7.03113],[110.42531,-7.03116],[110.42481,-7.03121],[110.42302,-7.03135],[110.42291,-7.03136],[110.42267,-7.03138],[110.42246,-7.03139],[110.42194,-7.03143],[110.42171,-7.03146],[110.42134,-7.03147],[110.42099,-7.03148],[110.42071,-7.03138],[110.42029,-7.03132],[110.42001,-7.03129],[110.41954,-7.03117],[110.41884,-7.03106],[110.41857,-7.03102],[110.41835,-7.031],[110.41825,-7.031],[110.41814,-7.03097],[110.41811,-7.03127],[110.41808,-7.03145],[110.41807,-7.03158],[110.41803,-7.03184],[110.41789,-7.03275],[110.41786,-7.03285],[110.4178,-7.03315],[110.41777,-7.03331],[110.41776,-7.03334],[110.4177,-7.03355],[110.41763,-7.03385],[110.41755,-7.03419],[110.41751,-7.03456],[110.41754,-7.03482],[110.4176,-7.03497],[110.41762,-7.03501],[110.41784,-7.03534],[110.41806,-7.03553],[110.41828,-7.03565],[110.4187,-7.03584],[110.41898,-7.03604],[110.41899,-7.03605],[110.4193,-7.03636],[110.4196,-7.03669],[110.41982,-7.03696],[110.42007,-7.0373],[110.42015,-7.0374],[110.42041,-7.03779],[110.42046,-7.03786],[110.42069,-7.03822],[110.42075,-7.03831],[110.42097,-7.03871],[110.42104,-7.03897],[110.42109,-7.03928],[110.42117,-7.03984],[110.4212,-7.03997],[110.42132,-7.04022],[110.42136,-7.04026],[110.42144,-7.04035],[110.42147,-7.04038],[110.42189,-7.04078],[110.42202,-7.04095],[110.42211,-7.04117],[110.42217,-7.04151],[110.42218,-7.04198],[110.42217,-7.04206],[110.42215,-7.04237],[110.42212,-7.04249],[110.42209,-7.0427],[110.42193,-7.04323],[110.4218,-7.04356],[110.42198,-7.0437],[110.4221,-7.04379],[110.42236,-7.04399],[110.42268,-7.04418],[110.42277,-7.04423],[110.42279,-7.04424],[110.4229,-7.04429],[110.42347,-7.04461],[110.42369,-7.04477],[110.42382,-7.04489],[110.42392,-7.04497],[110.42418,-7.04517],[110.4245,-7.04537],[110.42474,-7.04552],[110.42479,-7.04555],[110.42579,-7.04606],[110.4259,-7.04613],[110.42591,-7.04614],[110.42663,-7.04656],[110.4269,-7.04672],[110.42734,-7.04706],[110.42767,-7.04746],[110.42776,-7.04755],[110.4285,-7.04849],[110.4286,-7.04862],[110.42884,-7.04887],[110.4293,-7.0492],[110.42933,-7.04921],[110.42946,-7.04931],[110.42956,-7.04937],[110.4298,-7.04951],[110.42994,-7.04955],[110.43001,-7.04959],[110.43051,-7.04982],[110.43095,-7.05001],[110.43122,-7.05013],[110.43152,-7.05025],[110.43155,-7.05026],[110.43196,-7.05045],[110.43203,-7.05047],[110.43314,-7.05088],[110.43345,-7.05021],[110.43359,-7.04988],[110.43369,-7.04962],[110.43375,-7.04946],[110.43435,-7.04795],[110.4346,-7.04731],[110.43463,-7.04725],[110.43465,-7.04719],[110.43467,-7.04713],[110.43479,-7.04672],[110.43489,-7.04626],[110.43491,-7.04614],[110.4349,-7.04537],[110.43483,-7.04486],[110.43473,-7.04437],[110.43442,-7.0431],[110.43434,-7.04283],[110.43431,-7.04272],[110.43424,-7.04245],[110.4341,-7.0419],[110.43401,-7.04145],[110.43392,-7.04109],[110.43376,-7.04042],[110.43369,-7.04004],[110.43367,-7.03996],[110.43355,-7.03932],[110.4334,-7.03865],[110.43336,-7.03848],[110.43333,-7.03836],[110.43327,-7.03805],[110.43312,-7.03733],[110.43296,-7.0366],[110.43293,-7.03647],[110.43285,-7.03616],[110.4328,-7.03597],[110.43279,-7.03593],[110.43272,-7.03573],[110.43259,-7.03532],[110.43236,-7.03474],[110.43233,-7.03468],[110.43229,-7.03459],[110.43226,-7.03453],[110.4321,-7.03418],[110.43192,-7.03379],[110.43185,-7.03365],[110.43161,-7.03318],[110.43156,-7.03311],[110.43136,-7.03284],[110.43063,-7.03209],[110.42992,-7.03151],[110.42976,-7.03142],[110.42958,-7.03135],[110.42945,-7.0313],[110.4291,-7.03119],[110.4289,-7.03115],[110.42816,-7.03111]]]}},{"type":"Feature","properties":{"id":"ADM-BANYUMANIK-PADANGSARI","name":"Padangsari","source_name":"Padangsari","type":"Kelurahan","category":"Administrasi kota","kecamatan":"Banyumanik","kabupaten":"Kota Semarang","catatan":"Batas kelurahan dari berkas vektor kota. Serpihan dan wilayah luar kota dibuang. Kecamatan mengikuti daftar resmi, bukan kolom asli berkas.","status":"Batas administrasi"},"geometry":{"type":"Polygon","coordinates":[[[110.43753,-7.06939],[110.43729,-7.06904],[110.43715,-7.0688],[110.43713,-7.06873],[110.43711,-7.06874],[110.43709,-7.06874],[110.43666,-7.06872],[110.4364,-7.06867],[110.43591,-7.06857],[110.43541,-7.06851],[110.43534,-7.06849],[110.43494,-7.06845],[110.43481,-7.06842],[110.4348,-7.0685],[110.43478,-7.06855],[110.43461,-7.06906],[110.43461,-7.06908],[110.43455,-7.06933],[110.43433,-7.07011],[110.43431,-7.07024],[110.43418,-7.07061],[110.43418,-7.07062],[110.43385,-7.07059],[110.43332,-7.07051],[110.43321,-7.07049],[110.43276,-7.07042],[110.43276,-7.07046],[110.43269,-7.07085],[110.43268,-7.07097],[110.43264,-7.07098],[110.43221,-7.07089],[110.43215,-7.07088],[110.43183,-7.07081],[110.43158,-7.07075],[110.43152,-7.07099],[110.43148,-7.07114],[110.43136,-7.0715],[110.4311,-7.07143],[110.43112,-7.07137],[110.43117,-7.07118],[110.43117,-7.07115],[110.43045,-7.07088],[110.43042,-7.07087],[110.43005,-7.07073],[110.42998,-7.07069],[110.42994,-7.07085],[110.42993,-7.07089],[110.42988,-7.07106],[110.42985,-7.07116],[110.42981,-7.07132],[110.42977,-7.07147],[110.42961,-7.0719],[110.42953,-7.07189],[110.42946,-7.07188],[110.42789,-7.07141],[110.42785,-7.07139],[110.4278,-7.07137],[110.42773,-7.07136],[110.42694,-7.07114],[110.42645,-7.071],[110.4261,-7.0709],[110.42599,-7.07087],[110.42555,-7.07076],[110.42504,-7.07061],[110.42481,-7.07054],[110.42426,-7.07038],[110.42421,-7.07045],[110.42406,-7.07068],[110.42387,-7.07087],[110.42384,-7.07089],[110.42337,-7.07143],[110.42336,-7.07145],[110.42332,-7.07149],[110.42311,-7.0718],[110.42296,-7.07218],[110.42276,-7.07257],[110.4223,-7.07366],[110.42234,-7.07369],[110.42248,-7.07374],[110.42328,-7.07401],[110.42341,-7.0741],[110.42344,-7.07414],[110.42354,-7.07419],[110.42363,-7.07425],[110.42366,-7.07426],[110.42375,-7.07424],[110.42461,-7.07442],[110.42471,-7.07454],[110.42481,-7.07458],[110.42487,-7.07449],[110.42494,-7.07426],[110.42501,-7.07417],[110.42518,-7.07413],[110.42528,-7.07416],[110.42529,-7.0743],[110.42528,-7.07439],[110.42527,-7.07447],[110.42534,-7.07459],[110.42574,-7.07467],[110.42593,-7.07471],[110.42626,-7.07482],[110.42646,-7.07489],[110.42658,-7.07487],[110.42673,-7.07471],[110.42683,-7.07463],[110.42695,-7.07456],[110.42697,-7.07434],[110.42696,-7.07423],[110.42698,-7.07421],[110.42705,-7.07412],[110.42718,-7.07406],[110.42733,-7.07408],[110.4278,-7.07434],[110.42799,-7.07449],[110.42809,-7.07465],[110.4281,-7.07481],[110.42809,-7.07486],[110.42807,-7.07499],[110.4285,-7.07538],[110.42861,-7.07544],[110.42888,-7.07535],[110.42901,-7.07531],[110.42921,-7.07541],[110.42942,-7.07564],[110.42952,-7.07581],[110.42953,-7.07582],[110.42959,-7.07591],[110.4297,-7.07601],[110.42974,-7.07624],[110.42976,-7.07627],[110.42986,-7.07627],[110.43007,-7.07625],[110.4303,-7.07611],[110.43046,-7.076],[110.43066,-7.07608],[110.43074,-7.07611],[110.43091,-7.07604],[110.43109,-7.07601],[110.43185,-7.07633],[110.43195,-7.07636],[110.43206,-7.0764],[110.43266,-7.0763],[110.43367,-7.07608],[110.434,-7.0761],[110.43483,-7.07619],[110.43511,-7.0762],[110.43527,-7.07615],[110.43536,-7.07606],[110.43523,-7.07569],[110.43517,-7.07554],[110.43518,-7.07541],[110.43534,-7.07526],[110.43558,-7.07513],[110.43677,-7.07486],[110.43698,-7.07483],[110.43724,-7.07493],[110.43745,-7.07502],[110.4375,-7.07503],[110.43798,-7.07495],[110.43811,-7.0749],[110.43805,-7.07478],[110.43802,-7.0745],[110.43797,-7.07437],[110.43806,-7.07433],[110.43831,-7.07409],[110.43838,-7.07394],[110.43838,-7.07379],[110.43828,-7.0735],[110.43829,-7.07333],[110.43832,-7.07297],[110.43834,-7.07265],[110.43831,-7.0723],[110.43824,-7.07204],[110.43822,-7.07201],[110.43811,-7.07184],[110.43801,-7.07164],[110.43811,-7.07134],[110.43805,-7.07123],[110.43805,-7.07115],[110.43806,-7.07084],[110.4379,-7.07061],[110.43778,-7.07037],[110.43757,-7.06996],[110.43751,-7.06989],[110.43753,-7.06939]]]}},{"type":"Feature","properties":{"id":"ADM-BANYUMANIK-PEDALANGAN","name":"Pedalangan","source_name":"Pedalangan","type":"Kelurahan","category":"Administrasi kota","kecamatan":"Banyumanik","kabupaten":"Kota Semarang","catatan":"Batas kelurahan dari berkas vektor kota. Serpihan dan wilayah luar kota dibuang. Kecamatan mengikuti daftar resmi, bukan kolom asli berkas.","status":"Batas administrasi"},"geometry":{"type":"Polygon","coordinates":[[[110.43576,-7.06203],[110.43575,-7.06202],[110.43574,-7.06176],[110.43563,-7.06081],[110.43553,-7.06032],[110.43549,-7.06002],[110.43547,-7.05982],[110.43546,-7.05977],[110.43542,-7.0596],[110.43539,-7.0591],[110.43535,-7.05902],[110.43529,-7.05906],[110.43519,-7.05869],[110.43516,-7.05859],[110.43481,-7.05838],[110.43416,-7.05786],[110.43415,-7.05785],[110.43414,-7.05784],[110.43412,-7.05782],[110.43385,-7.05741],[110.43345,-7.05692],[110.43324,-7.05656],[110.43307,-7.05617],[110.43278,-7.05564],[110.43269,-7.05547],[110.4325,-7.0552],[110.43225,-7.05469],[110.43209,-7.05435],[110.43197,-7.05401],[110.43101,-7.05401],[110.43081,-7.05401],[110.43069,-7.05398],[110.43066,-7.05395],[110.43057,-7.05387],[110.43032,-7.05366],[110.43018,-7.05355],[110.43002,-7.05341],[110.42994,-7.05333],[110.42976,-7.05342],[110.42956,-7.05351],[110.42925,-7.05365],[110.42872,-7.05389],[110.42804,-7.05423],[110.42763,-7.05442],[110.42761,-7.05443],[110.42738,-7.05454],[110.42661,-7.05489],[110.42567,-7.05534],[110.42562,-7.05536],[110.42539,-7.05546],[110.42501,-7.05565],[110.4247,-7.0558],[110.42455,-7.05587],[110.42403,-7.05612],[110.42364,-7.0563],[110.42351,-7.05637],[110.42347,-7.05639],[110.42292,-7.05666],[110.42277,-7.05674],[110.42246,-7.05691],[110.42187,-7.05719],[110.42154,-7.05737],[110.42149,-7.0574],[110.4213,-7.05749],[110.42137,-7.05763],[110.42133,-7.05765],[110.42144,-7.05845],[110.42149,-7.05868],[110.42153,-7.05878],[110.42152,-7.05878],[110.42153,-7.05881],[110.42154,-7.05893],[110.42149,-7.05953],[110.42143,-7.06],[110.42119,-7.06078],[110.4211,-7.06107],[110.42104,-7.06125],[110.42089,-7.06162],[110.42068,-7.06217],[110.42059,-7.06237],[110.42117,-7.06259],[110.42137,-7.06267],[110.42139,-7.06268],[110.42192,-7.06294],[110.42228,-7.06311],[110.42236,-7.06315],[110.42309,-7.06345],[110.42328,-7.06352],[110.42353,-7.06361],[110.42391,-7.06375],[110.42395,-7.06376],[110.42456,-7.06394],[110.42486,-7.06403],[110.42509,-7.0641],[110.42563,-7.06426],[110.42597,-7.06436],[110.42632,-7.06444],[110.42633,-7.06444],[110.42741,-7.06472],[110.42763,-7.06477],[110.42761,-7.06483],[110.42759,-7.06529],[110.42752,-7.0654],[110.42741,-7.06548],[110.42727,-7.0655],[110.42672,-7.06556],[110.4264,-7.06558],[110.42636,-7.0655],[110.42623,-7.0652],[110.42613,-7.06507],[110.42604,-7.06502],[110.42586,-7.06501],[110.42543,-7.06503],[110.4251,-7.06511],[110.42469,-7.06527],[110.42422,-7.06541],[110.42407,-7.06558],[110.42403,-7.06568],[110.42398,-7.0658],[110.42299,-7.06603],[110.42257,-7.06622],[110.42224,-7.06657],[110.42216,-7.0669],[110.42217,-7.06736],[110.42217,-7.06742],[110.42236,-7.06749],[110.42257,-7.06765],[110.4229,-7.06785],[110.42292,-7.06786],[110.42284,-7.068],[110.42298,-7.06818],[110.42307,-7.06825],[110.42316,-7.06837],[110.4231,-7.06843],[110.42296,-7.06848],[110.42294,-7.06853],[110.42295,-7.06868],[110.42285,-7.06874],[110.42272,-7.06867],[110.42263,-7.06867],[110.42237,-7.0688],[110.42226,-7.06888],[110.42217,-7.06887],[110.42207,-7.0688],[110.42186,-7.06866],[110.42142,-7.06857],[110.42132,-7.06859],[110.4213,-7.06861],[110.42128,-7.06869],[110.42131,-7.06888],[110.42138,-7.06898],[110.42158,-7.06914],[110.42157,-7.06924],[110.42151,-7.06931],[110.42143,-7.06934],[110.42134,-7.06936],[110.42096,-7.06944],[110.42095,-7.06953],[110.42093,-7.06971],[110.42089,-7.06992],[110.42112,-7.06993],[110.42117,-7.06993],[110.42121,-7.06993],[110.4215,-7.06995],[110.42155,-7.06996],[110.42171,-7.06996],[110.42222,-7.06999],[110.42251,-7.07003],[110.42298,-7.07005],[110.42302,-7.07005],[110.42306,-7.07006],[110.42368,-7.07021],[110.42369,-7.07021],[110.42426,-7.07038],[110.42481,-7.07054],[110.42504,-7.07061],[110.42555,-7.07076],[110.42599,-7.07087],[110.4261,-7.0709],[110.42645,-7.071],[110.42694,-7.07114],[110.42773,-7.07136],[110.4278,-7.07137],[110.42785,-7.07139],[110.42789,-7.07141],[110.42946,-7.07188],[110.42953,-7.07189],[110.42961,-7.0719],[110.42977,-7.07147],[110.42981,-7.07132],[110.42985,-7.07116],[110.42988,-7.07106],[110.42993,-7.07089],[110.42994,-7.07085],[110.42998,-7.07069],[110.43005,-7.07073],[110.43042,-7.07087],[110.43045,-7.07088],[110.43117,-7.07115],[110.43117,-7.07118],[110.43112,-7.07137],[110.4311,-7.07143],[110.43136,-7.0715],[110.43148,-7.07114],[110.43152,-7.07099],[110.43158,-7.07075],[110.43183,-7.07081],[110.43215,-7.07088],[110.43221,-7.07089],[110.43264,-7.07098],[110.43268,-7.07097],[110.43269,-7.07085],[110.43276,-7.07046],[110.43276,-7.07042],[110.43321,-7.07049],[110.43332,-7.07051],[110.43385,-7.07059],[110.43418,-7.07062],[110.43418,-7.07061],[110.43431,-7.07024],[110.43433,-7.07011],[110.43455,-7.06933],[110.43461,-7.06908],[110.43461,-7.06906],[110.43478,-7.06855],[110.4348,-7.0685],[110.43481,-7.06842],[110.43495,-7.06817],[110.43502,-7.06802],[110.43545,-7.06735],[110.4358,-7.06703],[110.43601,-7.06683],[110.43608,-7.06677],[110.4365,-7.06639],[110.43661,-7.06631],[110.43673,-7.0663],[110.43681,-7.0663],[110.43722,-7.06622],[110.43747,-7.06616],[110.43765,-7.0661],[110.43793,-7.06593],[110.43796,-7.0659],[110.43805,-7.06582],[110.43813,-7.06569],[110.43818,-7.0655],[110.4382,-7.06509],[110.43815,-7.06458],[110.43814,-7.06443],[110.43813,-7.06437],[110.43814,-7.06427],[110.43815,-7.064],[110.43813,-7.06393],[110.43811,-7.06383],[110.43808,-7.06378],[110.43803,-7.06373],[110.43775,-7.06364],[110.4373,-7.06351],[110.43665,-7.06332],[110.43634,-7.06322],[110.43617,-7.06311],[110.43612,-7.06305],[110.43598,-7.06291],[110.43587,-7.06271],[110.43578,-7.06242],[110.43576,-7.06203]]]}},{"type":"Feature","properties":{"id":"ADM-BANYUMANIK-PUDAKPAYUNG","name":"Pudakpayung","source_name":"Pudakpayung","type":"Kelurahan","category":"Administrasi kota","kecamatan":"Banyumanik","kabupaten":"Kota Semarang","catatan":"Batas kelurahan dari berkas vektor kota. Serpihan dan wilayah luar kota dibuang. Kecamatan mengikuti daftar resmi, bukan kolom asli berkas.","status":"Batas administrasi"},"geometry":{"type":"Polygon","coordinates":[[[110.41783,-7.08477],[110.41775,-7.08474],[110.41743,-7.08464],[110.41731,-7.0846],[110.41682,-7.08446],[110.4162,-7.08429],[110.41609,-7.08426],[110.41605,-7.08424],[110.416,-7.08423],[110.41579,-7.08412],[110.41559,-7.08403],[110.41545,-7.08398],[110.41522,-7.08389],[110.41495,-7.08383],[110.41476,-7.0838],[110.41445,-7.08373],[110.41389,-7.08357],[110.41352,-7.08347],[110.4132,-7.0834],[110.41271,-7.08324],[110.41152,-7.08278],[110.4109,-7.08265],[110.41073,-7.08263],[110.41073,-7.0826],[110.41084,-7.08204],[110.41084,-7.08202],[110.41085,-7.082],[110.41093,-7.08157],[110.41101,-7.08113],[110.41107,-7.08069],[110.41116,-7.08019],[110.41055,-7.08009],[110.41028,-7.08001],[110.40986,-7.07979],[110.40952,-7.07971],[110.40913,-7.07919],[110.40912,-7.07912],[110.40886,-7.07873],[110.40876,-7.07852],[110.40875,-7.07833],[110.40866,-7.07827],[110.40775,-7.07822],[110.40755,-7.07815],[110.40747,-7.07815],[110.40733,-7.07813],[110.4072,-7.07811],[110.40695,-7.07806],[110.40619,-7.07812],[110.40551,-7.07809],[110.40449,-7.0781],[110.40417,-7.07809],[110.40432,-7.07827],[110.40441,-7.07847],[110.40442,-7.07865],[110.40437,-7.07869],[110.40421,-7.07871],[110.4039,-7.07869],[110.40368,-7.07866],[110.40354,-7.0787],[110.40344,-7.07876],[110.4034,-7.0788],[110.40309,-7.07912],[110.40278,-7.07946],[110.40239,-7.0799],[110.40226,-7.08005],[110.40223,-7.08018],[110.40223,-7.08033],[110.40228,-7.08059],[110.40234,-7.08089],[110.40233,-7.08131],[110.40232,-7.08179],[110.40233,-7.08203],[110.40236,-7.08216],[110.40241,-7.08219],[110.40255,-7.08221],[110.40292,-7.08213],[110.40333,-7.08202],[110.40356,-7.08198],[110.4037,-7.08198],[110.40388,-7.08203],[110.40402,-7.08213],[110.40414,-7.08229],[110.4042,-7.08259],[110.40424,-7.08272],[110.40428,-7.08301],[110.40429,-7.08342],[110.40427,-7.08404],[110.40423,-7.08432],[110.40408,-7.08461],[110.404,-7.08484],[110.40376,-7.08507],[110.40344,-7.08542],[110.40336,-7.08555],[110.40331,-7.08582],[110.40333,-7.08598],[110.40341,-7.08611],[110.4036,-7.0863],[110.40383,-7.08649],[110.40404,-7.08671],[110.40415,-7.0869],[110.4042,-7.08709],[110.4042,-7.08735],[110.40409,-7.08756],[110.40388,-7.08797],[110.40367,-7.08835],[110.4035,-7.08864],[110.40338,-7.08891],[110.4033,-7.08922],[110.40317,-7.0896],[110.40308,-7.08992],[110.40304,-7.09035],[110.40305,-7.09077],[110.4031,-7.09112],[110.40316,-7.09159],[110.40318,-7.09179],[110.40316,-7.09197],[110.40313,-7.09213],[110.40307,-7.09232],[110.40296,-7.09255],[110.40271,-7.09281],[110.40231,-7.09321],[110.40186,-7.0935],[110.40165,-7.09368],[110.40134,-7.09395],[110.40121,-7.09408],[110.40113,-7.09425],[110.40114,-7.09438],[110.40117,-7.09446],[110.40125,-7.09463],[110.40143,-7.09483],[110.4019,-7.0953],[110.40197,-7.09547],[110.40198,-7.09567],[110.4019,-7.09587],[110.40177,-7.09601],[110.40154,-7.09615],[110.40105,-7.0964],[110.40104,-7.09649],[110.40112,-7.09665],[110.4013,-7.0971],[110.40132,-7.09742],[110.40128,-7.09774],[110.40118,-7.09792],[110.40097,-7.09825],[110.40099,-7.09839],[110.40102,-7.09861],[110.40117,-7.0991],[110.40122,-7.09943],[110.40117,-7.09961],[110.40099,-7.10006],[110.40067,-7.10052],[110.40019,-7.10111],[110.39907,-7.1029],[110.399,-7.10328],[110.39913,-7.10387],[110.39937,-7.10438],[110.39938,-7.10459],[110.39932,-7.10474],[110.3992,-7.10484],[110.39911,-7.10482],[110.39893,-7.10472],[110.39822,-7.10426],[110.39808,-7.10431],[110.39777,-7.10453],[110.39766,-7.10467],[110.39763,-7.10485],[110.39767,-7.10559],[110.39778,-7.1058],[110.39809,-7.10614],[110.39852,-7.10645],[110.39886,-7.10657],[110.40053,-7.10721],[110.40082,-7.10741],[110.40107,-7.10768],[110.4015,-7.10827],[110.40162,-7.10862],[110.40169,-7.10886],[110.40186,-7.10944],[110.40191,-7.10949],[110.40195,-7.10953],[110.40215,-7.10961],[110.40229,-7.10967],[110.4025,-7.10964],[110.40291,-7.10957],[110.40316,-7.10963],[110.40336,-7.10975],[110.40344,-7.10988],[110.40346,-7.11007],[110.40346,-7.11009],[110.40342,-7.11032],[110.40336,-7.11049],[110.40329,-7.11068],[110.4029,-7.11161],[110.40295,-7.11172],[110.40307,-7.1118],[110.40329,-7.11184],[110.40358,-7.1118],[110.40418,-7.11162],[110.40426,-7.11157],[110.40443,-7.11146],[110.40457,-7.11127],[110.40459,-7.11124],[110.40453,-7.11107],[110.40441,-7.11067],[110.40438,-7.11058],[110.40441,-7.11042],[110.40443,-7.11032],[110.40445,-7.11031],[110.40457,-7.11013],[110.40474,-7.11001],[110.40478,-7.10998],[110.40497,-7.10993],[110.40516,-7.10995],[110.40545,-7.11005],[110.40569,-7.11024],[110.40586,-7.11018],[110.40624,-7.10993],[110.40628,-7.10995],[110.40643,-7.10998],[110.40683,-7.10994],[110.40706,-7.10983],[110.40734,-7.10959],[110.40738,-7.10957],[110.40767,-7.10932],[110.40789,-7.10923],[110.40873,-7.10883],[110.40943,-7.10857],[110.41011,-7.10839],[110.41064,-7.10843],[110.41126,-7.10845],[110.41214,-7.10864],[110.41257,-7.10874],[110.4127,-7.10874],[110.41325,-7.10865],[110.4134,-7.10868],[110.41342,-7.10873],[110.41347,-7.10871],[110.41366,-7.10869],[110.41388,-7.10871],[110.41406,-7.10871],[110.41429,-7.10872],[110.41507,-7.1087],[110.41577,-7.10866],[110.41607,-7.10857],[110.41621,-7.10834],[110.41622,-7.10832],[110.41642,-7.10809],[110.41655,-7.10795],[110.41664,-7.10783],[110.41666,-7.10773],[110.41673,-7.10745],[110.41674,-7.1074],[110.41676,-7.10727],[110.41685,-7.10706],[110.41689,-7.10697],[110.41691,-7.10693],[110.41693,-7.1069],[110.417,-7.10679],[110.41718,-7.10669],[110.41748,-7.10644],[110.41755,-7.1064],[110.41774,-7.10628],[110.4179,-7.10618],[110.41793,-7.10615],[110.41803,-7.10607],[110.41806,-7.10604],[110.41828,-7.10584],[110.41842,-7.10571],[110.4187,-7.10544],[110.419,-7.10516],[110.41916,-7.10504],[110.41965,-7.1049],[110.41987,-7.10487],[110.42005,-7.10497],[110.42029,-7.10509],[110.42057,-7.10507],[110.42083,-7.10496],[110.42094,-7.1049],[110.42119,-7.10475],[110.4213,-7.10467],[110.42162,-7.1042],[110.42168,-7.10401],[110.42174,-7.10379],[110.4218,-7.10349],[110.42187,-7.10316],[110.42187,-7.10287],[110.42186,-7.10252],[110.42191,-7.10174],[110.42191,-7.1011],[110.42191,-7.10088],[110.42191,-7.10074],[110.42192,-7.10021],[110.42194,-7.09952],[110.42196,-7.09815],[110.42205,-7.09791],[110.42214,-7.09769],[110.4222,-7.0975],[110.42224,-7.09738],[110.42245,-7.09689],[110.42261,-7.09669],[110.42266,-7.09662],[110.42268,-7.0966],[110.42276,-7.09654],[110.42282,-7.09515],[110.42277,-7.09461],[110.42265,-7.0942],[110.4224,-7.09368],[110.4221,-7.09338],[110.42162,-7.09299],[110.42121,-7.09267],[110.42063,-7.09256],[110.42074,-7.09246],[110.42075,-7.09237],[110.42077,-7.09227],[110.42059,-7.09199],[110.42046,-7.09179],[110.42043,-7.09166],[110.42047,-7.09147],[110.42042,-7.09054],[110.42046,-7.09023],[110.42063,-7.08985],[110.42076,-7.08969],[110.42098,-7.08963],[110.42156,-7.08957],[110.42175,-7.08953],[110.42187,-7.08943],[110.422,-7.08909],[110.42217,-7.08867],[110.4222,-7.08858],[110.42209,-7.08848],[110.42195,-7.08842],[110.4219,-7.08835],[110.422,-7.08823],[110.42234,-7.08809],[110.42255,-7.08798],[110.42269,-7.08782],[110.42273,-7.08767],[110.42268,-7.08737],[110.42244,-7.08708],[110.42042,-7.08599],[110.41995,-7.08583],[110.41983,-7.08577],[110.41965,-7.08568],[110.41962,-7.08566],[110.41931,-7.08546],[110.41906,-7.08525],[110.41874,-7.0851],[110.41783,-7.08477]]]}},{"type":"Feature","properties":{"id":"ADM-BANYUMANIK-SRONDOL-KULON","name":"Srondol Kulon","source_name":"Srondol Kulon","type":"Kelurahan","category":"Administrasi kota","kecamatan":"Banyumanik","kabupaten":"Kota Semarang","catatan":"Batas kelurahan dari berkas vektor kota. Serpihan dan wilayah luar kota dibuang. Kecamatan mengikuti daftar resmi, bukan kolom asli berkas.","status":"Batas administrasi"},"geometry":{"type":"Polygon","coordinates":[[[110.41882,-7.04667],[110.41866,-7.04663],[110.41864,-7.04664],[110.41855,-7.0468],[110.41844,-7.04691],[110.41843,-7.04692],[110.41748,-7.04669],[110.4173,-7.04665],[110.4169,-7.04657],[110.41668,-7.04654],[110.41656,-7.04652],[110.41648,-7.0465],[110.41621,-7.04654],[110.41609,-7.04656],[110.41577,-7.0465],[110.41562,-7.04642],[110.41546,-7.04641],[110.41534,-7.04641],[110.41512,-7.04626],[110.41502,-7.04622],[110.41482,-7.04631],[110.41468,-7.04637],[110.41452,-7.04635],[110.41436,-7.04631],[110.4142,-7.04637],[110.41407,-7.04639],[110.41381,-7.04633],[110.41361,-7.0463],[110.41331,-7.04637],[110.41327,-7.04638],[110.41326,-7.04644],[110.41327,-7.04662],[110.41331,-7.04684],[110.41336,-7.04708],[110.41344,-7.04747],[110.41339,-7.04759],[110.41328,-7.04778],[110.41331,-7.04791],[110.41336,-7.04793],[110.41365,-7.04813],[110.41367,-7.04811],[110.41382,-7.048],[110.41387,-7.04801],[110.41392,-7.04808],[110.41418,-7.04873],[110.41428,-7.04893],[110.41444,-7.04913],[110.41453,-7.04931],[110.41455,-7.04943],[110.41459,-7.04964],[110.41476,-7.05002],[110.4148,-7.05012],[110.41462,-7.05005],[110.41447,-7.05002],[110.41429,-7.05003],[110.41414,-7.04995],[110.41398,-7.04966],[110.41355,-7.04916],[110.41299,-7.04905],[110.41258,-7.04918],[110.41206,-7.04958],[110.41182,-7.04964],[110.41177,-7.04962],[110.41167,-7.04961],[110.41131,-7.04955],[110.41101,-7.04949],[110.41021,-7.04931],[110.41015,-7.04929],[110.41016,-7.04926],[110.4101,-7.04927],[110.40817,-7.04892],[110.40781,-7.0488],[110.40756,-7.04876],[110.40729,-7.04872],[110.40713,-7.04871],[110.40692,-7.04872],[110.40675,-7.04875],[110.40661,-7.04877],[110.40611,-7.04883],[110.40605,-7.04906],[110.40593,-7.04961],[110.40586,-7.05008],[110.40585,-7.05035],[110.40586,-7.05049],[110.40591,-7.05064],[110.40598,-7.05074],[110.40612,-7.0509],[110.40624,-7.05108],[110.40632,-7.05126],[110.40637,-7.05144],[110.40646,-7.05166],[110.40653,-7.05185],[110.40663,-7.05199],[110.40676,-7.05219],[110.40693,-7.05234],[110.40697,-7.05246],[110.40697,-7.0526],[110.40687,-7.05273],[110.40673,-7.05287],[110.40659,-7.0529],[110.40632,-7.05289],[110.40608,-7.05287],[110.40589,-7.05289],[110.40579,-7.05301],[110.40567,-7.05321],[110.40562,-7.05341],[110.40569,-7.0536],[110.40589,-7.05391],[110.4061,-7.05414],[110.40623,-7.05437],[110.40628,-7.05464],[110.40628,-7.05491],[110.40633,-7.05516],[110.40643,-7.05537],[110.40652,-7.05558],[110.40656,-7.0558],[110.40655,-7.0561],[110.40653,-7.05636],[110.40649,-7.05661],[110.40649,-7.05677],[110.40652,-7.05712],[110.40655,-7.05734],[110.40652,-7.05752],[110.40649,-7.05773],[110.40646,-7.05798],[110.40644,-7.05827],[110.40638,-7.05851],[110.40629,-7.0587],[110.40616,-7.05891],[110.40609,-7.05913],[110.406,-7.05939],[110.40589,-7.05973],[110.4058,-7.0599],[110.40569,-7.06002],[110.40551,-7.06014],[110.40533,-7.06023],[110.40522,-7.0603],[110.40519,-7.06032],[110.40506,-7.06042],[110.40499,-7.06051],[110.40494,-7.06059],[110.40493,-7.06077],[110.40496,-7.06096],[110.4052,-7.06133],[110.40544,-7.06159],[110.4056,-7.06176],[110.40565,-7.06192],[110.40575,-7.06214],[110.40594,-7.06248],[110.40606,-7.06269],[110.40615,-7.06295],[110.40628,-7.06339],[110.40635,-7.06375],[110.40628,-7.06396],[110.40618,-7.0644],[110.40597,-7.065],[110.4058,-7.06552],[110.4057,-7.06579],[110.40568,-7.06606],[110.40571,-7.06625],[110.40583,-7.06648],[110.40611,-7.06696],[110.40614,-7.06713],[110.40607,-7.06726],[110.40575,-7.06753],[110.40551,-7.06768],[110.40538,-7.0678],[110.40521,-7.068],[110.40511,-7.06822],[110.40507,-7.06841],[110.40505,-7.06851],[110.40506,-7.06874],[110.40508,-7.06901],[110.40506,-7.06914],[110.40504,-7.06924],[110.40499,-7.06935],[110.40493,-7.06946],[110.40478,-7.06977],[110.40473,-7.0699],[110.4047,-7.07],[110.40473,-7.07011],[110.40479,-7.07021],[110.40494,-7.07045],[110.40503,-7.07059],[110.40506,-7.07073],[110.40507,-7.07087],[110.40507,-7.07101],[110.40497,-7.07132],[110.40475,-7.07171],[110.4047,-7.07179],[110.40567,-7.07201],[110.40637,-7.07221],[110.40661,-7.07231],[110.40665,-7.07232],[110.40698,-7.07229],[110.40714,-7.07228],[110.40747,-7.07233],[110.40751,-7.07234],[110.40776,-7.07239],[110.40788,-7.07243],[110.40823,-7.07255],[110.40838,-7.07262],[110.40855,-7.07273],[110.40939,-7.073],[110.40951,-7.07299],[110.40955,-7.07303],[110.40955,-7.07313],[110.40999,-7.07318],[110.40999,-7.07317],[110.41009,-7.07319],[110.41032,-7.07321],[110.41055,-7.07323],[110.4108,-7.07324],[110.41114,-7.07324],[110.41113,-7.07289],[110.41111,-7.07243],[110.41113,-7.07198],[110.41112,-7.07188],[110.4112,-7.07142],[110.41122,-7.07132],[110.41123,-7.07124],[110.41126,-7.07107],[110.41127,-7.07094],[110.41138,-7.07038],[110.41146,-7.06998],[110.41161,-7.069],[110.41162,-7.06893],[110.41165,-7.06878],[110.4117,-7.06853],[110.41173,-7.06841],[110.41174,-7.06826],[110.41177,-7.06804],[110.41179,-7.06782],[110.41185,-7.06721],[110.41191,-7.06688],[110.412,-7.06646],[110.41202,-7.06636],[110.41208,-7.06596],[110.41211,-7.06585],[110.41224,-7.06519],[110.41242,-7.06437],[110.41243,-7.06432],[110.41261,-7.06364],[110.4127,-7.06337],[110.41283,-7.06305],[110.41295,-7.06274],[110.41309,-7.06238],[110.41312,-7.0623],[110.41313,-7.06229],[110.41314,-7.06226],[110.41324,-7.06202],[110.4133,-7.06188],[110.41343,-7.06154],[110.41352,-7.0613],[110.41365,-7.06094],[110.41368,-7.06084],[110.41381,-7.06056],[110.41381,-7.06055],[110.414,-7.06014],[110.4144,-7.05883],[110.41449,-7.05857],[110.41456,-7.05828],[110.41457,-7.05824],[110.41464,-7.05806],[110.41478,-7.05762],[110.41491,-7.05721],[110.41497,-7.057],[110.41516,-7.05643],[110.41525,-7.05618],[110.41535,-7.05595],[110.41539,-7.05584],[110.4154,-7.05578],[110.4155,-7.05551],[110.41559,-7.05529],[110.41575,-7.05483],[110.41582,-7.05466],[110.41582,-7.05465],[110.41583,-7.05464],[110.4161,-7.05407],[110.41622,-7.05384],[110.41694,-7.05247],[110.41724,-7.05197],[110.41726,-7.05193],[110.41732,-7.05184],[110.4176,-7.05149],[110.41797,-7.05106],[110.41851,-7.05043],[110.41864,-7.05024],[110.41895,-7.04976],[110.41915,-7.04949],[110.41967,-7.0486],[110.41974,-7.04845],[110.41983,-7.04829],[110.42047,-7.04727],[110.42007,-7.04712],[110.41986,-7.04704],[110.41963,-7.04697],[110.4192,-7.04681],[110.41882,-7.04667]]]}},{"type":"Feature","properties":{"id":"ADM-BANYUMANIK-SRONDOL-WETAN","name":"Srondol Wetan","source_name":"Srondol Wetan","type":"Kelurahan","category":"Administrasi kota","kecamatan":"Banyumanik","kabupaten":"Kota Semarang","catatan":"Batas kelurahan dari berkas vektor kota. Serpihan dan wilayah luar kota dibuang. Kecamatan mengikuti daftar resmi, bukan kolom asli berkas.","status":"Batas administrasi"},"geometry":{"type":"Polygon","coordinates":[[[110.42426,-7.07038],[110.42369,-7.07021],[110.42368,-7.07021],[110.42306,-7.07006],[110.42302,-7.07005],[110.42298,-7.07005],[110.42251,-7.07003],[110.42222,-7.06999],[110.42171,-7.06996],[110.42155,-7.06996],[110.4215,-7.06995],[110.42121,-7.06993],[110.42117,-7.06993],[110.42112,-7.06993],[110.42089,-7.06992],[110.42093,-7.06971],[110.42095,-7.06953],[110.42096,-7.06944],[110.42134,-7.06936],[110.42143,-7.06934],[110.42151,-7.06931],[110.42157,-7.06924],[110.42158,-7.06914],[110.42138,-7.06898],[110.42131,-7.06888],[110.42128,-7.06869],[110.4213,-7.06861],[110.42132,-7.06859],[110.42142,-7.06857],[110.42186,-7.06866],[110.42207,-7.0688],[110.42217,-7.06887],[110.42226,-7.06888],[110.42237,-7.0688],[110.42263,-7.06867],[110.42272,-7.06867],[110.42285,-7.06874],[110.42295,-7.06868],[110.42294,-7.06853],[110.42296,-7.06848],[110.4231,-7.06843],[110.42316,-7.06837],[110.42307,-7.06825],[110.42298,-7.06818],[110.42284,-7.068],[110.42292,-7.06786],[110.4229,-7.06785],[110.42257,-7.06765],[110.42236,-7.06749],[110.42217,-7.06742],[110.42217,-7.06736],[110.42216,-7.0669],[110.42224,-7.06657],[110.42257,-7.06622],[110.42299,-7.06603],[110.42398,-7.0658],[110.42403,-7.06568],[110.42407,-7.06558],[110.42422,-7.06541],[110.42469,-7.06527],[110.4251,-7.06511],[110.42543,-7.06503],[110.42586,-7.06501],[110.42604,-7.06502],[110.42613,-7.06507],[110.42623,-7.0652],[110.42636,-7.0655],[110.4264,-7.06558],[110.42672,-7.06556],[110.42727,-7.0655],[110.42741,-7.06548],[110.42752,-7.0654],[110.42759,-7.06529],[110.42761,-7.06483],[110.42763,-7.06477],[110.42741,-7.06472],[110.42633,-7.06444],[110.42632,-7.06444],[110.42597,-7.06436],[110.42563,-7.06426],[110.42509,-7.0641],[110.42486,-7.06403],[110.42456,-7.06394],[110.42395,-7.06376],[110.42391,-7.06375],[110.42353,-7.06361],[110.42328,-7.06352],[110.42309,-7.06345],[110.42236,-7.06315],[110.42228,-7.06311],[110.42192,-7.06294],[110.42139,-7.06268],[110.42137,-7.06267],[110.42117,-7.06259],[110.42059,-7.06237],[110.42068,-7.06217],[110.42089,-7.06162],[110.42104,-7.06125],[110.4211,-7.06107],[110.42119,-7.06078],[110.42143,-7.06],[110.42149,-7.05953],[110.42154,-7.05893],[110.42153,-7.05881],[110.42152,-7.05878],[110.42153,-7.05878],[110.42149,-7.05868],[110.42144,-7.05845],[110.42133,-7.05765],[110.42137,-7.05763],[110.4213,-7.05749],[110.42108,-7.05758],[110.42085,-7.0577],[110.42039,-7.05792],[110.42002,-7.05809],[110.41977,-7.05818],[110.41926,-7.05845],[110.41888,-7.05863],[110.41829,-7.05893],[110.41764,-7.05924],[110.41701,-7.05956],[110.41695,-7.05959],[110.4168,-7.05966],[110.41603,-7.06005],[110.4153,-7.06039],[110.4147,-7.0607],[110.41461,-7.06076],[110.41455,-7.06078],[110.41439,-7.06087],[110.41388,-7.06132],[110.41356,-7.06169],[110.41324,-7.06202],[110.41314,-7.06226],[110.41313,-7.06229],[110.41312,-7.0623],[110.41309,-7.06238],[110.41295,-7.06274],[110.41283,-7.06305],[110.4127,-7.06337],[110.41261,-7.06364],[110.41243,-7.06432],[110.41242,-7.06437],[110.41224,-7.06519],[110.41211,-7.06585],[110.41208,-7.06596],[110.41202,-7.06636],[110.412,-7.06646],[110.41191,-7.06688],[110.41185,-7.06721],[110.41179,-7.06782],[110.41177,-7.06804],[110.41174,-7.06826],[110.41173,-7.06841],[110.4117,-7.06853],[110.41165,-7.06878],[110.41162,-7.06893],[110.41161,-7.069],[110.41146,-7.06998],[110.41138,-7.07038],[110.41127,-7.07094],[110.41126,-7.07107],[110.41123,-7.07124],[110.41122,-7.07132],[110.4112,-7.07142],[110.41112,-7.07188],[110.41113,-7.07198],[110.41111,-7.07243],[110.41113,-7.07289],[110.41114,-7.07324],[110.41115,-7.07329],[110.41115,-7.07334],[110.41149,-7.07336],[110.41177,-7.07344],[110.41226,-7.07357],[110.41293,-7.07376],[110.41309,-7.0738],[110.41412,-7.07426],[110.41429,-7.07434],[110.41613,-7.07506],[110.41651,-7.07519],[110.41657,-7.07519],[110.41712,-7.07524],[110.4175,-7.07518],[110.41775,-7.07514],[110.41794,-7.07513],[110.41823,-7.0752],[110.419,-7.07542],[110.41909,-7.07544],[110.41914,-7.07545],[110.41921,-7.07546],[110.41929,-7.07547],[110.41945,-7.07548],[110.41961,-7.07556],[110.41975,-7.0756],[110.41997,-7.07568],[110.42044,-7.07583],[110.42088,-7.07602],[110.42098,-7.07609],[110.421,-7.07606],[110.42102,-7.07603],[110.42118,-7.07574],[110.42124,-7.07562],[110.42132,-7.07552],[110.42164,-7.0751],[110.42188,-7.07463],[110.42205,-7.07424],[110.42209,-7.07415],[110.4223,-7.07366],[110.42276,-7.07257],[110.42296,-7.07218],[110.42311,-7.0718],[110.42332,-7.07149],[110.42336,-7.07145],[110.42337,-7.07143],[110.42384,-7.07089],[110.42387,-7.07087],[110.42406,-7.07068],[110.42421,-7.07045],[110.42426,-7.07038]]]}},{"type":"Feature","properties":{"id":"ADM-BANYUMANIK-SUMURBOTO","name":"Sumurboto","source_name":"Sumurboto","type":"Kelurahan","category":"Administrasi kota","kecamatan":"Banyumanik","kabupaten":"Kota Semarang","catatan":"Batas kelurahan dari berkas vektor kota. Serpihan dan wilayah luar kota dibuang. Kecamatan mengikuti daftar resmi, bukan kolom asli berkas.","status":"Batas administrasi"},"geometry":{"type":"Polygon","coordinates":[[[110.43314,-7.05088],[110.43203,-7.05047],[110.43196,-7.05045],[110.43155,-7.05026],[110.43152,-7.05025],[110.43122,-7.05013],[110.43095,-7.05001],[110.43051,-7.04982],[110.43001,-7.04959],[110.42994,-7.04955],[110.4298,-7.04951],[110.42956,-7.04937],[110.42946,-7.04931],[110.42933,-7.04921],[110.4293,-7.0492],[110.42884,-7.04887],[110.4286,-7.04862],[110.4285,-7.04849],[110.42776,-7.04755],[110.42767,-7.04746],[110.42734,-7.04706],[110.4269,-7.04672],[110.42663,-7.04656],[110.42591,-7.04614],[110.4259,-7.04613],[110.42579,-7.04606],[110.42479,-7.04555],[110.42474,-7.04552],[110.4245,-7.04537],[110.42418,-7.04517],[110.42392,-7.04497],[110.42382,-7.04489],[110.42369,-7.04477],[110.42347,-7.04461],[110.4229,-7.04429],[110.42279,-7.04424],[110.42277,-7.04423],[110.42268,-7.04418],[110.42236,-7.04399],[110.4221,-7.04379],[110.42198,-7.0437],[110.4218,-7.04356],[110.42173,-7.04366],[110.42158,-7.04396],[110.42154,-7.04404],[110.42153,-7.04408],[110.42146,-7.0443],[110.42136,-7.04472],[110.42132,-7.0449],[110.42132,-7.04492],[110.42126,-7.04523],[110.42125,-7.04526],[110.42124,-7.04536],[110.4212,-7.04551],[110.42076,-7.04674],[110.42072,-7.04685],[110.42061,-7.04702],[110.42051,-7.0472],[110.42047,-7.04727],[110.41983,-7.04829],[110.41974,-7.04845],[110.41967,-7.0486],[110.41915,-7.04949],[110.41895,-7.04976],[110.41864,-7.05024],[110.41851,-7.05043],[110.41797,-7.05106],[110.4176,-7.05149],[110.41732,-7.05184],[110.41726,-7.05193],[110.41724,-7.05197],[110.41694,-7.05247],[110.41622,-7.05384],[110.4161,-7.05407],[110.41583,-7.05464],[110.41582,-7.05465],[110.41582,-7.05466],[110.41575,-7.05483],[110.41559,-7.05529],[110.4155,-7.05551],[110.4154,-7.05578],[110.41539,-7.05584],[110.41535,-7.05595],[110.41525,-7.05618],[110.41516,-7.05643],[110.41497,-7.057],[110.41491,-7.05721],[110.41478,-7.05762],[110.41464,-7.05806],[110.41457,-7.05824],[110.41456,-7.05828],[110.41449,-7.05857],[110.4144,-7.05883],[110.414,-7.06014],[110.41381,-7.06055],[110.41381,-7.06056],[110.41368,-7.06084],[110.41365,-7.06094],[110.41352,-7.0613],[110.41343,-7.06154],[110.4133,-7.06188],[110.41324,-7.06202],[110.41356,-7.06169],[110.41388,-7.06132],[110.41439,-7.06087],[110.41455,-7.06078],[110.41461,-7.06076],[110.4147,-7.0607],[110.4153,-7.06039],[110.41603,-7.06005],[110.4168,-7.05966],[110.41695,-7.05959],[110.41701,-7.05956],[110.41764,-7.05924],[110.41829,-7.05893],[110.41888,-7.05863],[110.41926,-7.05845],[110.41977,-7.05818],[110.42002,-7.05809],[110.42039,-7.05792],[110.42085,-7.0577],[110.42108,-7.05758],[110.4213,-7.05749],[110.42149,-7.0574],[110.42154,-7.05737],[110.42187,-7.05719],[110.42246,-7.05691],[110.42277,-7.05674],[110.42292,-7.05666],[110.42347,-7.05639],[110.42351,-7.05637],[110.42364,-7.0563],[110.42403,-7.05612],[110.42455,-7.05587],[110.4247,-7.0558],[110.42501,-7.05565],[110.42539,-7.05546],[110.42562,-7.05536],[110.42567,-7.05534],[110.42661,-7.05489],[110.42738,-7.05454],[110.42761,-7.05443],[110.42763,-7.05442],[110.42804,-7.05423],[110.42872,-7.05389],[110.42925,-7.05365],[110.42956,-7.05351],[110.42976,-7.05342],[110.42994,-7.05333],[110.43013,-7.05324],[110.43016,-7.05323],[110.4303,-7.05315],[110.43101,-7.05281],[110.43122,-7.05271],[110.43162,-7.05249],[110.43182,-7.05235],[110.432,-7.05222],[110.43233,-7.05191],[110.43259,-7.05168],[110.43306,-7.05105],[110.43314,-7.05088]]]}},{"type":"Feature","properties":{"id":"ADM-BANYUMANIK-TINJOMOYO","name":"Tinjomoyo","source_name":"Tinjomoyo","type":"Kelurahan","category":"Administrasi kota","kecamatan":"Banyumanik","kabupaten":"Kota Semarang","catatan":"Batas kelurahan dari berkas vektor kota. Serpihan dan wilayah luar kota dibuang. Kecamatan mengikuti daftar resmi, bukan kolom asli berkas.","status":"Batas administrasi"},"geometry":{"type":"Polygon","coordinates":[[[110.406,-7.02575],[110.40583,-7.02574],[110.40559,-7.02574],[110.40547,-7.02585],[110.40515,-7.02622],[110.40514,-7.02621],[110.40484,-7.02584],[110.40454,-7.02551],[110.40434,-7.02524],[110.40413,-7.02507],[110.40394,-7.02497],[110.40364,-7.02481],[110.40339,-7.02467],[110.4032,-7.02456],[110.40302,-7.02442],[110.40295,-7.02439],[110.40294,-7.02439],[110.40289,-7.0245],[110.40288,-7.02458],[110.40284,-7.02486],[110.40284,-7.02516],[110.40284,-7.02517],[110.40288,-7.0255],[110.40294,-7.02588],[110.403,-7.02607],[110.40304,-7.02619],[110.40299,-7.02633],[110.40294,-7.0264],[110.40283,-7.02652],[110.40277,-7.02661],[110.40264,-7.02684],[110.40257,-7.02702],[110.40246,-7.02729],[110.40231,-7.02756],[110.40228,-7.02762],[110.40219,-7.0277],[110.40212,-7.02777],[110.402,-7.02787],[110.40204,-7.02791],[110.40232,-7.02828],[110.40294,-7.02892],[110.40319,-7.02917],[110.40331,-7.02927],[110.40367,-7.02951],[110.40391,-7.02972],[110.40411,-7.03002],[110.40419,-7.03022],[110.40423,-7.03055],[110.40421,-7.03091],[110.40416,-7.03124],[110.40408,-7.03159],[110.404,-7.03186],[110.4039,-7.03202],[110.40372,-7.03212],[110.40356,-7.03219],[110.40352,-7.03228],[110.40352,-7.03241],[110.40359,-7.03255],[110.40381,-7.03297],[110.40405,-7.03337],[110.40417,-7.03363],[110.40423,-7.03381],[110.40425,-7.03387],[110.40425,-7.03403],[110.40428,-7.03428],[110.40431,-7.03445],[110.40439,-7.03469],[110.40456,-7.03481],[110.40495,-7.03509],[110.40521,-7.03539],[110.40542,-7.03572],[110.40553,-7.03597],[110.40548,-7.03622],[110.40534,-7.03648],[110.40503,-7.03681],[110.40476,-7.03706],[110.4046,-7.03736],[110.40452,-7.03756],[110.40452,-7.03778],[110.40455,-7.03806],[110.40465,-7.03834],[110.40476,-7.03853],[110.40477,-7.0387],[110.40473,-7.03887],[110.40457,-7.03915],[110.40441,-7.03942],[110.40427,-7.03973],[110.40422,-7.04006],[110.40424,-7.0404],[110.40429,-7.04077],[110.40436,-7.04112],[110.40448,-7.0414],[110.40464,-7.04161],[110.4047,-7.04175],[110.40467,-7.04184],[110.40458,-7.042],[110.40458,-7.04208],[110.40459,-7.04221],[110.4047,-7.04256],[110.40491,-7.04309],[110.40502,-7.04339],[110.40511,-7.04373],[110.40513,-7.04396],[110.40514,-7.04452],[110.40513,-7.04544],[110.40513,-7.04586],[110.40513,-7.04621],[110.40516,-7.04643],[110.40527,-7.04669],[110.40549,-7.04697],[110.40574,-7.04726],[110.40593,-7.04743],[110.40604,-7.04756],[110.40614,-7.0477],[110.40622,-7.04787],[110.40624,-7.04811],[110.40621,-7.04842],[110.40611,-7.04883],[110.40661,-7.04877],[110.40675,-7.04875],[110.40692,-7.04872],[110.40713,-7.04871],[110.40729,-7.04872],[110.40756,-7.04876],[110.40781,-7.0488],[110.40817,-7.04892],[110.4101,-7.04927],[110.41016,-7.04926],[110.41015,-7.04929],[110.41021,-7.04931],[110.41101,-7.04949],[110.41131,-7.04955],[110.41167,-7.04961],[110.41177,-7.04962],[110.41182,-7.04964],[110.41206,-7.04958],[110.41258,-7.04918],[110.41299,-7.04905],[110.41355,-7.04916],[110.41398,-7.04966],[110.41414,-7.04995],[110.41429,-7.05003],[110.41447,-7.05002],[110.41462,-7.05005],[110.4148,-7.05012],[110.41476,-7.05002],[110.41459,-7.04964],[110.41455,-7.04943],[110.41453,-7.04931],[110.41444,-7.04913],[110.41428,-7.04893],[110.41418,-7.04873],[110.41392,-7.04808],[110.41387,-7.04801],[110.41382,-7.048],[110.41367,-7.04811],[110.41365,-7.04813],[110.41336,-7.04793],[110.41331,-7.04791],[110.41328,-7.04778],[110.41339,-7.04759],[110.41344,-7.04747],[110.41336,-7.04708],[110.41331,-7.04684],[110.41327,-7.04662],[110.41326,-7.04644],[110.41327,-7.04638],[110.41331,-7.04637],[110.41361,-7.0463],[110.41381,-7.04633],[110.41407,-7.04639],[110.4142,-7.04637],[110.41436,-7.04631],[110.41452,-7.04635],[110.41468,-7.04637],[110.41482,-7.04631],[110.41502,-7.04622],[110.41512,-7.04626],[110.41534,-7.04641],[110.41546,-7.04641],[110.41562,-7.04642],[110.41577,-7.0465],[110.41609,-7.04656],[110.41621,-7.04654],[110.41648,-7.0465],[110.41656,-7.04652],[110.41668,-7.04654],[110.4169,-7.04657],[110.4173,-7.04665],[110.41748,-7.04669],[110.41843,-7.04692],[110.41844,-7.04691],[110.41855,-7.0468],[110.41864,-7.04664],[110.41866,-7.04663],[110.41882,-7.04667],[110.4192,-7.04681],[110.41963,-7.04697],[110.41986,-7.04704],[110.42007,-7.04712],[110.42047,-7.04727],[110.42051,-7.0472],[110.42061,-7.04702],[110.42072,-7.04685],[110.42076,-7.04674],[110.4212,-7.04551],[110.42124,-7.04536],[110.42125,-7.04526],[110.42126,-7.04523],[110.42132,-7.04492],[110.42132,-7.0449],[110.42136,-7.04472],[110.42146,-7.0443],[110.42153,-7.04408],[110.42154,-7.04404],[110.42158,-7.04396],[110.42173,-7.04366],[110.4218,-7.04356],[110.42193,-7.04323],[110.42209,-7.0427],[110.42212,-7.04249],[110.42215,-7.04237],[110.42217,-7.04206],[110.42218,-7.04198],[110.42217,-7.04151],[110.42211,-7.04117],[110.42202,-7.04095],[110.42189,-7.04078],[110.42147,-7.04038],[110.42144,-7.04035],[110.42136,-7.04026],[110.42132,-7.04022],[110.4212,-7.03997],[110.42117,-7.03984],[110.42109,-7.03928],[110.42104,-7.03897],[110.42097,-7.03871],[110.42075,-7.03831],[110.42069,-7.03822],[110.42046,-7.03786],[110.42041,-7.03779],[110.42015,-7.0374],[110.42007,-7.0373],[110.41982,-7.03696],[110.4196,-7.03669],[110.4193,-7.03636],[110.41899,-7.03605],[110.41898,-7.03604],[110.4187,-7.03584],[110.41828,-7.03565],[110.41806,-7.03553],[110.41784,-7.03534],[110.41762,-7.03501],[110.4176,-7.03497],[110.41754,-7.03482],[110.41751,-7.03456],[110.41755,-7.03419],[110.41763,-7.03385],[110.4177,-7.03355],[110.41776,-7.03334],[110.41777,-7.03331],[110.4178,-7.03315],[110.41786,-7.03285],[110.41789,-7.03275],[110.41803,-7.03184],[110.41807,-7.03158],[110.41808,-7.03145],[110.41811,-7.03127],[110.41814,-7.03097],[110.41805,-7.03098],[110.41781,-7.03099],[110.41744,-7.03098],[110.4171,-7.03097],[110.41672,-7.03099],[110.41592,-7.03092],[110.41509,-7.03085],[110.41479,-7.03086],[110.41464,-7.03088],[110.41427,-7.03102],[110.41364,-7.0309],[110.41243,-7.03059],[110.41234,-7.03057],[110.41123,-7.03013],[110.4111,-7.03008],[110.41022,-7.02962],[110.40976,-7.02935],[110.40973,-7.02934],[110.40971,-7.02932],[110.40938,-7.02911],[110.40896,-7.0288],[110.40852,-7.02844],[110.40821,-7.02814],[110.40813,-7.02806],[110.40789,-7.02783],[110.40766,-7.02758],[110.4074,-7.02729],[110.40716,-7.02702],[110.40689,-7.02672],[110.406,-7.02575]]]}},{"type":"Feature","properties":{"id":"ADM-CANDISARI-CANDI","name":"Candi","source_name":"Candi","type":"Kelurahan","category":"Administrasi kota","kecamatan":"Candisari","kabupaten":"Kota Semarang","catatan":"Batas kelurahan dari berkas vektor kota. Serpihan dan wilayah luar kota dibuang. Kecamatan mengikuti daftar resmi, bukan kolom asli berkas.","status":"Batas administrasi"},"geometry":{"type":"Polygon","coordinates":[[[110.43199,-7.00517],[110.43178,-7.005],[110.43166,-7.00491],[110.43163,-7.00492],[110.43146,-7.005],[110.43133,-7.00508],[110.43136,-7.00515],[110.43135,-7.00517],[110.4313,-7.00526],[110.43115,-7.00529],[110.43102,-7.00536],[110.43081,-7.00548],[110.43064,-7.00549],[110.43042,-7.00551],[110.43036,-7.00552],[110.42996,-7.00556],[110.42964,-7.00553],[110.42961,-7.00553],[110.42959,-7.00552],[110.42948,-7.00546],[110.42951,-7.0054],[110.42936,-7.00536],[110.42902,-7.00525],[110.42867,-7.0052],[110.42847,-7.0052],[110.4281,-7.00523],[110.42798,-7.00518],[110.42795,-7.00515],[110.42792,-7.00525],[110.42791,-7.00529],[110.42788,-7.00544],[110.42787,-7.00555],[110.42786,-7.00566],[110.42783,-7.00587],[110.42782,-7.00591],[110.42772,-7.00619],[110.42763,-7.00635],[110.4275,-7.00659],[110.42719,-7.00713],[110.42715,-7.00721],[110.42703,-7.00741],[110.42683,-7.00781],[110.42683,-7.00782],[110.42676,-7.008],[110.42675,-7.00819],[110.42674,-7.00822],[110.42674,-7.0085],[110.42673,-7.00854],[110.42673,-7.00866],[110.42672,-7.00889],[110.4267,-7.00956],[110.4267,-7.00964],[110.42671,-7.00983],[110.42678,-7.01043],[110.42681,-7.0106],[110.42689,-7.01077],[110.42696,-7.011],[110.42698,-7.01104],[110.42701,-7.01114],[110.42714,-7.01146],[110.42716,-7.01161],[110.42715,-7.01165],[110.4271,-7.01174],[110.42691,-7.012],[110.42688,-7.01205],[110.42686,-7.01213],[110.42683,-7.01221],[110.42687,-7.01224],[110.42693,-7.01232],[110.42696,-7.01246],[110.42696,-7.01267],[110.42693,-7.01278],[110.42688,-7.0129],[110.42677,-7.01315],[110.42645,-7.0138],[110.42628,-7.01415],[110.42624,-7.01425],[110.4262,-7.01449],[110.42616,-7.01474],[110.42612,-7.01488],[110.42606,-7.0151],[110.42599,-7.01541],[110.42585,-7.01578],[110.42573,-7.01606],[110.42613,-7.01612],[110.42669,-7.01618],[110.4267,-7.01618],[110.42702,-7.01621],[110.42715,-7.01624],[110.42773,-7.01631],[110.42775,-7.01631],[110.42834,-7.01637],[110.42846,-7.01637],[110.4289,-7.01639],[110.42895,-7.01639],[110.42906,-7.01634],[110.42944,-7.01623],[110.4296,-7.01621],[110.43,-7.01616],[110.4301,-7.01615],[110.43042,-7.0161],[110.43072,-7.01602],[110.43081,-7.01596],[110.43083,-7.01595],[110.43086,-7.0159],[110.43094,-7.01501],[110.43104,-7.01447],[110.43106,-7.01439],[110.43108,-7.01428],[110.43148,-7.01338],[110.4317,-7.01296],[110.43178,-7.0128],[110.43181,-7.01263],[110.43181,-7.01261],[110.43181,-7.01258],[110.43182,-7.01219],[110.4318,-7.01196],[110.43174,-7.01144],[110.43169,-7.01097],[110.43167,-7.01059],[110.43169,-7.01032],[110.43173,-7.01012],[110.43174,-7.0101],[110.43178,-7.01001],[110.43188,-7.00983],[110.43205,-7.00965],[110.43237,-7.00932],[110.43246,-7.00916],[110.4325,-7.00906],[110.4325,-7.00876],[110.43249,-7.00869],[110.43245,-7.00845],[110.43232,-7.00794],[110.43215,-7.0073],[110.43207,-7.00695],[110.43195,-7.00645],[110.43191,-7.00607],[110.43192,-7.00582],[110.43192,-7.00573],[110.43199,-7.00517]]]}},{"type":"Feature","properties":{"id":"ADM-CANDISARI-JATINGALEH","name":"Jatingaleh","source_name":"Jatingaleh","type":"Kelurahan","category":"Administrasi kota","kecamatan":"Candisari","kabupaten":"Kota Semarang","catatan":"Batas kelurahan dari berkas vektor kota. Serpihan dan wilayah luar kota dibuang. Kecamatan mengikuti daftar resmi, bukan kolom asli berkas.","status":"Batas administrasi"},"geometry":{"type":"Polygon","coordinates":[[[110.42816,-7.03111],[110.42816,-7.03089],[110.42819,-7.03086],[110.42827,-7.03075],[110.42862,-7.03061],[110.42868,-7.03059],[110.42872,-7.03057],[110.42878,-7.03054],[110.42884,-7.03051],[110.42895,-7.03038],[110.42898,-7.03025],[110.42897,-7.03019],[110.42888,-7.02986],[110.42881,-7.02963],[110.42875,-7.02938],[110.42873,-7.02928],[110.42864,-7.02897],[110.42858,-7.02876],[110.42843,-7.02819],[110.42836,-7.02786],[110.42828,-7.02735],[110.42825,-7.02709],[110.42824,-7.02691],[110.42824,-7.02686],[110.42824,-7.02678],[110.42824,-7.0265],[110.42823,-7.02636],[110.42826,-7.02574],[110.42827,-7.02549],[110.42827,-7.02543],[110.42829,-7.025],[110.42832,-7.02456],[110.42833,-7.02428],[110.42835,-7.02393],[110.42834,-7.02372],[110.42831,-7.0232],[110.42827,-7.02294],[110.42827,-7.02293],[110.42826,-7.02283],[110.42825,-7.02247],[110.42824,-7.02232],[110.42818,-7.02188],[110.42803,-7.02136],[110.42793,-7.02112],[110.4279,-7.02108],[110.4279,-7.02107],[110.42785,-7.02091],[110.42768,-7.02043],[110.42766,-7.02038],[110.42762,-7.02017],[110.42762,-7.02012],[110.42763,-7.02008],[110.42769,-7.01982],[110.42777,-7.01952],[110.42785,-7.01916],[110.42788,-7.019],[110.4279,-7.01889],[110.42793,-7.01826],[110.42793,-7.01824],[110.4279,-7.01822],[110.42757,-7.01799],[110.42734,-7.01783],[110.42724,-7.01769],[110.42722,-7.01765],[110.42702,-7.01784],[110.42662,-7.0182],[110.42625,-7.01851],[110.42618,-7.01856],[110.42588,-7.01877],[110.42525,-7.01934],[110.42454,-7.01998],[110.42433,-7.02018],[110.42402,-7.02048],[110.4236,-7.02087],[110.42295,-7.02151],[110.42282,-7.02165],[110.42249,-7.02195],[110.4216,-7.02285],[110.42124,-7.02322],[110.42093,-7.02346],[110.42043,-7.02386],[110.42012,-7.02415],[110.4196,-7.02473],[110.41941,-7.02502],[110.4193,-7.02519],[110.41917,-7.02542],[110.41904,-7.02566],[110.41902,-7.02569],[110.41902,-7.02573],[110.41886,-7.02617],[110.41878,-7.02646],[110.41877,-7.0265],[110.41867,-7.02688],[110.41846,-7.02787],[110.41836,-7.02869],[110.41835,-7.02871],[110.41833,-7.02915],[110.41833,-7.02916],[110.41827,-7.02967],[110.41823,-7.03023],[110.41819,-7.03062],[110.41817,-7.03075],[110.41814,-7.03097],[110.41825,-7.031],[110.41835,-7.031],[110.41857,-7.03102],[110.41884,-7.03106],[110.41954,-7.03117],[110.42001,-7.03129],[110.42029,-7.03132],[110.42071,-7.03138],[110.42099,-7.03148],[110.42134,-7.03147],[110.42171,-7.03146],[110.42194,-7.03143],[110.42246,-7.03139],[110.42267,-7.03138],[110.42291,-7.03136],[110.42302,-7.03135],[110.42481,-7.03121],[110.42531,-7.03116],[110.42562,-7.03113],[110.42717,-7.03107],[110.42816,-7.03111]]]}},{"type":"Feature","properties":{"id":"ADM-CANDISARI-JOMBLANG","name":"Jomblang","source_name":"Jomblang","type":"Kelurahan","category":"Administrasi kota","kecamatan":"Candisari","kabupaten":"Kota Semarang","catatan":"Batas kelurahan dari berkas vektor kota. Serpihan dan wilayah luar kota dibuang. Kecamatan mengikuti daftar resmi, bukan kolom asli berkas.","status":"Batas administrasi"},"geometry":{"type":"Polygon","coordinates":[[[110.44128,-7.0106],[110.4412,-7.01058],[110.44073,-7.01045],[110.43957,-7.01013],[110.43921,-7.01001],[110.439,-7.00994],[110.43875,-7.00983],[110.43868,-7.00981],[110.43766,-7.00959],[110.4359,-7.00917],[110.4358,-7.00914],[110.43578,-7.00914],[110.43551,-7.00917],[110.43527,-7.0092],[110.43438,-7.00927],[110.43412,-7.00927],[110.43412,-7.00926],[110.43408,-7.00925],[110.43351,-7.00904],[110.43286,-7.00869],[110.43267,-7.00858],[110.43255,-7.00854],[110.43245,-7.00845],[110.43249,-7.00869],[110.4325,-7.00876],[110.4325,-7.00906],[110.43246,-7.00916],[110.43237,-7.00932],[110.43205,-7.00965],[110.43188,-7.00983],[110.43178,-7.01001],[110.43174,-7.0101],[110.43173,-7.01012],[110.43169,-7.01032],[110.43167,-7.01059],[110.43169,-7.01097],[110.43174,-7.01144],[110.4318,-7.01196],[110.43182,-7.01219],[110.43181,-7.01258],[110.43181,-7.01261],[110.43181,-7.01263],[110.43178,-7.0128],[110.4317,-7.01296],[110.43148,-7.01338],[110.43108,-7.01428],[110.43106,-7.01439],[110.43124,-7.01448],[110.4316,-7.0147],[110.432,-7.01491],[110.43244,-7.01506],[110.43246,-7.01508],[110.4326,-7.01513],[110.43276,-7.01517],[110.43282,-7.01522],[110.43302,-7.01532],[110.43308,-7.01536],[110.43317,-7.01542],[110.43319,-7.01549],[110.4332,-7.01555],[110.43325,-7.01563],[110.4336,-7.01591],[110.43372,-7.01598],[110.43371,-7.01604],[110.43368,-7.01627],[110.43359,-7.01663],[110.43357,-7.01672],[110.43357,-7.01684],[110.4336,-7.01688],[110.4337,-7.01692],[110.434,-7.01704],[110.43407,-7.01713],[110.43409,-7.01723],[110.43407,-7.01745],[110.43406,-7.01752],[110.43404,-7.0176],[110.4341,-7.0176],[110.43429,-7.01763],[110.43449,-7.01769],[110.43451,-7.01773],[110.43447,-7.01783],[110.43437,-7.01798],[110.43423,-7.01815],[110.43423,-7.01816],[110.43437,-7.01823],[110.43453,-7.01833],[110.43492,-7.01853],[110.43519,-7.01861],[110.43571,-7.01842],[110.43594,-7.01834],[110.43618,-7.01832],[110.43621,-7.01832],[110.43648,-7.01833],[110.43667,-7.01835],[110.43684,-7.01836],[110.43707,-7.01831],[110.43725,-7.01826],[110.43753,-7.01813],[110.4383,-7.01781],[110.43842,-7.0178],[110.43856,-7.01783],[110.43872,-7.01797],[110.43886,-7.0181],[110.43888,-7.01821],[110.43886,-7.0185],[110.43886,-7.01858],[110.43885,-7.0186],[110.43884,-7.01863],[110.43883,-7.01882],[110.43847,-7.01915],[110.43808,-7.01947],[110.43772,-7.01997],[110.43762,-7.02033],[110.43762,-7.02048],[110.43792,-7.02076],[110.43834,-7.0207],[110.4389,-7.02065],[110.43924,-7.0207],[110.43938,-7.02076],[110.43964,-7.02098],[110.43981,-7.02111],[110.441,-7.01983],[110.44155,-7.01921],[110.44219,-7.0185],[110.44272,-7.01775],[110.44311,-7.0171],[110.44331,-7.01647],[110.44341,-7.0156],[110.44341,-7.01503],[110.44379,-7.01396],[110.44417,-7.01321],[110.44457,-7.01264],[110.44501,-7.01204],[110.44525,-7.01171],[110.44521,-7.01169],[110.44497,-7.01155],[110.44451,-7.01132],[110.44433,-7.01124],[110.44418,-7.01118],[110.44412,-7.01117],[110.44335,-7.01113],[110.44329,-7.01113],[110.44327,-7.01113],[110.44289,-7.01108],[110.4426,-7.01101],[110.44201,-7.01081],[110.44198,-7.0108],[110.44183,-7.01076],[110.44155,-7.01069],[110.44136,-7.01062],[110.44128,-7.0106]]]}},{"type":"Feature","properties":{"id":"ADM-CANDISARI-KALIWIRU","name":"Kaliwiru","source_name":"Kaliwiru","type":"Kelurahan","category":"Administrasi kota","kecamatan":"Candisari","kabupaten":"Kota Semarang","catatan":"Batas kelurahan dari berkas vektor kota. Serpihan dan wilayah luar kota dibuang. Kecamatan mengikuti daftar resmi, bukan kolom asli berkas.","status":"Batas administrasi"},"geometry":{"type":"Polygon","coordinates":[[[110.42573,-7.01606],[110.42495,-7.01593],[110.42493,-7.01593],[110.42453,-7.01589],[110.42415,-7.01585],[110.4236,-7.01581],[110.42322,-7.01578],[110.42299,-7.01578],[110.42228,-7.01571],[110.42152,-7.01567],[110.42073,-7.01563],[110.42006,-7.01558],[110.41984,-7.01557],[110.41936,-7.0156],[110.41832,-7.01574],[110.41835,-7.01581],[110.41848,-7.01639],[110.41859,-7.01682],[110.41867,-7.01709],[110.41916,-7.01887],[110.41936,-7.01966],[110.41937,-7.01972],[110.41945,-7.02002],[110.41949,-7.02017],[110.41953,-7.02031],[110.41964,-7.02068],[110.41977,-7.02117],[110.41995,-7.02188],[110.42013,-7.02258],[110.42017,-7.02273],[110.42017,-7.02275],[110.42024,-7.02303],[110.42027,-7.02316],[110.42034,-7.02336],[110.42043,-7.02386],[110.42093,-7.02346],[110.42124,-7.02322],[110.4216,-7.02285],[110.42249,-7.02195],[110.42282,-7.02165],[110.42295,-7.02151],[110.4236,-7.02087],[110.42402,-7.02048],[110.42433,-7.02018],[110.42454,-7.01998],[110.42525,-7.01934],[110.42588,-7.01877],[110.42618,-7.01856],[110.42625,-7.01851],[110.42662,-7.0182],[110.42702,-7.01784],[110.42722,-7.01765],[110.42752,-7.01731],[110.42763,-7.01722],[110.4279,-7.01703],[110.42834,-7.01674],[110.42852,-7.01663],[110.42883,-7.01646],[110.42895,-7.01639],[110.4289,-7.01639],[110.42846,-7.01637],[110.42834,-7.01637],[110.42775,-7.01631],[110.42773,-7.01631],[110.42715,-7.01624],[110.42702,-7.01621],[110.4267,-7.01618],[110.42669,-7.01618],[110.42613,-7.01612],[110.42573,-7.01606]]]}},{"type":"Feature","properties":{"id":"ADM-CANDISARI-KARANGANYAR-GUNUNG","name":"Karanganyar Gunung","source_name":"Karanganyar","type":"Kelurahan","category":"Administrasi kota","kecamatan":"Candisari","kabupaten":"Kota Semarang","catatan":"Batas kelurahan dari berkas vektor kota. Serpihan dan wilayah luar kota dibuang. Kecamatan mengikuti daftar resmi, bukan kolom asli berkas.","status":"Batas administrasi"},"geometry":{"type":"Polygon","coordinates":[[[110.43981,-7.02111],[110.43964,-7.02098],[110.43938,-7.02076],[110.43924,-7.0207],[110.4389,-7.02065],[110.43834,-7.0207],[110.43792,-7.02076],[110.43762,-7.02048],[110.43762,-7.02033],[110.43772,-7.01997],[110.43808,-7.01947],[110.43847,-7.01915],[110.43883,-7.01882],[110.43884,-7.01863],[110.43885,-7.0186],[110.43886,-7.01858],[110.43886,-7.0185],[110.43888,-7.01821],[110.43886,-7.0181],[110.43872,-7.01797],[110.43856,-7.01783],[110.43842,-7.0178],[110.4383,-7.01781],[110.43753,-7.01813],[110.43725,-7.01826],[110.43707,-7.01831],[110.43684,-7.01836],[110.43667,-7.01835],[110.43648,-7.01833],[110.43621,-7.01832],[110.43618,-7.01832],[110.43594,-7.01834],[110.43571,-7.01842],[110.43519,-7.01861],[110.43492,-7.01853],[110.43453,-7.01833],[110.43437,-7.01823],[110.43423,-7.01816],[110.43423,-7.01815],[110.43437,-7.01798],[110.43447,-7.01783],[110.43451,-7.01773],[110.43449,-7.01769],[110.43429,-7.01763],[110.4341,-7.0176],[110.43404,-7.0176],[110.43406,-7.01752],[110.43407,-7.01745],[110.43409,-7.01723],[110.43407,-7.01713],[110.434,-7.01704],[110.4337,-7.01692],[110.4336,-7.01688],[110.43357,-7.01684],[110.43357,-7.01672],[110.43359,-7.01663],[110.43368,-7.01627],[110.43371,-7.01604],[110.43372,-7.01598],[110.4336,-7.01591],[110.43325,-7.01563],[110.4332,-7.01555],[110.43319,-7.01549],[110.43317,-7.01542],[110.43308,-7.01536],[110.43302,-7.01532],[110.43282,-7.01522],[110.43276,-7.01517],[110.4326,-7.01513],[110.43246,-7.01508],[110.43244,-7.01506],[110.432,-7.01491],[110.4316,-7.0147],[110.43124,-7.01448],[110.43106,-7.01439],[110.43104,-7.01447],[110.43094,-7.01501],[110.43086,-7.0159],[110.43083,-7.01595],[110.43081,-7.01596],[110.43072,-7.01602],[110.43042,-7.0161],[110.4301,-7.01615],[110.43,-7.01616],[110.4296,-7.01621],[110.42944,-7.01623],[110.42906,-7.01634],[110.42895,-7.01639],[110.42883,-7.01646],[110.42852,-7.01663],[110.42834,-7.01674],[110.4279,-7.01703],[110.42763,-7.01722],[110.42752,-7.01731],[110.42722,-7.01765],[110.42724,-7.01769],[110.42734,-7.01783],[110.42757,-7.01799],[110.4279,-7.01822],[110.42793,-7.01824],[110.42793,-7.01826],[110.4279,-7.01889],[110.42788,-7.019],[110.42785,-7.01916],[110.42777,-7.01952],[110.42769,-7.01982],[110.42763,-7.02008],[110.42762,-7.02012],[110.42762,-7.02017],[110.42766,-7.02038],[110.42768,-7.02043],[110.42785,-7.02091],[110.4279,-7.02107],[110.4279,-7.02108],[110.42793,-7.02112],[110.42803,-7.02136],[110.42818,-7.02188],[110.42824,-7.02232],[110.42825,-7.02247],[110.42826,-7.02283],[110.42827,-7.02293],[110.42827,-7.02294],[110.42831,-7.0232],[110.42834,-7.02372],[110.42835,-7.02393],[110.42833,-7.02428],[110.42832,-7.02456],[110.42829,-7.025],[110.42827,-7.02543],[110.42827,-7.02549],[110.42826,-7.02574],[110.42823,-7.02636],[110.42824,-7.0265],[110.42824,-7.02678],[110.42824,-7.02686],[110.42824,-7.02691],[110.42825,-7.02709],[110.42828,-7.02735],[110.42836,-7.02786],[110.42843,-7.02819],[110.42858,-7.02876],[110.42864,-7.02897],[110.42873,-7.02928],[110.42875,-7.02938],[110.42881,-7.02963],[110.42888,-7.02986],[110.42897,-7.03019],[110.42898,-7.03025],[110.42895,-7.03038],[110.42884,-7.03051],[110.42878,-7.03054],[110.42872,-7.03057],[110.42868,-7.03059],[110.42862,-7.03061],[110.42827,-7.03075],[110.42819,-7.03086],[110.42816,-7.03089],[110.42816,-7.03111],[110.4289,-7.03115],[110.4291,-7.03119],[110.42945,-7.0313],[110.42958,-7.03135],[110.42976,-7.03142],[110.42992,-7.03151],[110.43063,-7.03209],[110.43136,-7.03284],[110.43156,-7.03311],[110.43175,-7.03259],[110.43234,-7.03182],[110.43312,-7.03088],[110.43437,-7.02956],[110.43501,-7.02878],[110.43528,-7.0282],[110.43547,-7.02744],[110.43564,-7.02668],[110.43584,-7.02613],[110.43607,-7.02549],[110.43646,-7.02493],[110.43708,-7.0241],[110.43838,-7.02265],[110.43921,-7.02182],[110.43975,-7.02117],[110.43981,-7.02111]]]}},{"type":"Feature","properties":{"id":"ADM-CANDISARI-TEGALSARI","name":"Tegalsari","source_name":"Tegalsari","type":"Kelurahan","category":"Administrasi kota","kecamatan":"Candisari","kabupaten":"Kota Semarang","catatan":"Batas kelurahan dari berkas vektor kota. Serpihan dan wilayah luar kota dibuang. Kecamatan mengikuti daftar resmi, bukan kolom asli berkas.","status":"Batas administrasi"},"geometry":{"type":"Polygon","coordinates":[[[110.4243,-7.00168],[110.42377,-7.00107],[110.42364,-7.00092],[110.42367,-7.00083],[110.42367,-7.00079],[110.42367,-7.00065],[110.42352,-7.00047],[110.42329,-7.00022],[110.42322,-7],[110.42303,-6.99979],[110.42257,-6.99933],[110.4219,-6.99845],[110.42183,-6.99837],[110.42173,-6.99833],[110.42153,-6.99816],[110.42133,-6.99802],[110.42023,-6.99757],[110.4194,-6.99737],[110.41931,-6.99754],[110.41931,-6.99755],[110.41927,-6.99771],[110.41927,-6.99787],[110.4193,-6.99803],[110.41942,-6.99823],[110.41974,-6.9986],[110.41995,-6.99882],[110.42014,-6.9991],[110.42029,-6.99954],[110.42034,-7],[110.42035,-7.00011],[110.4202,-7.00051],[110.42005,-7.00077],[110.41991,-7.00091],[110.41952,-7.00111],[110.41936,-7.00112],[110.41919,-7.00109],[110.41901,-7.00101],[110.41882,-7.00094],[110.41859,-7.00093],[110.41834,-7.00098],[110.41789,-7.00111],[110.41754,-7.00121],[110.4167,-7.00141],[110.41647,-7.00148],[110.41629,-7.0016],[110.41623,-7.00167],[110.41619,-7.00172],[110.4161,-7.0019],[110.41608,-7.00208],[110.41611,-7.00227],[110.41626,-7.00259],[110.41637,-7.00274],[110.41667,-7.00339],[110.41674,-7.00368],[110.41677,-7.0038],[110.41679,-7.00384],[110.41681,-7.00397],[110.41698,-7.00535],[110.41699,-7.00537],[110.41701,-7.00556],[110.41709,-7.00578],[110.41727,-7.00622],[110.41739,-7.00657],[110.41739,-7.00663],[110.41741,-7.00678],[110.41728,-7.00714],[110.41725,-7.00721],[110.41728,-7.00723],[110.41733,-7.00733],[110.41739,-7.00751],[110.41749,-7.00752],[110.4178,-7.00761],[110.41786,-7.00763],[110.41812,-7.0078],[110.41824,-7.00788],[110.41829,-7.00793],[110.41835,-7.00801],[110.41857,-7.00831],[110.41861,-7.00836],[110.41864,-7.0084],[110.4188,-7.00854],[110.41908,-7.00869],[110.41921,-7.00876],[110.41949,-7.00885],[110.42002,-7.00893],[110.42016,-7.00892],[110.42045,-7.00894],[110.42196,-7.00903],[110.42208,-7.00905],[110.42222,-7.00906],[110.42248,-7.00909],[110.42304,-7.00912],[110.42314,-7.00913],[110.42336,-7.00916],[110.42354,-7.00917],[110.42482,-7.00931],[110.42495,-7.00933],[110.42528,-7.00941],[110.42532,-7.00941],[110.42545,-7.00948],[110.42558,-7.0096],[110.42608,-7.01024],[110.4261,-7.01027],[110.4264,-7.01055],[110.42665,-7.01059],[110.42681,-7.0106],[110.42678,-7.01043],[110.42671,-7.00983],[110.4267,-7.00964],[110.4267,-7.00956],[110.42672,-7.00889],[110.42673,-7.00866],[110.42673,-7.00854],[110.42674,-7.0085],[110.42674,-7.00822],[110.42675,-7.00819],[110.42676,-7.008],[110.42683,-7.00782],[110.42683,-7.00781],[110.42703,-7.00741],[110.42715,-7.00721],[110.42719,-7.00713],[110.4275,-7.00659],[110.42763,-7.00635],[110.42772,-7.00619],[110.42782,-7.00591],[110.42783,-7.00587],[110.42786,-7.00566],[110.42787,-7.00555],[110.42788,-7.00544],[110.42791,-7.00529],[110.42792,-7.00525],[110.42795,-7.00515],[110.42787,-7.00507],[110.42769,-7.00477],[110.42767,-7.00467],[110.42751,-7.00457],[110.42705,-7.00442],[110.42654,-7.00422],[110.42616,-7.00387],[110.42569,-7.00338],[110.42541,-7.00308],[110.42538,-7.00305],[110.42506,-7.00269],[110.42482,-7.00239],[110.42468,-7.00218],[110.42457,-7.00199],[110.4243,-7.00168]]]}},{"type":"Feature","properties":{"id":"ADM-CANDISARI-WONOTINGAL","name":"Wonotingal","source_name":"Wonotingal","type":"Kelurahan","category":"Administrasi kota","kecamatan":"Candisari","kabupaten":"Kota Semarang","catatan":"Batas kelurahan dari berkas vektor kota. Serpihan dan wilayah luar kota dibuang. Kecamatan mengikuti daftar resmi, bukan kolom asli berkas.","status":"Batas administrasi"},"geometry":{"type":"Polygon","coordinates":[[[110.42681,-7.0106],[110.42665,-7.01059],[110.4264,-7.01055],[110.4261,-7.01027],[110.42608,-7.01024],[110.42558,-7.0096],[110.42545,-7.00948],[110.42532,-7.00941],[110.42528,-7.00941],[110.42495,-7.00933],[110.42482,-7.00931],[110.42354,-7.00917],[110.42336,-7.00916],[110.42314,-7.00913],[110.42304,-7.00912],[110.42248,-7.00909],[110.42222,-7.00906],[110.42208,-7.00905],[110.42196,-7.00903],[110.42045,-7.00894],[110.42016,-7.00892],[110.42002,-7.00893],[110.41949,-7.00885],[110.41921,-7.00876],[110.41908,-7.00869],[110.4188,-7.00854],[110.41864,-7.0084],[110.41861,-7.00836],[110.41857,-7.00831],[110.41835,-7.00801],[110.41829,-7.00793],[110.41824,-7.00788],[110.41812,-7.0078],[110.41786,-7.00763],[110.4178,-7.00761],[110.41749,-7.00752],[110.41739,-7.00751],[110.41738,-7.00753],[110.41711,-7.0077],[110.41678,-7.00791],[110.41613,-7.00832],[110.41616,-7.00863],[110.41616,-7.00872],[110.41616,-7.00899],[110.41609,-7.00938],[110.41599,-7.00967],[110.41598,-7.00969],[110.41596,-7.00973],[110.41579,-7.01021],[110.41571,-7.01056],[110.41569,-7.0109],[110.4157,-7.01097],[110.41573,-7.01112],[110.4158,-7.01131],[110.41581,-7.01137],[110.41595,-7.01161],[110.4163,-7.01218],[110.41646,-7.01236],[110.41703,-7.01265],[110.4173,-7.01284],[110.41751,-7.01306],[110.41757,-7.01313],[110.41773,-7.0136],[110.41813,-7.01504],[110.41831,-7.0157],[110.41832,-7.01574],[110.41936,-7.0156],[110.41984,-7.01557],[110.42006,-7.01558],[110.42073,-7.01563],[110.42152,-7.01567],[110.42228,-7.01571],[110.42299,-7.01578],[110.42322,-7.01578],[110.4236,-7.01581],[110.42415,-7.01585],[110.42453,-7.01589],[110.42493,-7.01593],[110.42495,-7.01593],[110.42573,-7.01606],[110.42585,-7.01578],[110.42599,-7.01541],[110.42606,-7.0151],[110.42612,-7.01488],[110.42616,-7.01474],[110.4262,-7.01449],[110.42624,-7.01425],[110.42628,-7.01415],[110.42645,-7.0138],[110.42677,-7.01315],[110.42688,-7.0129],[110.42693,-7.01278],[110.42696,-7.01267],[110.42696,-7.01246],[110.42693,-7.01232],[110.42687,-7.01224],[110.42683,-7.01221],[110.42686,-7.01213],[110.42688,-7.01205],[110.42691,-7.012],[110.4271,-7.01174],[110.42715,-7.01165],[110.42716,-7.01161],[110.42714,-7.01146],[110.42701,-7.01114],[110.42698,-7.01104],[110.42696,-7.011],[110.42689,-7.01077],[110.42681,-7.0106]]]}},{"type":"Feature","properties":{"id":"ADM-GAJAHMUNGKUR-BENDAN-NGISOR","name":"Bendan Ngisor","source_name":"Bendan Ngisor","type":"Kelurahan","category":"Administrasi kota","kecamatan":"Gajahmungkur","kabupaten":"Kota Semarang","catatan":"Batas kelurahan dari berkas vektor kota. Serpihan dan wilayah luar kota dibuang. Kecamatan mengikuti daftar resmi, bukan kolom asli berkas.","status":"Batas administrasi"},"geometry":{"type":"Polygon","coordinates":[[[110.40171,-7.00536],[110.4015,-7.0053],[110.40114,-7.0052],[110.40107,-7.00518],[110.40053,-7.005],[110.40011,-7.00491],[110.39982,-7.00484],[110.39957,-7.00479],[110.39923,-7.00489],[110.39897,-7.00497],[110.3989,-7.00504],[110.39868,-7.00516],[110.39857,-7.00523],[110.39835,-7.00532],[110.39819,-7.00532],[110.39691,-7.00531],[110.39662,-7.00529],[110.39659,-7.00533],[110.39644,-7.00553],[110.39627,-7.00608],[110.39624,-7.00621],[110.39623,-7.00636],[110.39621,-7.00689],[110.39617,-7.00714],[110.39609,-7.0074],[110.3961,-7.00775],[110.39611,-7.00798],[110.39613,-7.00815],[110.39621,-7.00851],[110.39629,-7.00877],[110.39641,-7.009],[110.39642,-7.00902],[110.39631,-7.00947],[110.39627,-7.00963],[110.3962,-7.01002],[110.39613,-7.01035],[110.39611,-7.01043],[110.39602,-7.01064],[110.39575,-7.01125],[110.3956,-7.01162],[110.39554,-7.01171],[110.39548,-7.0118],[110.39543,-7.01196],[110.39515,-7.01267],[110.39513,-7.01272],[110.39505,-7.01305],[110.39503,-7.01311],[110.39503,-7.01312],[110.39489,-7.01349],[110.39488,-7.01352],[110.39477,-7.01381],[110.39464,-7.01411],[110.3946,-7.01421],[110.39436,-7.01495],[110.39435,-7.01499],[110.39434,-7.01501],[110.39422,-7.01537],[110.39408,-7.01575],[110.39408,-7.01577],[110.39404,-7.01589],[110.39394,-7.01609],[110.39393,-7.01609],[110.39392,-7.01615],[110.39389,-7.01629],[110.39389,-7.0163],[110.39386,-7.0164],[110.39379,-7.01646],[110.39377,-7.01701],[110.39411,-7.01705],[110.39443,-7.01708],[110.39521,-7.0172],[110.39569,-7.01728],[110.39624,-7.01746],[110.39637,-7.01733],[110.39649,-7.01711],[110.39671,-7.01696],[110.39785,-7.01675],[110.39846,-7.01662],[110.39891,-7.01641],[110.39934,-7.01635],[110.39961,-7.0164],[110.39978,-7.01651],[110.40014,-7.01643],[110.40034,-7.01641],[110.40049,-7.01639],[110.40102,-7.01621],[110.40112,-7.01617],[110.40197,-7.01578],[110.40214,-7.01546],[110.4025,-7.01472],[110.40269,-7.01405],[110.40256,-7.01333],[110.40227,-7.01273],[110.40198,-7.01201],[110.40209,-7.01148],[110.40219,-7.01102],[110.4023,-7.01078],[110.40236,-7.01046],[110.40237,-7.01033],[110.40237,-7.01032],[110.40223,-7.01016],[110.40191,-7.00991],[110.40175,-7.00953],[110.40177,-7.00938],[110.40175,-7.00926],[110.40167,-7.00911],[110.40165,-7.00885],[110.40168,-7.00869],[110.40176,-7.0085],[110.40182,-7.00843],[110.40194,-7.00832],[110.40192,-7.00778],[110.40188,-7.00746],[110.4017,-7.00713],[110.40159,-7.00694],[110.40149,-7.00659],[110.40145,-7.00643],[110.40145,-7.00637],[110.4015,-7.00613],[110.40151,-7.00611],[110.40161,-7.00584],[110.40162,-7.00582],[110.40167,-7.00559],[110.40171,-7.00536]]]}},{"type":"Feature","properties":{"id":"ADM-GAJAHMUNGKUR-BENDANDUWUR","name":"Bendanduwur","source_name":"Bendan Duwur","type":"Kelurahan","category":"Administrasi kota","kecamatan":"Gajahmungkur","kabupaten":"Kota Semarang","catatan":"Batas kelurahan dari berkas vektor kota. Serpihan dan wilayah luar kota dibuang. Kecamatan mengikuti daftar resmi, bukan kolom asli berkas.","status":"Batas administrasi"},"geometry":{"type":"Polygon","coordinates":[[[110.39377,-7.01701],[110.39344,-7.01697],[110.39292,-7.0169],[110.39248,-7.01687],[110.39196,-7.01681],[110.39096,-7.01669],[110.39039,-7.01662],[110.38982,-7.01651],[110.38947,-7.0164],[110.38938,-7.01636],[110.3891,-7.01623],[110.38899,-7.01617],[110.38862,-7.01592],[110.38858,-7.01589],[110.38816,-7.01557],[110.38767,-7.0152],[110.38756,-7.01511],[110.38751,-7.01525],[110.38753,-7.01549],[110.38755,-7.01566],[110.38766,-7.01599],[110.38771,-7.01627],[110.38771,-7.0165],[110.38768,-7.01668],[110.38763,-7.01684],[110.38754,-7.01706],[110.38742,-7.01734],[110.38738,-7.01744],[110.38735,-7.01745],[110.38747,-7.0179],[110.38763,-7.01836],[110.38774,-7.01862],[110.38783,-7.01875],[110.38804,-7.01891],[110.3882,-7.01903],[110.38864,-7.01931],[110.38885,-7.01943],[110.38898,-7.0195],[110.38919,-7.01952],[110.38959,-7.01956],[110.38975,-7.01959],[110.39,-7.01966],[110.39037,-7.01985],[110.39063,-7.01995],[110.39082,-7.02006],[110.39087,-7.02013],[110.3909,-7.02024],[110.3909,-7.0204],[110.39089,-7.02056],[110.39095,-7.02071],[110.39106,-7.02088],[110.39116,-7.02094],[110.39131,-7.02096],[110.39146,-7.02093],[110.39192,-7.02082],[110.39225,-7.02067],[110.39258,-7.02051],[110.3929,-7.02026],[110.39306,-7.02013],[110.39314,-7.01998],[110.39326,-7.01978],[110.39339,-7.01965],[110.39359,-7.01952],[110.39371,-7.01948],[110.39385,-7.01946],[110.39397,-7.01949],[110.39418,-7.01968],[110.39511,-7.02065],[110.39567,-7.02123],[110.39608,-7.02169],[110.39639,-7.0221],[110.39659,-7.02234],[110.39674,-7.02256],[110.39688,-7.02285],[110.39697,-7.02293],[110.39719,-7.02309],[110.39738,-7.02315],[110.39765,-7.02318],[110.39825,-7.02318],[110.39844,-7.02319],[110.39864,-7.02323],[110.39897,-7.02335],[110.3992,-7.02347],[110.39929,-7.02354],[110.39933,-7.02366],[110.39933,-7.024],[110.39933,-7.02429],[110.39932,-7.02444],[110.39933,-7.0246],[110.39937,-7.02487],[110.39939,-7.02502],[110.39934,-7.02514],[110.39924,-7.0254],[110.39923,-7.0255],[110.39926,-7.02559],[110.39936,-7.02571],[110.39955,-7.02584],[110.39983,-7.02594],[110.40016,-7.02611],[110.4006,-7.02637],[110.40079,-7.02646],[110.401,-7.02663],[110.40125,-7.0269],[110.40144,-7.02715],[110.40167,-7.0275],[110.402,-7.02787],[110.40212,-7.02777],[110.40219,-7.0277],[110.40228,-7.02762],[110.40231,-7.02756],[110.40246,-7.02729],[110.40257,-7.02702],[110.40264,-7.02684],[110.40277,-7.02661],[110.40283,-7.02652],[110.40294,-7.0264],[110.40299,-7.02633],[110.40304,-7.02619],[110.403,-7.02607],[110.40294,-7.02588],[110.40288,-7.0255],[110.40284,-7.02517],[110.40284,-7.02516],[110.40284,-7.02486],[110.40288,-7.02458],[110.40289,-7.0245],[110.40294,-7.02439],[110.40295,-7.02439],[110.40302,-7.02442],[110.4032,-7.02456],[110.40339,-7.02467],[110.40364,-7.02481],[110.40394,-7.02497],[110.40413,-7.02507],[110.40434,-7.02524],[110.40454,-7.02551],[110.40484,-7.02584],[110.40514,-7.02621],[110.40515,-7.02622],[110.40547,-7.02585],[110.40559,-7.02574],[110.40583,-7.02574],[110.406,-7.02575],[110.4058,-7.02554],[110.40545,-7.02513],[110.40532,-7.025],[110.40498,-7.02461],[110.40457,-7.02415],[110.40442,-7.02399],[110.4044,-7.02397],[110.40405,-7.02357],[110.40355,-7.02303],[110.40329,-7.02271],[110.40309,-7.0225],[110.40297,-7.02239],[110.40295,-7.02223],[110.40285,-7.02172],[110.40278,-7.02105],[110.40259,-7.02022],[110.40247,-7.01972],[110.40216,-7.0192],[110.40174,-7.01892],[110.40114,-7.01873],[110.40095,-7.01856],[110.40084,-7.01836],[110.40069,-7.01773],[110.4006,-7.01723],[110.4005,-7.01686],[110.40034,-7.01641],[110.40014,-7.01643],[110.39978,-7.01651],[110.39961,-7.0164],[110.39934,-7.01635],[110.39891,-7.01641],[110.39846,-7.01662],[110.39785,-7.01675],[110.39671,-7.01696],[110.39649,-7.01711],[110.39637,-7.01733],[110.39624,-7.01746],[110.39569,-7.01728],[110.39521,-7.0172],[110.39443,-7.01708],[110.39411,-7.01705],[110.39377,-7.01701]]]}},{"type":"Feature","properties":{"id":"ADM-GAJAHMUNGKUR-BENDUNGAN","name":"Bendungan","source_name":"Bendungan","type":"Kelurahan","category":"Administrasi kota","kecamatan":"Gajahmungkur","kabupaten":"Kota Semarang","catatan":"Batas kelurahan dari berkas vektor kota. Serpihan dan wilayah luar kota dibuang. Kecamatan mengikuti daftar resmi, bukan kolom asli berkas.","status":"Batas administrasi"},"geometry":{"type":"Polygon","coordinates":[[[110.41351,-6.99589],[110.41255,-6.99604],[110.41178,-6.99616],[110.41133,-6.99618],[110.41056,-6.99615],[110.41039,-6.99608],[110.40981,-6.99578],[110.40974,-6.9958],[110.4095,-6.99593],[110.40886,-6.99608],[110.40835,-6.9961],[110.40817,-6.99611],[110.40816,-6.99612],[110.40803,-6.9962],[110.40782,-6.99637],[110.40746,-6.99664],[110.40691,-6.99694],[110.40659,-6.99704],[110.40647,-6.99705],[110.40636,-6.99706],[110.40598,-6.997],[110.40566,-6.99696],[110.40551,-6.99698],[110.40537,-6.99707],[110.40527,-6.99718],[110.40518,-6.99738],[110.40517,-6.99756],[110.40521,-6.99771],[110.40534,-6.99787],[110.40549,-6.99806],[110.40568,-6.99835],[110.40595,-6.99874],[110.4061,-6.99918],[110.40612,-6.99926],[110.40618,-6.99965],[110.40621,-7],[110.40632,-7.00022],[110.40636,-7.00029],[110.40645,-7.00054],[110.40654,-7.00072],[110.40658,-7.00084],[110.40662,-7.00092],[110.40681,-7.00165],[110.407,-7.00227],[110.40705,-7.00235],[110.40716,-7.00256],[110.40737,-7.00287],[110.40753,-7.00312],[110.4076,-7.0033],[110.40767,-7.00356],[110.40779,-7.00401],[110.40779,-7.00403],[110.4078,-7.00405],[110.40782,-7.00409],[110.40794,-7.00424],[110.40799,-7.00427],[110.40815,-7.00434],[110.4082,-7.00436],[110.40859,-7.00445],[110.4087,-7.00448],[110.40897,-7.00453],[110.40929,-7.0046],[110.40961,-7.00468],[110.40983,-7.00474],[110.41065,-7.0049],[110.41198,-7.00516],[110.4133,-7.00546],[110.41361,-7.00553],[110.41362,-7.0055],[110.41384,-7.00444],[110.4138,-7.00441],[110.41366,-7.00435],[110.41325,-7.00426],[110.41286,-7.0042],[110.41281,-7.00419],[110.41272,-7.00419],[110.41214,-7.00414],[110.41166,-7.00413],[110.41091,-7.00388],[110.41059,-7.00377],[110.41052,-7.00373],[110.41049,-7.00375],[110.41002,-7.00365],[110.40981,-7.00359],[110.40967,-7.0035],[110.40972,-7.0033],[110.40983,-7.00314],[110.40996,-7.00301],[110.4101,-7.00286],[110.4102,-7.00272],[110.41024,-7.00261],[110.41024,-7.00252],[110.41014,-7.00236],[110.40999,-7.00219],[110.40996,-7.00216],[110.40996,-7.00213],[110.41001,-7.00169],[110.41003,-7.00126],[110.41014,-7.00071],[110.41031,-7],[110.41032,-6.99998],[110.41042,-6.99944],[110.4105,-6.9992],[110.41059,-6.99896],[110.4107,-6.99873],[110.41079,-6.99861],[110.4109,-6.99852],[110.41103,-6.99842],[110.41109,-6.99829],[110.4111,-6.99816],[110.41111,-6.99785],[110.41113,-6.99778],[110.41117,-6.99768],[110.4112,-6.99762],[110.41131,-6.9975],[110.41138,-6.99742],[110.41152,-6.99732],[110.41184,-6.9972],[110.41201,-6.99715],[110.41219,-6.99704],[110.41225,-6.99701],[110.41247,-6.99681],[110.41267,-6.99663],[110.41291,-6.99643],[110.41304,-6.99632],[110.41337,-6.99612],[110.41346,-6.99602],[110.41348,-6.99597],[110.41351,-6.99589]]]}},{"type":"Feature","properties":{"id":"ADM-GAJAHMUNGKUR-GAJAHMUNGKUR","name":"Gajahmungkur","source_name":"Gajahmungkur","type":"Kelurahan","category":"Administrasi kota","kecamatan":"Gajahmungkur","kabupaten":"Kota Semarang","catatan":"Batas kelurahan dari berkas vektor kota. Serpihan dan wilayah luar kota dibuang. Kecamatan mengikuti daftar resmi, bukan kolom asli berkas.","status":"Batas administrasi"},"geometry":{"type":"Polygon","coordinates":[[[110.4082,-7.00436],[110.40804,-7.00444],[110.40789,-7.00452],[110.40768,-7.00455],[110.40747,-7.00448],[110.40735,-7.00436],[110.4073,-7.00428],[110.40728,-7.00426],[110.40714,-7.00419],[110.40693,-7.00418],[110.40679,-7.00423],[110.40654,-7.0043],[110.40627,-7.00441],[110.40615,-7.0045],[110.40605,-7.00463],[110.40596,-7.00493],[110.40591,-7.00513],[110.40588,-7.00518],[110.40606,-7.00545],[110.40644,-7.00582],[110.40665,-7.00602],[110.40673,-7.00608],[110.40669,-7.00606],[110.40647,-7.00618],[110.40636,-7.0062],[110.40627,-7.00622],[110.4061,-7.00624],[110.40552,-7.00627],[110.40512,-7.00627],[110.40482,-7.00625],[110.40456,-7.00617],[110.40441,-7.0061],[110.40422,-7.00594],[110.40396,-7.00582],[110.40375,-7.00578],[110.40353,-7.00579],[110.40328,-7.00584],[110.40307,-7.00584],[110.40285,-7.00574],[110.40284,-7.00574],[110.40233,-7.00553],[110.40231,-7.00552],[110.40197,-7.00543],[110.40171,-7.00536],[110.40167,-7.00559],[110.40162,-7.00582],[110.40161,-7.00584],[110.40151,-7.00611],[110.4015,-7.00613],[110.40145,-7.00637],[110.40145,-7.00643],[110.40149,-7.00659],[110.40159,-7.00694],[110.4017,-7.00713],[110.40188,-7.00746],[110.40192,-7.00778],[110.40194,-7.00832],[110.40182,-7.00843],[110.40176,-7.0085],[110.40168,-7.00869],[110.40165,-7.00885],[110.40167,-7.00911],[110.40175,-7.00926],[110.40177,-7.00938],[110.40175,-7.00953],[110.40191,-7.00991],[110.40223,-7.01016],[110.40237,-7.01032],[110.40237,-7.01033],[110.40236,-7.01046],[110.4023,-7.01078],[110.40219,-7.01102],[110.40209,-7.01148],[110.40198,-7.01201],[110.40227,-7.01273],[110.40256,-7.01333],[110.40269,-7.01405],[110.4025,-7.01472],[110.40214,-7.01546],[110.40197,-7.01578],[110.40112,-7.01617],[110.40102,-7.01621],[110.40049,-7.01639],[110.40034,-7.01641],[110.4005,-7.01686],[110.4006,-7.01723],[110.40069,-7.01773],[110.40084,-7.01836],[110.40095,-7.01856],[110.40114,-7.01873],[110.40174,-7.01892],[110.40216,-7.0192],[110.40247,-7.01972],[110.40259,-7.02022],[110.40278,-7.02105],[110.40285,-7.02172],[110.40295,-7.02223],[110.40297,-7.02239],[110.40309,-7.0225],[110.40329,-7.02271],[110.40355,-7.02303],[110.40405,-7.02357],[110.4044,-7.02397],[110.40442,-7.02399],[110.40457,-7.02415],[110.40498,-7.02461],[110.40522,-7.02401],[110.40546,-7.0236],[110.40563,-7.023],[110.40577,-7.02229],[110.40581,-7.02209],[110.40582,-7.02197],[110.40582,-7.02187],[110.40582,-7.02175],[110.40588,-7.02106],[110.40588,-7.02101],[110.40592,-7.02087],[110.40593,-7.02084],[110.40592,-7.02073],[110.40588,-7.02063],[110.40575,-7.02049],[110.40556,-7.02036],[110.40546,-7.02028],[110.40544,-7.0202],[110.40545,-7.02002],[110.40551,-7.01925],[110.40553,-7.01886],[110.40581,-7.01882],[110.40623,-7.01865],[110.40635,-7.01861],[110.40657,-7.01852],[110.40728,-7.01834],[110.40745,-7.01831],[110.40767,-7.01829],[110.4079,-7.0183],[110.40806,-7.01826],[110.40823,-7.01826],[110.40853,-7.01834],[110.40878,-7.01843],[110.40933,-7.01869],[110.40938,-7.01871],[110.40932,-7.01923],[110.40936,-7.01939],[110.40943,-7.01955],[110.40953,-7.01966],[110.40965,-7.01979],[110.40976,-7.01976],[110.41021,-7.01967],[110.41048,-7.01965],[110.41086,-7.01962],[110.41097,-7.0197],[110.4111,-7.01986],[110.41115,-7.01995],[110.41126,-7.0198],[110.4113,-7.01964],[110.41133,-7.01942],[110.41135,-7.01931],[110.41142,-7.01915],[110.4115,-7.01894],[110.41159,-7.0188],[110.41169,-7.01869],[110.41175,-7.01862],[110.41177,-7.01849],[110.41187,-7.01842],[110.41217,-7.01854],[110.41235,-7.01855],[110.41253,-7.01857],[110.41268,-7.01865],[110.41281,-7.01872],[110.41287,-7.01874],[110.41299,-7.01879],[110.41305,-7.01891],[110.41323,-7.01899],[110.41329,-7.01903],[110.4133,-7.01941],[110.4133,-7.01944],[110.41333,-7.01954],[110.41339,-7.01962],[110.41352,-7.01971],[110.41357,-7.01975],[110.41374,-7.01988],[110.41382,-7.01989],[110.414,-7.01982],[110.41413,-7.01982],[110.41428,-7.01985],[110.41438,-7.01985],[110.41459,-7.01981],[110.41502,-7.01991],[110.41532,-7.01992],[110.41544,-7.01999],[110.41591,-7.02019],[110.41611,-7.02021],[110.41618,-7.0202],[110.41624,-7.02019],[110.41648,-7.02015],[110.41657,-7.02018],[110.41683,-7.02034],[110.41692,-7.02032],[110.41703,-7.02031],[110.41711,-7.02035],[110.41741,-7.02054],[110.41782,-7.02064],[110.41878,-7.02031],[110.41931,-7.0202],[110.41932,-7.0202],[110.41949,-7.02017],[110.41945,-7.02002],[110.41937,-7.01972],[110.41936,-7.01966],[110.41916,-7.01887],[110.41867,-7.01709],[110.41859,-7.01682],[110.41848,-7.01639],[110.41835,-7.01581],[110.41832,-7.01574],[110.41831,-7.0157],[110.41813,-7.01504],[110.41773,-7.0136],[110.41757,-7.01313],[110.41751,-7.01306],[110.4173,-7.01284],[110.41703,-7.01265],[110.41646,-7.01236],[110.4163,-7.01218],[110.41595,-7.01161],[110.41581,-7.01137],[110.4158,-7.01131],[110.41573,-7.01112],[110.4157,-7.01097],[110.41569,-7.0109],[110.41571,-7.01056],[110.41579,-7.01021],[110.41596,-7.00973],[110.41598,-7.00969],[110.41599,-7.00967],[110.41609,-7.00938],[110.41616,-7.00899],[110.41616,-7.00872],[110.41616,-7.00863],[110.41613,-7.00832],[110.41613,-7.00826],[110.41612,-7.00825],[110.41598,-7.00784],[110.41596,-7.00777],[110.41592,-7.00772],[110.41576,-7.00755],[110.41513,-7.00693],[110.41449,-7.00633],[110.41414,-7.00595],[110.4139,-7.00572],[110.41369,-7.00558],[110.41361,-7.00553],[110.4133,-7.00546],[110.41198,-7.00516],[110.41065,-7.0049],[110.40983,-7.00474],[110.40961,-7.00468],[110.40929,-7.0046],[110.40897,-7.00453],[110.4087,-7.00448],[110.40859,-7.00445],[110.4082,-7.00436]]]}},{"type":"Feature","properties":{"id":"ADM-GAJAHMUNGKUR-KARANGREJO","name":"Karangrejo","source_name":"Karangrejo","type":"Kelurahan","category":"Administrasi kota","kecamatan":"Gajahmungkur","kabupaten":"Kota Semarang","catatan":"Batas kelurahan dari berkas vektor kota. Serpihan dan wilayah luar kota dibuang. Kecamatan mengikuti daftar resmi, bukan kolom asli berkas.","status":"Batas administrasi"},"geometry":{"type":"Polygon","coordinates":[[[110.41949,-7.02017],[110.41932,-7.0202],[110.41931,-7.0202],[110.41878,-7.02031],[110.41782,-7.02064],[110.41741,-7.02054],[110.41711,-7.02035],[110.41703,-7.02031],[110.41692,-7.02032],[110.41683,-7.02034],[110.41657,-7.02018],[110.41648,-7.02015],[110.41624,-7.02019],[110.41618,-7.0202],[110.41611,-7.02021],[110.41591,-7.02019],[110.41544,-7.01999],[110.41532,-7.01992],[110.41502,-7.01991],[110.41459,-7.01981],[110.41438,-7.01985],[110.41428,-7.01985],[110.41413,-7.01982],[110.414,-7.01982],[110.41382,-7.01989],[110.41374,-7.01988],[110.41357,-7.01975],[110.41352,-7.01971],[110.41339,-7.01962],[110.41333,-7.01954],[110.4133,-7.01944],[110.4133,-7.01941],[110.41329,-7.01903],[110.41323,-7.01899],[110.41305,-7.01891],[110.41299,-7.01879],[110.41287,-7.01874],[110.41281,-7.01872],[110.41268,-7.01865],[110.41253,-7.01857],[110.41235,-7.01855],[110.41217,-7.01854],[110.41187,-7.01842],[110.41177,-7.01849],[110.41175,-7.01862],[110.41169,-7.01869],[110.41159,-7.0188],[110.4115,-7.01894],[110.41142,-7.01915],[110.41135,-7.01931],[110.41133,-7.01942],[110.4113,-7.01964],[110.41126,-7.0198],[110.41115,-7.01995],[110.4111,-7.01986],[110.41097,-7.0197],[110.41086,-7.01962],[110.41048,-7.01965],[110.41021,-7.01967],[110.40976,-7.01976],[110.40965,-7.01979],[110.40953,-7.01966],[110.40943,-7.01955],[110.40936,-7.01939],[110.40932,-7.01923],[110.40938,-7.01871],[110.40933,-7.01869],[110.40878,-7.01843],[110.40853,-7.01834],[110.40823,-7.01826],[110.40806,-7.01826],[110.4079,-7.0183],[110.40767,-7.01829],[110.40745,-7.01831],[110.40728,-7.01834],[110.40657,-7.01852],[110.40635,-7.01861],[110.40623,-7.01865],[110.40581,-7.01882],[110.40553,-7.01886],[110.40551,-7.01925],[110.40545,-7.02002],[110.40544,-7.0202],[110.40546,-7.02028],[110.40556,-7.02036],[110.40575,-7.02049],[110.40588,-7.02063],[110.40592,-7.02073],[110.40593,-7.02084],[110.40592,-7.02087],[110.40588,-7.02101],[110.40588,-7.02106],[110.40582,-7.02175],[110.40582,-7.02187],[110.40582,-7.02197],[110.40581,-7.02209],[110.40577,-7.02229],[110.40563,-7.023],[110.40546,-7.0236],[110.40522,-7.02401],[110.40498,-7.02461],[110.40532,-7.025],[110.40545,-7.02513],[110.4058,-7.02554],[110.406,-7.02575],[110.40689,-7.02672],[110.40716,-7.02702],[110.4074,-7.02729],[110.40766,-7.02758],[110.40789,-7.02783],[110.40813,-7.02806],[110.40821,-7.02814],[110.40852,-7.02844],[110.40896,-7.0288],[110.40938,-7.02911],[110.40971,-7.02932],[110.40973,-7.02934],[110.40976,-7.02935],[110.41022,-7.02962],[110.4111,-7.03008],[110.41123,-7.03013],[110.41234,-7.03057],[110.41243,-7.03059],[110.41364,-7.0309],[110.41427,-7.03102],[110.41464,-7.03088],[110.41479,-7.03086],[110.41509,-7.03085],[110.41592,-7.03092],[110.41672,-7.03099],[110.4171,-7.03097],[110.41744,-7.03098],[110.41781,-7.03099],[110.41805,-7.03098],[110.41814,-7.03097],[110.41817,-7.03075],[110.41819,-7.03062],[110.41823,-7.03023],[110.41827,-7.02967],[110.41833,-7.02916],[110.41833,-7.02915],[110.41835,-7.02871],[110.41836,-7.02869],[110.41846,-7.02787],[110.41867,-7.02688],[110.41877,-7.0265],[110.41878,-7.02646],[110.41886,-7.02617],[110.41902,-7.02573],[110.41902,-7.02569],[110.41904,-7.02566],[110.41917,-7.02542],[110.4193,-7.02519],[110.41941,-7.02502],[110.4196,-7.02473],[110.42012,-7.02415],[110.42043,-7.02386],[110.42034,-7.02336],[110.42027,-7.02316],[110.42024,-7.02303],[110.42017,-7.02275],[110.42017,-7.02273],[110.42013,-7.02258],[110.41995,-7.02188],[110.41977,-7.02117],[110.41964,-7.02068],[110.41953,-7.02031],[110.41949,-7.02017]]]}},{"type":"Feature","properties":{"id":"ADM-GAJAHMUNGKUR-LEMPONGSARI","name":"Lempongsari","source_name":"Lempongsari","type":"Kelurahan","category":"Administrasi kota","kecamatan":"Gajahmungkur","kabupaten":"Kota Semarang","catatan":"Batas kelurahan dari berkas vektor kota. Serpihan dan wilayah luar kota dibuang. Kecamatan mengikuti daftar resmi, bukan kolom asli berkas.","status":"Batas administrasi"},"geometry":{"type":"Polygon","coordinates":[[[110.4194,-6.99737],[110.41929,-6.99734],[110.41906,-6.9973],[110.41873,-6.99722],[110.41843,-6.99714],[110.41839,-6.99713],[110.41839,-6.99712],[110.4182,-6.99711],[110.41791,-6.99708],[110.41734,-6.99699],[110.41712,-6.99691],[110.41702,-6.99697],[110.41669,-6.99691],[110.41604,-6.99671],[110.41596,-6.99669],[110.41586,-6.99664],[110.41573,-6.99659],[110.41564,-6.99662],[110.41564,-6.99663],[110.41559,-6.99659],[110.41491,-6.99619],[110.41464,-6.99604],[110.41451,-6.99596],[110.41445,-6.99592],[110.41415,-6.99575],[110.41409,-6.99573],[110.41403,-6.99574],[110.41385,-6.99581],[110.41356,-6.99589],[110.41351,-6.99589],[110.41348,-6.99597],[110.41346,-6.99602],[110.41337,-6.99612],[110.41304,-6.99632],[110.41291,-6.99643],[110.41267,-6.99663],[110.41247,-6.99681],[110.41225,-6.99701],[110.41219,-6.99704],[110.41201,-6.99715],[110.41184,-6.9972],[110.41152,-6.99732],[110.41138,-6.99742],[110.41131,-6.9975],[110.4112,-6.99762],[110.41117,-6.99768],[110.41113,-6.99778],[110.41111,-6.99785],[110.4111,-6.99816],[110.41109,-6.99829],[110.41103,-6.99842],[110.4109,-6.99852],[110.41079,-6.99861],[110.4107,-6.99873],[110.41059,-6.99896],[110.4105,-6.9992],[110.41042,-6.99944],[110.41032,-6.99998],[110.41031,-7],[110.41014,-7.00071],[110.41003,-7.00126],[110.41001,-7.00169],[110.40996,-7.00213],[110.40996,-7.00216],[110.40999,-7.00219],[110.41014,-7.00236],[110.41024,-7.00252],[110.41024,-7.00261],[110.4102,-7.00272],[110.4101,-7.00286],[110.40996,-7.00301],[110.40983,-7.00314],[110.40972,-7.0033],[110.40967,-7.0035],[110.40981,-7.00359],[110.41002,-7.00365],[110.41049,-7.00375],[110.41052,-7.00373],[110.41059,-7.00377],[110.41091,-7.00388],[110.41166,-7.00413],[110.41214,-7.00414],[110.41272,-7.00419],[110.41281,-7.00419],[110.41286,-7.0042],[110.41325,-7.00426],[110.41366,-7.00435],[110.4138,-7.00441],[110.41384,-7.00444],[110.41362,-7.0055],[110.41361,-7.00553],[110.41369,-7.00558],[110.4139,-7.00572],[110.41414,-7.00595],[110.41449,-7.00633],[110.41513,-7.00693],[110.41576,-7.00755],[110.41592,-7.00772],[110.41596,-7.00777],[110.41598,-7.00784],[110.41612,-7.00825],[110.41613,-7.00826],[110.41613,-7.00832],[110.41678,-7.00791],[110.41711,-7.0077],[110.41738,-7.00753],[110.41739,-7.00751],[110.41733,-7.00733],[110.41728,-7.00723],[110.41725,-7.00721],[110.41728,-7.00714],[110.41741,-7.00678],[110.41739,-7.00663],[110.41739,-7.00657],[110.41727,-7.00622],[110.41709,-7.00578],[110.41701,-7.00556],[110.41699,-7.00537],[110.41698,-7.00535],[110.41681,-7.00397],[110.41679,-7.00384],[110.41677,-7.0038],[110.41674,-7.00368],[110.41667,-7.00339],[110.41637,-7.00274],[110.41626,-7.00259],[110.41611,-7.00227],[110.41608,-7.00208],[110.4161,-7.0019],[110.41619,-7.00172],[110.41623,-7.00167],[110.41629,-7.0016],[110.41647,-7.00148],[110.4167,-7.00141],[110.41754,-7.00121],[110.41789,-7.00111],[110.41834,-7.00098],[110.41859,-7.00093],[110.41882,-7.00094],[110.41901,-7.00101],[110.41919,-7.00109],[110.41936,-7.00112],[110.41952,-7.00111],[110.41991,-7.00091],[110.42005,-7.00077],[110.4202,-7.00051],[110.42035,-7.00011],[110.42034,-7],[110.42029,-6.99954],[110.42014,-6.9991],[110.41995,-6.99882],[110.41974,-6.9986],[110.41942,-6.99823],[110.4193,-6.99803],[110.41927,-6.99787],[110.41927,-6.99771],[110.41931,-6.99755],[110.41931,-6.99754],[110.4194,-6.99737]]]}},{"type":"Feature","properties":{"id":"ADM-GAJAHMUNGKUR-PETOMPON","name":"Petompon","source_name":"Petompon","type":"Kelurahan","category":"Administrasi kota","kecamatan":"Gajahmungkur","kabupaten":"Kota Semarang","catatan":"Batas kelurahan dari berkas vektor kota. Serpihan dan wilayah luar kota dibuang. Kecamatan mengikuti daftar resmi, bukan kolom asli berkas.","status":"Batas administrasi"},"geometry":{"type":"Polygon","coordinates":[[[110.40817,-6.99611],[110.40817,-6.99596],[110.40812,-6.99574],[110.40798,-6.99549],[110.40777,-6.99528],[110.4074,-6.99501],[110.40706,-6.99474],[110.40692,-6.99456],[110.40688,-6.99446],[110.40682,-6.99449],[110.40655,-6.99459],[110.40623,-6.99473],[110.40603,-6.99488],[110.40587,-6.99504],[110.40577,-6.99522],[110.40558,-6.9955],[110.40532,-6.9958],[110.4053,-6.99583],[110.40511,-6.99595],[110.40493,-6.996],[110.40467,-6.99603],[110.40461,-6.99603],[110.40441,-6.99602],[110.40437,-6.99602],[110.40403,-6.99598],[110.40353,-6.99603],[110.4031,-6.99604],[110.40277,-6.99603],[110.4023,-6.99602],[110.40192,-6.99601],[110.40141,-6.9974],[110.4011,-6.99813],[110.40101,-6.99845],[110.40106,-6.99876],[110.4015,-6.99957],[110.40167,-7],[110.40173,-7.00013],[110.40149,-7.00055],[110.40124,-7.00092],[110.40101,-7.00121],[110.40082,-7.00128],[110.4004,-7.00125],[110.40002,-7.0013],[110.39958,-7.00136],[110.39896,-7.00154],[110.39798,-7.00179],[110.39753,-7.00192],[110.3972,-7.00206],[110.3969,-7.00223],[110.39669,-7.0024],[110.39653,-7.00262],[110.39642,-7.00289],[110.3963,-7.00338],[110.39609,-7.00408],[110.39604,-7.00426],[110.39596,-7.00448],[110.39589,-7.00471],[110.39577,-7.00497],[110.39566,-7.00524],[110.39564,-7.00535],[110.39565,-7.00547],[110.39568,-7.00564],[110.39576,-7.00584],[110.39589,-7.00609],[110.39593,-7.00628],[110.39594,-7.00659],[110.39593,-7.00689],[110.39588,-7.00716],[110.39583,-7.00739],[110.39576,-7.00746],[110.39581,-7.00751],[110.39585,-7.00755],[110.39592,-7.00768],[110.39592,-7.00773],[110.39593,-7.00782],[110.39613,-7.00815],[110.39611,-7.00798],[110.3961,-7.00775],[110.39609,-7.0074],[110.39617,-7.00714],[110.39621,-7.00689],[110.39623,-7.00636],[110.39624,-7.00621],[110.39627,-7.00608],[110.39644,-7.00553],[110.39659,-7.00533],[110.39662,-7.00529],[110.39691,-7.00531],[110.39819,-7.00532],[110.39835,-7.00532],[110.39857,-7.00523],[110.39868,-7.00516],[110.3989,-7.00504],[110.39897,-7.00497],[110.39923,-7.00489],[110.39957,-7.00479],[110.39982,-7.00484],[110.40011,-7.00491],[110.40053,-7.005],[110.40107,-7.00518],[110.40114,-7.0052],[110.4015,-7.0053],[110.40171,-7.00536],[110.40197,-7.00543],[110.40231,-7.00552],[110.40233,-7.00553],[110.40284,-7.00574],[110.40285,-7.00574],[110.40307,-7.00584],[110.40328,-7.00584],[110.40353,-7.00579],[110.40375,-7.00578],[110.40396,-7.00582],[110.40422,-7.00594],[110.40441,-7.0061],[110.40456,-7.00617],[110.40482,-7.00625],[110.40512,-7.00627],[110.40552,-7.00627],[110.4061,-7.00624],[110.40627,-7.00622],[110.40636,-7.0062],[110.40647,-7.00618],[110.40669,-7.00606],[110.40673,-7.00608],[110.40665,-7.00602],[110.40644,-7.00582],[110.40606,-7.00545],[110.40588,-7.00518],[110.40591,-7.00513],[110.40596,-7.00493],[110.40605,-7.00463],[110.40615,-7.0045],[110.40627,-7.00441],[110.40654,-7.0043],[110.40679,-7.00423],[110.40693,-7.00418],[110.40714,-7.00419],[110.40728,-7.00426],[110.4073,-7.00428],[110.40735,-7.00436],[110.40747,-7.00448],[110.40768,-7.00455],[110.40789,-7.00452],[110.40804,-7.00444],[110.4082,-7.00436],[110.40815,-7.00434],[110.40799,-7.00427],[110.40794,-7.00424],[110.40782,-7.00409],[110.4078,-7.00405],[110.40779,-7.00403],[110.40779,-7.00401],[110.40767,-7.00356],[110.4076,-7.0033],[110.40753,-7.00312],[110.40737,-7.00287],[110.40716,-7.00256],[110.40705,-7.00235],[110.407,-7.00227],[110.40681,-7.00165],[110.40662,-7.00092],[110.40658,-7.00084],[110.40654,-7.00072],[110.40645,-7.00054],[110.40636,-7.00029],[110.40632,-7.00022],[110.40621,-7],[110.40618,-6.99965],[110.40612,-6.99926],[110.4061,-6.99918],[110.40595,-6.99874],[110.40568,-6.99835],[110.40549,-6.99806],[110.40534,-6.99787],[110.40521,-6.99771],[110.40517,-6.99756],[110.40518,-6.99738],[110.40527,-6.99718],[110.40537,-6.99707],[110.40551,-6.99698],[110.40566,-6.99696],[110.40598,-6.997],[110.40636,-6.99706],[110.40647,-6.99705],[110.40659,-6.99704],[110.40691,-6.99694],[110.40746,-6.99664],[110.40782,-6.99637],[110.40803,-6.9962],[110.40816,-6.99612],[110.40817,-6.99611]]]}},{"type":"Feature","properties":{"id":"ADM-GAJAHMUNGKUR-SAMPANGAN","name":"Sampangan","source_name":"Sampangan","type":"Kelurahan","category":"Administrasi kota","kecamatan":"Gajahmungkur","kabupaten":"Kota Semarang","catatan":"Batas kelurahan dari berkas vektor kota. Serpihan dan wilayah luar kota dibuang. Kecamatan mengikuti daftar resmi, bukan kolom asli berkas.","status":"Batas administrasi"},"geometry":{"type":"Polygon","coordinates":[[[110.39576,-7.00746],[110.39574,-7.0075],[110.39562,-7.00756],[110.39548,-7.00758],[110.39534,-7.00755],[110.39522,-7.00748],[110.395,-7.00729],[110.39474,-7.00703],[110.39442,-7.00673],[110.39418,-7.00656],[110.39399,-7.00647],[110.39368,-7.00635],[110.3935,-7.00628],[110.39316,-7.00618],[110.39271,-7.00605],[110.39218,-7.00586],[110.39182,-7.00575],[110.39158,-7.0057],[110.3914,-7.0057],[110.3913,-7.00572],[110.39103,-7.00577],[110.3907,-7.00582],[110.39043,-7.00586],[110.39028,-7.00586],[110.39,-7.00585],[110.38959,-7.00588],[110.38936,-7.00591],[110.38925,-7.00598],[110.38912,-7.00611],[110.38899,-7.00629],[110.38888,-7.0065],[110.38883,-7.00664],[110.38883,-7.00689],[110.38879,-7.00711],[110.38871,-7.00738],[110.38856,-7.00778],[110.38837,-7.00812],[110.38818,-7.00844],[110.38803,-7.0086],[110.38785,-7.00883],[110.38759,-7.00935],[110.38699,-7.01056],[110.3867,-7.01125],[110.38665,-7.01147],[110.38667,-7.01164],[110.38673,-7.01183],[110.38683,-7.01199],[110.38697,-7.01222],[110.38715,-7.01253],[110.38737,-7.01298],[110.38745,-7.01324],[110.38751,-7.01346],[110.38759,-7.01378],[110.38762,-7.01426],[110.38763,-7.01445],[110.38764,-7.01476],[110.38761,-7.01491],[110.38756,-7.01511],[110.38767,-7.0152],[110.38816,-7.01557],[110.38858,-7.01589],[110.38862,-7.01592],[110.38899,-7.01617],[110.3891,-7.01623],[110.38938,-7.01636],[110.38947,-7.0164],[110.38982,-7.01651],[110.39039,-7.01662],[110.39096,-7.01669],[110.39196,-7.01681],[110.39248,-7.01687],[110.39292,-7.0169],[110.39344,-7.01697],[110.39377,-7.01701],[110.39379,-7.01646],[110.39386,-7.0164],[110.39389,-7.0163],[110.39389,-7.01629],[110.39392,-7.01615],[110.39393,-7.01609],[110.39394,-7.01609],[110.39404,-7.01589],[110.39408,-7.01577],[110.39408,-7.01575],[110.39422,-7.01537],[110.39434,-7.01501],[110.39435,-7.01499],[110.39436,-7.01495],[110.3946,-7.01421],[110.39464,-7.01411],[110.39477,-7.01381],[110.39488,-7.01352],[110.39489,-7.01349],[110.39503,-7.01312],[110.39503,-7.01311],[110.39505,-7.01305],[110.39513,-7.01272],[110.39515,-7.01267],[110.39543,-7.01196],[110.39548,-7.0118],[110.39554,-7.01171],[110.3956,-7.01162],[110.39575,-7.01125],[110.39602,-7.01064],[110.39611,-7.01043],[110.39613,-7.01035],[110.3962,-7.01002],[110.39627,-7.00963],[110.39631,-7.00947],[110.39642,-7.00902],[110.39641,-7.009],[110.39629,-7.00877],[110.39621,-7.00851],[110.39613,-7.00815],[110.39593,-7.00782],[110.39592,-7.00773],[110.39592,-7.00768],[110.39585,-7.00755],[110.39581,-7.00751],[110.39576,-7.00746]]]}},{"type":"Feature","properties":{"id":"ADM-GAYAMSARI-GAYAMSARI","name":"Gayamsari","source_name":"Gayamsari","type":"Kelurahan","category":"Administrasi kota","kecamatan":"Gayamsari","kabupaten":"Kota Semarang","catatan":"Batas kelurahan dari berkas vektor kota. Serpihan dan wilayah luar kota dibuang. Kecamatan mengikuti daftar resmi, bukan kolom asli berkas.","status":"Batas administrasi"},"geometry":{"type":"Polygon","coordinates":[[[110.45297,-6.99167],[110.45245,-6.99162],[110.45236,-6.9916],[110.45212,-6.99155],[110.45167,-6.99145],[110.45155,-6.99109],[110.4511,-6.99099],[110.45077,-6.99096],[110.45034,-6.99094],[110.44976,-6.99091],[110.44968,-6.9909],[110.44912,-6.99081],[110.44874,-6.99075],[110.44833,-6.99069],[110.44788,-6.99062],[110.44784,-6.99059],[110.44784,-6.99064],[110.44776,-6.9911],[110.4476,-6.99169],[110.44759,-6.99171],[110.44746,-6.99197],[110.44729,-6.99238],[110.44724,-6.99251],[110.4471,-6.99286],[110.44706,-6.99295],[110.44693,-6.99319],[110.4469,-6.99335],[110.44679,-6.99385],[110.44666,-6.99418],[110.44655,-6.99451],[110.4465,-6.99466],[110.4464,-6.99498],[110.44638,-6.99559],[110.44637,-6.99598],[110.44631,-6.99646],[110.44628,-6.99658],[110.44616,-6.99701],[110.44611,-6.99718],[110.44608,-6.99727],[110.4459,-6.99769],[110.44569,-6.99821],[110.44546,-6.99869],[110.44526,-6.99909],[110.44511,-6.99945],[110.44492,-6.99988],[110.44495,-6.99994],[110.44487,-7],[110.4448,-7.0002],[110.44473,-7.00137],[110.44442,-7.00196],[110.4445,-7.00201],[110.44471,-7.00212],[110.44474,-7.00214],[110.44477,-7.00215],[110.44514,-7.00226],[110.44551,-7.0024],[110.44581,-7.00254],[110.44647,-7.00274],[110.44679,-7.00283],[110.44822,-7.00343],[110.44842,-7.00356],[110.44867,-7.00374],[110.44872,-7.0038],[110.44896,-7.00405],[110.44902,-7.00418],[110.44905,-7.00438],[110.44905,-7.00481],[110.44908,-7.00521],[110.44912,-7.0053],[110.44915,-7.00537],[110.44971,-7.00646],[110.44978,-7.0066],[110.45004,-7.00684],[110.45028,-7.00699],[110.45028,-7.007],[110.45082,-7.00624],[110.45183,-7.00445],[110.45186,-7.00433],[110.45233,-7.0038],[110.453,-7.00279],[110.45346,-7.00196],[110.45387,-7.001],[110.45404,-7.00017],[110.45402,-7],[110.45401,-6.99913],[110.45389,-6.99815],[110.45368,-6.99693],[110.45339,-6.99549],[110.45321,-6.99399],[110.45299,-6.99201],[110.45297,-6.99167]]]}},{"type":"Feature","properties":{"id":"ADM-GAYAMSARI-KALIGAWE","name":"Kaligawe","source_name":"Kaligawe","type":"Kelurahan","category":"Administrasi kota","kecamatan":"Gayamsari","kabupaten":"Kota Semarang","catatan":"Batas kelurahan dari berkas vektor kota. Serpihan dan wilayah luar kota dibuang. Kecamatan mengikuti daftar resmi, bukan kolom asli berkas.","status":"Batas administrasi"},"geometry":{"type":"Polygon","coordinates":[[[110.44901,-6.96573],[110.44886,-6.96397],[110.4486,-6.96266],[110.44849,-6.96101],[110.44827,-6.95969],[110.4486,-6.95765],[110.44843,-6.95771],[110.44838,-6.95773],[110.4482,-6.95781],[110.448,-6.95787],[110.447,-6.95823],[110.44688,-6.95828],[110.44659,-6.95836],[110.44656,-6.95838],[110.44643,-6.95842],[110.44629,-6.95848],[110.44515,-6.95885],[110.44482,-6.95898],[110.44474,-6.95901],[110.44456,-6.95909],[110.44445,-6.95913],[110.44435,-6.95916],[110.44396,-6.95925],[110.44351,-6.9594],[110.44337,-6.95944],[110.44269,-6.95966],[110.44258,-6.9597],[110.44244,-6.95974],[110.44252,-6.9599],[110.44255,-6.96042],[110.44266,-6.96098],[110.4429,-6.96174],[110.44313,-6.96209],[110.44351,-6.96254],[110.44371,-6.96289],[110.44394,-6.96343],[110.44407,-6.96404],[110.44407,-6.96488],[110.44385,-6.96652],[110.44448,-6.96665],[110.44455,-6.96668],[110.44459,-6.96669],[110.44465,-6.9667],[110.44469,-6.96672],[110.44473,-6.96672],[110.44476,-6.96673],[110.44552,-6.96695],[110.44578,-6.96705],[110.44658,-6.96729],[110.44675,-6.96737],[110.44691,-6.96745],[110.44709,-6.96755],[110.44728,-6.96758],[110.44731,-6.96758],[110.44738,-6.96757],[110.4475,-6.96756],[110.44791,-6.96749],[110.44805,-6.96753],[110.44812,-6.96756],[110.44816,-6.96758],[110.44822,-6.96761],[110.44829,-6.96764],[110.4486,-6.96772],[110.44868,-6.96772],[110.44916,-6.96772],[110.44901,-6.96573]]]}},{"type":"Feature","properties":{"id":"ADM-GAYAMSARI-PANDEAN-LAMPER","name":"Pandean Lamper","source_name":"Pandean Lamper","type":"Kelurahan","category":"Administrasi kota","kecamatan":"Gayamsari","kabupaten":"Kota Semarang","catatan":"Batas kelurahan dari berkas vektor kota. Serpihan dan wilayah luar kota dibuang. Kecamatan mengikuti daftar resmi, bukan kolom asli berkas.","status":"Batas administrasi"},"geometry":{"type":"Polygon","coordinates":[[[110.44784,-6.99059],[110.44784,-6.99058],[110.44759,-6.99052],[110.44716,-6.9905],[110.44667,-6.99045],[110.44633,-6.99043],[110.44624,-6.99043],[110.44578,-6.9904],[110.4456,-6.99033],[110.44546,-6.99022],[110.44534,-6.99017],[110.44507,-6.99013],[110.44505,-6.99012],[110.44482,-6.99015],[110.44475,-6.99014],[110.44455,-6.99014],[110.44428,-6.99013],[110.44399,-6.99012],[110.44366,-6.99011],[110.4435,-6.99008],[110.4429,-6.98998],[110.44284,-6.98997],[110.44272,-6.98998],[110.44239,-6.98999],[110.44229,-6.98999],[110.4421,-6.99],[110.442,-6.99],[110.44179,-6.99],[110.44128,-6.99],[110.44093,-6.99],[110.44025,-6.98999],[110.44022,-6.99018],[110.4401,-6.99095],[110.44003,-6.99133],[110.43993,-6.99165],[110.43976,-6.99202],[110.43966,-6.99235],[110.43963,-6.99264],[110.43974,-6.99318],[110.43976,-6.99416],[110.43974,-6.99443],[110.43968,-6.99468],[110.43956,-6.99493],[110.43945,-6.99519],[110.43938,-6.99546],[110.43935,-6.99586],[110.4393,-6.99607],[110.43925,-6.99623],[110.43903,-6.99649],[110.43894,-6.99663],[110.43883,-6.99698],[110.43882,-6.99711],[110.43881,-6.99716],[110.43884,-6.99738],[110.4388,-6.99756],[110.43871,-6.99773],[110.4386,-6.99789],[110.43853,-6.99807],[110.43848,-6.99852],[110.43848,-6.99857],[110.43848,-6.99859],[110.43828,-6.99888],[110.43826,-6.99893],[110.4379,-6.99981],[110.4378,-7],[110.4378,-7.00002],[110.43855,-7.00018],[110.44046,-7.00058],[110.44046,-7.00061],[110.44067,-7.00031],[110.44068,-7.00028],[110.44116,-7.00049],[110.44283,-7.00118],[110.44305,-7.00126],[110.44331,-7.00134],[110.44354,-7.00144],[110.44398,-7.00161],[110.44434,-7.00189],[110.44438,-7.00193],[110.44442,-7.00196],[110.44473,-7.00137],[110.4448,-7.0002],[110.44487,-7],[110.44495,-6.99994],[110.44492,-6.99988],[110.44511,-6.99945],[110.44526,-6.99909],[110.44546,-6.99869],[110.44569,-6.99821],[110.4459,-6.99769],[110.44608,-6.99727],[110.44611,-6.99718],[110.44616,-6.99701],[110.44628,-6.99658],[110.44631,-6.99646],[110.44637,-6.99598],[110.44638,-6.99559],[110.4464,-6.99498],[110.4465,-6.99466],[110.44655,-6.99451],[110.44666,-6.99418],[110.44679,-6.99385],[110.4469,-6.99335],[110.44693,-6.99319],[110.44706,-6.99295],[110.4471,-6.99286],[110.44724,-6.99251],[110.44729,-6.99238],[110.44746,-6.99197],[110.44759,-6.99171],[110.4476,-6.99169],[110.44776,-6.9911],[110.44784,-6.99064],[110.44784,-6.99059]]]}},{"type":"Feature","properties":{"id":"ADM-GAYAMSARI-SAMBIREJO","name":"Sambirejo","source_name":"Sambirejo","type":"Kelurahan","category":"Administrasi kota","kecamatan":"Gayamsari","kabupaten":"Kota Semarang","catatan":"Batas kelurahan dari berkas vektor kota. Serpihan dan wilayah luar kota dibuang. Kecamatan mengikuti daftar resmi, bukan kolom asli berkas.","status":"Batas administrasi"},"geometry":{"type":"Polygon","coordinates":[[[110.45006,-6.97404],[110.4497,-6.97393],[110.44964,-6.97391],[110.44849,-6.97361],[110.44817,-6.97352],[110.44796,-6.97352],[110.44792,-6.97346],[110.44782,-6.97339],[110.44775,-6.97334],[110.4476,-6.97328],[110.44721,-6.97317],[110.44664,-6.97304],[110.44566,-6.9729],[110.44533,-6.97287],[110.44446,-6.97277],[110.44406,-6.97275],[110.44393,-6.97274],[110.44368,-6.9727],[110.44353,-6.97266],[110.44316,-6.97251],[110.44306,-6.97248],[110.443,-6.97245],[110.44299,-6.97248],[110.44279,-6.97309],[110.44261,-6.97396],[110.44246,-6.97492],[110.44239,-6.97561],[110.44228,-6.9766],[110.44197,-6.97816],[110.44164,-6.98044],[110.44149,-6.98169],[110.44118,-6.98353],[110.44106,-6.9844],[110.44095,-6.98587],[110.44084,-6.98631],[110.44059,-6.98756],[110.44041,-6.98892],[110.44033,-6.98945],[110.44025,-6.98999],[110.44093,-6.99],[110.44128,-6.99],[110.44179,-6.99],[110.442,-6.99],[110.4421,-6.99],[110.44229,-6.98999],[110.44239,-6.98999],[110.44272,-6.98998],[110.44284,-6.98997],[110.4429,-6.98998],[110.4435,-6.99008],[110.44366,-6.99011],[110.44399,-6.99012],[110.44428,-6.99013],[110.44455,-6.99014],[110.44475,-6.99014],[110.44482,-6.99015],[110.44505,-6.99012],[110.44507,-6.99013],[110.44534,-6.99017],[110.44546,-6.99022],[110.4456,-6.99033],[110.44578,-6.9904],[110.44624,-6.99043],[110.44633,-6.99043],[110.44667,-6.99045],[110.44716,-6.9905],[110.44759,-6.99052],[110.44784,-6.99058],[110.44784,-6.99059],[110.44791,-6.99016],[110.44796,-6.9897],[110.44809,-6.98866],[110.44813,-6.98837],[110.44814,-6.98816],[110.44816,-6.9879],[110.44817,-6.98768],[110.44814,-6.98739],[110.44806,-6.98716],[110.44804,-6.98701],[110.44804,-6.987],[110.44808,-6.98655],[110.44811,-6.98622],[110.44814,-6.98595],[110.4482,-6.9854],[110.44831,-6.98473],[110.44842,-6.98409],[110.4485,-6.98362],[110.44862,-6.98298],[110.44871,-6.98247],[110.44879,-6.98206],[110.44882,-6.9819],[110.44892,-6.98162],[110.44899,-6.98123],[110.44903,-6.98107],[110.44903,-6.98092],[110.44903,-6.9806],[110.44903,-6.98006],[110.44901,-6.97918],[110.44898,-6.97892],[110.44895,-6.97863],[110.44891,-6.97801],[110.4489,-6.97787],[110.44887,-6.9777],[110.4488,-6.97751],[110.45079,-6.97899],[110.45041,-6.97644],[110.45006,-6.97404]]]}},{"type":"Feature","properties":{"id":"ADM-GAYAMSARI-SAWAHBESAR","name":"Sawahbesar","source_name":"Sawahbesar","type":"Kelurahan","category":"Administrasi kota","kecamatan":"Gayamsari","kabupaten":"Kota Semarang","catatan":"Batas kelurahan dari berkas vektor kota. Serpihan dan wilayah luar kota dibuang. Kecamatan mengikuti daftar resmi, bukan kolom asli berkas.","status":"Batas administrasi"},"geometry":{"type":"Polygon","coordinates":[[[110.44916,-6.96772],[110.44868,-6.96772],[110.4486,-6.96772],[110.44829,-6.96764],[110.44822,-6.96761],[110.44816,-6.96758],[110.44812,-6.96756],[110.44805,-6.96753],[110.44791,-6.96749],[110.4475,-6.96756],[110.44738,-6.96757],[110.44731,-6.96758],[110.44728,-6.96758],[110.44709,-6.96755],[110.44691,-6.96745],[110.44675,-6.96737],[110.44658,-6.96729],[110.44578,-6.96705],[110.44552,-6.96695],[110.44476,-6.96673],[110.44473,-6.96672],[110.44469,-6.96672],[110.44465,-6.9667],[110.44459,-6.96669],[110.44455,-6.96668],[110.44448,-6.96665],[110.44385,-6.96652],[110.44328,-6.97052],[110.44316,-6.97107],[110.443,-6.97245],[110.44306,-6.97248],[110.44316,-6.97251],[110.44353,-6.97266],[110.44368,-6.9727],[110.44393,-6.97274],[110.44406,-6.97275],[110.44446,-6.97277],[110.44533,-6.97287],[110.44566,-6.9729],[110.44664,-6.97304],[110.44721,-6.97317],[110.4476,-6.97328],[110.44775,-6.97334],[110.44782,-6.97339],[110.44792,-6.97346],[110.44796,-6.97352],[110.44817,-6.97352],[110.44849,-6.97361],[110.44964,-6.97391],[110.4497,-6.97393],[110.45006,-6.97404],[110.44998,-6.97348],[110.44924,-6.96893],[110.44916,-6.96825],[110.44919,-6.96772],[110.44916,-6.96772]]]}},{"type":"Feature","properties":{"id":"ADM-GAYAMSARI-SIWALAN","name":"Siwalan","source_name":"Siwalan","type":"Kelurahan","category":"Administrasi kota","kecamatan":"Gayamsari","kabupaten":"Kota Semarang","catatan":"Batas kelurahan dari berkas vektor kota. Serpihan dan wilayah luar kota dibuang. Kecamatan mengikuti daftar resmi, bukan kolom asli berkas.","status":"Batas administrasi"},"geometry":{"type":"Polygon","coordinates":[[[110.45079,-6.97899],[110.4488,-6.97751],[110.44887,-6.9777],[110.4489,-6.97787],[110.44891,-6.97801],[110.44895,-6.97863],[110.44898,-6.97892],[110.44901,-6.97918],[110.44903,-6.98006],[110.44903,-6.9806],[110.44903,-6.98092],[110.44903,-6.98107],[110.44899,-6.98123],[110.44892,-6.98162],[110.44882,-6.9819],[110.44879,-6.98206],[110.44871,-6.98247],[110.44862,-6.98298],[110.4485,-6.98362],[110.44842,-6.98409],[110.44831,-6.98473],[110.4482,-6.9854],[110.44814,-6.98595],[110.44811,-6.98622],[110.44808,-6.98655],[110.44804,-6.987],[110.44804,-6.98701],[110.44806,-6.98716],[110.44814,-6.98739],[110.44817,-6.98768],[110.44816,-6.9879],[110.44814,-6.98816],[110.44813,-6.98837],[110.44809,-6.98866],[110.44796,-6.9897],[110.44791,-6.99016],[110.44784,-6.99059],[110.44788,-6.99062],[110.44833,-6.99069],[110.44874,-6.99075],[110.44912,-6.99081],[110.44968,-6.9909],[110.44976,-6.99091],[110.45034,-6.99094],[110.45077,-6.99096],[110.4511,-6.99099],[110.45155,-6.99109],[110.45167,-6.99145],[110.45212,-6.99155],[110.45236,-6.9916],[110.45245,-6.99162],[110.45297,-6.99167],[110.45289,-6.9901],[110.45247,-6.9865],[110.45159,-6.98211],[110.45162,-6.98178],[110.45167,-6.98147],[110.45167,-6.98141],[110.45079,-6.97899]]]}},{"type":"Feature","properties":{"id":"ADM-GAYAMSARI-TAMBAKREJO","name":"Tambakrejo","source_name":"Tambakrejo","type":"Kelurahan","category":"Administrasi kota","kecamatan":"Gayamsari","kabupaten":"Kota Semarang","catatan":"Batas kelurahan dari berkas vektor kota. Serpihan dan wilayah luar kota dibuang. Kecamatan mengikuti daftar resmi, bukan kolom asli berkas.","status":"Batas administrasi"},"geometry":{"type":"Polygon","coordinates":[[[110.44258,-6.9597],[110.44269,-6.95966],[110.44337,-6.95944],[110.44351,-6.9594],[110.44396,-6.95925],[110.44435,-6.95916],[110.44445,-6.95913],[110.44456,-6.95909],[110.44474,-6.95901],[110.44482,-6.95898],[110.44515,-6.95885],[110.44629,-6.95848],[110.44643,-6.95842],[110.44656,-6.95838],[110.44659,-6.95836],[110.44688,-6.95828],[110.447,-6.95823],[110.448,-6.95787],[110.4482,-6.95781],[110.44838,-6.95773],[110.44843,-6.95771],[110.4486,-6.95765],[110.44888,-6.95621],[110.44891,-6.95612],[110.44901,-6.95567],[110.44897,-6.95553],[110.44896,-6.9554],[110.44894,-6.95528],[110.44887,-6.95501],[110.44891,-6.95459],[110.4489,-6.95436],[110.44896,-6.95328],[110.44906,-6.95194],[110.44903,-6.95131],[110.4487,-6.95089],[110.44823,-6.95076],[110.44787,-6.9507],[110.44773,-6.95068],[110.44609,-6.95005],[110.44491,-6.94976],[110.44386,-6.94967],[110.44248,-6.94971],[110.44147,-6.94982],[110.44032,-6.94999],[110.44019,-6.95133],[110.44022,-6.95271],[110.44058,-6.95416],[110.44109,-6.95598],[110.44152,-6.95733],[110.44187,-6.95839],[110.44223,-6.95923],[110.44244,-6.95974],[110.44258,-6.9597]]]}},{"type":"Feature","properties":{"id":"ADM-GENUK-BANGETAYU-KULON","name":"Bangetayu Kulon","source_name":"Bangetayu Kulon","type":"Kelurahan","category":"Administrasi kota","kecamatan":"Genuk","kabupaten":"Kota Semarang","catatan":"Batas kelurahan dari berkas vektor kota. Serpihan dan wilayah luar kota dibuang. Kecamatan mengikuti daftar resmi, bukan kolom asli berkas.","status":"Batas administrasi"},"geometry":{"type":"Polygon","coordinates":[[[110.46918,-6.96949],[110.46913,-6.96987],[110.46909,-6.96989],[110.46902,-6.96988],[110.46891,-6.96987],[110.46874,-6.96985],[110.46859,-6.96988],[110.46851,-6.9699],[110.4681,-6.96989],[110.4675,-6.96975],[110.4673,-6.96971],[110.46682,-6.96962],[110.46679,-6.96962],[110.46658,-6.96957],[110.46634,-6.96951],[110.46624,-6.96949],[110.46592,-6.96942],[110.46583,-6.96942],[110.46558,-6.96943],[110.46549,-6.96943],[110.46507,-6.96944],[110.46441,-6.96944],[110.46436,-6.96943],[110.46411,-6.96943],[110.46402,-6.96944],[110.46368,-6.96943],[110.46347,-6.96943],[110.46287,-6.96943],[110.46282,-6.96943],[110.46259,-6.96943],[110.46255,-6.96942],[110.46229,-6.96937],[110.4623,-6.96959],[110.46229,-6.9697],[110.46229,-6.9698],[110.46233,-6.96982],[110.46236,-6.96984],[110.46239,-6.96985],[110.46245,-6.96988],[110.46284,-6.9701],[110.46292,-6.97012],[110.46291,-6.97016],[110.46284,-6.9704],[110.46266,-6.971],[110.46262,-6.9711],[110.46258,-6.97121],[110.4623,-6.97193],[110.46227,-6.97197],[110.46223,-6.97202],[110.46222,-6.97204],[110.46221,-6.97207],[110.46215,-6.97213],[110.4625,-6.97245],[110.46259,-6.97253],[110.46267,-6.97259],[110.4627,-6.97263],[110.46273,-6.97265],[110.46278,-6.9727],[110.46285,-6.97276],[110.46301,-6.97289],[110.4632,-6.97306],[110.46322,-6.97309],[110.46406,-6.97382],[110.46426,-6.974],[110.46464,-6.97434],[110.46561,-6.97518],[110.46591,-6.97546],[110.46631,-6.97583],[110.46687,-6.97635],[110.46701,-6.97647],[110.4676,-6.97697],[110.46826,-6.97757],[110.46917,-6.97838],[110.46919,-6.97841],[110.46923,-6.97844],[110.46979,-6.97893],[110.47019,-6.97928],[110.47047,-6.97952],[110.47061,-6.97967],[110.47078,-6.97981],[110.4715,-6.98043],[110.47189,-6.98078],[110.47284,-6.98163],[110.47313,-6.98185],[110.47355,-6.98217],[110.47419,-6.98258],[110.47428,-6.98252],[110.47439,-6.9825],[110.4745,-6.98254],[110.47466,-6.98267],[110.47524,-6.98316],[110.47571,-6.98362],[110.47597,-6.98387],[110.47598,-6.98389],[110.47601,-6.9839],[110.47612,-6.98401],[110.47631,-6.98421],[110.47638,-6.98426],[110.47686,-6.98468],[110.47743,-6.98522],[110.47748,-6.98511],[110.4776,-6.98478],[110.47769,-6.98449],[110.47776,-6.98429],[110.47791,-6.98379],[110.47812,-6.98308],[110.47815,-6.98302],[110.47825,-6.98275],[110.4783,-6.98271],[110.47837,-6.98256],[110.47846,-6.9824],[110.47861,-6.98227],[110.47885,-6.98208],[110.47902,-6.9819],[110.47913,-6.98177],[110.47922,-6.98175],[110.47945,-6.9818],[110.47947,-6.9818],[110.47971,-6.98182],[110.4798,-6.98179],[110.47987,-6.98172],[110.47992,-6.98159],[110.47995,-6.98153],[110.47998,-6.98143],[110.47998,-6.98136],[110.48001,-6.98105],[110.48006,-6.98065],[110.48006,-6.98058],[110.48007,-6.98054],[110.48009,-6.98037],[110.4801,-6.98034],[110.48011,-6.98024],[110.48018,-6.97993],[110.48031,-6.97971],[110.48035,-6.97963],[110.48048,-6.9794],[110.48056,-6.97914],[110.48052,-6.97901],[110.48042,-6.97884],[110.48035,-6.97875],[110.48034,-6.97873],[110.48034,-6.97868],[110.48036,-6.97841],[110.48043,-6.97828],[110.48045,-6.97827],[110.48055,-6.97811],[110.48077,-6.97773],[110.48084,-6.97749],[110.48087,-6.9774],[110.48088,-6.97735],[110.48089,-6.97728],[110.48089,-6.97721],[110.48088,-6.97718],[110.48088,-6.97717],[110.48088,-6.97706],[110.48089,-6.97692],[110.48092,-6.97636],[110.48105,-6.97606],[110.48111,-6.97591],[110.48116,-6.97579],[110.48133,-6.97562],[110.48144,-6.97546],[110.48145,-6.97543],[110.4815,-6.97525],[110.48149,-6.97507],[110.48142,-6.97486],[110.48141,-6.97484],[110.48112,-6.97482],[110.48083,-6.97477],[110.48053,-6.97467],[110.47953,-6.97433],[110.47963,-6.97398],[110.47968,-6.97377],[110.47974,-6.97353],[110.47974,-6.97339],[110.47952,-6.97331],[110.47936,-6.97327],[110.47925,-6.97321],[110.47941,-6.97254],[110.47947,-6.97211],[110.47948,-6.97209],[110.47946,-6.97204],[110.47936,-6.97192],[110.47931,-6.97189],[110.47916,-6.97179],[110.47908,-6.9717],[110.4791,-6.97166],[110.47865,-6.97162],[110.47849,-6.9716],[110.47844,-6.9716],[110.47795,-6.97142],[110.47721,-6.97121],[110.47714,-6.97119],[110.47705,-6.97145],[110.47699,-6.97165],[110.47558,-6.97106],[110.47536,-6.97095],[110.47512,-6.97075],[110.4749,-6.97054],[110.47487,-6.97045],[110.47475,-6.97038],[110.47436,-6.97022],[110.47431,-6.9702],[110.47398,-6.97014],[110.47338,-6.97002],[110.47322,-6.96999],[110.47262,-6.96996],[110.47211,-6.96991],[110.47208,-6.9699],[110.47193,-6.96987],[110.47143,-6.96977],[110.46979,-6.96956],[110.46965,-6.96954],[110.46946,-6.96952],[110.46922,-6.9695],[110.46918,-6.96949]]]}},{"type":"Feature","properties":{"id":"ADM-GENUK-BANGETAYU-WETAN","name":"Bangetayu Wetan","source_name":"Bangetayu Wetan","type":"Kelurahan","category":"Administrasi kota","kecamatan":"Genuk","kabupaten":"Kota Semarang","catatan":"Batas kelurahan dari berkas vektor kota. Serpihan dan wilayah luar kota dibuang. Kecamatan mengikuti daftar resmi, bukan kolom asli berkas.","status":"Batas administrasi"},"geometry":{"type":"MultiPolygon","coordinates":[[[[110.498,-6.99591],[110.49799,-6.99577],[110.49781,-6.9956],[110.49765,-6.99551],[110.4972,-6.9953],[110.49719,-6.99529],[110.49705,-6.99518],[110.4969,-6.99497],[110.49676,-6.99483],[110.49664,-6.99477],[110.49626,-6.99464],[110.49584,-6.99456],[110.49524,-6.99445],[110.49555,-6.99459],[110.49557,-6.9946],[110.49634,-6.99474],[110.49679,-6.99511],[110.49716,-6.99532],[110.49717,-6.99533],[110.4976,-6.99562],[110.4978,-6.99573],[110.49794,-6.99592],[110.498,-6.99591]]],[[[110.48723,-6.98182],[110.48701,-6.98173],[110.48651,-6.98154],[110.48639,-6.98151],[110.48593,-6.98139],[110.48579,-6.9813],[110.48563,-6.98116],[110.48548,-6.98098],[110.48536,-6.98076],[110.48536,-6.98066],[110.4854,-6.98056],[110.48553,-6.98043],[110.48565,-6.98027],[110.48565,-6.98018],[110.48564,-6.98009],[110.48562,-6.97981],[110.4856,-6.97959],[110.48561,-6.97947],[110.48563,-6.97925],[110.48565,-6.97906],[110.48566,-6.97891],[110.48574,-6.97875],[110.48579,-6.97866],[110.48584,-6.97853],[110.48585,-6.97848],[110.48586,-6.97844],[110.48465,-6.97817],[110.48463,-6.97816],[110.48445,-6.9781],[110.48423,-6.97797],[110.48395,-6.9778],[110.4836,-6.97772],[110.48336,-6.97767],[110.48251,-6.97751],[110.48184,-6.97738],[110.48089,-6.97728],[110.48088,-6.97735],[110.48087,-6.9774],[110.48084,-6.97749],[110.48077,-6.97773],[110.48055,-6.97811],[110.48045,-6.97827],[110.48043,-6.97828],[110.48036,-6.97841],[110.48034,-6.97868],[110.48034,-6.97873],[110.48035,-6.97875],[110.48042,-6.97884],[110.48052,-6.97901],[110.48056,-6.97914],[110.48048,-6.9794],[110.48035,-6.97963],[110.48031,-6.97971],[110.48018,-6.97993],[110.48011,-6.98024],[110.4801,-6.98034],[110.48009,-6.98037],[110.48007,-6.98054],[110.48006,-6.98058],[110.48006,-6.98065],[110.48001,-6.98105],[110.47998,-6.98136],[110.47998,-6.98143],[110.47995,-6.98153],[110.47992,-6.98159],[110.47987,-6.98172],[110.4798,-6.98179],[110.47971,-6.98182],[110.47947,-6.9818],[110.47945,-6.9818],[110.47922,-6.98175],[110.47913,-6.98177],[110.47902,-6.9819],[110.47885,-6.98208],[110.47861,-6.98227],[110.47846,-6.9824],[110.47837,-6.98256],[110.4783,-6.98271],[110.47825,-6.98275],[110.47815,-6.98302],[110.47812,-6.98308],[110.47791,-6.98379],[110.47776,-6.98429],[110.47769,-6.98449],[110.4776,-6.98478],[110.47748,-6.98511],[110.47743,-6.98522],[110.47779,-6.98556],[110.47773,-6.98582],[110.47788,-6.98598],[110.47792,-6.98601],[110.47825,-6.98636],[110.4783,-6.9864],[110.47873,-6.98686],[110.47916,-6.98731],[110.47989,-6.98795],[110.47999,-6.98804],[110.48051,-6.98849],[110.48074,-6.9887],[110.48155,-6.98941],[110.48173,-6.98957],[110.48217,-6.98996],[110.4825,-6.99024],[110.48262,-6.99034],[110.48292,-6.99065],[110.48311,-6.99081],[110.48348,-6.9911],[110.48349,-6.99111],[110.48356,-6.99116],[110.48374,-6.99137],[110.48387,-6.99149],[110.48523,-6.99268],[110.48563,-6.99306],[110.48581,-6.99325],[110.48581,-6.99327],[110.48589,-6.99335],[110.48634,-6.99377],[110.4869,-6.99422],[110.48699,-6.99429],[110.48708,-6.99437],[110.48716,-6.99445],[110.48749,-6.99475],[110.4876,-6.99485],[110.48882,-6.99595],[110.48986,-6.99684],[110.49018,-6.99713],[110.49038,-6.99731],[110.49053,-6.99743],[110.49076,-6.99769],[110.49096,-6.99786],[110.49099,-6.99786],[110.49102,-6.99789],[110.49117,-6.99802],[110.49153,-6.99834],[110.49207,-6.99883],[110.49486,-6.99463],[110.49514,-6.99439],[110.4951,-6.99436],[110.49508,-6.99426],[110.49512,-6.99405],[110.49519,-6.99376],[110.49511,-6.99346],[110.49503,-6.99334],[110.49496,-6.99321],[110.49494,-6.993],[110.49498,-6.99285],[110.49501,-6.9927],[110.49499,-6.9925],[110.49492,-6.99239],[110.4949,-6.99229],[110.49493,-6.99215],[110.49503,-6.9918],[110.49501,-6.99164],[110.49494,-6.99153],[110.49481,-6.99145],[110.4947,-6.99144],[110.49428,-6.99142],[110.49409,-6.99136],[110.49402,-6.99127],[110.49402,-6.99118],[110.49409,-6.99074],[110.49421,-6.99036],[110.49423,-6.99028],[110.49445,-6.98943],[110.49446,-6.9892],[110.49427,-6.98906],[110.49422,-6.98903],[110.4941,-6.989],[110.49409,-6.989],[110.49407,-6.989],[110.49335,-6.98882],[110.49262,-6.98853],[110.49231,-6.98841],[110.49228,-6.9884],[110.49227,-6.9884],[110.49225,-6.98839],[110.49206,-6.98831],[110.492,-6.98829],[110.49178,-6.98821],[110.4916,-6.98814],[110.4912,-6.98792],[110.49067,-6.9873],[110.49059,-6.98721],[110.49056,-6.98717],[110.4905,-6.98706],[110.49049,-6.98703],[110.49048,-6.987],[110.49025,-6.98638],[110.49015,-6.98613],[110.49007,-6.98591],[110.48988,-6.98567],[110.4897,-6.98543],[110.48951,-6.9851],[110.48936,-6.98483],[110.48932,-6.98473],[110.48928,-6.98461],[110.48926,-6.98432],[110.48931,-6.98395],[110.48933,-6.98378],[110.48931,-6.98366],[110.48929,-6.98363],[110.48914,-6.98345],[110.48909,-6.98342],[110.48857,-6.98305],[110.48841,-6.98297],[110.4881,-6.98282],[110.48788,-6.98271],[110.48776,-6.98264],[110.4877,-6.9825],[110.48754,-6.98208],[110.48741,-6.98193],[110.48723,-6.98182]]]]}},{"type":"Feature","properties":{"id":"ADM-GENUK-BANJARDOWO","name":"Banjardowo","source_name":"Banjardowo","type":"Kelurahan","category":"Administrasi kota","kecamatan":"Genuk","kabupaten":"Kota Semarang","catatan":"Batas kelurahan dari berkas vektor kota. Serpihan dan wilayah luar kota dibuang. Kecamatan mengikuti daftar resmi, bukan kolom asli berkas.","status":"Batas administrasi"},"geometry":{"type":"Polygon","coordinates":[[[110.49218,-6.94729],[110.49214,-6.94719],[110.49214,-6.94718],[110.49212,-6.94719],[110.492,-6.94723],[110.49191,-6.94726],[110.49148,-6.94742],[110.49109,-6.94757],[110.491,-6.9476],[110.49053,-6.94778],[110.49006,-6.94795],[110.48966,-6.9481],[110.48951,-6.94816],[110.48864,-6.94847],[110.48852,-6.94852],[110.4882,-6.94863],[110.4882,-6.94862],[110.4881,-6.94866],[110.48718,-6.94898],[110.48644,-6.94927],[110.48609,-6.94938],[110.48605,-6.94939],[110.48578,-6.94949],[110.48563,-6.94954],[110.48553,-6.94958],[110.48494,-6.94981],[110.48461,-6.94995],[110.48383,-6.95025],[110.48337,-6.95042],[110.48167,-6.95103],[110.48127,-6.95118],[110.48123,-6.9512],[110.48093,-6.95131],[110.48068,-6.95141],[110.48079,-6.95169],[110.48079,-6.9517],[110.48082,-6.95186],[110.4808,-6.95211],[110.48079,-6.95216],[110.48073,-6.9524],[110.48069,-6.95278],[110.48065,-6.95306],[110.48065,-6.95311],[110.48064,-6.95317],[110.48062,-6.9533],[110.48056,-6.95373],[110.48049,-6.95435],[110.48041,-6.95505],[110.48038,-6.95519],[110.48036,-6.95531],[110.48033,-6.9556],[110.48031,-6.95594],[110.4803,-6.95604],[110.4802,-6.95636],[110.48015,-6.95648],[110.47996,-6.95697],[110.47991,-6.95721],[110.47988,-6.95733],[110.47984,-6.95732],[110.47981,-6.95731],[110.47974,-6.95728],[110.47972,-6.95733],[110.4796,-6.95774],[110.47931,-6.95867],[110.47923,-6.95894],[110.47919,-6.95907],[110.47906,-6.95948],[110.47901,-6.95969],[110.47894,-6.95997],[110.47882,-6.96046],[110.47878,-6.96077],[110.47866,-6.9617],[110.47865,-6.96177],[110.47861,-6.96249],[110.4786,-6.96269],[110.47859,-6.96294],[110.47856,-6.9635],[110.4786,-6.96365],[110.47868,-6.96394],[110.47872,-6.9641],[110.47889,-6.96471],[110.47893,-6.96485],[110.47904,-6.96519],[110.47906,-6.96525],[110.47908,-6.96529],[110.47914,-6.96546],[110.47929,-6.96574],[110.47937,-6.96589],[110.47952,-6.96616],[110.47963,-6.96633],[110.47986,-6.96668],[110.48009,-6.96707],[110.48024,-6.96734],[110.48039,-6.9676],[110.48112,-6.96864],[110.48148,-6.96908],[110.48185,-6.96924],[110.48193,-6.96927],[110.48233,-6.96935],[110.48382,-6.9697],[110.48415,-6.96987],[110.48448,-6.9701],[110.48468,-6.97021],[110.48578,-6.97079],[110.48595,-6.97088],[110.48638,-6.97103],[110.48685,-6.97118],[110.48696,-6.97123],[110.4871,-6.9713],[110.48723,-6.97138],[110.48745,-6.97153],[110.48759,-6.97159],[110.4876,-6.9716],[110.48836,-6.97187],[110.48842,-6.97189],[110.48843,-6.97183],[110.4886,-6.97191],[110.48872,-6.97196],[110.48894,-6.97203],[110.48907,-6.97207],[110.48935,-6.97216],[110.48956,-6.97226],[110.48958,-6.97223],[110.48971,-6.97188],[110.48977,-6.97174],[110.48993,-6.97133],[110.49002,-6.97101],[110.4902,-6.96998],[110.4902,-6.9697],[110.49017,-6.96943],[110.49,-6.96799],[110.4899,-6.96721],[110.48986,-6.96697],[110.48968,-6.9657],[110.48957,-6.96493],[110.48946,-6.96403],[110.48928,-6.9627],[110.48921,-6.96238],[110.48902,-6.96059],[110.48899,-6.96039],[110.48893,-6.95988],[110.48892,-6.9598],[110.48889,-6.95963],[110.48882,-6.95916],[110.48878,-6.95886],[110.48878,-6.95831],[110.48878,-6.95803],[110.48879,-6.95771],[110.48886,-6.95625],[110.48888,-6.95599],[110.48889,-6.95562],[110.48896,-6.95565],[110.48909,-6.9557],[110.48926,-6.95577],[110.48932,-6.9557],[110.4894,-6.95557],[110.48945,-6.9555],[110.48946,-6.95549],[110.48955,-6.95538],[110.49,-6.95471],[110.49003,-6.95451],[110.49023,-6.95375],[110.49011,-6.95347],[110.49017,-6.95331],[110.49046,-6.95262],[110.49057,-6.95226],[110.49066,-6.95199],[110.49083,-6.9517],[110.49115,-6.95127],[110.49114,-6.95111],[110.49111,-6.95075],[110.49115,-6.95053],[110.49123,-6.95014],[110.49129,-6.94989],[110.4913,-6.94982],[110.49131,-6.94979],[110.49145,-6.9494],[110.49151,-6.94918],[110.49159,-6.94889],[110.49161,-6.94881],[110.49168,-6.94857],[110.4917,-6.94851],[110.49172,-6.94837],[110.49176,-6.94831],[110.49178,-6.94825],[110.49187,-6.94815],[110.49189,-6.94814],[110.49196,-6.94805],[110.49219,-6.94789],[110.49221,-6.94754],[110.49217,-6.94731],[110.49218,-6.94729]]]}},{"type":"Feature","properties":{"id":"ADM-GENUK-GEBANGSARI","name":"Gebangsari","source_name":"Gebangsari","type":"Kelurahan","category":"Administrasi kota","kecamatan":"Genuk","kabupaten":"Kota Semarang","catatan":"Batas kelurahan dari berkas vektor kota. Serpihan dan wilayah luar kota dibuang. Kecamatan mengikuti daftar resmi, bukan kolom asli berkas.","status":"Batas administrasi"},"geometry":{"type":"Polygon","coordinates":[[[110.46918,-6.96949],[110.46921,-6.96922],[110.46928,-6.96871],[110.4693,-6.96852],[110.46931,-6.96841],[110.46935,-6.96813],[110.46939,-6.96789],[110.46942,-6.96771],[110.46948,-6.96743],[110.46952,-6.96723],[110.46957,-6.96688],[110.46957,-6.96684],[110.46957,-6.96665],[110.46956,-6.9653],[110.46956,-6.96504],[110.46957,-6.96406],[110.46957,-6.96372],[110.46957,-6.96338],[110.46957,-6.96324],[110.46958,-6.96243],[110.46955,-6.96195],[110.46953,-6.96174],[110.4695,-6.96123],[110.46948,-6.96087],[110.46948,-6.96077],[110.46947,-6.96062],[110.46946,-6.96006],[110.46945,-6.95997],[110.46943,-6.95976],[110.46939,-6.9596],[110.46933,-6.95925],[110.46931,-6.95917],[110.46928,-6.95909],[110.46922,-6.95887],[110.46877,-6.95712],[110.46875,-6.95703],[110.46874,-6.95697],[110.46869,-6.95679],[110.46845,-6.95582],[110.46838,-6.95555],[110.46814,-6.95557],[110.46784,-6.9556],[110.46604,-6.95578],[110.46557,-6.95582],[110.46549,-6.95583],[110.46544,-6.95583],[110.46457,-6.95591],[110.46419,-6.95595],[110.464,-6.95597],[110.46397,-6.95598],[110.46372,-6.95598],[110.46306,-6.95601],[110.4628,-6.95604],[110.46241,-6.9561],[110.46214,-6.95613],[110.46211,-6.95636],[110.46211,-6.95708],[110.46205,-6.95819],[110.46203,-6.95863],[110.46204,-6.96042],[110.46204,-6.96048],[110.46203,-6.96088],[110.46203,-6.96156],[110.46204,-6.96227],[110.46208,-6.96375],[110.46208,-6.96406],[110.46211,-6.96444],[110.46212,-6.96475],[110.46213,-6.96532],[110.46215,-6.96646],[110.46216,-6.96662],[110.46218,-6.9676],[110.46222,-6.96806],[110.46225,-6.96859],[110.46229,-6.96937],[110.46255,-6.96942],[110.46259,-6.96943],[110.46282,-6.96943],[110.46287,-6.96943],[110.46347,-6.96943],[110.46368,-6.96943],[110.46402,-6.96944],[110.46411,-6.96943],[110.46436,-6.96943],[110.46441,-6.96944],[110.46507,-6.96944],[110.46549,-6.96943],[110.46558,-6.96943],[110.46583,-6.96942],[110.46592,-6.96942],[110.46624,-6.96949],[110.46634,-6.96951],[110.46658,-6.96957],[110.46679,-6.96962],[110.46682,-6.96962],[110.4673,-6.96971],[110.4675,-6.96975],[110.4681,-6.96989],[110.46851,-6.9699],[110.46859,-6.96988],[110.46874,-6.96985],[110.46891,-6.96987],[110.46902,-6.96988],[110.46909,-6.96989],[110.46913,-6.96987],[110.46918,-6.96949]]]}},{"type":"Feature","properties":{"id":"ADM-GENUK-GENUKSARI","name":"Genuksari","source_name":"Genuksari","type":"Kelurahan","category":"Administrasi kota","kecamatan":"Genuk","kabupaten":"Kota Semarang","catatan":"Batas kelurahan dari berkas vektor kota. Serpihan dan wilayah luar kota dibuang. Kecamatan mengikuti daftar resmi, bukan kolom asli berkas.","status":"Batas administrasi"},"geometry":{"type":"Polygon","coordinates":[[[110.48185,-6.96924],[110.48148,-6.96908],[110.48112,-6.96864],[110.48039,-6.9676],[110.48024,-6.96734],[110.48009,-6.96707],[110.47986,-6.96668],[110.47963,-6.96633],[110.47952,-6.96616],[110.47937,-6.96589],[110.47929,-6.96574],[110.47914,-6.96546],[110.47908,-6.96529],[110.47906,-6.96525],[110.47904,-6.96519],[110.47893,-6.96485],[110.47889,-6.96471],[110.47872,-6.9641],[110.47868,-6.96394],[110.4786,-6.96365],[110.47856,-6.9635],[110.47859,-6.96294],[110.4786,-6.96269],[110.47861,-6.96249],[110.47865,-6.96177],[110.47866,-6.9617],[110.47878,-6.96077],[110.47882,-6.96046],[110.47894,-6.95997],[110.47901,-6.95969],[110.47906,-6.95948],[110.47919,-6.95907],[110.47923,-6.95894],[110.47931,-6.95867],[110.4796,-6.95774],[110.47972,-6.95733],[110.47974,-6.95728],[110.47981,-6.95731],[110.47984,-6.95732],[110.47988,-6.95733],[110.47991,-6.95721],[110.47996,-6.95697],[110.48015,-6.95648],[110.4802,-6.95636],[110.4803,-6.95604],[110.48031,-6.95594],[110.48033,-6.9556],[110.48036,-6.95531],[110.48038,-6.95519],[110.48041,-6.95505],[110.48049,-6.95435],[110.48056,-6.95373],[110.48062,-6.9533],[110.48064,-6.95317],[110.48065,-6.95311],[110.48065,-6.95306],[110.48069,-6.95278],[110.48073,-6.9524],[110.48079,-6.95216],[110.4808,-6.95211],[110.48082,-6.95186],[110.48079,-6.9517],[110.48079,-6.95169],[110.48068,-6.95141],[110.48028,-6.95155],[110.48011,-6.95163],[110.48,-6.95167],[110.47994,-6.95169],[110.47965,-6.9518],[110.47957,-6.95183],[110.47912,-6.95199],[110.47868,-6.95216],[110.47849,-6.95223],[110.47795,-6.95242],[110.47783,-6.95247],[110.47775,-6.9525],[110.47772,-6.9525],[110.47761,-6.95255],[110.47596,-6.9532],[110.47593,-6.95322],[110.47495,-6.95365],[110.47485,-6.95368],[110.47462,-6.95377],[110.47428,-6.9539],[110.47384,-6.95407],[110.47344,-6.95422],[110.47314,-6.95432],[110.47276,-6.95446],[110.47242,-6.95457],[110.47236,-6.95459],[110.47194,-6.95471],[110.47154,-6.95482],[110.47098,-6.95499],[110.47074,-6.95504],[110.47051,-6.9551],[110.47029,-6.95515],[110.46996,-6.95522],[110.46896,-6.95544],[110.46853,-6.95554],[110.46838,-6.95555],[110.46845,-6.95582],[110.46869,-6.95679],[110.46874,-6.95697],[110.46875,-6.95703],[110.46877,-6.95712],[110.46922,-6.95887],[110.46928,-6.95909],[110.46931,-6.95917],[110.46933,-6.95925],[110.46939,-6.9596],[110.46943,-6.95976],[110.46945,-6.95997],[110.46946,-6.96006],[110.46947,-6.96062],[110.46948,-6.96077],[110.46948,-6.96087],[110.4695,-6.96123],[110.46953,-6.96174],[110.46955,-6.96195],[110.46958,-6.96243],[110.46957,-6.96324],[110.46957,-6.96338],[110.46957,-6.96372],[110.46957,-6.96406],[110.46956,-6.96504],[110.46956,-6.9653],[110.46957,-6.96665],[110.46957,-6.96684],[110.46957,-6.96688],[110.46952,-6.96723],[110.46948,-6.96743],[110.46942,-6.96771],[110.46939,-6.96789],[110.46935,-6.96813],[110.46931,-6.96841],[110.4693,-6.96852],[110.46928,-6.96871],[110.46921,-6.96922],[110.46918,-6.96949],[110.46922,-6.9695],[110.46946,-6.96952],[110.46965,-6.96954],[110.46979,-6.96956],[110.47143,-6.96977],[110.47193,-6.96987],[110.47208,-6.9699],[110.47211,-6.96991],[110.47262,-6.96996],[110.47322,-6.96999],[110.47338,-6.97002],[110.47398,-6.97014],[110.47431,-6.9702],[110.47436,-6.97022],[110.47475,-6.97038],[110.47487,-6.97045],[110.4749,-6.97054],[110.47512,-6.97075],[110.47536,-6.97095],[110.47558,-6.97106],[110.47699,-6.97165],[110.47705,-6.97145],[110.47714,-6.97119],[110.47721,-6.97121],[110.47795,-6.97142],[110.47844,-6.9716],[110.47849,-6.9716],[110.47865,-6.97162],[110.4791,-6.97166],[110.47908,-6.9717],[110.47916,-6.97179],[110.47931,-6.97189],[110.47936,-6.97192],[110.47946,-6.97204],[110.47948,-6.97209],[110.47947,-6.97211],[110.47941,-6.97254],[110.47925,-6.97321],[110.47936,-6.97327],[110.47952,-6.97331],[110.47974,-6.97339],[110.47974,-6.97353],[110.47968,-6.97377],[110.47963,-6.97398],[110.47953,-6.97433],[110.48053,-6.97467],[110.48083,-6.97477],[110.48112,-6.97482],[110.48141,-6.97484],[110.48141,-6.97474],[110.48144,-6.97453],[110.4816,-6.97409],[110.4816,-6.97395],[110.48161,-6.97382],[110.48161,-6.97353],[110.48166,-6.97311],[110.48162,-6.97294],[110.4816,-6.97285],[110.48157,-6.97274],[110.48159,-6.97255],[110.48161,-6.97241],[110.48163,-6.97225],[110.48162,-6.97201],[110.48155,-6.97192],[110.48144,-6.97187],[110.48127,-6.97179],[110.48124,-6.97172],[110.48124,-6.97158],[110.48128,-6.97137],[110.48135,-6.97098],[110.48136,-6.97093],[110.48142,-6.97073],[110.48155,-6.97031],[110.48162,-6.97006],[110.48174,-6.96965],[110.48181,-6.96942],[110.48182,-6.96937],[110.48185,-6.96924]]]}},{"type":"Feature","properties":{"id":"ADM-GENUK-KARANGROTO","name":"Karangroto","source_name":"Karangroto","type":"Kelurahan","category":"Administrasi kota","kecamatan":"Genuk","kabupaten":"Kota Semarang","catatan":"Batas kelurahan dari berkas vektor kota. Serpihan dan wilayah luar kota dibuang. Kecamatan mengikuti daftar resmi, bukan kolom asli berkas.","status":"Batas administrasi"},"geometry":{"type":"Polygon","coordinates":[[[110.50183,-6.95532],[110.5018,-6.95506],[110.50147,-6.95409],[110.50094,-6.95277],[110.50078,-6.95237],[110.50075,-6.95238],[110.50049,-6.95244],[110.49925,-6.95279],[110.49883,-6.95289],[110.49878,-6.9529],[110.4987,-6.95292],[110.49865,-6.95293],[110.49779,-6.95317],[110.49721,-6.95332],[110.4972,-6.95332],[110.49716,-6.95333],[110.49685,-6.95342],[110.49495,-6.95394],[110.49381,-6.95427],[110.49338,-6.9544],[110.49265,-6.95459],[110.49182,-6.95482],[110.49108,-6.95499],[110.49057,-6.95508],[110.49049,-6.9551],[110.49036,-6.95512],[110.49023,-6.95514],[110.49006,-6.95503],[110.49001,-6.95495],[110.48998,-6.95485],[110.49,-6.95471],[110.48955,-6.95538],[110.48946,-6.95549],[110.48945,-6.9555],[110.4894,-6.95557],[110.48932,-6.9557],[110.48926,-6.95577],[110.48909,-6.9557],[110.48896,-6.95565],[110.48889,-6.95562],[110.48888,-6.95599],[110.48886,-6.95625],[110.48879,-6.95771],[110.48878,-6.95803],[110.48878,-6.95831],[110.48878,-6.95886],[110.48882,-6.95916],[110.48889,-6.95963],[110.48892,-6.9598],[110.48893,-6.95988],[110.48899,-6.96039],[110.48902,-6.96059],[110.48921,-6.96238],[110.48928,-6.9627],[110.48946,-6.96403],[110.48957,-6.96493],[110.48968,-6.9657],[110.48986,-6.96697],[110.4899,-6.96721],[110.49,-6.96799],[110.49017,-6.96943],[110.4902,-6.9697],[110.4902,-6.96998],[110.49002,-6.97101],[110.48993,-6.97133],[110.48977,-6.97174],[110.48971,-6.97188],[110.48958,-6.97223],[110.48956,-6.97226],[110.48977,-6.97237],[110.48996,-6.97246],[110.49053,-6.97275],[110.4908,-6.97293],[110.49104,-6.97305],[110.49214,-6.97338],[110.49224,-6.9734],[110.49257,-6.9735],[110.49351,-6.97372],[110.49381,-6.97379],[110.49391,-6.97381],[110.49451,-6.97396],[110.49509,-6.97412],[110.49586,-6.97429],[110.49643,-6.97444],[110.49657,-6.97447],[110.49716,-6.97462],[110.49723,-6.97464],[110.49744,-6.97468],[110.49743,-6.97438],[110.49737,-6.97392],[110.49732,-6.9736],[110.49726,-6.97324],[110.49724,-6.97308],[110.49705,-6.97204],[110.49704,-6.972],[110.4969,-6.9717],[110.49682,-6.97148],[110.49669,-6.97116],[110.49665,-6.97102],[110.49662,-6.9708],[110.49661,-6.97071],[110.49659,-6.97049],[110.49657,-6.97022],[110.49655,-6.96994],[110.49653,-6.96983],[110.4965,-6.96957],[110.49649,-6.96955],[110.49646,-6.96929],[110.49642,-6.96901],[110.49642,-6.96898],[110.49636,-6.96846],[110.49638,-6.96824],[110.49655,-6.96772],[110.49688,-6.96723],[110.49703,-6.96688],[110.49706,-6.96668],[110.4971,-6.96626],[110.49714,-6.96606],[110.49722,-6.96558],[110.49722,-6.96547],[110.49719,-6.96421],[110.49716,-6.96257],[110.49723,-6.9623],[110.49761,-6.96099],[110.49773,-6.96038],[110.4978,-6.96002],[110.49806,-6.95898],[110.49814,-6.95849],[110.49847,-6.95829],[110.49893,-6.95768],[110.49897,-6.9573],[110.49904,-6.95692],[110.49925,-6.95647],[110.49954,-6.95627],[110.5,-6.95616],[110.50087,-6.95595],[110.50111,-6.95586],[110.5013,-6.95574],[110.50178,-6.95535],[110.50183,-6.95532]]]}},{"type":"Feature","properties":{"id":"ADM-GENUK-KUDU","name":"Kudu","source_name":"Kudu","type":"Kelurahan","category":"Administrasi kota","kecamatan":"Genuk","kabupaten":"Kota Semarang","catatan":"Batas kelurahan dari berkas vektor kota. Serpihan dan wilayah luar kota dibuang. Kecamatan mengikuti daftar resmi, bukan kolom asli berkas.","status":"Batas administrasi"},"geometry":{"type":"Polygon","coordinates":[[[110.50316,-6.97119],[110.50314,-6.97097],[110.50207,-6.96748],[110.50131,-6.9661],[110.50087,-6.96364],[110.50083,-6.96187],[110.50129,-6.96053],[110.50147,-6.96026],[110.50158,-6.96008],[110.50171,-6.95993],[110.50255,-6.95875],[110.50253,-6.95789],[110.50224,-6.95737],[110.50201,-6.95617],[110.50196,-6.95604],[110.50188,-6.95577],[110.50183,-6.95532],[110.50178,-6.95535],[110.5013,-6.95574],[110.50111,-6.95586],[110.50087,-6.95595],[110.5,-6.95616],[110.49954,-6.95627],[110.49925,-6.95647],[110.49904,-6.95692],[110.49897,-6.9573],[110.49893,-6.95768],[110.49847,-6.95829],[110.49814,-6.95849],[110.49806,-6.95898],[110.4978,-6.96002],[110.49773,-6.96038],[110.49761,-6.96099],[110.49723,-6.9623],[110.49716,-6.96257],[110.49719,-6.96421],[110.49722,-6.96547],[110.49722,-6.96558],[110.49714,-6.96606],[110.4971,-6.96626],[110.49706,-6.96668],[110.49703,-6.96688],[110.49688,-6.96723],[110.49655,-6.96772],[110.49638,-6.96824],[110.49636,-6.96846],[110.49642,-6.96898],[110.49642,-6.96901],[110.49646,-6.96929],[110.49649,-6.96955],[110.4965,-6.96957],[110.49653,-6.96983],[110.49655,-6.96994],[110.49657,-6.97022],[110.49659,-6.97049],[110.49661,-6.97071],[110.49662,-6.9708],[110.49665,-6.97102],[110.49669,-6.97116],[110.49682,-6.97148],[110.4969,-6.9717],[110.49704,-6.972],[110.49705,-6.97204],[110.49724,-6.97308],[110.49726,-6.97324],[110.49732,-6.9736],[110.49737,-6.97392],[110.49743,-6.97438],[110.49744,-6.97468],[110.49762,-6.97472],[110.49763,-6.97472],[110.49765,-6.97472],[110.49793,-6.97475],[110.49824,-6.97478],[110.49838,-6.9748],[110.49878,-6.97486],[110.49881,-6.97487],[110.49886,-6.97489],[110.49904,-6.97496],[110.49922,-6.975],[110.49957,-6.97511],[110.5,-6.97525],[110.50085,-6.97529],[110.50187,-6.9752],[110.50234,-6.97511],[110.50284,-6.97509],[110.50316,-6.97502],[110.50318,-6.97495],[110.50328,-6.97326],[110.50327,-6.97318],[110.50317,-6.97293],[110.50315,-6.97271],[110.50312,-6.97241],[110.50308,-6.972],[110.50305,-6.97155],[110.50309,-6.97136],[110.50316,-6.97119]]]}},{"type":"Feature","properties":{"id":"ADM-GENUK-MUKTIHARJO-LOR","name":"Muktiharjo Lor","source_name":"Muktiharjo Lor","type":"Kelurahan","category":"Administrasi kota","kecamatan":"Genuk","kabupaten":"Kota Semarang","catatan":"Batas kelurahan dari berkas vektor kota. Serpihan dan wilayah luar kota dibuang. Kecamatan mengikuti daftar resmi, bukan kolom asli berkas.","status":"Batas administrasi"},"geometry":{"type":"Polygon","coordinates":[[[110.46229,-6.96937],[110.46225,-6.96859],[110.46222,-6.96806],[110.46218,-6.9676],[110.46216,-6.96662],[110.46215,-6.96646],[110.46213,-6.96532],[110.46212,-6.96475],[110.46211,-6.96444],[110.46208,-6.96406],[110.46208,-6.96375],[110.46204,-6.96227],[110.46203,-6.96156],[110.46203,-6.96088],[110.46204,-6.96048],[110.46204,-6.96042],[110.46203,-6.95863],[110.46205,-6.95819],[110.46211,-6.95708],[110.46211,-6.95636],[110.46214,-6.95613],[110.4619,-6.95616],[110.46111,-6.95626],[110.46095,-6.95628],[110.46093,-6.95628],[110.45985,-6.95639],[110.45856,-6.95651],[110.45854,-6.95651],[110.45813,-6.95656],[110.45781,-6.9566],[110.45682,-6.95669],[110.45651,-6.95671],[110.45582,-6.95676],[110.45501,-6.95683],[110.45481,-6.95685],[110.45432,-6.9569],[110.45412,-6.9569],[110.45409,-6.9569],[110.45376,-6.95693],[110.45329,-6.95698],[110.45317,-6.95699],[110.4531,-6.95699],[110.45217,-6.95705],[110.45148,-6.95708],[110.45117,-6.9571],[110.45068,-6.95714],[110.45005,-6.95723],[110.44919,-6.95745],[110.4486,-6.95765],[110.44827,-6.95969],[110.44832,-6.95974],[110.44891,-6.9603],[110.44911,-6.9605],[110.44929,-6.96066],[110.4496,-6.96094],[110.44963,-6.96097],[110.44969,-6.96103],[110.44973,-6.96107],[110.44975,-6.96108],[110.45012,-6.96142],[110.45037,-6.96164],[110.451,-6.9622],[110.45144,-6.96259],[110.45181,-6.9629],[110.45211,-6.96316],[110.45226,-6.9633],[110.45315,-6.9641],[110.45334,-6.96427],[110.4535,-6.9644],[110.45354,-6.96443],[110.45441,-6.96523],[110.45493,-6.96568],[110.45534,-6.96605],[110.45542,-6.96612],[110.45559,-6.96628],[110.45568,-6.96636],[110.45593,-6.96658],[110.45608,-6.96671],[110.45663,-6.96722],[110.45776,-6.96824],[110.45797,-6.96843],[110.45823,-6.96867],[110.4588,-6.96919],[110.4593,-6.96964],[110.45966,-6.96995],[110.46018,-6.9704],[110.46123,-6.97132],[110.46154,-6.97158],[110.46215,-6.97213],[110.46221,-6.97207],[110.46222,-6.97204],[110.46223,-6.97202],[110.46227,-6.97197],[110.4623,-6.97193],[110.46258,-6.97121],[110.46262,-6.9711],[110.46266,-6.971],[110.46284,-6.9704],[110.46291,-6.97016],[110.46292,-6.97012],[110.46284,-6.9701],[110.46245,-6.96988],[110.46239,-6.96985],[110.46236,-6.96984],[110.46233,-6.96982],[110.46229,-6.9698],[110.46229,-6.9697],[110.4623,-6.96959],[110.46229,-6.96937]]]}},{"type":"Feature","properties":{"id":"ADM-GENUK-PENGGARON-LOR","name":"Penggaron Lor","source_name":"Penggaron Lor","type":"Kelurahan","category":"Administrasi kota","kecamatan":"Genuk","kabupaten":"Kota Semarang","catatan":"Batas kelurahan dari berkas vektor kota. Serpihan dan wilayah luar kota dibuang. Kecamatan mengikuti daftar resmi, bukan kolom asli berkas.","status":"Batas administrasi"},"geometry":{"type":"Polygon","coordinates":[[[110.50316,-6.97502],[110.50284,-6.97509],[110.50234,-6.97511],[110.50187,-6.9752],[110.50085,-6.97529],[110.5,-6.97525],[110.49957,-6.97511],[110.49922,-6.975],[110.49904,-6.97496],[110.49886,-6.97489],[110.49881,-6.97487],[110.49878,-6.97486],[110.49838,-6.9748],[110.49824,-6.97478],[110.49793,-6.97475],[110.49765,-6.97472],[110.49763,-6.97472],[110.49762,-6.97472],[110.49744,-6.97468],[110.49745,-6.97577],[110.49743,-6.97626],[110.49732,-6.97675],[110.49728,-6.97705],[110.49727,-6.97711],[110.49722,-6.97798],[110.49719,-6.97856],[110.49723,-6.97898],[110.49712,-6.9797],[110.49686,-6.9808],[110.49672,-6.98129],[110.49656,-6.98172],[110.49632,-6.98235],[110.49611,-6.98291],[110.496,-6.98317],[110.49587,-6.98344],[110.49578,-6.98365],[110.49563,-6.98394],[110.49525,-6.98474],[110.49518,-6.98487],[110.49519,-6.98522],[110.4952,-6.98534],[110.49522,-6.98576],[110.49519,-6.98608],[110.49511,-6.98645],[110.49492,-6.98698],[110.49486,-6.98718],[110.4949,-6.98752],[110.49494,-6.98774],[110.49493,-6.98788],[110.49479,-6.98812],[110.49463,-6.9884],[110.49451,-6.98878],[110.49446,-6.98895],[110.49446,-6.98918],[110.49446,-6.9892],[110.49445,-6.98943],[110.49423,-6.99028],[110.49421,-6.99036],[110.49409,-6.99074],[110.49402,-6.99118],[110.49402,-6.99127],[110.49409,-6.99136],[110.49428,-6.99142],[110.4947,-6.99144],[110.49481,-6.99145],[110.49494,-6.99153],[110.49501,-6.99164],[110.49503,-6.9918],[110.49493,-6.99215],[110.4949,-6.99229],[110.49492,-6.99239],[110.49499,-6.9925],[110.49501,-6.9927],[110.49498,-6.99285],[110.49494,-6.993],[110.49496,-6.99321],[110.49503,-6.99334],[110.49511,-6.99346],[110.49519,-6.99376],[110.49512,-6.99405],[110.49508,-6.99426],[110.4951,-6.99436],[110.49514,-6.99439],[110.49515,-6.99438],[110.49516,-6.99441],[110.49517,-6.99441],[110.49524,-6.99445],[110.49584,-6.99456],[110.49626,-6.99464],[110.49664,-6.99477],[110.49676,-6.99483],[110.4969,-6.99497],[110.49705,-6.99518],[110.49719,-6.99529],[110.4972,-6.9953],[110.49765,-6.99551],[110.49781,-6.9956],[110.49799,-6.99577],[110.498,-6.99591],[110.49814,-6.9959],[110.49855,-6.99599],[110.49908,-6.9962],[110.50005,-6.99644],[110.50013,-6.99647],[110.50023,-6.99623],[110.5008,-6.99491],[110.50091,-6.99467],[110.50118,-6.99401],[110.50124,-6.99385],[110.50134,-6.99361],[110.50138,-6.9935],[110.50147,-6.9933],[110.50159,-6.993],[110.5016,-6.99296],[110.50166,-6.99283],[110.50167,-6.99264],[110.50167,-6.99261],[110.50163,-6.99244],[110.50161,-6.9923],[110.50162,-6.99222],[110.50164,-6.99215],[110.50164,-6.99211],[110.50163,-6.99197],[110.50161,-6.99167],[110.50161,-6.99162],[110.50161,-6.99157],[110.50161,-6.99155],[110.50159,-6.9912],[110.50168,-6.99077],[110.50168,-6.99039],[110.50157,-6.98995],[110.50153,-6.98951],[110.50155,-6.98948],[110.50155,-6.98933],[110.50155,-6.98931],[110.50179,-6.98892],[110.50186,-6.98876],[110.5021,-6.98824],[110.50245,-6.98743],[110.50252,-6.98727],[110.50277,-6.98638],[110.5029,-6.9859],[110.50277,-6.98576],[110.50264,-6.98567],[110.50213,-6.98548],[110.50184,-6.98534],[110.50187,-6.9853],[110.5015,-6.98504],[110.50157,-6.98439],[110.50164,-6.9841],[110.50165,-6.98389],[110.50162,-6.98367],[110.5016,-6.98344],[110.50162,-6.98299],[110.50175,-6.98217],[110.50192,-6.98153],[110.50193,-6.9815],[110.50206,-6.97973],[110.50213,-6.97932],[110.50221,-6.9792],[110.50225,-6.97918],[110.5025,-6.9791],[110.5026,-6.97891],[110.50277,-6.9783],[110.50288,-6.97756],[110.50285,-6.97736],[110.50285,-6.97735],[110.50283,-6.97719],[110.50287,-6.97707],[110.50296,-6.97694],[110.50296,-6.97693],[110.503,-6.9768],[110.50297,-6.97646],[110.50291,-6.97603],[110.50296,-6.97585],[110.503,-6.97571],[110.50312,-6.97526],[110.50316,-6.97502]]]}},{"type":"Feature","properties":{"id":"ADM-GENUK-SEMBUNGHARJO","name":"Sembungharjo","source_name":"Sembungharjo","type":"Kelurahan","category":"Administrasi kota","kecamatan":"Genuk","kabupaten":"Kota Semarang","catatan":"Batas kelurahan dari berkas vektor kota. Serpihan dan wilayah luar kota dibuang. Kecamatan mengikuti daftar resmi, bukan kolom asli berkas.","status":"Batas administrasi"},"geometry":{"type":"Polygon","coordinates":[[[110.48956,-6.97226],[110.48935,-6.97216],[110.48907,-6.97207],[110.48894,-6.97203],[110.48872,-6.97196],[110.4886,-6.97191],[110.48843,-6.97183],[110.48842,-6.97189],[110.48836,-6.97187],[110.4876,-6.9716],[110.48759,-6.97159],[110.48745,-6.97153],[110.48723,-6.97138],[110.4871,-6.9713],[110.48696,-6.97123],[110.48685,-6.97118],[110.48638,-6.97103],[110.48595,-6.97088],[110.48578,-6.97079],[110.48468,-6.97021],[110.48448,-6.9701],[110.48415,-6.96987],[110.48382,-6.9697],[110.48233,-6.96935],[110.48193,-6.96927],[110.48185,-6.96924],[110.48182,-6.96937],[110.48181,-6.96942],[110.48174,-6.96965],[110.48162,-6.97006],[110.48155,-6.97031],[110.48142,-6.97073],[110.48136,-6.97093],[110.48135,-6.97098],[110.48128,-6.97137],[110.48124,-6.97158],[110.48124,-6.97172],[110.48127,-6.97179],[110.48144,-6.97187],[110.48155,-6.97192],[110.48162,-6.97201],[110.48163,-6.97225],[110.48161,-6.97241],[110.48159,-6.97255],[110.48157,-6.97274],[110.4816,-6.97285],[110.48162,-6.97294],[110.48166,-6.97311],[110.48161,-6.97353],[110.48161,-6.97382],[110.4816,-6.97395],[110.4816,-6.97409],[110.48144,-6.97453],[110.48141,-6.97474],[110.48141,-6.97484],[110.48142,-6.97486],[110.48149,-6.97507],[110.4815,-6.97525],[110.48145,-6.97543],[110.48144,-6.97546],[110.48133,-6.97562],[110.48116,-6.97579],[110.48111,-6.97591],[110.48105,-6.97606],[110.48092,-6.97636],[110.48089,-6.97692],[110.48088,-6.97706],[110.48088,-6.97717],[110.48088,-6.97718],[110.48089,-6.97721],[110.48089,-6.97728],[110.48184,-6.97738],[110.48251,-6.97751],[110.48336,-6.97767],[110.4836,-6.97772],[110.48395,-6.9778],[110.48423,-6.97797],[110.48445,-6.9781],[110.48463,-6.97816],[110.48465,-6.97817],[110.48586,-6.97844],[110.48585,-6.97848],[110.48584,-6.97853],[110.48579,-6.97866],[110.48574,-6.97875],[110.48566,-6.97891],[110.48565,-6.97906],[110.48563,-6.97925],[110.48561,-6.97947],[110.4856,-6.97959],[110.48562,-6.97981],[110.48564,-6.98009],[110.48565,-6.98018],[110.48565,-6.98027],[110.48553,-6.98043],[110.4854,-6.98056],[110.48536,-6.98066],[110.48536,-6.98076],[110.48548,-6.98098],[110.48563,-6.98116],[110.48579,-6.9813],[110.48593,-6.98139],[110.48639,-6.98151],[110.48651,-6.98154],[110.48701,-6.98173],[110.48723,-6.98182],[110.48741,-6.98193],[110.48754,-6.98208],[110.4877,-6.9825],[110.48776,-6.98264],[110.48788,-6.98271],[110.4881,-6.98282],[110.48841,-6.98297],[110.48857,-6.98305],[110.48909,-6.98342],[110.48914,-6.98345],[110.48929,-6.98363],[110.48931,-6.98366],[110.48933,-6.98378],[110.48931,-6.98395],[110.48926,-6.98432],[110.48928,-6.98461],[110.48932,-6.98473],[110.48936,-6.98483],[110.48951,-6.9851],[110.4897,-6.98543],[110.48988,-6.98567],[110.49007,-6.98591],[110.49015,-6.98613],[110.49025,-6.98638],[110.49048,-6.987],[110.49049,-6.98703],[110.4905,-6.98706],[110.49056,-6.98717],[110.49059,-6.98721],[110.49067,-6.9873],[110.4912,-6.98792],[110.4916,-6.98814],[110.49178,-6.98821],[110.492,-6.98829],[110.49206,-6.98831],[110.49225,-6.98839],[110.49227,-6.9884],[110.49228,-6.9884],[110.49231,-6.98841],[110.49262,-6.98853],[110.49335,-6.98882],[110.49407,-6.989],[110.49409,-6.989],[110.4941,-6.989],[110.49422,-6.98903],[110.49427,-6.98906],[110.49446,-6.9892],[110.49446,-6.98918],[110.49446,-6.98895],[110.49451,-6.98878],[110.49463,-6.9884],[110.49479,-6.98812],[110.49493,-6.98788],[110.49494,-6.98774],[110.4949,-6.98752],[110.49486,-6.98718],[110.49492,-6.98698],[110.49511,-6.98645],[110.49519,-6.98608],[110.49522,-6.98576],[110.4952,-6.98534],[110.49519,-6.98522],[110.49518,-6.98487],[110.49525,-6.98474],[110.49563,-6.98394],[110.49578,-6.98365],[110.49587,-6.98344],[110.496,-6.98317],[110.49611,-6.98291],[110.49632,-6.98235],[110.49656,-6.98172],[110.49672,-6.98129],[110.49686,-6.9808],[110.49712,-6.9797],[110.49723,-6.97898],[110.49719,-6.97856],[110.49722,-6.97798],[110.49727,-6.97711],[110.49728,-6.97705],[110.49732,-6.97675],[110.49743,-6.97626],[110.49745,-6.97577],[110.49744,-6.97468],[110.49723,-6.97464],[110.49716,-6.97462],[110.49657,-6.97447],[110.49643,-6.97444],[110.49586,-6.97429],[110.49509,-6.97412],[110.49451,-6.97396],[110.49391,-6.97381],[110.49381,-6.97379],[110.49351,-6.97372],[110.49257,-6.9735],[110.49224,-6.9734],[110.49214,-6.97338],[110.49104,-6.97305],[110.4908,-6.97293],[110.49053,-6.97275],[110.48996,-6.97246],[110.48977,-6.97237],[110.48956,-6.97226]]]}},{"type":"Feature","properties":{"id":"ADM-GENUK-TERBOYO-KULON","name":"Terboyo Kulon","source_name":"Terboto Kulon","type":"Kelurahan","category":"Administrasi kota","kecamatan":"Genuk","kabupaten":"Kota Semarang","catatan":"Batas kelurahan dari berkas vektor kota. Serpihan dan wilayah luar kota dibuang. Kecamatan mengikuti daftar resmi, bukan kolom asli berkas.","status":"Batas administrasi"},"geometry":{"type":"Polygon","coordinates":[[[110.44923,-6.93713],[110.44895,-6.93712],[110.44862,-6.93723],[110.44822,-6.93721],[110.44757,-6.93715],[110.44704,-6.9369],[110.447,-6.93692],[110.44694,-6.93692],[110.44688,-6.93682],[110.44656,-6.93673],[110.44638,-6.9367],[110.44614,-6.93677],[110.44603,-6.93682],[110.44603,-6.93687],[110.44587,-6.93704],[110.44572,-6.93711],[110.44567,-6.93711],[110.44563,-6.93715],[110.44554,-6.93744],[110.44553,-6.93745],[110.44554,-6.93762],[110.44552,-6.93769],[110.44528,-6.93783],[110.44509,-6.93792],[110.44502,-6.938],[110.44497,-6.93827],[110.44492,-6.93842],[110.44482,-6.93855],[110.44466,-6.93867],[110.44438,-6.93889],[110.44434,-6.93892],[110.44421,-6.93915],[110.44415,-6.93927],[110.44407,-6.93932],[110.44399,-6.93932],[110.4435,-6.94062],[110.44273,-6.94291],[110.44195,-6.94522],[110.44144,-6.94663],[110.44091,-6.94815],[110.44062,-6.94909],[110.44032,-6.94999],[110.44147,-6.94982],[110.44248,-6.94971],[110.44386,-6.94967],[110.44491,-6.94976],[110.44609,-6.95005],[110.44773,-6.95068],[110.44787,-6.9507],[110.44823,-6.95076],[110.4487,-6.95089],[110.44903,-6.95131],[110.44906,-6.95194],[110.44896,-6.95328],[110.4489,-6.95436],[110.44891,-6.95459],[110.44887,-6.95501],[110.44894,-6.95528],[110.44896,-6.9554],[110.44897,-6.95553],[110.44901,-6.95567],[110.44891,-6.95612],[110.44888,-6.95621],[110.4486,-6.95765],[110.44919,-6.95745],[110.45005,-6.95723],[110.45068,-6.95714],[110.45117,-6.9571],[110.45148,-6.95708],[110.45217,-6.95705],[110.4531,-6.95699],[110.45317,-6.95699],[110.45329,-6.95698],[110.45376,-6.95693],[110.45409,-6.9569],[110.45412,-6.9569],[110.45432,-6.9569],[110.45481,-6.95685],[110.45501,-6.95683],[110.45582,-6.95676],[110.45651,-6.95671],[110.45682,-6.95669],[110.45781,-6.9566],[110.45813,-6.95656],[110.45854,-6.95651],[110.45856,-6.95651],[110.45985,-6.95639],[110.46093,-6.95628],[110.46095,-6.95628],[110.46111,-6.95626],[110.4619,-6.95616],[110.46214,-6.95613],[110.46241,-6.9561],[110.4628,-6.95604],[110.46281,-6.95599],[110.46281,-6.95595],[110.46281,-6.95585],[110.46271,-6.95586],[110.46274,-6.95558],[110.4628,-6.95472],[110.46287,-6.95353],[110.4629,-6.9532],[110.46279,-6.95316],[110.46272,-6.95313],[110.46243,-6.95308],[110.4622,-6.95305],[110.46216,-6.95294],[110.46204,-6.95293],[110.46202,-6.95283],[110.46194,-6.95283],[110.46172,-6.95279],[110.4614,-6.95272],[110.46087,-6.95259],[110.46001,-6.95235],[110.45968,-6.95222],[110.45955,-6.95218],[110.45946,-6.95222],[110.4593,-6.95218],[110.45921,-6.95212],[110.45876,-6.95196],[110.45877,-6.95192],[110.45906,-6.95162],[110.45915,-6.95165],[110.45923,-6.95166],[110.45933,-6.95162],[110.45941,-6.95153],[110.45965,-6.95125],[110.45975,-6.95126],[110.45985,-6.95126],[110.4599,-6.9512],[110.46004,-6.95104],[110.46011,-6.95103],[110.46033,-6.95103],[110.4604,-6.95097],[110.46047,-6.95085],[110.4605,-6.95073],[110.46021,-6.95062],[110.46,-6.95051],[110.45921,-6.95014],[110.45811,-6.94963],[110.45797,-6.9495],[110.45581,-6.94822],[110.45435,-6.94642],[110.45331,-6.94534],[110.45273,-6.94468],[110.45186,-6.94338],[110.45065,-6.94141],[110.44958,-6.93953],[110.44919,-6.93882],[110.44913,-6.93832],[110.44923,-6.93713]]]}},{"type":"Feature","properties":{"id":"ADM-GENUK-TERBOYO-WETAN","name":"Terboyo Wetan","source_name":"Terboyo Wetan","type":"Kelurahan","category":"Administrasi kota","kecamatan":"Genuk","kabupaten":"Kota Semarang","catatan":"Batas kelurahan dari berkas vektor kota. Serpihan dan wilayah luar kota dibuang. Kecamatan mengikuti daftar resmi, bukan kolom asli berkas.","status":"Batas administrasi"},"geometry":{"type":"Polygon","coordinates":[[[110.45612,-6.93549],[110.45606,-6.93549],[110.45602,-6.93547],[110.45589,-6.93549],[110.45582,-6.9355],[110.45579,-6.93554],[110.45585,-6.9356],[110.45588,-6.93563],[110.4557,-6.93573],[110.45558,-6.93585],[110.4555,-6.93591],[110.45545,-6.93595],[110.45531,-6.93586],[110.45523,-6.93582],[110.45485,-6.93589],[110.45469,-6.93574],[110.45343,-6.93617],[110.45341,-6.93618],[110.45306,-6.93632],[110.45292,-6.93635],[110.45292,-6.93634],[110.45003,-6.93733],[110.44989,-6.93731],[110.44963,-6.93721],[110.44932,-6.93714],[110.44923,-6.93713],[110.44913,-6.93832],[110.44919,-6.93882],[110.44958,-6.93953],[110.45065,-6.94141],[110.45186,-6.94338],[110.45273,-6.94468],[110.45331,-6.94534],[110.45435,-6.94642],[110.45581,-6.94822],[110.45797,-6.9495],[110.45811,-6.94963],[110.45921,-6.95014],[110.46,-6.95051],[110.46021,-6.95062],[110.4605,-6.95073],[110.46047,-6.95085],[110.4604,-6.95097],[110.46033,-6.95103],[110.46011,-6.95103],[110.46004,-6.95104],[110.4599,-6.9512],[110.45985,-6.95126],[110.45975,-6.95126],[110.45965,-6.95125],[110.45941,-6.95153],[110.45933,-6.95162],[110.45923,-6.95166],[110.45915,-6.95165],[110.45906,-6.95162],[110.45877,-6.95192],[110.45876,-6.95196],[110.45921,-6.95212],[110.4593,-6.95218],[110.45946,-6.95222],[110.45955,-6.95218],[110.45968,-6.95222],[110.46001,-6.95235],[110.46087,-6.95259],[110.4614,-6.95272],[110.46172,-6.95279],[110.46194,-6.95283],[110.46202,-6.95283],[110.46204,-6.95293],[110.46216,-6.95294],[110.4622,-6.95305],[110.46243,-6.95308],[110.46272,-6.95313],[110.46279,-6.95316],[110.4629,-6.9532],[110.46287,-6.95353],[110.4628,-6.95472],[110.46274,-6.95558],[110.46271,-6.95586],[110.46281,-6.95585],[110.46281,-6.95595],[110.46281,-6.95599],[110.4628,-6.95604],[110.46306,-6.95601],[110.46372,-6.95598],[110.46397,-6.95598],[110.464,-6.95597],[110.46419,-6.95595],[110.46457,-6.95591],[110.46544,-6.95583],[110.46549,-6.95583],[110.46557,-6.95582],[110.46604,-6.95578],[110.46784,-6.9556],[110.46814,-6.95557],[110.46838,-6.95555],[110.46853,-6.95554],[110.46896,-6.95544],[110.46996,-6.95522],[110.47029,-6.95515],[110.47051,-6.9551],[110.47074,-6.95504],[110.47072,-6.95498],[110.47072,-6.95495],[110.47068,-6.95472],[110.47068,-6.95331],[110.47068,-6.95292],[110.47069,-6.95167],[110.47069,-6.95113],[110.47069,-6.95019],[110.47067,-6.9491],[110.47064,-6.94906],[110.47055,-6.94891],[110.47043,-6.94883],[110.46987,-6.94855],[110.46956,-6.94837],[110.46924,-6.94818],[110.46879,-6.94798],[110.46846,-6.94782],[110.46761,-6.94735],[110.46716,-6.9471],[110.4656,-6.94622],[110.46537,-6.94603],[110.46509,-6.94592],[110.46449,-6.9455],[110.46389,-6.94509],[110.46289,-6.94445],[110.46243,-6.94402],[110.46195,-6.94366],[110.46174,-6.94346],[110.46152,-6.94319],[110.46131,-6.94277],[110.46054,-6.94167],[110.45901,-6.93941],[110.4588,-6.93909],[110.45848,-6.93861],[110.45724,-6.93698],[110.45681,-6.9364],[110.45663,-6.93589],[110.45614,-6.93551],[110.45612,-6.93549]]]}},{"type":"Feature","properties":{"id":"ADM-GENUK-TRIMULYO","name":"Trimulyo","source_name":"Trimulyo","type":"Kelurahan","category":"Administrasi kota","kecamatan":"Genuk","kabupaten":"Kota Semarang","catatan":"Batas kelurahan dari berkas vektor kota. Serpihan dan wilayah luar kota dibuang. Kecamatan mengikuti daftar resmi, bukan kolom asli berkas.","status":"Batas administrasi"},"geometry":{"type":"Polygon","coordinates":[[[110.46321,-6.93152],[110.4632,-6.93152],[110.46305,-6.93154],[110.46298,-6.93153],[110.46297,-6.93142],[110.46294,-6.93139],[110.46288,-6.93139],[110.46276,-6.93139],[110.46268,-6.93142],[110.46256,-6.9315],[110.46219,-6.93159],[110.46195,-6.9317],[110.46169,-6.93184],[110.46145,-6.93194],[110.46143,-6.93196],[110.46144,-6.932],[110.4614,-6.9321],[110.46128,-6.93216],[110.46124,-6.9322],[110.46127,-6.93226],[110.46131,-6.93232],[110.46126,-6.93238],[110.46117,-6.9324],[110.46111,-6.93238],[110.46107,-6.93233],[110.46102,-6.93239],[110.46099,-6.93241],[110.46101,-6.93244],[110.461,-6.93248],[110.46091,-6.93247],[110.46087,-6.9325],[110.46073,-6.93255],[110.46063,-6.93259],[110.46076,-6.93276],[110.46079,-6.93281],[110.46053,-6.93297],[110.4603,-6.93278],[110.46012,-6.93262],[110.45998,-6.93263],[110.45994,-6.93265],[110.46005,-6.93277],[110.46018,-6.93299],[110.45994,-6.93322],[110.45981,-6.9333],[110.45964,-6.93335],[110.45952,-6.93336],[110.45942,-6.93332],[110.45934,-6.93317],[110.45929,-6.93333],[110.45915,-6.9335],[110.45887,-6.9336],[110.45869,-6.93373],[110.45855,-6.93389],[110.45781,-6.93449],[110.45759,-6.93458],[110.45751,-6.93467],[110.45744,-6.9348],[110.45731,-6.93496],[110.45718,-6.93505],[110.45712,-6.93507],[110.45693,-6.93527],[110.45684,-6.93532],[110.45676,-6.93531],[110.45666,-6.93539],[110.45638,-6.93549],[110.45612,-6.93549],[110.45614,-6.93551],[110.45663,-6.93589],[110.45681,-6.9364],[110.45724,-6.93698],[110.45848,-6.93861],[110.4588,-6.93909],[110.45901,-6.93941],[110.46054,-6.94167],[110.46131,-6.94277],[110.46152,-6.94319],[110.46174,-6.94346],[110.46195,-6.94366],[110.46243,-6.94402],[110.46289,-6.94445],[110.46389,-6.94509],[110.46449,-6.9455],[110.46509,-6.94592],[110.46537,-6.94603],[110.4656,-6.94622],[110.46716,-6.9471],[110.46761,-6.94735],[110.46846,-6.94782],[110.46879,-6.94798],[110.46924,-6.94818],[110.46956,-6.94837],[110.46987,-6.94855],[110.47043,-6.94883],[110.47055,-6.94891],[110.47064,-6.94906],[110.47067,-6.9491],[110.47069,-6.95019],[110.47069,-6.95113],[110.47069,-6.95167],[110.47068,-6.95292],[110.47068,-6.95331],[110.47068,-6.95472],[110.47072,-6.95495],[110.47072,-6.95498],[110.47074,-6.95504],[110.47098,-6.95499],[110.47154,-6.95482],[110.47194,-6.95471],[110.47236,-6.95459],[110.47242,-6.95457],[110.47276,-6.95446],[110.47314,-6.95432],[110.47344,-6.95422],[110.47384,-6.95407],[110.47428,-6.9539],[110.47462,-6.95377],[110.47485,-6.95368],[110.47495,-6.95365],[110.47593,-6.95322],[110.47596,-6.9532],[110.47761,-6.95255],[110.47772,-6.9525],[110.47775,-6.9525],[110.47783,-6.95247],[110.47795,-6.95242],[110.47849,-6.95223],[110.47868,-6.95216],[110.47912,-6.95199],[110.47957,-6.95183],[110.47965,-6.9518],[110.47994,-6.95169],[110.48,-6.95167],[110.48011,-6.95163],[110.48028,-6.95155],[110.48068,-6.95141],[110.48093,-6.95131],[110.48123,-6.9512],[110.48127,-6.95118],[110.48167,-6.95103],[110.48337,-6.95042],[110.48383,-6.95025],[110.48461,-6.94995],[110.48494,-6.94981],[110.48553,-6.94958],[110.48563,-6.94954],[110.48578,-6.94949],[110.48605,-6.94939],[110.48609,-6.94938],[110.48644,-6.94927],[110.48718,-6.94898],[110.4881,-6.94866],[110.48811,-6.94852],[110.48841,-6.94702],[110.48845,-6.94669],[110.4884,-6.94665],[110.48713,-6.94644],[110.48454,-6.94596],[110.48316,-6.94576],[110.48213,-6.94562],[110.48111,-6.94544],[110.47977,-6.94502],[110.47932,-6.94488],[110.47775,-6.94409],[110.47547,-6.943],[110.47432,-6.94258],[110.47371,-6.94237],[110.47309,-6.94198],[110.47265,-6.94164],[110.47239,-6.94131],[110.47224,-6.94123],[110.47192,-6.94102],[110.47182,-6.9409],[110.4717,-6.9408],[110.4711,-6.94037],[110.47078,-6.94007],[110.47047,-6.93985],[110.47031,-6.93967],[110.47023,-6.93958],[110.47007,-6.93937],[110.46983,-6.9392],[110.46934,-6.93886],[110.46931,-6.93875],[110.46934,-6.93857],[110.46946,-6.93814],[110.46943,-6.93803],[110.46935,-6.93794],[110.46923,-6.93788],[110.46903,-6.9378],[110.46875,-6.93764],[110.46848,-6.93753],[110.46807,-6.93742],[110.46775,-6.93736],[110.46768,-6.93733],[110.46771,-6.93686],[110.4678,-6.93671],[110.46789,-6.93658],[110.4679,-6.93648],[110.46787,-6.9363],[110.46771,-6.93602],[110.46758,-6.93589],[110.46722,-6.93559],[110.46703,-6.93531],[110.46675,-6.93486],[110.46667,-6.93464],[110.46657,-6.93433],[110.46645,-6.93418],[110.4663,-6.93411],[110.46617,-6.93403],[110.46571,-6.93366],[110.46562,-6.93366],[110.4655,-6.93367],[110.46539,-6.93359],[110.46488,-6.93326],[110.4648,-6.93329],[110.46466,-6.9334],[110.46449,-6.93354],[110.46445,-6.93349],[110.46433,-6.93321],[110.46411,-6.93272],[110.46402,-6.93261],[110.46394,-6.93259],[110.46376,-6.9326],[110.46367,-6.93245],[110.46357,-6.93225],[110.46321,-6.93152]]]}},{"type":"Feature","properties":{"id":"ADM-GUNUNGPATI-CEPOKO","name":"Cepoko","source_name":"Cepoko","type":"Kelurahan","category":"Administrasi kota","kecamatan":"Gunungpati","kabupaten":"Kota Semarang","catatan":"Batas kelurahan dari berkas vektor kota. Serpihan dan wilayah luar kota dibuang. Kecamatan mengikuti daftar resmi, bukan kolom asli berkas.","status":"Batas administrasi"},"geometry":{"type":"Polygon","coordinates":[[[110.35886,-7.06877],[110.35669,-7.06722],[110.35377,-7.06513],[110.34904,-7.06503],[110.34895,-7.06535],[110.34892,-7.06569],[110.34897,-7.06597],[110.34912,-7.06618],[110.3493,-7.06631],[110.34955,-7.06642],[110.34978,-7.06658],[110.34988,-7.06671],[110.34991,-7.06694],[110.34989,-7.06742],[110.34981,-7.0676],[110.34969,-7.06776],[110.34951,-7.06784],[110.34931,-7.06791],[110.34917,-7.06792],[110.34888,-7.06794],[110.3486,-7.06796],[110.34843,-7.06796],[110.34827,-7.06792],[110.34793,-7.06779],[110.34778,-7.06773],[110.34756,-7.0677],[110.34738,-7.0677],[110.34723,-7.06774],[110.34711,-7.06781],[110.34701,-7.06815],[110.34659,-7.06923],[110.34633,-7.06992],[110.34544,-7.0697],[110.34512,-7.06968],[110.34493,-7.06972],[110.34456,-7.06988],[110.34424,-7.07007],[110.34421,-7.07011],[110.34399,-7.07035],[110.34383,-7.07059],[110.34357,-7.07087],[110.34335,-7.07103],[110.34312,-7.07114],[110.34293,-7.07116],[110.34291,-7.07116],[110.34281,-7.0712],[110.34267,-7.07126],[110.34256,-7.07129],[110.34231,-7.07155],[110.34252,-7.07203],[110.34272,-7.07212],[110.34277,-7.07215],[110.34295,-7.07228],[110.34322,-7.07255],[110.34336,-7.07273],[110.34372,-7.07344],[110.34385,-7.07378],[110.34392,-7.07402],[110.34464,-7.07549],[110.34474,-7.07574],[110.34484,-7.07599],[110.34487,-7.07606],[110.34488,-7.07618],[110.34493,-7.07639],[110.34501,-7.07658],[110.34513,-7.07667],[110.34562,-7.07678],[110.34576,-7.07681],[110.34586,-7.07688],[110.34593,-7.077],[110.34594,-7.07714],[110.34569,-7.07775],[110.34546,-7.07805],[110.34514,-7.07849],[110.34505,-7.07869],[110.34499,-7.07912],[110.34503,-7.07952],[110.34509,-7.07978],[110.34514,-7.07989],[110.34523,-7.07998],[110.34544,-7.08001],[110.34572,-7.08],[110.34601,-7.07993],[110.34623,-7.07985],[110.34634,-7.07985],[110.34649,-7.07997],[110.34663,-7.08012],[110.3467,-7.08028],[110.34672,-7.08049],[110.34663,-7.08087],[110.3465,-7.08122],[110.34637,-7.08152],[110.34617,-7.08198],[110.34601,-7.0822],[110.34606,-7.08223],[110.34685,-7.08247],[110.34701,-7.08253],[110.34711,-7.08261],[110.34718,-7.08277],[110.3472,-7.08294],[110.34713,-7.08315],[110.34685,-7.08343],[110.34673,-7.08356],[110.34667,-7.0837],[110.34667,-7.08377],[110.34679,-7.08391],[110.34692,-7.08403],[110.34697,-7.08415],[110.34697,-7.08426],[110.34691,-7.08435],[110.34682,-7.08439],[110.34665,-7.08443],[110.34652,-7.08449],[110.34646,-7.08459],[110.34651,-7.08495],[110.34677,-7.08501],[110.34696,-7.08505],[110.34713,-7.08505],[110.3472,-7.08501],[110.34725,-7.08491],[110.34726,-7.08464],[110.34732,-7.08442],[110.34741,-7.08429],[110.3475,-7.08425],[110.34792,-7.08445],[110.34815,-7.08457],[110.34828,-7.08462],[110.34841,-7.08481],[110.34848,-7.08489],[110.34858,-7.08492],[110.34866,-7.08487],[110.34905,-7.08501],[110.34987,-7.08516],[110.35021,-7.08513],[110.35061,-7.08506],[110.35093,-7.08495],[110.35112,-7.08486],[110.35133,-7.08474],[110.35151,-7.08467],[110.35162,-7.08455],[110.35184,-7.08437],[110.35196,-7.08432],[110.35243,-7.08395],[110.35252,-7.08402],[110.35273,-7.08405],[110.35276,-7.08405],[110.35335,-7.08419],[110.35382,-7.08443],[110.35393,-7.08399],[110.35406,-7.08318],[110.35416,-7.08241],[110.35416,-7.08211],[110.35418,-7.08165],[110.3542,-7.08098],[110.35423,-7.08087],[110.35428,-7.08063],[110.35429,-7.08043],[110.35429,-7.08015],[110.35432,-7.07962],[110.3543,-7.07941],[110.35412,-7.0789],[110.354,-7.07873],[110.35361,-7.07841],[110.35362,-7.07838],[110.35375,-7.07803],[110.35387,-7.07792],[110.35408,-7.07773],[110.35428,-7.07748],[110.35465,-7.07716],[110.35476,-7.077],[110.35489,-7.07678],[110.35493,-7.07672],[110.35493,-7.07658],[110.35488,-7.07644],[110.35487,-7.07633],[110.35493,-7.07618],[110.35504,-7.07602],[110.35507,-7.07598],[110.35519,-7.0758],[110.35718,-7.07581],[110.35744,-7.0758],[110.35779,-7.07582],[110.35795,-7.07587],[110.3587,-7.07611],[110.35911,-7.07621],[110.35956,-7.07638],[110.36013,-7.07668],[110.36013,-7.07662],[110.36012,-7.07657],[110.36011,-7.0765],[110.35988,-7.07576],[110.35986,-7.07568],[110.3598,-7.07533],[110.35976,-7.07471],[110.35974,-7.07443],[110.35973,-7.07436],[110.35971,-7.07413],[110.35969,-7.07401],[110.35965,-7.07322],[110.35963,-7.07277],[110.35962,-7.07258],[110.3596,-7.0723],[110.35958,-7.07216],[110.35956,-7.0721],[110.35926,-7.07173],[110.35923,-7.07168],[110.3592,-7.07164],[110.35917,-7.07161],[110.35881,-7.07039],[110.3588,-7.07007],[110.3588,-7.06943],[110.35886,-7.06877]]]}},{"type":"Feature","properties":{"id":"ADM-GUNUNGPATI-GUNUNGPATI","name":"Gunungpati","source_name":"Gunungpati","type":"Kelurahan","category":"Administrasi kota","kecamatan":"Gunungpati","kabupaten":"Kota Semarang","catatan":"Batas kelurahan dari berkas vektor kota. Serpihan dan wilayah luar kota dibuang. Kecamatan mengikuti daftar resmi, bukan kolom asli berkas.","status":"Batas administrasi"},"geometry":{"type":"Polygon","coordinates":[[[110.36833,-7.08156],[110.36808,-7.08139],[110.36775,-7.08127],[110.36696,-7.08113],[110.36674,-7.08109],[110.36655,-7.08101],[110.36616,-7.08074],[110.36595,-7.08047],[110.36579,-7.08008],[110.36575,-7.08002],[110.36557,-7.07996],[110.36516,-7.07978],[110.36497,-7.07969],[110.3649,-7.07969],[110.36349,-7.07965],[110.36346,-7.07965],[110.36381,-7.07877],[110.3642,-7.078],[110.36424,-7.07791],[110.36439,-7.07763],[110.36445,-7.07753],[110.36464,-7.07724],[110.36489,-7.07686],[110.36511,-7.07642],[110.36522,-7.0762],[110.36555,-7.07563],[110.36586,-7.0751],[110.36595,-7.07493],[110.36557,-7.0748],[110.36501,-7.07467],[110.36383,-7.07439],[110.3629,-7.07416],[110.36281,-7.07414],[110.3625,-7.07408],[110.36226,-7.07403],[110.36214,-7.074],[110.36168,-7.07399],[110.36123,-7.07404],[110.36052,-7.07403],[110.36039,-7.07402],[110.36014,-7.07402],[110.35969,-7.07401],[110.35971,-7.07413],[110.35973,-7.07436],[110.35974,-7.07443],[110.35976,-7.07471],[110.3598,-7.07533],[110.35986,-7.07568],[110.35988,-7.07576],[110.36011,-7.0765],[110.36012,-7.07657],[110.36013,-7.07662],[110.36013,-7.07668],[110.35956,-7.07638],[110.35911,-7.07621],[110.3587,-7.07611],[110.35795,-7.07587],[110.35779,-7.07582],[110.35744,-7.0758],[110.35718,-7.07581],[110.35519,-7.0758],[110.35507,-7.07598],[110.35504,-7.07602],[110.35493,-7.07618],[110.35487,-7.07633],[110.35488,-7.07644],[110.35493,-7.07658],[110.35493,-7.07672],[110.35489,-7.07678],[110.35476,-7.077],[110.35465,-7.07716],[110.35428,-7.07748],[110.35408,-7.07773],[110.35387,-7.07792],[110.35375,-7.07803],[110.35362,-7.07838],[110.35361,-7.07841],[110.354,-7.07873],[110.35412,-7.0789],[110.3543,-7.07941],[110.35432,-7.07962],[110.35429,-7.08015],[110.35429,-7.08043],[110.35428,-7.08063],[110.35423,-7.08087],[110.3542,-7.08098],[110.35418,-7.08165],[110.35416,-7.08211],[110.35416,-7.08241],[110.35406,-7.08318],[110.35393,-7.08399],[110.35382,-7.08443],[110.35335,-7.08419],[110.35276,-7.08405],[110.35273,-7.08405],[110.35252,-7.08402],[110.35243,-7.08395],[110.35196,-7.08432],[110.35184,-7.08437],[110.35162,-7.08455],[110.35151,-7.08467],[110.35133,-7.08474],[110.35112,-7.08486],[110.35093,-7.08495],[110.35061,-7.08506],[110.35021,-7.08513],[110.34987,-7.08516],[110.34905,-7.08501],[110.34866,-7.08487],[110.34858,-7.08492],[110.34848,-7.08489],[110.34841,-7.08481],[110.34828,-7.08462],[110.34815,-7.08457],[110.34792,-7.08445],[110.3475,-7.08425],[110.34741,-7.08429],[110.34732,-7.08442],[110.34726,-7.08464],[110.34725,-7.08491],[110.3472,-7.08501],[110.34713,-7.08505],[110.34696,-7.08505],[110.34677,-7.08501],[110.34651,-7.08495],[110.34652,-7.08502],[110.34655,-7.08531],[110.34655,-7.08542],[110.34653,-7.08559],[110.34652,-7.08565],[110.34653,-7.08581],[110.34688,-7.08584],[110.34696,-7.08585],[110.34701,-7.08593],[110.34695,-7.08611],[110.34698,-7.08612],[110.34698,-7.08614],[110.347,-7.08631],[110.34692,-7.08665],[110.34692,-7.08677],[110.347,-7.08691],[110.34713,-7.08714],[110.34724,-7.08743],[110.34737,-7.08761],[110.34761,-7.08786],[110.34775,-7.08811],[110.34809,-7.08837],[110.34818,-7.08845],[110.34822,-7.08853],[110.34821,-7.08859],[110.34816,-7.08861],[110.34815,-7.08861],[110.34815,-7.08862],[110.34816,-7.08862],[110.34826,-7.08871],[110.34826,-7.08878],[110.3482,-7.08887],[110.3481,-7.08894],[110.34802,-7.089],[110.3479,-7.08909],[110.3478,-7.08922],[110.3477,-7.08944],[110.34763,-7.08965],[110.34758,-7.09004],[110.34752,-7.09047],[110.34751,-7.09055],[110.34757,-7.09068],[110.34767,-7.09096],[110.34775,-7.09117],[110.34781,-7.09136],[110.34793,-7.09161],[110.34815,-7.09213],[110.34825,-7.09238],[110.34827,-7.09253],[110.34828,-7.09264],[110.34829,-7.0927],[110.3483,-7.09277],[110.34832,-7.09293],[110.34843,-7.09316],[110.34875,-7.09373],[110.34922,-7.0942],[110.34937,-7.09436],[110.34956,-7.09456],[110.34969,-7.09476],[110.34976,-7.09494],[110.34977,-7.09517],[110.34981,-7.09545],[110.34981,-7.0955],[110.34986,-7.09562],[110.34996,-7.09576],[110.35023,-7.09595],[110.35042,-7.09605],[110.35054,-7.09618],[110.35064,-7.0964],[110.35066,-7.09653],[110.35067,-7.09653],[110.35075,-7.09672],[110.35075,-7.09697],[110.3508,-7.09717],[110.35087,-7.09735],[110.35104,-7.09753],[110.35106,-7.09755],[110.35124,-7.0977],[110.3513,-7.09778],[110.35131,-7.0978],[110.35131,-7.09799],[110.35133,-7.09801],[110.35138,-7.09836],[110.35136,-7.09892],[110.35138,-7.09901],[110.35151,-7.09955],[110.35153,-7.09963],[110.35162,-7.09991],[110.35171,-7.10017],[110.35202,-7.10097],[110.35225,-7.10157],[110.35238,-7.10188],[110.3526,-7.1022],[110.3526,-7.10222],[110.35276,-7.10243],[110.35283,-7.10259],[110.35284,-7.10265],[110.35288,-7.10272],[110.35289,-7.10288],[110.35288,-7.10294],[110.35289,-7.10295],[110.35441,-7.10338],[110.35498,-7.10371],[110.3553,-7.1042],[110.35555,-7.10444],[110.35587,-7.10452],[110.35636,-7.10453],[110.35669,-7.10444],[110.35685,-7.10436],[110.35701,-7.10404],[110.35726,-7.10371],[110.35775,-7.10347],[110.3584,-7.10323],[110.3588,-7.10307],[110.35937,-7.10299],[110.36003,-7.10282],[110.36068,-7.10282],[110.36206,-7.10331],[110.36327,-7.10373],[110.36326,-7.10361],[110.36329,-7.1032],[110.36338,-7.10278],[110.36339,-7.10273],[110.36375,-7.1027],[110.3646,-7.10253],[110.36482,-7.10258],[110.36496,-7.10268],[110.36511,-7.10283],[110.36569,-7.10267],[110.36579,-7.10257],[110.3659,-7.10239],[110.36599,-7.10204],[110.36633,-7.10084],[110.36641,-7.10065],[110.36656,-7.10051],[110.36662,-7.10049],[110.3666,-7.10048],[110.36643,-7.10035],[110.36602,-7.1],[110.36568,-7.09964],[110.36556,-7.09951],[110.36522,-7.09915],[110.36519,-7.09902],[110.3652,-7.09881],[110.3652,-7.09847],[110.3652,-7.09845],[110.36514,-7.09826],[110.36498,-7.09794],[110.36479,-7.09768],[110.36462,-7.09756],[110.36437,-7.09745],[110.36385,-7.09728],[110.36367,-7.09716],[110.36361,-7.09705],[110.3636,-7.09694],[110.36366,-7.09681],[110.36383,-7.09648],[110.36378,-7.09642],[110.36369,-7.09639],[110.36332,-7.0963],[110.36328,-7.09623],[110.3633,-7.09612],[110.36337,-7.09594],[110.36349,-7.09563],[110.36349,-7.09547],[110.36344,-7.09533],[110.36332,-7.09515],[110.36307,-7.09488],[110.36249,-7.09431],[110.36228,-7.09411],[110.36217,-7.09409],[110.3621,-7.09409],[110.36197,-7.09392],[110.36169,-7.09366],[110.36128,-7.09324],[110.36124,-7.09311],[110.36125,-7.09293],[110.3613,-7.09276],[110.36141,-7.09259],[110.36173,-7.0921],[110.36173,-7.09192],[110.36167,-7.09165],[110.36156,-7.09132],[110.36148,-7.09117],[110.3613,-7.09078],[110.36118,-7.09052],[110.36118,-7.09038],[110.36123,-7.09026],[110.36135,-7.09014],[110.36152,-7.09004],[110.36172,-7.08996],[110.36185,-7.08987],[110.36215,-7.08965],[110.36228,-7.08967],[110.36233,-7.08968],[110.36266,-7.08977],[110.36286,-7.0898],[110.36295,-7.08978],[110.36307,-7.08976],[110.36374,-7.08963],[110.3643,-7.08952],[110.36447,-7.08943],[110.36456,-7.08932],[110.36466,-7.08908],[110.36471,-7.08883],[110.36468,-7.08856],[110.3646,-7.08827],[110.36446,-7.08794],[110.36429,-7.08767],[110.36412,-7.0874],[110.36408,-7.08721],[110.3641,-7.087],[110.3641,-7.08696],[110.36415,-7.08637],[110.36412,-7.08597],[110.36411,-7.08587],[110.36414,-7.08567],[110.36427,-7.0854],[110.36442,-7.08508],[110.36446,-7.08495],[110.36458,-7.08458],[110.36474,-7.08417],[110.36476,-7.08391],[110.3648,-7.08327],[110.36485,-7.08319],[110.36494,-7.08313],[110.36509,-7.08313],[110.36606,-7.08317],[110.36666,-7.0833],[110.36677,-7.08326],[110.36685,-7.08316],[110.3669,-7.08303],[110.36698,-7.08275],[110.36705,-7.08245],[110.36704,-7.08212],[110.36711,-7.08203],[110.36722,-7.08197],[110.36741,-7.08194],[110.36801,-7.08186],[110.36814,-7.08174],[110.36833,-7.08156]]]}},{"type":"Feature","properties":{"id":"ADM-GUNUNGPATI-JATIREJO","name":"Jatirejo","source_name":"Jatirejo","type":"Kelurahan","category":"Administrasi kota","kecamatan":"Gunungpati","kabupaten":"Kota Semarang","catatan":"Batas kelurahan dari berkas vektor kota. Serpihan dan wilayah luar kota dibuang. Kecamatan mengikuti daftar resmi, bukan kolom asli berkas.","status":"Batas administrasi"},"geometry":{"type":"Polygon","coordinates":[[[110.34644,-7.041],[110.34622,-7.04102],[110.34596,-7.04103],[110.34552,-7.04096],[110.34528,-7.04088],[110.34509,-7.0408],[110.34501,-7.04081],[110.34484,-7.04095],[110.34476,-7.04105],[110.34471,-7.04121],[110.34475,-7.04167],[110.34492,-7.04259],[110.34501,-7.04306],[110.34507,-7.04341],[110.34507,-7.04379],[110.34498,-7.04432],[110.34478,-7.0451],[110.34455,-7.04559],[110.34385,-7.04664],[110.34356,-7.04691],[110.34328,-7.04711],[110.34269,-7.04753],[110.34242,-7.04769],[110.34212,-7.04781],[110.34173,-7.04786],[110.34136,-7.04792],[110.34022,-7.04807],[110.34005,-7.04812],[110.33993,-7.04819],[110.33987,-7.0483],[110.33987,-7.04843],[110.33999,-7.04865],[110.34046,-7.04904],[110.34098,-7.04959],[110.34118,-7.04984],[110.34129,-7.05009],[110.34136,-7.05034],[110.34138,-7.05068],[110.34137,-7.05087],[110.34131,-7.05101],[110.34121,-7.05112],[110.34107,-7.05118],[110.34093,-7.05117],[110.34071,-7.05109],[110.34064,-7.05106],[110.34051,-7.05105],[110.34037,-7.05109],[110.34024,-7.0512],[110.34016,-7.05134],[110.34014,-7.05166],[110.34019,-7.0518],[110.34031,-7.05197],[110.34058,-7.0522],[110.34118,-7.05249],[110.34154,-7.05269],[110.34183,-7.05289],[110.34193,-7.05299],[110.34193,-7.05301],[110.34197,-7.0531],[110.34194,-7.05323],[110.34185,-7.05333],[110.34171,-7.05339],[110.34126,-7.05331],[110.34087,-7.05316],[110.34067,-7.05307],[110.34051,-7.05305],[110.34046,-7.05306],[110.34039,-7.05308],[110.3403,-7.05315],[110.34026,-7.05324],[110.34069,-7.05397],[110.3409,-7.05426],[110.3411,-7.05454],[110.34147,-7.05494],[110.34173,-7.05513],[110.34194,-7.05527],[110.34233,-7.05565],[110.34245,-7.05581],[110.34249,-7.05592],[110.34247,-7.05603],[110.34238,-7.05619],[110.34223,-7.05632],[110.3421,-7.05639],[110.341,-7.05636],[110.34086,-7.05637],[110.34074,-7.05643],[110.34063,-7.0566],[110.34062,-7.05663],[110.34052,-7.05681],[110.34037,-7.05695],[110.34028,-7.0571],[110.34025,-7.05715],[110.33999,-7.05797],[110.33982,-7.05873],[110.33978,-7.05919],[110.3398,-7.0594],[110.33989,-7.0597],[110.34,-7.05998],[110.34002,-7.06015],[110.33992,-7.0605],[110.33963,-7.06121],[110.33953,-7.0617],[110.33943,-7.06224],[110.33937,-7.06268],[110.33937,-7.06291],[110.3394,-7.06302],[110.33947,-7.06308],[110.33972,-7.06309],[110.34008,-7.06302],[110.34031,-7.06296],[110.34043,-7.06296],[110.34053,-7.06302],[110.34074,-7.06325],[110.34096,-7.0636],[110.34124,-7.0641],[110.34143,-7.0644],[110.34162,-7.06486],[110.34167,-7.06508],[110.3414,-7.06564],[110.34134,-7.06579],[110.34132,-7.06609],[110.34135,-7.06642],[110.34146,-7.06672],[110.34242,-7.06792],[110.34257,-7.06812],[110.34264,-7.06826],[110.34266,-7.06864],[110.34242,-7.06921],[110.34234,-7.0694],[110.34227,-7.06968],[110.34221,-7.06977],[110.3421,-7.06982],[110.34193,-7.06983],[110.34136,-7.06959],[110.34117,-7.06952],[110.34099,-7.06951],[110.34087,-7.06955],[110.3408,-7.06963],[110.34078,-7.06971],[110.34085,-7.06984],[110.34106,-7.07003],[110.34137,-7.07023],[110.34169,-7.07041],[110.34189,-7.07059],[110.34203,-7.07079],[110.34216,-7.07113],[110.34225,-7.07141],[110.34231,-7.07155],[110.34256,-7.07129],[110.34267,-7.07126],[110.34281,-7.0712],[110.34291,-7.07116],[110.34293,-7.07116],[110.34312,-7.07114],[110.34335,-7.07103],[110.34357,-7.07087],[110.34383,-7.07059],[110.34399,-7.07035],[110.34421,-7.07011],[110.34424,-7.07007],[110.34456,-7.06988],[110.34493,-7.06972],[110.34512,-7.06968],[110.34544,-7.0697],[110.34633,-7.06992],[110.34659,-7.06923],[110.34701,-7.06815],[110.34711,-7.06781],[110.34723,-7.06774],[110.34738,-7.0677],[110.34756,-7.0677],[110.34778,-7.06773],[110.34793,-7.06779],[110.34827,-7.06792],[110.34843,-7.06796],[110.3486,-7.06796],[110.34888,-7.06794],[110.34917,-7.06792],[110.34931,-7.06791],[110.34951,-7.06784],[110.34969,-7.06776],[110.34981,-7.0676],[110.34989,-7.06742],[110.34991,-7.06694],[110.34988,-7.06671],[110.34978,-7.06658],[110.34955,-7.06642],[110.3493,-7.06631],[110.34912,-7.06618],[110.34897,-7.06597],[110.34892,-7.06569],[110.34895,-7.06535],[110.34904,-7.06503],[110.34935,-7.06403],[110.34953,-7.06346],[110.34955,-7.06319],[110.34957,-7.0628],[110.34956,-7.06227],[110.34943,-7.05909],[110.3494,-7.05901],[110.3493,-7.05887],[110.34924,-7.05875],[110.34922,-7.05852],[110.34918,-7.05837],[110.34906,-7.05822],[110.3488,-7.05792],[110.34843,-7.05746],[110.34828,-7.0571],[110.34809,-7.05672],[110.34787,-7.05636],[110.34764,-7.05573],[110.34757,-7.05538],[110.34758,-7.0552],[110.34767,-7.0546],[110.34764,-7.05439],[110.34753,-7.05406],[110.34726,-7.05339],[110.34727,-7.05315],[110.34731,-7.05303],[110.34755,-7.05267],[110.3477,-7.05253],[110.34788,-7.05235],[110.34838,-7.05175],[110.34863,-7.05163],[110.34892,-7.05154],[110.34907,-7.05147],[110.34911,-7.05143],[110.34914,-7.05115],[110.34911,-7.05098],[110.3491,-7.05088],[110.34906,-7.05065],[110.34906,-7.05019],[110.34912,-7.04988],[110.34917,-7.04944],[110.34913,-7.04901],[110.34904,-7.04884],[110.3488,-7.04843],[110.34876,-7.04822],[110.34881,-7.048],[110.34887,-7.04779],[110.34884,-7.04766],[110.34877,-7.04755],[110.34856,-7.04734],[110.34843,-7.04725],[110.34842,-7.04724],[110.3482,-7.04712],[110.34819,-7.04711],[110.34801,-7.047],[110.34777,-7.04683],[110.34768,-7.04673],[110.34756,-7.04659],[110.34723,-7.04615],[110.34717,-7.04587],[110.34718,-7.04585],[110.3472,-7.04571],[110.34721,-7.04551],[110.34718,-7.04544],[110.34708,-7.04538],[110.34692,-7.04536],[110.3467,-7.04532],[110.34656,-7.04525],[110.34649,-7.04517],[110.34642,-7.04501],[110.34642,-7.04479],[110.34638,-7.04458],[110.34634,-7.04428],[110.34639,-7.04422],[110.34651,-7.04422],[110.34669,-7.04428],[110.34678,-7.04429],[110.34684,-7.04423],[110.34684,-7.04415],[110.34679,-7.04394],[110.34672,-7.04374],[110.34676,-7.04366],[110.34684,-7.04363],[110.34695,-7.04366],[110.34717,-7.04372],[110.34724,-7.04365],[110.3473,-7.04351],[110.34743,-7.0432],[110.3475,-7.04302],[110.34752,-7.04274],[110.34749,-7.04264],[110.34742,-7.04263],[110.34718,-7.04259],[110.34717,-7.0425],[110.34721,-7.0423],[110.34735,-7.04188],[110.34731,-7.04167],[110.34715,-7.04138],[110.34709,-7.04131],[110.34701,-7.04131],[110.34684,-7.04136],[110.34669,-7.04137],[110.34654,-7.04133],[110.34649,-7.04126],[110.34644,-7.041]]]}},{"type":"Feature","properties":{"id":"ADM-GUNUNGPATI-KALISEGORO","name":"Kalisegoro","source_name":"Kalisegoro","type":"Kelurahan","category":"Administrasi kota","kecamatan":"Gunungpati","kabupaten":"Kota Semarang","catatan":"Batas kelurahan dari berkas vektor kota. Serpihan dan wilayah luar kota dibuang. Kecamatan mengikuti daftar resmi, bukan kolom asli berkas.","status":"Batas administrasi"},"geometry":{"type":"Polygon","coordinates":[[[110.39285,-7.05813],[110.39286,-7.05811],[110.39274,-7.05794],[110.39263,-7.05779],[110.39257,-7.05761],[110.39253,-7.05742],[110.39252,-7.05729],[110.39245,-7.05722],[110.39234,-7.05719],[110.39211,-7.05737],[110.39175,-7.05756],[110.39155,-7.05762],[110.39146,-7.05763],[110.39134,-7.05757],[110.3912,-7.0574],[110.39111,-7.05728],[110.39105,-7.05688],[110.391,-7.05666],[110.39092,-7.05652],[110.39081,-7.05643],[110.39075,-7.05639],[110.39071,-7.05623],[110.39061,-7.05592],[110.39054,-7.05569],[110.3905,-7.05558],[110.39054,-7.05539],[110.39059,-7.05523],[110.39058,-7.05514],[110.39053,-7.05506],[110.39042,-7.05503],[110.39026,-7.05509],[110.39018,-7.05512],[110.39009,-7.05507],[110.39007,-7.05505],[110.38992,-7.05489],[110.38985,-7.05482],[110.38967,-7.05466],[110.38949,-7.05465],[110.38935,-7.05456],[110.38901,-7.05436],[110.38894,-7.05431],[110.38896,-7.05409],[110.38902,-7.05374],[110.38902,-7.05362],[110.38895,-7.05349],[110.38888,-7.05343],[110.38874,-7.05352],[110.38865,-7.05359],[110.38856,-7.0536],[110.38839,-7.05356],[110.38831,-7.05351],[110.38827,-7.05343],[110.38828,-7.0533],[110.38834,-7.05314],[110.38833,-7.05306],[110.38827,-7.05299],[110.38804,-7.05296],[110.38789,-7.05295],[110.38781,-7.0529],[110.38775,-7.0527],[110.38773,-7.05258],[110.38769,-7.05257],[110.38749,-7.05249],[110.38716,-7.05236],[110.38682,-7.05217],[110.38676,-7.05212],[110.38659,-7.05198],[110.38655,-7.05194],[110.38649,-7.05189],[110.3863,-7.05185],[110.38602,-7.05165],[110.38593,-7.05159],[110.38569,-7.0516],[110.38555,-7.05159],[110.38546,-7.05156],[110.38541,-7.05134],[110.38537,-7.05125],[110.38521,-7.05115],[110.38495,-7.05114],[110.38484,-7.05111],[110.3841,-7.05084],[110.38397,-7.05077],[110.38383,-7.05063],[110.38369,-7.05045],[110.38341,-7.05009],[110.38329,-7.04999],[110.38299,-7.04971],[110.38282,-7.04959],[110.38252,-7.04941],[110.3821,-7.049],[110.38204,-7.0489],[110.38203,-7.0488],[110.38205,-7.04875],[110.38209,-7.04866],[110.38214,-7.04858],[110.38214,-7.04837],[110.38213,-7.04822],[110.38211,-7.04804],[110.38211,-7.04797],[110.38213,-7.0479],[110.3821,-7.04784],[110.38203,-7.04774],[110.38191,-7.04765],[110.38169,-7.04765],[110.38159,-7.04764],[110.38145,-7.0476],[110.3813,-7.04761],[110.38108,-7.04765],[110.38087,-7.04761],[110.38069,-7.04754],[110.38063,-7.04748],[110.38066,-7.04729],[110.38067,-7.04718],[110.38055,-7.04707],[110.38052,-7.04702],[110.38052,-7.04671],[110.38051,-7.04643],[110.38051,-7.04637],[110.38052,-7.04627],[110.38065,-7.04592],[110.38071,-7.04577],[110.38071,-7.04574],[110.38071,-7.0456],[110.38065,-7.04545],[110.38055,-7.04531],[110.38041,-7.0452],[110.3803,-7.04516],[110.38,-7.04523],[110.37992,-7.04514],[110.37973,-7.04491],[110.37966,-7.04479],[110.3796,-7.04464],[110.37959,-7.04452],[110.3796,-7.04442],[110.37972,-7.04428],[110.3799,-7.04416],[110.38008,-7.04413],[110.3803,-7.04413],[110.38045,-7.04408],[110.38049,-7.04399],[110.38047,-7.04377],[110.38024,-7.04312],[110.38008,-7.04264],[110.37997,-7.04232],[110.37989,-7.04212],[110.37977,-7.04189],[110.37968,-7.04173],[110.37965,-7.0416],[110.37965,-7.04128],[110.37973,-7.04114],[110.37984,-7.04102],[110.38006,-7.04086],[110.38027,-7.04077],[110.38055,-7.04061],[110.38076,-7.04047],[110.38085,-7.04032],[110.38093,-7.04001],[110.38091,-7.03967],[110.38088,-7.0392],[110.38085,-7.03892],[110.38081,-7.03875],[110.3807,-7.03858],[110.3806,-7.03851],[110.38031,-7.03851],[110.37976,-7.03847],[110.37952,-7.03845],[110.37946,-7.03842],[110.37922,-7.03809],[110.37905,-7.03792],[110.37889,-7.03789],[110.37873,-7.03795],[110.37841,-7.03805],[110.37827,-7.03807],[110.37808,-7.03807],[110.37795,-7.03806],[110.37797,-7.03844],[110.37807,-7.03868],[110.37834,-7.03901],[110.37877,-7.03946],[110.37883,-7.0396],[110.37883,-7.03987],[110.37873,-7.04014],[110.37848,-7.0403],[110.37821,-7.04044],[110.37793,-7.04075],[110.37774,-7.04099],[110.37772,-7.04116],[110.37771,-7.04143],[110.37768,-7.04187],[110.37763,-7.04211],[110.37756,-7.04229],[110.37744,-7.04242],[110.37725,-7.04254],[110.37698,-7.0427],[110.37683,-7.04283],[110.37671,-7.04301],[110.37664,-7.04325],[110.37661,-7.04361],[110.37665,-7.04405],[110.37664,-7.04438],[110.37661,-7.04458],[110.37652,-7.04474],[110.37638,-7.04483],[110.37622,-7.04492],[110.37601,-7.04498],[110.37574,-7.0451],[110.37558,-7.04514],[110.37543,-7.04521],[110.37526,-7.04527],[110.375,-7.04531],[110.37466,-7.04547],[110.37449,-7.04562],[110.37439,-7.04579],[110.37435,-7.04598],[110.37428,-7.04626],[110.37426,-7.04648],[110.37426,-7.04668],[110.37427,-7.04686],[110.37426,-7.04719],[110.37423,-7.04738],[110.37413,-7.04757],[110.3741,-7.04763],[110.37399,-7.04776],[110.37386,-7.04783],[110.37366,-7.04798],[110.37345,-7.0481],[110.37337,-7.04816],[110.3726,-7.04869],[110.37246,-7.04887],[110.37244,-7.04897],[110.3724,-7.04911],[110.37231,-7.04933],[110.37218,-7.04964],[110.37215,-7.04984],[110.37215,-7.04998],[110.37212,-7.05036],[110.3722,-7.0509],[110.37221,-7.05096],[110.37222,-7.0512],[110.37219,-7.05141],[110.37212,-7.05158],[110.37205,-7.0518],[110.372,-7.05193],[110.37188,-7.05225],[110.37175,-7.05254],[110.37169,-7.05268],[110.37168,-7.0529],[110.37172,-7.05311],[110.37179,-7.05328],[110.37216,-7.05362],[110.37239,-7.05382],[110.37245,-7.05392],[110.37243,-7.05433],[110.37238,-7.05462],[110.37236,-7.05465],[110.37241,-7.05468],[110.37282,-7.05484],[110.37288,-7.0549],[110.37288,-7.05497],[110.37288,-7.05507],[110.37297,-7.05513],[110.37313,-7.05522],[110.37316,-7.05544],[110.37325,-7.05547],[110.37338,-7.05547],[110.37349,-7.05542],[110.3736,-7.0553],[110.37371,-7.05518],[110.37379,-7.05518],[110.37421,-7.05523],[110.37432,-7.05526],[110.37441,-7.05535],[110.37445,-7.05547],[110.37452,-7.05575],[110.37461,-7.05584],[110.37468,-7.05586],[110.37472,-7.05585],[110.37474,-7.05591],[110.3749,-7.05617],[110.37496,-7.05637],[110.375,-7.05646],[110.37506,-7.05661],[110.37513,-7.05667],[110.37515,-7.05667],[110.37517,-7.05671],[110.37517,-7.05684],[110.37518,-7.05723],[110.3752,-7.05758],[110.3752,-7.05769],[110.37523,-7.0578],[110.3753,-7.05788],[110.3754,-7.0579],[110.37573,-7.05792],[110.37586,-7.05801],[110.37591,-7.05811],[110.37591,-7.0582],[110.37591,-7.05839],[110.37601,-7.05871],[110.37612,-7.05888],[110.37639,-7.05918],[110.37693,-7.05984],[110.37694,-7.06],[110.37689,-7.06037],[110.37683,-7.06046],[110.37675,-7.06054],[110.3768,-7.06072],[110.37688,-7.06081],[110.37701,-7.06088],[110.37709,-7.06095],[110.37714,-7.061],[110.37722,-7.06113],[110.37751,-7.06184],[110.37759,-7.06205],[110.37769,-7.0622],[110.37778,-7.06228],[110.37804,-7.06246],[110.37805,-7.06257],[110.37808,-7.06282],[110.37816,-7.0629],[110.37825,-7.06293],[110.37859,-7.06303],[110.37903,-7.0634],[110.37923,-7.06369],[110.37933,-7.06395],[110.37942,-7.06415],[110.37958,-7.0643],[110.37971,-7.06436],[110.37983,-7.06442],[110.37985,-7.0645],[110.37984,-7.06459],[110.37983,-7.0646],[110.37961,-7.06494],[110.37955,-7.06509],[110.37945,-7.06514],[110.37931,-7.06516],[110.3792,-7.06517],[110.37905,-7.0652],[110.37899,-7.06527],[110.37899,-7.06537],[110.37903,-7.06554],[110.37912,-7.06562],[110.37924,-7.06565],[110.37947,-7.06563],[110.37956,-7.06557],[110.37965,-7.06553],[110.37971,-7.06555],[110.3798,-7.06567],[110.37992,-7.06586],[110.38009,-7.06609],[110.38018,-7.06625],[110.38023,-7.06645],[110.38031,-7.06677],[110.38037,-7.06683],[110.38051,-7.06684],[110.38071,-7.0668],[110.38086,-7.06677],[110.38109,-7.06674],[110.38131,-7.06667],[110.38182,-7.0667],[110.38189,-7.0667],[110.38192,-7.06671],[110.38206,-7.06675],[110.38243,-7.06683],[110.38251,-7.0668],[110.38283,-7.06662],[110.38303,-7.06651],[110.38316,-7.06645],[110.38329,-7.06638],[110.38344,-7.0663],[110.38375,-7.06613],[110.38399,-7.06611],[110.3846,-7.06613],[110.38514,-7.06616],[110.38537,-7.06618],[110.38543,-7.06619],[110.38561,-7.06622],[110.38579,-7.06619],[110.38626,-7.06612],[110.38626,-7.06609],[110.3863,-7.06542],[110.38634,-7.06502],[110.38639,-7.06461],[110.38653,-7.0638],[110.38681,-7.06317],[110.38696,-7.06294],[110.38714,-7.06268],[110.38745,-7.06229],[110.38756,-7.06214],[110.38766,-7.06201],[110.38787,-7.06182],[110.38791,-7.06179],[110.38817,-7.06148],[110.38827,-7.06133],[110.38877,-7.06058],[110.38879,-7.06054],[110.38885,-7.06046],[110.38886,-7.06045],[110.38916,-7.06021],[110.38925,-7.06016],[110.38933,-7.0601],[110.38955,-7.05995],[110.38976,-7.05982],[110.39015,-7.05958],[110.3902,-7.05955],[110.3905,-7.05929],[110.39098,-7.05886],[110.39126,-7.05861],[110.3913,-7.05858],[110.39144,-7.05854],[110.39199,-7.05837],[110.3922,-7.05832],[110.39226,-7.0583],[110.39249,-7.05821],[110.39285,-7.05813]]]}},{"type":"Feature","properties":{"id":"ADM-GUNUNGPATI-KANDRI","name":"Kandri","source_name":"Kandri","type":"Kelurahan","category":"Administrasi kota","kecamatan":"Gunungpati","kabupaten":"Kota Semarang","catatan":"Batas kelurahan dari berkas vektor kota. Serpihan dan wilayah luar kota dibuang. Kecamatan mengikuti daftar resmi, bukan kolom asli berkas.","status":"Batas administrasi"},"geometry":{"type":"Polygon","coordinates":[[[110.36039,-7.04354],[110.36052,-7.04317],[110.36054,-7.04299],[110.3604,-7.04252],[110.36037,-7.04235],[110.36041,-7.04204],[110.36049,-7.04178],[110.36056,-7.04164],[110.36078,-7.04139],[110.36057,-7.04128],[110.36026,-7.04116],[110.36009,-7.04108],[110.35988,-7.04098],[110.35985,-7.04097],[110.3595,-7.0408],[110.35921,-7.04068],[110.35903,-7.04061],[110.35887,-7.04057],[110.35868,-7.04053],[110.3587,-7.0404],[110.35877,-7.04006],[110.35897,-7.03973],[110.35901,-7.03962],[110.35896,-7.03951],[110.3589,-7.03941],[110.35888,-7.03929],[110.35891,-7.03909],[110.35895,-7.03895],[110.35907,-7.03873],[110.35909,-7.03865],[110.35904,-7.03854],[110.35871,-7.03836],[110.35856,-7.03826],[110.35849,-7.03818],[110.35845,-7.03803],[110.35848,-7.03794],[110.35871,-7.03773],[110.3588,-7.03764],[110.35888,-7.03741],[110.35892,-7.0373],[110.35935,-7.03718],[110.35945,-7.03714],[110.35952,-7.03705],[110.35949,-7.0369],[110.35884,-7.03621],[110.35879,-7.03615],[110.35867,-7.03602],[110.35862,-7.03592],[110.35861,-7.03578],[110.35863,-7.03568],[110.35873,-7.03554],[110.35885,-7.03545],[110.359,-7.03542],[110.35911,-7.03544],[110.35924,-7.03546],[110.35949,-7.03552],[110.35967,-7.0355],[110.35978,-7.03549],[110.35984,-7.03552],[110.35989,-7.03567],[110.35992,-7.03577],[110.36003,-7.03587],[110.36009,-7.03589],[110.36016,-7.03586],[110.3602,-7.03574],[110.36009,-7.03523],[110.35995,-7.03487],[110.35986,-7.03472],[110.35982,-7.0347],[110.35933,-7.03449],[110.35927,-7.03444],[110.35924,-7.03428],[110.35926,-7.03419],[110.35937,-7.0341],[110.35949,-7.03407],[110.35994,-7.03408],[110.36008,-7.03405],[110.36029,-7.034],[110.3605,-7.03397],[110.36065,-7.03393],[110.36074,-7.03386],[110.36079,-7.03376],[110.3608,-7.03371],[110.36062,-7.03356],[110.36048,-7.03348],[110.36033,-7.03343],[110.36,-7.0333],[110.35984,-7.03325],[110.35956,-7.03313],[110.35944,-7.03301],[110.35938,-7.0329],[110.35941,-7.03252],[110.35941,-7.0325],[110.35944,-7.03234],[110.35951,-7.03196],[110.3595,-7.03176],[110.35946,-7.03145],[110.35945,-7.03124],[110.35933,-7.03062],[110.35932,-7.03049],[110.35873,-7.03075],[110.35846,-7.03086],[110.35828,-7.03087],[110.35794,-7.03081],[110.3575,-7.03066],[110.35733,-7.0306],[110.35716,-7.03057],[110.35702,-7.03064],[110.35693,-7.03072],[110.35692,-7.03082],[110.35693,-7.03093],[110.35708,-7.03115],[110.35726,-7.03136],[110.35751,-7.03167],[110.35763,-7.03188],[110.35768,-7.03204],[110.35771,-7.03222],[110.35768,-7.03235],[110.35756,-7.03252],[110.35733,-7.03272],[110.35688,-7.03306],[110.35645,-7.03326],[110.35601,-7.03335],[110.3557,-7.03334],[110.35545,-7.03328],[110.3551,-7.03291],[110.35472,-7.03251],[110.35441,-7.03216],[110.35422,-7.032],[110.35406,-7.03183],[110.35392,-7.0318],[110.35378,-7.03182],[110.35371,-7.0319],[110.35361,-7.03207],[110.35359,-7.0321],[110.35341,-7.03246],[110.35331,-7.03253],[110.35302,-7.03265],[110.35273,-7.03278],[110.35265,-7.03286],[110.35259,-7.033],[110.35253,-7.03319],[110.35244,-7.03338],[110.35223,-7.03367],[110.35212,-7.03377],[110.35198,-7.03384],[110.35195,-7.03385],[110.3516,-7.03397],[110.35147,-7.03407],[110.35135,-7.0342],[110.35109,-7.03482],[110.351,-7.0351],[110.35079,-7.03571],[110.35075,-7.03575],[110.35055,-7.03637],[110.35048,-7.03661],[110.34947,-7.03783],[110.34936,-7.03795],[110.34923,-7.03803],[110.34923,-7.03804],[110.34909,-7.03806],[110.34881,-7.03802],[110.34859,-7.03794],[110.34847,-7.03786],[110.3484,-7.03774],[110.34839,-7.03762],[110.34848,-7.03744],[110.34893,-7.03698],[110.34903,-7.03687],[110.34905,-7.03678],[110.349,-7.03668],[110.34885,-7.03657],[110.34855,-7.03648],[110.34766,-7.03612],[110.34745,-7.03596],[110.34722,-7.03578],[110.34703,-7.0357],[110.34692,-7.03568],[110.34678,-7.03576],[110.34667,-7.03585],[110.34662,-7.036],[110.3466,-7.03622],[110.34646,-7.03701],[110.34644,-7.03725],[110.34635,-7.0375],[110.3462,-7.03785],[110.34617,-7.03801],[110.34616,-7.03806],[110.34619,-7.03827],[110.34631,-7.03848],[110.34649,-7.03872],[110.34678,-7.03948],[110.34691,-7.03996],[110.34695,-7.04024],[110.34693,-7.04042],[110.34681,-7.04071],[110.34672,-7.04087],[110.34669,-7.0409],[110.34644,-7.041],[110.34649,-7.04126],[110.34654,-7.04133],[110.34669,-7.04137],[110.34684,-7.04136],[110.34701,-7.04131],[110.34709,-7.04131],[110.34715,-7.04138],[110.34731,-7.04167],[110.34735,-7.04188],[110.34721,-7.0423],[110.34717,-7.0425],[110.34718,-7.04259],[110.34742,-7.04263],[110.34749,-7.04264],[110.34752,-7.04274],[110.3475,-7.04302],[110.34743,-7.0432],[110.3473,-7.04351],[110.34724,-7.04365],[110.34717,-7.04372],[110.34695,-7.04366],[110.34684,-7.04363],[110.34676,-7.04366],[110.34672,-7.04374],[110.34679,-7.04394],[110.34684,-7.04415],[110.34684,-7.04423],[110.34678,-7.04429],[110.34669,-7.04428],[110.34651,-7.04422],[110.34639,-7.04422],[110.34634,-7.04428],[110.34638,-7.04458],[110.34642,-7.04479],[110.34642,-7.04501],[110.34649,-7.04517],[110.34656,-7.04525],[110.3467,-7.04532],[110.34692,-7.04536],[110.34708,-7.04538],[110.34718,-7.04544],[110.34721,-7.04551],[110.3472,-7.04571],[110.34718,-7.04585],[110.34717,-7.04587],[110.34723,-7.04615],[110.34756,-7.04659],[110.34768,-7.04673],[110.34777,-7.04683],[110.34801,-7.047],[110.34819,-7.04711],[110.3482,-7.04712],[110.34842,-7.04724],[110.34843,-7.04725],[110.34856,-7.04734],[110.34877,-7.04755],[110.34884,-7.04766],[110.34887,-7.04779],[110.34881,-7.048],[110.34876,-7.04822],[110.3488,-7.04843],[110.34904,-7.04884],[110.34913,-7.04901],[110.34917,-7.04944],[110.34912,-7.04988],[110.34906,-7.05019],[110.34906,-7.05065],[110.3491,-7.05088],[110.34911,-7.05098],[110.34914,-7.05115],[110.34911,-7.05143],[110.34907,-7.05147],[110.34892,-7.05154],[110.34863,-7.05163],[110.34838,-7.05175],[110.34788,-7.05235],[110.3477,-7.05253],[110.34755,-7.05267],[110.34731,-7.05303],[110.34727,-7.05315],[110.34726,-7.05339],[110.34753,-7.05406],[110.34764,-7.05439],[110.34767,-7.0546],[110.34758,-7.0552],[110.34757,-7.05538],[110.34764,-7.05573],[110.34787,-7.05636],[110.34809,-7.05672],[110.34828,-7.0571],[110.34843,-7.05746],[110.3488,-7.05792],[110.34906,-7.05822],[110.34918,-7.05837],[110.34922,-7.05852],[110.34924,-7.05875],[110.3493,-7.05887],[110.3494,-7.05901],[110.34943,-7.05909],[110.34956,-7.06227],[110.34957,-7.0628],[110.34955,-7.06319],[110.34953,-7.06346],[110.34935,-7.06403],[110.34904,-7.06503],[110.35377,-7.06513],[110.35669,-7.06722],[110.35886,-7.06877],[110.35896,-7.06755],[110.3589,-7.06617],[110.35869,-7.06602],[110.35851,-7.0659],[110.35837,-7.06572],[110.35832,-7.06562],[110.35825,-7.06542],[110.35818,-7.06523],[110.35813,-7.06512],[110.35812,-7.06483],[110.35821,-7.06445],[110.35824,-7.06434],[110.3583,-7.06413],[110.35836,-7.06392],[110.35847,-7.06356],[110.35852,-7.06339],[110.35879,-7.0626],[110.35891,-7.06227],[110.35895,-7.06211],[110.359,-7.06187],[110.35903,-7.06177],[110.35905,-7.0617],[110.35907,-7.06161],[110.35908,-7.06151],[110.35908,-7.06148],[110.35907,-7.06137],[110.35909,-7.06129],[110.35953,-7.06061],[110.35969,-7.06041],[110.35982,-7.06024],[110.35993,-7.06006],[110.36008,-7.05982],[110.36035,-7.05917],[110.36047,-7.05883],[110.36054,-7.05861],[110.36068,-7.05824],[110.36073,-7.05794],[110.36077,-7.05777],[110.36081,-7.05759],[110.36089,-7.05728],[110.36088,-7.05705],[110.36086,-7.05675],[110.36085,-7.05672],[110.36083,-7.05662],[110.36075,-7.0563],[110.36081,-7.05575],[110.36082,-7.05557],[110.36079,-7.05535],[110.36067,-7.05513],[110.3606,-7.05506],[110.36054,-7.055],[110.36008,-7.05457],[110.35994,-7.05443],[110.3597,-7.05397],[110.35936,-7.0536],[110.35923,-7.05345],[110.3591,-7.05311],[110.35908,-7.05298],[110.35907,-7.05288],[110.35911,-7.05258],[110.35913,-7.05217],[110.35913,-7.05215],[110.35901,-7.05165],[110.35898,-7.05152],[110.35905,-7.0513],[110.35915,-7.05106],[110.35925,-7.05092],[110.3593,-7.05075],[110.35933,-7.0506],[110.35938,-7.05034],[110.35939,-7.05019],[110.35934,-7.05],[110.35928,-7.04978],[110.35927,-7.04956],[110.35934,-7.04923],[110.35937,-7.04909],[110.35944,-7.0488],[110.35957,-7.04863],[110.35975,-7.04843],[110.3598,-7.04822],[110.35981,-7.04814],[110.35983,-7.04793],[110.35992,-7.04762],[110.36007,-7.04705],[110.36015,-7.04687],[110.36027,-7.04672],[110.36049,-7.04656],[110.3605,-7.04656],[110.36066,-7.04636],[110.36073,-7.0462],[110.36073,-7.04619],[110.36074,-7.04611],[110.36058,-7.04587],[110.36048,-7.04574],[110.36028,-7.04547],[110.36029,-7.04535],[110.36031,-7.04453],[110.36031,-7.04382],[110.36032,-7.04367],[110.36039,-7.04354]]]}},{"type":"Feature","properties":{"id":"ADM-GUNUNGPATI-MANGUNSARI","name":"Mangunsari","source_name":"Mangunsari","type":"Kelurahan","category":"Administrasi kota","kecamatan":"Gunungpati","kabupaten":"Kota Semarang","catatan":"Batas kelurahan dari berkas vektor kota. Serpihan dan wilayah luar kota dibuang. Kecamatan mengikuti daftar resmi, bukan kolom asli berkas.","status":"Batas administrasi"},"geometry":{"type":"Polygon","coordinates":[[[110.38856,-7.07521],[110.38824,-7.07513],[110.38806,-7.07507],[110.38804,-7.07506],[110.38784,-7.07499],[110.38635,-7.07449],[110.38604,-7.07436],[110.38597,-7.07435],[110.38575,-7.07429],[110.38564,-7.07426],[110.38467,-7.07407],[110.38337,-7.07399],[110.38335,-7.07399],[110.38325,-7.07406],[110.38318,-7.07412],[110.38295,-7.07432],[110.38275,-7.07456],[110.38263,-7.07487],[110.38252,-7.07517],[110.38252,-7.07534],[110.38253,-7.07569],[110.38247,-7.07581],[110.38232,-7.07599],[110.38223,-7.07611],[110.38206,-7.07627],[110.3819,-7.07643],[110.38165,-7.07669],[110.38143,-7.07677],[110.38121,-7.07681],[110.38102,-7.07681],[110.3803,-7.07683],[110.38004,-7.07684],[110.37984,-7.07695],[110.37954,-7.07719],[110.37877,-7.0778],[110.37857,-7.07803],[110.37806,-7.07867],[110.37791,-7.07886],[110.37768,-7.07922],[110.37755,-7.0793],[110.37743,-7.07937],[110.37721,-7.07946],[110.37705,-7.07949],[110.37693,-7.0795],[110.37626,-7.0796],[110.37592,-7.07968],[110.37511,-7.0798],[110.375,-7.07982],[110.3749,-7.07983],[110.37472,-7.07986],[110.37471,-7.07987],[110.37396,-7.07998],[110.37371,-7.08007],[110.37341,-7.08017],[110.37336,-7.08019],[110.37302,-7.08052],[110.37265,-7.08097],[110.37255,-7.081],[110.37234,-7.08107],[110.37232,-7.08116],[110.37215,-7.08182],[110.37242,-7.08206],[110.37238,-7.08232],[110.37232,-7.08245],[110.3722,-7.08253],[110.37201,-7.08255],[110.37183,-7.08258],[110.37179,-7.08271],[110.37184,-7.08284],[110.37192,-7.08287],[110.37208,-7.08293],[110.37209,-7.08311],[110.37226,-7.0833],[110.37219,-7.08342],[110.37208,-7.08366],[110.37211,-7.08367],[110.37215,-7.084],[110.37221,-7.08419],[110.37228,-7.08443],[110.37242,-7.08456],[110.37249,-7.08462],[110.37286,-7.0849],[110.37305,-7.08516],[110.37371,-7.0863],[110.37372,-7.08643],[110.37364,-7.0865],[110.37347,-7.08654],[110.37316,-7.0866],[110.37291,-7.08665],[110.37279,-7.08673],[110.37272,-7.08688],[110.37258,-7.08707],[110.37256,-7.0871],[110.37235,-7.08738],[110.37243,-7.08748],[110.37269,-7.08784],[110.37271,-7.08808],[110.37279,-7.08839],[110.37297,-7.08879],[110.37332,-7.08907],[110.37343,-7.08925],[110.3735,-7.08938],[110.37374,-7.08961],[110.37417,-7.08982],[110.37466,-7.09002],[110.37471,-7.09012],[110.37468,-7.09044],[110.37464,-7.09095],[110.37471,-7.09165],[110.37475,-7.09173],[110.37493,-7.09191],[110.375,-7.09197],[110.37512,-7.09208],[110.37533,-7.09231],[110.37555,-7.09255],[110.37607,-7.09291],[110.37621,-7.09307],[110.3764,-7.09338],[110.37662,-7.09379],[110.37695,-7.09414],[110.37707,-7.09431],[110.37711,-7.09452],[110.37717,-7.09475],[110.37719,-7.09482],[110.37726,-7.09488],[110.37743,-7.0949],[110.37768,-7.09484],[110.37827,-7.09469],[110.37848,-7.09471],[110.37862,-7.09481],[110.37868,-7.09495],[110.37882,-7.09518],[110.37893,-7.09527],[110.37933,-7.09545],[110.37951,-7.09543],[110.38009,-7.09533],[110.38058,-7.09504],[110.38111,-7.09447],[110.3823,-7.09349],[110.3827,-7.09335],[110.38286,-7.0933],[110.3832,-7.09341],[110.38347,-7.09375],[110.38396,-7.09452],[110.38451,-7.09561],[110.38481,-7.09608],[110.38498,-7.09622],[110.38502,-7.09636],[110.38501,-7.0966],[110.38504,-7.09673],[110.38526,-7.09715],[110.38526,-7.09718],[110.38563,-7.09715],[110.38589,-7.09715],[110.386,-7.09723],[110.38607,-7.09737],[110.3862,-7.09767],[110.38645,-7.09787],[110.3866,-7.09794],[110.38672,-7.098],[110.38689,-7.0981],[110.38698,-7.09823],[110.38706,-7.0984],[110.38732,-7.09845],[110.38758,-7.09854],[110.38789,-7.09868],[110.38808,-7.09867],[110.38825,-7.09869],[110.38859,-7.09885],[110.38922,-7.09909],[110.38946,-7.0991],[110.38986,-7.09918],[110.3898,-7.09901],[110.38963,-7.09868],[110.38955,-7.09853],[110.38951,-7.09842],[110.38951,-7.09815],[110.38951,-7.09808],[110.38954,-7.09731],[110.38958,-7.0966],[110.38959,-7.09655],[110.38959,-7.09622],[110.38953,-7.09574],[110.38941,-7.09504],[110.38924,-7.09398],[110.38914,-7.09314],[110.38905,-7.09233],[110.38899,-7.09184],[110.38891,-7.09105],[110.3889,-7.09091],[110.3888,-7.08934],[110.3887,-7.08906],[110.38869,-7.08902],[110.38867,-7.08899],[110.38843,-7.0886],[110.38831,-7.08837],[110.38819,-7.08815],[110.38789,-7.08748],[110.38758,-7.08675],[110.38739,-7.08629],[110.38718,-7.0858],[110.38721,-7.08554],[110.38723,-7.08537],[110.38725,-7.08519],[110.38727,-7.08492],[110.38731,-7.08459],[110.38727,-7.08431],[110.38726,-7.08423],[110.38722,-7.08383],[110.38722,-7.08376],[110.38722,-7.08369],[110.38717,-7.08282],[110.38721,-7.08252],[110.38737,-7.08179],[110.38746,-7.0815],[110.38763,-7.08099],[110.38773,-7.08072],[110.38786,-7.0803],[110.38786,-7.07998],[110.38777,-7.07922],[110.38775,-7.07896],[110.38766,-7.07866],[110.38765,-7.07863],[110.38763,-7.07858],[110.38758,-7.07838],[110.38758,-7.07811],[110.38766,-7.07745],[110.38773,-7.07711],[110.3878,-7.07686],[110.38805,-7.0764],[110.38825,-7.07592],[110.38856,-7.07521]]]}},{"type":"Feature","properties":{"id":"ADM-GUNUNGPATI-NGIJO","name":"Ngijo","source_name":"Ngijo","type":"Kelurahan","category":"Administrasi kota","kecamatan":"Gunungpati","kabupaten":"Kota Semarang","catatan":"Batas kelurahan dari berkas vektor kota. Serpihan dan wilayah luar kota dibuang. Kecamatan mengikuti daftar resmi, bukan kolom asli berkas.","status":"Batas administrasi"},"geometry":{"type":"Polygon","coordinates":[[[110.39285,-7.05813],[110.39249,-7.05821],[110.39226,-7.0583],[110.3922,-7.05832],[110.39199,-7.05837],[110.39144,-7.05854],[110.3913,-7.05858],[110.39126,-7.05861],[110.39098,-7.05886],[110.3905,-7.05929],[110.3902,-7.05955],[110.39015,-7.05958],[110.38976,-7.05982],[110.38955,-7.05995],[110.38933,-7.0601],[110.38925,-7.06016],[110.38916,-7.06021],[110.38886,-7.06045],[110.38885,-7.06046],[110.38879,-7.06054],[110.38877,-7.06058],[110.38827,-7.06133],[110.38817,-7.06148],[110.38791,-7.06179],[110.38787,-7.06182],[110.38766,-7.06201],[110.38756,-7.06214],[110.38745,-7.06229],[110.38714,-7.06268],[110.38696,-7.06294],[110.38681,-7.06317],[110.38653,-7.0638],[110.38639,-7.06461],[110.38634,-7.06502],[110.3863,-7.06542],[110.38626,-7.06609],[110.38626,-7.06612],[110.38579,-7.06619],[110.38561,-7.06622],[110.38543,-7.06619],[110.38537,-7.06618],[110.38514,-7.06616],[110.3846,-7.06613],[110.38399,-7.06611],[110.38375,-7.06613],[110.38344,-7.0663],[110.38329,-7.06638],[110.38316,-7.06645],[110.38303,-7.06651],[110.38283,-7.06662],[110.38251,-7.0668],[110.38243,-7.06683],[110.38206,-7.06675],[110.38192,-7.06671],[110.38189,-7.0667],[110.38182,-7.0667],[110.38131,-7.06667],[110.38109,-7.06674],[110.38086,-7.06677],[110.38071,-7.0668],[110.38051,-7.06684],[110.38037,-7.06683],[110.38031,-7.06677],[110.38023,-7.06645],[110.38018,-7.06625],[110.38009,-7.06609],[110.37992,-7.06586],[110.3798,-7.06567],[110.37971,-7.06555],[110.37965,-7.06553],[110.37956,-7.06557],[110.37947,-7.06563],[110.37924,-7.06565],[110.37912,-7.06562],[110.37903,-7.06554],[110.37899,-7.06537],[110.37899,-7.06527],[110.37905,-7.0652],[110.3792,-7.06517],[110.37931,-7.06516],[110.37945,-7.06514],[110.37955,-7.06509],[110.37961,-7.06494],[110.37983,-7.0646],[110.37984,-7.06459],[110.37985,-7.0645],[110.37983,-7.06442],[110.37971,-7.06436],[110.37958,-7.0643],[110.37942,-7.06415],[110.37933,-7.06395],[110.37923,-7.06369],[110.37903,-7.0634],[110.37859,-7.06303],[110.37825,-7.06293],[110.37816,-7.0629],[110.37808,-7.06282],[110.37805,-7.06257],[110.37804,-7.06246],[110.37778,-7.06228],[110.37769,-7.0622],[110.37759,-7.06205],[110.37751,-7.06184],[110.37722,-7.06113],[110.37714,-7.061],[110.37709,-7.06095],[110.37701,-7.06088],[110.37688,-7.06081],[110.3768,-7.06072],[110.37675,-7.06054],[110.37683,-7.06046],[110.37689,-7.06037],[110.37694,-7.06],[110.37693,-7.05984],[110.37639,-7.05918],[110.37612,-7.05888],[110.37601,-7.05871],[110.37591,-7.05839],[110.37591,-7.0582],[110.37591,-7.05811],[110.37586,-7.05801],[110.37573,-7.05792],[110.3754,-7.0579],[110.3753,-7.05788],[110.37523,-7.0578],[110.3752,-7.05769],[110.3752,-7.05758],[110.37518,-7.05723],[110.37517,-7.05684],[110.37517,-7.05671],[110.37515,-7.05667],[110.37513,-7.05667],[110.37506,-7.05661],[110.375,-7.05646],[110.37496,-7.05637],[110.3749,-7.05617],[110.37474,-7.05591],[110.37472,-7.05585],[110.37468,-7.05586],[110.37461,-7.05584],[110.37452,-7.05575],[110.37445,-7.05547],[110.37441,-7.05535],[110.37432,-7.05526],[110.37421,-7.05523],[110.37379,-7.05518],[110.37371,-7.05518],[110.3736,-7.0553],[110.37349,-7.05542],[110.37338,-7.05547],[110.37325,-7.05547],[110.37316,-7.05544],[110.37313,-7.05522],[110.37297,-7.05513],[110.37288,-7.05507],[110.37288,-7.05497],[110.37288,-7.0549],[110.37282,-7.05484],[110.37241,-7.05468],[110.37236,-7.05465],[110.37238,-7.05462],[110.37243,-7.05433],[110.37245,-7.05392],[110.37239,-7.05382],[110.37216,-7.05362],[110.37179,-7.05328],[110.37181,-7.05333],[110.37185,-7.05352],[110.37184,-7.05378],[110.37178,-7.05392],[110.37161,-7.05405],[110.37132,-7.05425],[110.37129,-7.05427],[110.37119,-7.05433],[110.37116,-7.05435],[110.37102,-7.05443],[110.37083,-7.05456],[110.37071,-7.05464],[110.37063,-7.05468],[110.3706,-7.0547],[110.37044,-7.05486],[110.37031,-7.05496],[110.37005,-7.05506],[110.36997,-7.05509],[110.36984,-7.05518],[110.36976,-7.05526],[110.36967,-7.05539],[110.36957,-7.05558],[110.36951,-7.05574],[110.36948,-7.05601],[110.36947,-7.05613],[110.36936,-7.05653],[110.36923,-7.05666],[110.36909,-7.05675],[110.36894,-7.05681],[110.36877,-7.05692],[110.36867,-7.05704],[110.3686,-7.05718],[110.36852,-7.05743],[110.36849,-7.05772],[110.36851,-7.05793],[110.36849,-7.05806],[110.36842,-7.05819],[110.36836,-7.05823],[110.36829,-7.05829],[110.36824,-7.05838],[110.36822,-7.05844],[110.36809,-7.0588],[110.36812,-7.05895],[110.36818,-7.05927],[110.36825,-7.05952],[110.36834,-7.05977],[110.36842,-7.06003],[110.36849,-7.06023],[110.36858,-7.06043],[110.36867,-7.06065],[110.36877,-7.06102],[110.36882,-7.0613],[110.36887,-7.06158],[110.36889,-7.06187],[110.36885,-7.06248],[110.36877,-7.06384],[110.37104,-7.06429],[110.371,-7.0644],[110.37089,-7.06466],[110.37086,-7.06474],[110.3707,-7.06536],[110.37064,-7.06591],[110.37066,-7.06603],[110.37072,-7.06613],[110.37089,-7.06629],[110.37101,-7.0664],[110.37126,-7.06662],[110.37127,-7.06673],[110.37121,-7.06686],[110.37106,-7.06699],[110.37075,-7.06724],[110.3706,-7.06742],[110.37052,-7.06756],[110.37051,-7.06771],[110.37053,-7.06806],[110.37053,-7.06813],[110.37079,-7.06899],[110.37096,-7.06935],[110.37115,-7.0699],[110.37119,-7.07003],[110.37132,-7.07049],[110.37144,-7.07063],[110.37159,-7.07072],[110.37168,-7.07071],[110.37172,-7.07066],[110.37189,-7.07032],[110.37194,-7.07033],[110.372,-7.07041],[110.37207,-7.07057],[110.37215,-7.07084],[110.37221,-7.07103],[110.37228,-7.07119],[110.37236,-7.07121],[110.3726,-7.07128],[110.37282,-7.0714],[110.37282,-7.07153],[110.37277,-7.07169],[110.37274,-7.07176],[110.37278,-7.07181],[110.37313,-7.07187],[110.37334,-7.07187],[110.37351,-7.0719],[110.3736,-7.07195],[110.37365,-7.07202],[110.37361,-7.07239],[110.37363,-7.07251],[110.37369,-7.07259],[110.37377,-7.07271],[110.37379,-7.07276],[110.37381,-7.07282],[110.37372,-7.07336],[110.37391,-7.07377],[110.37394,-7.07414],[110.37391,-7.07437],[110.37391,-7.07444],[110.37362,-7.07476],[110.37354,-7.07481],[110.3735,-7.07483],[110.37345,-7.07481],[110.3732,-7.07465],[110.37281,-7.07443],[110.37264,-7.07444],[110.3725,-7.07451],[110.37209,-7.07487],[110.3719,-7.07521],[110.37192,-7.07536],[110.37207,-7.07591],[110.37206,-7.07593],[110.37196,-7.07618],[110.37167,-7.07701],[110.37168,-7.07733],[110.37178,-7.07762],[110.37182,-7.07781],[110.37185,-7.078],[110.37186,-7.07805],[110.37202,-7.07825],[110.37221,-7.07845],[110.37222,-7.07855],[110.37215,-7.07864],[110.37201,-7.07869],[110.37168,-7.07875],[110.37153,-7.07886],[110.37143,-7.07904],[110.37145,-7.0793],[110.37144,-7.07966],[110.37141,-7.0797],[110.37133,-7.07982],[110.37132,-7.07993],[110.37136,-7.08006],[110.37152,-7.0799],[110.37171,-7.0798],[110.37184,-7.07972],[110.37191,-7.07959],[110.37191,-7.07953],[110.37211,-7.0797],[110.3724,-7.07989],[110.37254,-7.08008],[110.37259,-7.08027],[110.37256,-7.08042],[110.37246,-7.08054],[110.37236,-7.08069],[110.37237,-7.08083],[110.37236,-7.08102],[110.37234,-7.08107],[110.37255,-7.081],[110.37265,-7.08097],[110.37302,-7.08052],[110.37336,-7.08019],[110.37341,-7.08017],[110.37371,-7.08007],[110.37396,-7.07998],[110.37471,-7.07987],[110.37472,-7.07986],[110.3749,-7.07983],[110.375,-7.07982],[110.37511,-7.0798],[110.37592,-7.07968],[110.37626,-7.0796],[110.37693,-7.0795],[110.37705,-7.07949],[110.37721,-7.07946],[110.37743,-7.07937],[110.37755,-7.0793],[110.37768,-7.07922],[110.37791,-7.07886],[110.37806,-7.07867],[110.37857,-7.07803],[110.37877,-7.0778],[110.37954,-7.07719],[110.37984,-7.07695],[110.38004,-7.07684],[110.3803,-7.07683],[110.38102,-7.07681],[110.38121,-7.07681],[110.38143,-7.07677],[110.38165,-7.07669],[110.3819,-7.07643],[110.38206,-7.07627],[110.38223,-7.07611],[110.38232,-7.07599],[110.38247,-7.07581],[110.38253,-7.07569],[110.38252,-7.07534],[110.38252,-7.07517],[110.38263,-7.07487],[110.38275,-7.07456],[110.38295,-7.07432],[110.38318,-7.07412],[110.38325,-7.07406],[110.38335,-7.07399],[110.38337,-7.07399],[110.38467,-7.07407],[110.38564,-7.07426],[110.38575,-7.07429],[110.38597,-7.07435],[110.38604,-7.07436],[110.38635,-7.07449],[110.38784,-7.07499],[110.38804,-7.07506],[110.38806,-7.07507],[110.38824,-7.07513],[110.38856,-7.07521],[110.38861,-7.0751],[110.38897,-7.07428],[110.38898,-7.07417],[110.389,-7.0739],[110.3891,-7.07354],[110.38918,-7.07329],[110.38923,-7.0731],[110.3894,-7.0725],[110.38942,-7.07242],[110.38949,-7.0722],[110.38954,-7.07201],[110.38958,-7.07187],[110.38967,-7.07164],[110.38982,-7.07124],[110.38986,-7.07115],[110.39055,-7.07134],[110.39082,-7.07141],[110.39091,-7.07142],[110.39098,-7.07137],[110.39115,-7.07099],[110.39121,-7.07081],[110.39133,-7.07032],[110.39153,-7.06964],[110.39167,-7.06907],[110.39171,-7.06885],[110.39173,-7.06874],[110.3919,-7.06826],[110.39204,-7.06776],[110.39215,-7.06725],[110.39223,-7.06707],[110.39228,-7.06697],[110.39232,-7.06683],[110.39239,-7.06661],[110.39242,-7.06603],[110.39245,-7.06561],[110.39245,-7.06544],[110.3925,-7.06521],[110.39255,-7.06497],[110.39266,-7.06431],[110.39278,-7.06397],[110.3928,-7.06384],[110.39285,-7.06347],[110.39285,-7.06333],[110.39268,-7.06318],[110.39245,-7.06304],[110.39228,-7.06289],[110.39226,-7.06286],[110.39226,-7.0628],[110.39235,-7.06266],[110.39233,-7.06221],[110.3923,-7.06203],[110.39225,-7.06188],[110.39219,-7.06176],[110.3922,-7.06159],[110.39224,-7.06138],[110.39224,-7.0612],[110.39219,-7.06111],[110.3921,-7.06102],[110.39222,-7.06048],[110.39229,-7.0603],[110.39235,-7.06017],[110.39235,-7.06],[110.3923,-7.05983],[110.39221,-7.05959],[110.39221,-7.05947],[110.39228,-7.05912],[110.39231,-7.05895],[110.39252,-7.0586],[110.39272,-7.05838],[110.39281,-7.05828],[110.39285,-7.05813]]]}},{"type":"Feature","properties":{"id":"ADM-GUNUNGPATI-NONGKOSAWIT","name":"Nongkosawit","source_name":"Nongkosawit","type":"Kelurahan","category":"Administrasi kota","kecamatan":"Gunungpati","kabupaten":"Kota Semarang","catatan":"Batas kelurahan dari berkas vektor kota. Serpihan dan wilayah luar kota dibuang. Kecamatan mengikuti daftar resmi, bukan kolom asli berkas.","status":"Batas administrasi"},"geometry":{"type":"Polygon","coordinates":[[[110.36877,-7.06384],[110.36752,-7.06428],[110.36742,-7.06386],[110.36738,-7.06373],[110.3673,-7.06357],[110.36715,-7.06343],[110.36693,-7.06324],[110.36666,-7.06289],[110.36641,-7.06257],[110.36621,-7.06241],[110.36573,-7.06229],[110.36545,-7.06222],[110.36531,-7.06213],[110.3652,-7.06195],[110.36513,-7.06161],[110.36506,-7.06161],[110.36445,-7.06112],[110.36424,-7.06095],[110.36395,-7.0608],[110.36382,-7.06067],[110.3637,-7.06056],[110.36352,-7.06044],[110.36342,-7.06035],[110.36335,-7.06017],[110.36333,-7.05942],[110.36342,-7.05902],[110.36343,-7.05882],[110.3634,-7.05858],[110.36312,-7.0581],[110.363,-7.05795],[110.36288,-7.05784],[110.3627,-7.05779],[110.3623,-7.0578],[110.36188,-7.05782],[110.36128,-7.05776],[110.36108,-7.05771],[110.36084,-7.05761],[110.36081,-7.05759],[110.36077,-7.05777],[110.36073,-7.05794],[110.36068,-7.05824],[110.36054,-7.05861],[110.36047,-7.05883],[110.36035,-7.05917],[110.36008,-7.05982],[110.35993,-7.06006],[110.35982,-7.06024],[110.35969,-7.06041],[110.35953,-7.06061],[110.35909,-7.06129],[110.35907,-7.06137],[110.35908,-7.06148],[110.35908,-7.06151],[110.35907,-7.06161],[110.35905,-7.0617],[110.35903,-7.06177],[110.359,-7.06187],[110.35895,-7.06211],[110.35891,-7.06227],[110.35879,-7.0626],[110.35852,-7.06339],[110.35847,-7.06356],[110.35836,-7.06392],[110.3583,-7.06413],[110.35824,-7.06434],[110.35821,-7.06445],[110.35812,-7.06483],[110.35813,-7.06512],[110.35818,-7.06523],[110.35825,-7.06542],[110.35832,-7.06562],[110.35837,-7.06572],[110.35851,-7.0659],[110.35869,-7.06602],[110.3589,-7.06617],[110.35896,-7.06755],[110.35886,-7.06877],[110.3588,-7.06943],[110.3588,-7.07007],[110.35881,-7.07039],[110.35917,-7.07161],[110.3592,-7.07164],[110.35923,-7.07168],[110.35926,-7.07173],[110.35956,-7.0721],[110.35958,-7.07216],[110.3596,-7.0723],[110.35962,-7.07258],[110.35963,-7.07277],[110.35965,-7.07322],[110.35969,-7.07401],[110.36014,-7.07402],[110.36039,-7.07402],[110.36052,-7.07403],[110.36123,-7.07404],[110.36168,-7.07399],[110.36214,-7.074],[110.36226,-7.07403],[110.3625,-7.07408],[110.36281,-7.07414],[110.3629,-7.07416],[110.36383,-7.07439],[110.36501,-7.07467],[110.36557,-7.0748],[110.36595,-7.07493],[110.36586,-7.0751],[110.36555,-7.07563],[110.36522,-7.0762],[110.36511,-7.07642],[110.36489,-7.07686],[110.36464,-7.07724],[110.36445,-7.07753],[110.36439,-7.07763],[110.36424,-7.07791],[110.3642,-7.078],[110.36381,-7.07877],[110.36346,-7.07965],[110.36349,-7.07965],[110.3649,-7.07969],[110.36497,-7.07969],[110.36516,-7.07978],[110.36557,-7.07996],[110.36575,-7.08002],[110.36579,-7.08008],[110.36595,-7.08047],[110.36616,-7.08074],[110.36655,-7.08101],[110.36674,-7.08109],[110.36696,-7.08113],[110.36775,-7.08127],[110.36808,-7.08139],[110.36833,-7.08156],[110.36835,-7.08155],[110.36845,-7.08151],[110.36862,-7.08155],[110.36955,-7.08191],[110.36968,-7.08191],[110.36971,-7.08192],[110.37005,-7.08157],[110.37019,-7.08144],[110.37029,-7.08136],[110.37038,-7.08128],[110.3705,-7.08108],[110.37078,-7.08046],[110.37121,-7.08022],[110.37132,-7.08013],[110.37136,-7.08006],[110.37132,-7.07993],[110.37133,-7.07982],[110.37141,-7.0797],[110.37144,-7.07966],[110.37145,-7.0793],[110.37143,-7.07904],[110.37153,-7.07886],[110.37168,-7.07875],[110.37201,-7.07869],[110.37215,-7.07864],[110.37222,-7.07855],[110.37221,-7.07845],[110.37202,-7.07825],[110.37186,-7.07805],[110.37185,-7.078],[110.37182,-7.07781],[110.37178,-7.07762],[110.37168,-7.07733],[110.37167,-7.07701],[110.37196,-7.07618],[110.37206,-7.07593],[110.37207,-7.07591],[110.37192,-7.07536],[110.3719,-7.07521],[110.37209,-7.07487],[110.3725,-7.07451],[110.37264,-7.07444],[110.37281,-7.07443],[110.3732,-7.07465],[110.37345,-7.07481],[110.3735,-7.07483],[110.37354,-7.07481],[110.37362,-7.07476],[110.37391,-7.07444],[110.37391,-7.07437],[110.37394,-7.07414],[110.37391,-7.07377],[110.37372,-7.07336],[110.37381,-7.07282],[110.37379,-7.07276],[110.37377,-7.07271],[110.37369,-7.07259],[110.37363,-7.07251],[110.37361,-7.07239],[110.37365,-7.07202],[110.3736,-7.07195],[110.37351,-7.0719],[110.37334,-7.07187],[110.37313,-7.07187],[110.37278,-7.07181],[110.37274,-7.07176],[110.37277,-7.07169],[110.37282,-7.07153],[110.37282,-7.0714],[110.3726,-7.07128],[110.37236,-7.07121],[110.37228,-7.07119],[110.37221,-7.07103],[110.37215,-7.07084],[110.37207,-7.07057],[110.372,-7.07041],[110.37194,-7.07033],[110.37189,-7.07032],[110.37172,-7.07066],[110.37168,-7.07071],[110.37159,-7.07072],[110.37144,-7.07063],[110.37132,-7.07049],[110.37119,-7.07003],[110.37115,-7.0699],[110.37096,-7.06935],[110.37079,-7.06899],[110.37053,-7.06813],[110.37053,-7.06806],[110.37051,-7.06771],[110.37052,-7.06756],[110.3706,-7.06742],[110.37075,-7.06724],[110.37106,-7.06699],[110.37121,-7.06686],[110.37127,-7.06673],[110.37126,-7.06662],[110.37101,-7.0664],[110.37089,-7.06629],[110.37072,-7.06613],[110.37066,-7.06603],[110.37064,-7.06591],[110.3707,-7.06536],[110.37086,-7.06474],[110.37089,-7.06466],[110.371,-7.0644],[110.37104,-7.06429],[110.36877,-7.06384]]]}},{"type":"Feature","properties":{"id":"ADM-GUNUNGPATI-PAKINTELAN","name":"Pakintelan","source_name":"Pakintelan","type":"Kelurahan","category":"Administrasi kota","kecamatan":"Gunungpati","kabupaten":"Kota Semarang","catatan":"Batas kelurahan dari berkas vektor kota. Serpihan dan wilayah luar kota dibuang. Kecamatan mengikuti daftar resmi, bukan kolom asli berkas.","status":"Batas administrasi"},"geometry":{"type":"Polygon","coordinates":[[[110.4034,-7.0788],[110.40329,-7.07875],[110.40315,-7.0787],[110.40311,-7.07872],[110.40299,-7.07883],[110.40289,-7.07888],[110.40264,-7.07897],[110.40256,-7.07898],[110.40236,-7.07899],[110.40221,-7.07899],[110.40202,-7.07895],[110.40195,-7.07893],[110.40179,-7.07888],[110.40174,-7.07887],[110.40161,-7.07886],[110.40149,-7.07886],[110.40146,-7.07886],[110.40134,-7.07883],[110.40113,-7.07874],[110.40094,-7.07876],[110.40027,-7.079],[110.40023,-7.07901],[110.40003,-7.07909],[110.39989,-7.0793],[110.39971,-7.07962],[110.39958,-7.07963],[110.39925,-7.07947],[110.39908,-7.07932],[110.39901,-7.0792],[110.39829,-7.07917],[110.39727,-7.07917],[110.39684,-7.07921],[110.3967,-7.07925],[110.39665,-7.07926],[110.39664,-7.07926],[110.3964,-7.07926],[110.39601,-7.07919],[110.39562,-7.07917],[110.39422,-7.07911],[110.39306,-7.0789],[110.39288,-7.07887],[110.39282,-7.07886],[110.39222,-7.07879],[110.39191,-7.07876],[110.39174,-7.0788],[110.39151,-7.07886],[110.39129,-7.07888],[110.39121,-7.07889],[110.39073,-7.07893],[110.39046,-7.07891],[110.39021,-7.07885],[110.39,-7.07879],[110.3898,-7.07877],[110.38925,-7.07874],[110.38908,-7.07873],[110.38876,-7.07872],[110.38836,-7.07868],[110.38765,-7.07863],[110.38766,-7.07866],[110.38775,-7.07896],[110.38777,-7.07922],[110.38786,-7.07998],[110.38786,-7.0803],[110.38773,-7.08072],[110.38763,-7.08099],[110.38746,-7.0815],[110.38737,-7.08179],[110.38721,-7.08252],[110.38717,-7.08282],[110.38722,-7.08369],[110.38722,-7.08376],[110.38722,-7.08383],[110.38726,-7.08423],[110.38727,-7.08431],[110.38731,-7.08459],[110.38727,-7.08492],[110.38725,-7.08519],[110.38723,-7.08537],[110.38721,-7.08554],[110.38718,-7.0858],[110.38739,-7.08629],[110.38758,-7.08675],[110.38789,-7.08748],[110.38819,-7.08815],[110.38831,-7.08837],[110.38843,-7.0886],[110.38867,-7.08899],[110.38869,-7.08902],[110.3887,-7.08906],[110.3888,-7.08934],[110.3889,-7.09091],[110.38891,-7.09105],[110.38899,-7.09184],[110.38905,-7.09233],[110.38914,-7.09314],[110.38924,-7.09398],[110.38941,-7.09504],[110.38953,-7.09574],[110.38959,-7.09622],[110.38959,-7.09655],[110.38958,-7.0966],[110.38954,-7.09731],[110.38951,-7.09808],[110.38951,-7.09815],[110.38951,-7.09842],[110.38955,-7.09853],[110.38963,-7.09868],[110.3898,-7.09901],[110.38986,-7.09918],[110.39023,-7.09925],[110.39111,-7.09924],[110.39205,-7.09915],[110.3928,-7.09909],[110.3937,-7.09923],[110.3939,-7.09929],[110.39408,-7.09942],[110.39415,-7.09958],[110.3943,-7.09997],[110.39443,-7.10018],[110.39472,-7.10028],[110.39487,-7.10033],[110.39504,-7.10048],[110.39516,-7.10066],[110.39531,-7.10077],[110.39573,-7.10081],[110.396,-7.10085],[110.3961,-7.10091],[110.3962,-7.10107],[110.39625,-7.10142],[110.39628,-7.1016],[110.3964,-7.10172],[110.39688,-7.10192],[110.39695,-7.10196],[110.39714,-7.10206],[110.39725,-7.10221],[110.39733,-7.10239],[110.39732,-7.10252],[110.39721,-7.10268],[110.39705,-7.10274],[110.39688,-7.10279],[110.39676,-7.10289],[110.39674,-7.103],[110.39678,-7.10318],[110.39689,-7.10332],[110.39717,-7.10335],[110.3974,-7.10334],[110.3976,-7.10327],[110.39782,-7.10304],[110.3981,-7.10265],[110.39823,-7.10255],[110.39844,-7.10252],[110.39857,-7.10264],[110.39866,-7.10291],[110.39872,-7.10316],[110.39878,-7.10324],[110.399,-7.10328],[110.39907,-7.1029],[110.40019,-7.10111],[110.40067,-7.10052],[110.40099,-7.10006],[110.40117,-7.09961],[110.40122,-7.09943],[110.40117,-7.0991],[110.40102,-7.09861],[110.40099,-7.09839],[110.40097,-7.09825],[110.40118,-7.09792],[110.40128,-7.09774],[110.40132,-7.09742],[110.4013,-7.0971],[110.40112,-7.09665],[110.40104,-7.09649],[110.40105,-7.0964],[110.40154,-7.09615],[110.40177,-7.09601],[110.4019,-7.09587],[110.40198,-7.09567],[110.40197,-7.09547],[110.4019,-7.0953],[110.40143,-7.09483],[110.40125,-7.09463],[110.40117,-7.09446],[110.40114,-7.09438],[110.40113,-7.09425],[110.40121,-7.09408],[110.40134,-7.09395],[110.40165,-7.09368],[110.40186,-7.0935],[110.40231,-7.09321],[110.40271,-7.09281],[110.40296,-7.09255],[110.40307,-7.09232],[110.40313,-7.09213],[110.40316,-7.09197],[110.40318,-7.09179],[110.40316,-7.09159],[110.4031,-7.09112],[110.40305,-7.09077],[110.40304,-7.09035],[110.40308,-7.08992],[110.40317,-7.0896],[110.4033,-7.08922],[110.40338,-7.08891],[110.4035,-7.08864],[110.40367,-7.08835],[110.40388,-7.08797],[110.40409,-7.08756],[110.4042,-7.08735],[110.4042,-7.08709],[110.40415,-7.0869],[110.40404,-7.08671],[110.40383,-7.08649],[110.4036,-7.0863],[110.40341,-7.08611],[110.40333,-7.08598],[110.40331,-7.08582],[110.40336,-7.08555],[110.40344,-7.08542],[110.40376,-7.08507],[110.404,-7.08484],[110.40408,-7.08461],[110.40423,-7.08432],[110.40427,-7.08404],[110.40429,-7.08342],[110.40428,-7.08301],[110.40424,-7.08272],[110.4042,-7.08259],[110.40414,-7.08229],[110.40402,-7.08213],[110.40388,-7.08203],[110.4037,-7.08198],[110.40356,-7.08198],[110.40333,-7.08202],[110.40292,-7.08213],[110.40255,-7.08221],[110.40241,-7.08219],[110.40236,-7.08216],[110.40233,-7.08203],[110.40232,-7.08179],[110.40233,-7.08131],[110.40234,-7.08089],[110.40228,-7.08059],[110.40223,-7.08033],[110.40223,-7.08018],[110.40226,-7.08005],[110.40239,-7.0799],[110.40278,-7.07946],[110.40309,-7.07912],[110.4034,-7.0788]]]}},{"type":"Feature","properties":{"id":"ADM-GUNUNGPATI-PATEMON","name":"Patemon","source_name":"Patemon","type":"Kelurahan","category":"Administrasi kota","kecamatan":"Gunungpati","kabupaten":"Kota Semarang","catatan":"Batas kelurahan dari berkas vektor kota. Serpihan dan wilayah luar kota dibuang. Kecamatan mengikuti daftar resmi, bukan kolom asli berkas.","status":"Batas administrasi"},"geometry":{"type":"Polygon","coordinates":[[[110.40519,-7.06032],[110.40437,-7.06016],[110.40391,-7.06014],[110.40339,-7.06012],[110.40305,-7.06009],[110.40264,-7.05982],[110.40255,-7.05959],[110.40253,-7.0592],[110.4032,-7.05829],[110.40331,-7.05803],[110.40321,-7.05775],[110.40288,-7.05755],[110.40255,-7.05761],[110.40245,-7.05778],[110.4017,-7.05848],[110.40113,-7.05901],[110.40022,-7.05934],[110.39923,-7.05952],[110.3987,-7.0596],[110.39825,-7.05949],[110.39804,-7.05911],[110.39765,-7.05844],[110.39747,-7.05811],[110.39735,-7.05791],[110.39712,-7.05776],[110.39665,-7.05753],[110.39656,-7.0575],[110.39582,-7.05726],[110.39534,-7.05712],[110.39508,-7.05709],[110.39487,-7.05706],[110.39474,-7.057],[110.39464,-7.0569],[110.39455,-7.05692],[110.39437,-7.05691],[110.39413,-7.05688],[110.39398,-7.05686],[110.39383,-7.05692],[110.39367,-7.05697],[110.39343,-7.05697],[110.39338,-7.05698],[110.39335,-7.05701],[110.39333,-7.05703],[110.39323,-7.05726],[110.39313,-7.05738],[110.39304,-7.05743],[110.39298,-7.05745],[110.39297,-7.05747],[110.39295,-7.05757],[110.39295,-7.05791],[110.39296,-7.05804],[110.39295,-7.05808],[110.39293,-7.0581],[110.39285,-7.05813],[110.39281,-7.05828],[110.39272,-7.05838],[110.39252,-7.0586],[110.39231,-7.05895],[110.39228,-7.05912],[110.39221,-7.05947],[110.39221,-7.05959],[110.3923,-7.05983],[110.39235,-7.06],[110.39235,-7.06017],[110.39229,-7.0603],[110.39222,-7.06048],[110.3921,-7.06102],[110.39219,-7.06111],[110.39224,-7.0612],[110.39224,-7.06138],[110.3922,-7.06159],[110.39219,-7.06176],[110.39225,-7.06188],[110.3923,-7.06203],[110.39233,-7.06221],[110.39235,-7.06266],[110.39226,-7.0628],[110.39226,-7.06286],[110.39228,-7.06289],[110.39245,-7.06304],[110.39268,-7.06318],[110.39285,-7.06333],[110.39285,-7.06347],[110.3928,-7.06384],[110.39278,-7.06397],[110.39266,-7.06431],[110.39255,-7.06497],[110.3925,-7.06521],[110.39245,-7.06544],[110.39245,-7.06561],[110.39242,-7.06603],[110.39239,-7.06661],[110.39232,-7.06683],[110.39228,-7.06697],[110.39223,-7.06707],[110.39215,-7.06725],[110.39204,-7.06776],[110.3919,-7.06826],[110.39173,-7.06874],[110.39171,-7.06885],[110.39167,-7.06907],[110.39153,-7.06964],[110.39133,-7.07032],[110.39121,-7.07081],[110.39115,-7.07099],[110.39098,-7.07137],[110.39091,-7.07142],[110.39082,-7.07141],[110.39055,-7.07134],[110.38986,-7.07115],[110.38982,-7.07124],[110.38967,-7.07164],[110.38958,-7.07187],[110.38954,-7.07201],[110.38949,-7.0722],[110.38942,-7.07242],[110.3894,-7.0725],[110.38923,-7.0731],[110.38918,-7.07329],[110.3891,-7.07354],[110.389,-7.0739],[110.38898,-7.07417],[110.38897,-7.07428],[110.38861,-7.0751],[110.38856,-7.07521],[110.38825,-7.07592],[110.38805,-7.0764],[110.3878,-7.07686],[110.38773,-7.07711],[110.38766,-7.07745],[110.38758,-7.07811],[110.38758,-7.07838],[110.38763,-7.07858],[110.38765,-7.07863],[110.38836,-7.07868],[110.38876,-7.07872],[110.38908,-7.07873],[110.38925,-7.07874],[110.3898,-7.07877],[110.39,-7.07879],[110.39021,-7.07885],[110.39046,-7.07891],[110.39073,-7.07893],[110.39121,-7.07889],[110.39129,-7.07888],[110.39151,-7.07886],[110.39174,-7.0788],[110.39191,-7.07876],[110.39222,-7.07879],[110.39282,-7.07886],[110.39288,-7.07887],[110.39306,-7.0789],[110.39422,-7.07911],[110.39562,-7.07917],[110.39601,-7.07919],[110.3964,-7.07926],[110.39664,-7.07926],[110.39665,-7.07926],[110.3967,-7.07925],[110.39684,-7.07921],[110.39727,-7.07917],[110.39829,-7.07917],[110.39901,-7.0792],[110.39908,-7.07932],[110.39925,-7.07947],[110.39958,-7.07963],[110.39971,-7.07962],[110.39989,-7.0793],[110.40003,-7.07909],[110.40023,-7.07901],[110.40027,-7.079],[110.40094,-7.07876],[110.40113,-7.07874],[110.40134,-7.07883],[110.40146,-7.07886],[110.40149,-7.07886],[110.40161,-7.07886],[110.40174,-7.07887],[110.40179,-7.07888],[110.40195,-7.07893],[110.40202,-7.07895],[110.40221,-7.07899],[110.40236,-7.07899],[110.40256,-7.07898],[110.40264,-7.07897],[110.40289,-7.07888],[110.40299,-7.07883],[110.40311,-7.07872],[110.40315,-7.0787],[110.40329,-7.07875],[110.4034,-7.0788],[110.40344,-7.07876],[110.40354,-7.0787],[110.40368,-7.07866],[110.4039,-7.07869],[110.40421,-7.07871],[110.40437,-7.07869],[110.40442,-7.07865],[110.40441,-7.07847],[110.40432,-7.07827],[110.40417,-7.07809],[110.40413,-7.07804],[110.40407,-7.07788],[110.40403,-7.07764],[110.40396,-7.07748],[110.40389,-7.07732],[110.40378,-7.0772],[110.40367,-7.07714],[110.40351,-7.07713],[110.40334,-7.07718],[110.40313,-7.07729],[110.40281,-7.07751],[110.40257,-7.0776],[110.40241,-7.07761],[110.40219,-7.0775],[110.40207,-7.0774],[110.402,-7.07719],[110.40199,-7.077],[110.40209,-7.07679],[110.40229,-7.07659],[110.40252,-7.07645],[110.40285,-7.07632],[110.40326,-7.0762],[110.40361,-7.07609],[110.40387,-7.07596],[110.40398,-7.07588],[110.404,-7.07575],[110.40395,-7.07557],[110.40381,-7.0754],[110.40361,-7.07527],[110.40326,-7.07504],[110.403,-7.07487],[110.4029,-7.07477],[110.40289,-7.07467],[110.40292,-7.07456],[110.403,-7.07441],[110.40312,-7.07427],[110.40331,-7.07414],[110.40348,-7.07402],[110.40368,-7.074],[110.40382,-7.07404],[110.40408,-7.07415],[110.40412,-7.07427],[110.40416,-7.07447],[110.40423,-7.07462],[110.40433,-7.07472],[110.40445,-7.07476],[110.40468,-7.07476],[110.40493,-7.07471],[110.40529,-7.0746],[110.40562,-7.07452],[110.40575,-7.07449],[110.40588,-7.07439],[110.40598,-7.07423],[110.40603,-7.07408],[110.40605,-7.07392],[110.40599,-7.07374],[110.40587,-7.07353],[110.40574,-7.07342],[110.40555,-7.07332],[110.40528,-7.07318],[110.40495,-7.07305],[110.40474,-7.07292],[110.40456,-7.07282],[110.40443,-7.07272],[110.40437,-7.0726],[110.40436,-7.07252],[110.40438,-7.0724],[110.40445,-7.07224],[110.40453,-7.07205],[110.4047,-7.07179],[110.40475,-7.07171],[110.40497,-7.07132],[110.40507,-7.07101],[110.40507,-7.07087],[110.40506,-7.07073],[110.40503,-7.07059],[110.40494,-7.07045],[110.40479,-7.07021],[110.40473,-7.07011],[110.4047,-7.07],[110.40473,-7.0699],[110.40478,-7.06977],[110.40493,-7.06946],[110.40499,-7.06935],[110.40504,-7.06924],[110.40506,-7.06914],[110.40508,-7.06901],[110.40506,-7.06874],[110.40505,-7.06851],[110.40507,-7.06841],[110.40511,-7.06822],[110.40521,-7.068],[110.40538,-7.0678],[110.40551,-7.06768],[110.40575,-7.06753],[110.40607,-7.06726],[110.40614,-7.06713],[110.40611,-7.06696],[110.40583,-7.06648],[110.40571,-7.06625],[110.40568,-7.06606],[110.4057,-7.06579],[110.4058,-7.06552],[110.40597,-7.065],[110.40618,-7.0644],[110.40628,-7.06396],[110.40635,-7.06375],[110.40628,-7.06339],[110.40615,-7.06295],[110.40606,-7.06269],[110.40594,-7.06248],[110.40575,-7.06214],[110.40565,-7.06192],[110.4056,-7.06176],[110.40544,-7.06159],[110.4052,-7.06133],[110.40496,-7.06096],[110.40493,-7.06077],[110.40494,-7.06059],[110.40499,-7.06051],[110.40506,-7.06042],[110.40519,-7.06032]]]}},{"type":"Feature","properties":{"id":"ADM-GUNUNGPATI-PLALANGAN","name":"Plalangan","source_name":"Plalangan","type":"Kelurahan","category":"Administrasi kota","kecamatan":"Gunungpati","kabupaten":"Kota Semarang","catatan":"Batas kelurahan dari berkas vektor kota. Serpihan dan wilayah luar kota dibuang. Kecamatan mengikuti daftar resmi, bukan kolom asli berkas.","status":"Batas administrasi"},"geometry":{"type":"Polygon","coordinates":[[[110.37234,-7.08107],[110.37236,-7.08102],[110.37237,-7.08083],[110.37236,-7.08069],[110.37246,-7.08054],[110.37256,-7.08042],[110.37259,-7.08027],[110.37254,-7.08008],[110.3724,-7.07989],[110.37211,-7.0797],[110.37191,-7.07953],[110.37191,-7.07959],[110.37184,-7.07972],[110.37171,-7.0798],[110.37152,-7.0799],[110.37136,-7.08006],[110.37132,-7.08013],[110.37121,-7.08022],[110.37078,-7.08046],[110.3705,-7.08108],[110.37038,-7.08128],[110.37029,-7.08136],[110.37019,-7.08144],[110.37005,-7.08157],[110.36971,-7.08192],[110.36968,-7.08191],[110.36955,-7.08191],[110.36862,-7.08155],[110.36845,-7.08151],[110.36835,-7.08155],[110.36833,-7.08156],[110.36814,-7.08174],[110.36801,-7.08186],[110.36741,-7.08194],[110.36722,-7.08197],[110.36711,-7.08203],[110.36704,-7.08212],[110.36705,-7.08245],[110.36698,-7.08275],[110.3669,-7.08303],[110.36685,-7.08316],[110.36677,-7.08326],[110.36666,-7.0833],[110.36606,-7.08317],[110.36509,-7.08313],[110.36494,-7.08313],[110.36485,-7.08319],[110.3648,-7.08327],[110.36476,-7.08391],[110.36474,-7.08417],[110.36458,-7.08458],[110.36446,-7.08495],[110.36442,-7.08508],[110.36427,-7.0854],[110.36414,-7.08567],[110.36411,-7.08587],[110.36412,-7.08597],[110.36415,-7.08637],[110.3641,-7.08696],[110.3641,-7.087],[110.36408,-7.08721],[110.36412,-7.0874],[110.36429,-7.08767],[110.36446,-7.08794],[110.3646,-7.08827],[110.36468,-7.08856],[110.36471,-7.08883],[110.36466,-7.08908],[110.36456,-7.08932],[110.36447,-7.08943],[110.3643,-7.08952],[110.36374,-7.08963],[110.36307,-7.08976],[110.36295,-7.08978],[110.36286,-7.0898],[110.36266,-7.08977],[110.36233,-7.08968],[110.36228,-7.08967],[110.36215,-7.08965],[110.36185,-7.08987],[110.36172,-7.08996],[110.36152,-7.09004],[110.36135,-7.09014],[110.36123,-7.09026],[110.36118,-7.09038],[110.36118,-7.09052],[110.3613,-7.09078],[110.36148,-7.09117],[110.36156,-7.09132],[110.36167,-7.09165],[110.36173,-7.09192],[110.36173,-7.0921],[110.36141,-7.09259],[110.3613,-7.09276],[110.36125,-7.09293],[110.36124,-7.09311],[110.36128,-7.09324],[110.36169,-7.09366],[110.36197,-7.09392],[110.3621,-7.09409],[110.36217,-7.09409],[110.36228,-7.09411],[110.36249,-7.09431],[110.36307,-7.09488],[110.36332,-7.09515],[110.36344,-7.09533],[110.36349,-7.09547],[110.36349,-7.09563],[110.36337,-7.09594],[110.3633,-7.09612],[110.36328,-7.09623],[110.36332,-7.0963],[110.36369,-7.09639],[110.36378,-7.09642],[110.36383,-7.09648],[110.36366,-7.09681],[110.3636,-7.09694],[110.36361,-7.09705],[110.36367,-7.09716],[110.36385,-7.09728],[110.36437,-7.09745],[110.36462,-7.09756],[110.36479,-7.09768],[110.36498,-7.09794],[110.36514,-7.09826],[110.3652,-7.09845],[110.3652,-7.09847],[110.3652,-7.09881],[110.36519,-7.09902],[110.36522,-7.09915],[110.36556,-7.09951],[110.36568,-7.09964],[110.36602,-7.1],[110.36643,-7.10035],[110.3666,-7.10048],[110.36662,-7.10049],[110.36656,-7.10051],[110.36641,-7.10065],[110.36633,-7.10084],[110.36599,-7.10204],[110.3659,-7.10239],[110.36579,-7.10257],[110.36569,-7.10267],[110.36511,-7.10283],[110.36496,-7.10268],[110.36482,-7.10258],[110.3646,-7.10253],[110.36375,-7.1027],[110.36339,-7.10273],[110.36338,-7.10278],[110.36329,-7.1032],[110.36326,-7.10361],[110.36327,-7.10373],[110.36418,-7.10405],[110.36564,-7.10478],[110.36703,-7.10478],[110.36898,-7.10487],[110.36963,-7.10503],[110.37028,-7.10544],[110.37093,-7.10609],[110.37175,-7.10658],[110.37281,-7.10699],[110.375,-7.1074],[110.37682,-7.10823],[110.37682,-7.10818],[110.37677,-7.10801],[110.37644,-7.10759],[110.37639,-7.1074],[110.37646,-7.10728],[110.37658,-7.1072],[110.37672,-7.10722],[110.37688,-7.10729],[110.37699,-7.1073],[110.37707,-7.10723],[110.37711,-7.1065],[110.37741,-7.10583],[110.37752,-7.10571],[110.37772,-7.10553],[110.37792,-7.10526],[110.37806,-7.10467],[110.37822,-7.10441],[110.37829,-7.10423],[110.3783,-7.1041],[110.37828,-7.10393],[110.37835,-7.1037],[110.37839,-7.10364],[110.3785,-7.10348],[110.37865,-7.10336],[110.37902,-7.10328],[110.37916,-7.10325],[110.37931,-7.1031],[110.37954,-7.1028],[110.37971,-7.10234],[110.3798,-7.10215],[110.37988,-7.10211],[110.38,-7.10209],[110.38011,-7.10199],[110.38016,-7.10179],[110.38022,-7.10167],[110.3803,-7.10158],[110.38028,-7.10144],[110.3801,-7.10124],[110.38007,-7.10099],[110.38016,-7.10073],[110.3802,-7.10019],[110.38019,-7.09997],[110.38002,-7.09971],[110.37994,-7.09957],[110.38002,-7.09914],[110.38002,-7.09901],[110.37991,-7.09889],[110.3798,-7.0988],[110.37977,-7.09868],[110.37989,-7.0985],[110.38009,-7.09833],[110.38043,-7.09793],[110.38052,-7.09778],[110.38054,-7.09765],[110.38045,-7.09752],[110.38031,-7.09743],[110.38018,-7.09749],[110.38006,-7.09765],[110.37996,-7.09782],[110.37985,-7.09788],[110.37972,-7.09788],[110.37962,-7.09781],[110.37955,-7.09767],[110.37958,-7.09739],[110.37959,-7.09708],[110.37961,-7.09691],[110.37971,-7.09677],[110.37982,-7.09665],[110.37984,-7.09648],[110.37985,-7.09622],[110.37983,-7.09605],[110.37957,-7.09568],[110.37933,-7.09545],[110.37893,-7.09527],[110.37882,-7.09518],[110.37868,-7.09495],[110.37862,-7.09481],[110.37848,-7.09471],[110.37827,-7.09469],[110.37768,-7.09484],[110.37743,-7.0949],[110.37726,-7.09488],[110.37719,-7.09482],[110.37717,-7.09475],[110.37711,-7.09452],[110.37707,-7.09431],[110.37695,-7.09414],[110.37662,-7.09379],[110.3764,-7.09338],[110.37621,-7.09307],[110.37607,-7.09291],[110.37555,-7.09255],[110.37533,-7.09231],[110.37512,-7.09208],[110.375,-7.09197],[110.37493,-7.09191],[110.37475,-7.09173],[110.37471,-7.09165],[110.37464,-7.09095],[110.37468,-7.09044],[110.37471,-7.09012],[110.37466,-7.09002],[110.37417,-7.08982],[110.37374,-7.08961],[110.3735,-7.08938],[110.37343,-7.08925],[110.37332,-7.08907],[110.37297,-7.08879],[110.37279,-7.08839],[110.37271,-7.08808],[110.37269,-7.08784],[110.37243,-7.08748],[110.37235,-7.08738],[110.37256,-7.0871],[110.37258,-7.08707],[110.37272,-7.08688],[110.37279,-7.08673],[110.37291,-7.08665],[110.37316,-7.0866],[110.37347,-7.08654],[110.37364,-7.0865],[110.37372,-7.08643],[110.37371,-7.0863],[110.37305,-7.08516],[110.37286,-7.0849],[110.37249,-7.08462],[110.37242,-7.08456],[110.37228,-7.08443],[110.37221,-7.08419],[110.37215,-7.084],[110.37211,-7.08367],[110.37208,-7.08366],[110.37219,-7.08342],[110.37226,-7.0833],[110.37209,-7.08311],[110.37208,-7.08293],[110.37192,-7.08287],[110.37184,-7.08284],[110.37179,-7.08271],[110.37183,-7.08258],[110.37201,-7.08255],[110.3722,-7.08253],[110.37232,-7.08245],[110.37238,-7.08232],[110.37242,-7.08206],[110.37215,-7.08182],[110.37232,-7.08116],[110.37234,-7.08107]]]}},{"type":"Feature","properties":{"id":"ADM-GUNUNGPATI-PONGANGAN","name":"Pongangan","source_name":"Pongangan","type":"Kelurahan","category":"Administrasi kota","kecamatan":"Gunungpati","kabupaten":"Kota Semarang","catatan":"Batas kelurahan dari berkas vektor kota. Serpihan dan wilayah luar kota dibuang. Kecamatan mengikuti daftar resmi, bukan kolom asli berkas.","status":"Batas administrasi"},"geometry":{"type":"Polygon","coordinates":[[[110.37819,-7.03709],[110.37797,-7.03708],[110.37763,-7.03707],[110.37746,-7.03706],[110.3773,-7.03709],[110.37725,-7.03716],[110.3772,-7.0373],[110.3772,-7.03743],[110.3772,-7.03745],[110.3773,-7.03764],[110.37735,-7.03777],[110.37737,-7.03796],[110.37732,-7.03813],[110.37725,-7.03818],[110.37718,-7.03817],[110.37692,-7.03811],[110.37689,-7.03818],[110.37691,-7.0383],[110.37698,-7.03838],[110.37707,-7.03849],[110.37706,-7.03858],[110.37701,-7.03869],[110.37693,-7.03879],[110.37696,-7.0389],[110.37709,-7.03919],[110.37704,-7.03933],[110.37696,-7.03947],[110.37686,-7.03954],[110.37677,-7.03954],[110.37664,-7.03955],[110.37658,-7.03961],[110.37657,-7.03969],[110.37661,-7.03978],[110.37683,-7.04015],[110.37681,-7.04027],[110.37671,-7.04046],[110.37661,-7.04059],[110.37653,-7.04071],[110.37633,-7.04122],[110.37626,-7.04133],[110.37612,-7.04134],[110.37585,-7.04136],[110.3757,-7.04141],[110.375,-7.04143],[110.37494,-7.04144],[110.37462,-7.04166],[110.37449,-7.0416],[110.3744,-7.04159],[110.37435,-7.04163],[110.3743,-7.04174],[110.37431,-7.04176],[110.37431,-7.04181],[110.3744,-7.04197],[110.37447,-7.04212],[110.37448,-7.04224],[110.37443,-7.04241],[110.37429,-7.04268],[110.3742,-7.04277],[110.37395,-7.04292],[110.37386,-7.04293],[110.3736,-7.04291],[110.37348,-7.04298],[110.37335,-7.04307],[110.3732,-7.04304],[110.37306,-7.04301],[110.37303,-7.04301],[110.37275,-7.04304],[110.37267,-7.04311],[110.37266,-7.04319],[110.37271,-7.04332],[110.37273,-7.04343],[110.37269,-7.04354],[110.37263,-7.04357],[110.37255,-7.04354],[110.37229,-7.04347],[110.37215,-7.04347],[110.37212,-7.04347],[110.37193,-7.04352],[110.37192,-7.04359],[110.37197,-7.04364],[110.37204,-7.04377],[110.3721,-7.04399],[110.37207,-7.04407],[110.37199,-7.04413],[110.37183,-7.04415],[110.37142,-7.0442],[110.37134,-7.04427],[110.37127,-7.0444],[110.37123,-7.0445],[110.37115,-7.04456],[110.37114,-7.04456],[110.37104,-7.04455],[110.37092,-7.04455],[110.37083,-7.04459],[110.3707,-7.04467],[110.37053,-7.04469],[110.37028,-7.04463],[110.36994,-7.04455],[110.36988,-7.04462],[110.36986,-7.0447],[110.36983,-7.04491],[110.36976,-7.04491],[110.36961,-7.04485],[110.36945,-7.04473],[110.36938,-7.04467],[110.36925,-7.04471],[110.3691,-7.04481],[110.36887,-7.04496],[110.36874,-7.04495],[110.36847,-7.04491],[110.3684,-7.04473],[110.36819,-7.04437],[110.36824,-7.04427],[110.36833,-7.0441],[110.36835,-7.04397],[110.36832,-7.04371],[110.3682,-7.04351],[110.36793,-7.04315],[110.36758,-7.04283],[110.36744,-7.04286],[110.36735,-7.04287],[110.36719,-7.04277],[110.36655,-7.04264],[110.36629,-7.04259],[110.36611,-7.04257],[110.36599,-7.0426],[110.36517,-7.04288],[110.36492,-7.04294],[110.36472,-7.04293],[110.36461,-7.04289],[110.36438,-7.04279],[110.36417,-7.04279],[110.36364,-7.04262],[110.36319,-7.04247],[110.36299,-7.04252],[110.36284,-7.04265],[110.36256,-7.04294],[110.36244,-7.04294],[110.36221,-7.04297],[110.36215,-7.04302],[110.36199,-7.04326],[110.36198,-7.04339],[110.36196,-7.04356],[110.36189,-7.04365],[110.3616,-7.0439],[110.36146,-7.04402],[110.36143,-7.04411],[110.36131,-7.04418],[110.36091,-7.04376],[110.36077,-7.04363],[110.36039,-7.04354],[110.36032,-7.04367],[110.36031,-7.04382],[110.36031,-7.04453],[110.36029,-7.04535],[110.36028,-7.04547],[110.36048,-7.04574],[110.36058,-7.04587],[110.36074,-7.04611],[110.36073,-7.04619],[110.36073,-7.0462],[110.36066,-7.04636],[110.3605,-7.04656],[110.36049,-7.04656],[110.36027,-7.04672],[110.36015,-7.04687],[110.36007,-7.04705],[110.35992,-7.04762],[110.35983,-7.04793],[110.35981,-7.04814],[110.3598,-7.04822],[110.35975,-7.04843],[110.35957,-7.04863],[110.35944,-7.0488],[110.35937,-7.04909],[110.35934,-7.04923],[110.35927,-7.04956],[110.35928,-7.04978],[110.35934,-7.05],[110.35939,-7.05019],[110.35938,-7.05034],[110.35933,-7.0506],[110.3593,-7.05075],[110.35925,-7.05092],[110.35915,-7.05106],[110.35905,-7.0513],[110.35898,-7.05152],[110.35901,-7.05165],[110.35913,-7.05215],[110.35913,-7.05217],[110.35911,-7.05258],[110.35907,-7.05288],[110.35908,-7.05298],[110.3591,-7.05311],[110.35923,-7.05345],[110.35936,-7.0536],[110.3597,-7.05397],[110.35994,-7.05443],[110.36008,-7.05457],[110.36054,-7.055],[110.3606,-7.05506],[110.36067,-7.05513],[110.36079,-7.05535],[110.36082,-7.05557],[110.36081,-7.05575],[110.36075,-7.0563],[110.36083,-7.05662],[110.36085,-7.05672],[110.36086,-7.05675],[110.36088,-7.05705],[110.36089,-7.05728],[110.36081,-7.05759],[110.36084,-7.05761],[110.36108,-7.05771],[110.36128,-7.05776],[110.36188,-7.05782],[110.3623,-7.0578],[110.3627,-7.05779],[110.36288,-7.05784],[110.363,-7.05795],[110.36312,-7.0581],[110.3634,-7.05858],[110.36343,-7.05882],[110.36342,-7.05902],[110.36333,-7.05942],[110.36335,-7.06017],[110.36342,-7.06035],[110.36352,-7.06044],[110.3637,-7.06056],[110.36382,-7.06067],[110.36395,-7.0608],[110.36424,-7.06095],[110.36445,-7.06112],[110.36506,-7.06161],[110.36513,-7.06161],[110.3652,-7.06195],[110.36531,-7.06213],[110.36545,-7.06222],[110.36573,-7.06229],[110.36621,-7.06241],[110.36641,-7.06257],[110.36666,-7.06289],[110.36693,-7.06324],[110.36715,-7.06343],[110.3673,-7.06357],[110.36738,-7.06373],[110.36742,-7.06386],[110.36752,-7.06428],[110.36877,-7.06384],[110.36885,-7.06248],[110.36889,-7.06187],[110.36887,-7.06158],[110.36882,-7.0613],[110.36877,-7.06102],[110.36867,-7.06065],[110.36858,-7.06043],[110.36849,-7.06023],[110.36842,-7.06003],[110.36834,-7.05977],[110.36825,-7.05952],[110.36818,-7.05927],[110.36812,-7.05895],[110.36809,-7.0588],[110.36822,-7.05844],[110.36824,-7.05838],[110.36829,-7.05829],[110.36836,-7.05823],[110.36842,-7.05819],[110.36849,-7.05806],[110.36851,-7.05793],[110.36849,-7.05772],[110.36852,-7.05743],[110.3686,-7.05718],[110.36867,-7.05704],[110.36877,-7.05692],[110.36894,-7.05681],[110.36909,-7.05675],[110.36923,-7.05666],[110.36936,-7.05653],[110.36947,-7.05613],[110.36948,-7.05601],[110.36951,-7.05574],[110.36957,-7.05558],[110.36967,-7.05539],[110.36976,-7.05526],[110.36984,-7.05518],[110.36997,-7.05509],[110.37005,-7.05506],[110.37031,-7.05496],[110.37044,-7.05486],[110.3706,-7.0547],[110.37063,-7.05468],[110.37071,-7.05464],[110.37083,-7.05456],[110.37102,-7.05443],[110.37116,-7.05435],[110.37119,-7.05433],[110.37129,-7.05427],[110.37132,-7.05425],[110.37161,-7.05405],[110.37178,-7.05392],[110.37184,-7.05378],[110.37185,-7.05352],[110.37181,-7.05333],[110.37179,-7.05328],[110.37172,-7.05311],[110.37168,-7.0529],[110.37169,-7.05268],[110.37175,-7.05254],[110.37188,-7.05225],[110.372,-7.05193],[110.37205,-7.0518],[110.37212,-7.05158],[110.37219,-7.05141],[110.37222,-7.0512],[110.37221,-7.05096],[110.3722,-7.0509],[110.37212,-7.05036],[110.37215,-7.04998],[110.37215,-7.04984],[110.37218,-7.04964],[110.37231,-7.04933],[110.3724,-7.04911],[110.37244,-7.04897],[110.37246,-7.04887],[110.3726,-7.04869],[110.37337,-7.04816],[110.37345,-7.0481],[110.37366,-7.04798],[110.37386,-7.04783],[110.37399,-7.04776],[110.3741,-7.04763],[110.37413,-7.04757],[110.37423,-7.04738],[110.37426,-7.04719],[110.37427,-7.04686],[110.37426,-7.04668],[110.37426,-7.04648],[110.37428,-7.04626],[110.37435,-7.04598],[110.37439,-7.04579],[110.37449,-7.04562],[110.37466,-7.04547],[110.375,-7.04531],[110.37526,-7.04527],[110.37543,-7.04521],[110.37558,-7.04514],[110.37574,-7.0451],[110.37601,-7.04498],[110.37622,-7.04492],[110.37638,-7.04483],[110.37652,-7.04474],[110.37661,-7.04458],[110.37664,-7.04438],[110.37665,-7.04405],[110.37661,-7.04361],[110.37664,-7.04325],[110.37671,-7.04301],[110.37683,-7.04283],[110.37698,-7.0427],[110.37725,-7.04254],[110.37744,-7.04242],[110.37756,-7.04229],[110.37763,-7.04211],[110.37768,-7.04187],[110.37771,-7.04143],[110.37772,-7.04116],[110.37774,-7.04099],[110.37793,-7.04075],[110.37821,-7.04044],[110.37848,-7.0403],[110.37873,-7.04014],[110.37883,-7.03987],[110.37883,-7.0396],[110.37877,-7.03946],[110.37834,-7.03901],[110.37807,-7.03868],[110.37797,-7.03844],[110.37795,-7.03806],[110.37795,-7.03766],[110.37799,-7.03731],[110.37804,-7.03723],[110.37819,-7.03709]]]}},{"type":"Feature","properties":{"id":"ADM-GUNUNGPATI-SADENG","name":"Sadeng","source_name":"Sadeng","type":"Kelurahan","category":"Administrasi kota","kecamatan":"Gunungpati","kabupaten":"Kota Semarang","catatan":"Batas kelurahan dari berkas vektor kota. Serpihan dan wilayah luar kota dibuang. Kecamatan mengikuti daftar resmi, bukan kolom asli berkas.","status":"Batas administrasi"},"geometry":{"type":"Polygon","coordinates":[[[110.37378,-7.02015],[110.37343,-7.02032],[110.37289,-7.02077],[110.37223,-7.02135],[110.37214,-7.02144],[110.37207,-7.02157],[110.3719,-7.02195],[110.37174,-7.02213],[110.37162,-7.02219],[110.37147,-7.02217],[110.37126,-7.02212],[110.3711,-7.02206],[110.37082,-7.02195],[110.3705,-7.02181],[110.36985,-7.02148],[110.36915,-7.02114],[110.36865,-7.02092],[110.36835,-7.02072],[110.36796,-7.02027],[110.36784,-7.02012],[110.36773,-7.01979],[110.36767,-7.01957],[110.36768,-7.01938],[110.36764,-7.01918],[110.36752,-7.01898],[110.36737,-7.01882],[110.36709,-7.01872],[110.36676,-7.01868],[110.36647,-7.01871],[110.3662,-7.0188],[110.36577,-7.01896],[110.36536,-7.01915],[110.36491,-7.01954],[110.36436,-7.02016],[110.36353,-7.02115],[110.36292,-7.02187],[110.36279,-7.02203],[110.36246,-7.02239],[110.36237,-7.02252],[110.36232,-7.0227],[110.36236,-7.02292],[110.36246,-7.02304],[110.36269,-7.02308],[110.36303,-7.02303],[110.36338,-7.02293],[110.36371,-7.0229],[110.36392,-7.0229],[110.36418,-7.023],[110.36431,-7.02317],[110.36442,-7.0235],[110.36446,-7.02385],[110.36444,-7.02427],[110.3643,-7.02515],[110.36416,-7.02551],[110.36391,-7.02596],[110.36378,-7.02619],[110.36323,-7.02692],[110.36303,-7.0272],[110.36287,-7.02741],[110.36272,-7.02753],[110.36248,-7.02763],[110.36224,-7.02765],[110.36194,-7.02758],[110.36163,-7.02743],[110.36133,-7.02725],[110.36104,-7.02703],[110.36079,-7.02694],[110.36057,-7.02693],[110.36043,-7.02699],[110.36031,-7.02713],[110.36028,-7.02729],[110.36037,-7.02746],[110.36062,-7.02764],[110.36074,-7.02779],[110.36076,-7.02795],[110.36072,-7.02852],[110.36071,-7.02913],[110.36067,-7.02927],[110.36057,-7.02937],[110.36036,-7.0294],[110.36012,-7.02939],[110.35995,-7.02945],[110.35984,-7.0296],[110.3598,-7.0298],[110.35978,-7.02997],[110.35976,-7.03013],[110.35971,-7.03019],[110.35954,-7.03036],[110.35932,-7.03049],[110.35933,-7.03062],[110.35945,-7.03124],[110.35946,-7.03145],[110.3595,-7.03176],[110.35951,-7.03196],[110.35944,-7.03234],[110.35941,-7.0325],[110.35941,-7.03252],[110.35938,-7.0329],[110.35944,-7.03301],[110.35956,-7.03313],[110.35984,-7.03325],[110.36,-7.0333],[110.36033,-7.03343],[110.36048,-7.03348],[110.36062,-7.03356],[110.3608,-7.03371],[110.36079,-7.03376],[110.36074,-7.03386],[110.36065,-7.03393],[110.3605,-7.03397],[110.36029,-7.034],[110.36008,-7.03405],[110.35994,-7.03408],[110.35949,-7.03407],[110.35937,-7.0341],[110.35926,-7.03419],[110.35924,-7.03428],[110.35927,-7.03444],[110.35933,-7.03449],[110.35982,-7.0347],[110.35986,-7.03472],[110.35995,-7.03487],[110.36009,-7.03523],[110.3602,-7.03574],[110.36016,-7.03586],[110.36009,-7.03589],[110.36003,-7.03587],[110.35992,-7.03577],[110.35989,-7.03567],[110.35984,-7.03552],[110.35978,-7.03549],[110.35967,-7.0355],[110.35949,-7.03552],[110.35924,-7.03546],[110.35911,-7.03544],[110.359,-7.03542],[110.35885,-7.03545],[110.35873,-7.03554],[110.35863,-7.03568],[110.35861,-7.03578],[110.35862,-7.03592],[110.35867,-7.03602],[110.35879,-7.03615],[110.35884,-7.03621],[110.35949,-7.0369],[110.35952,-7.03705],[110.35945,-7.03714],[110.35935,-7.03718],[110.35892,-7.0373],[110.35888,-7.03741],[110.3588,-7.03764],[110.35871,-7.03773],[110.35848,-7.03794],[110.35845,-7.03803],[110.35849,-7.03818],[110.35856,-7.03826],[110.35871,-7.03836],[110.35904,-7.03854],[110.35909,-7.03865],[110.35907,-7.03873],[110.35895,-7.03895],[110.35891,-7.03909],[110.35888,-7.03929],[110.3589,-7.03941],[110.35896,-7.03951],[110.35901,-7.03962],[110.35897,-7.03973],[110.35877,-7.04006],[110.3587,-7.0404],[110.35868,-7.04053],[110.35887,-7.04057],[110.35903,-7.04061],[110.35921,-7.04068],[110.3595,-7.0408],[110.35985,-7.04097],[110.35988,-7.04098],[110.36009,-7.04108],[110.36026,-7.04116],[110.36057,-7.04128],[110.36078,-7.04139],[110.36056,-7.04164],[110.36049,-7.04178],[110.36041,-7.04204],[110.36037,-7.04235],[110.3604,-7.04252],[110.36054,-7.04299],[110.36052,-7.04317],[110.36039,-7.04354],[110.36077,-7.04363],[110.36091,-7.04376],[110.36131,-7.04418],[110.36143,-7.04411],[110.36146,-7.04402],[110.3616,-7.0439],[110.36189,-7.04365],[110.36196,-7.04356],[110.36198,-7.04339],[110.36199,-7.04326],[110.36215,-7.04302],[110.36221,-7.04297],[110.36244,-7.04294],[110.36256,-7.04294],[110.36284,-7.04265],[110.36299,-7.04252],[110.36319,-7.04247],[110.36364,-7.04262],[110.36417,-7.04279],[110.36438,-7.04279],[110.36461,-7.04289],[110.36472,-7.04293],[110.36492,-7.04294],[110.36517,-7.04288],[110.36599,-7.0426],[110.36611,-7.04257],[110.36629,-7.04259],[110.36655,-7.04264],[110.36719,-7.04277],[110.36735,-7.04287],[110.36744,-7.04286],[110.36758,-7.04283],[110.36793,-7.04315],[110.3682,-7.04351],[110.36832,-7.04371],[110.36835,-7.04397],[110.36833,-7.0441],[110.36824,-7.04427],[110.36819,-7.04437],[110.3684,-7.04473],[110.36847,-7.04491],[110.36874,-7.04495],[110.36887,-7.04496],[110.3691,-7.04481],[110.36925,-7.04471],[110.36938,-7.04467],[110.36945,-7.04473],[110.36961,-7.04485],[110.36976,-7.04491],[110.36983,-7.04491],[110.36986,-7.0447],[110.36988,-7.04462],[110.36994,-7.04455],[110.37028,-7.04463],[110.37053,-7.04469],[110.3707,-7.04467],[110.37083,-7.04459],[110.37092,-7.04455],[110.37104,-7.04455],[110.37114,-7.04456],[110.37115,-7.04456],[110.37123,-7.0445],[110.37127,-7.0444],[110.37134,-7.04427],[110.37142,-7.0442],[110.37183,-7.04415],[110.37199,-7.04413],[110.37207,-7.04407],[110.3721,-7.04399],[110.37204,-7.04377],[110.37197,-7.04364],[110.37192,-7.04359],[110.37193,-7.04352],[110.37212,-7.04347],[110.37215,-7.04347],[110.37229,-7.04347],[110.37255,-7.04354],[110.37263,-7.04357],[110.37269,-7.04354],[110.37273,-7.04343],[110.37271,-7.04332],[110.37266,-7.04319],[110.37267,-7.04311],[110.37275,-7.04304],[110.37303,-7.04301],[110.37306,-7.04301],[110.3732,-7.04304],[110.37335,-7.04307],[110.37348,-7.04298],[110.3736,-7.04291],[110.37386,-7.04293],[110.37395,-7.04292],[110.3742,-7.04277],[110.37429,-7.04268],[110.37443,-7.04241],[110.37448,-7.04224],[110.37447,-7.04212],[110.3744,-7.04197],[110.37431,-7.04181],[110.37431,-7.04176],[110.3743,-7.04174],[110.37435,-7.04163],[110.3744,-7.04159],[110.37449,-7.0416],[110.37462,-7.04166],[110.37494,-7.04144],[110.375,-7.04143],[110.3757,-7.04141],[110.37585,-7.04136],[110.37612,-7.04134],[110.37626,-7.04133],[110.37633,-7.04122],[110.37653,-7.04071],[110.37661,-7.04059],[110.37671,-7.04046],[110.37681,-7.04027],[110.37683,-7.04015],[110.37661,-7.03978],[110.37657,-7.03969],[110.37658,-7.03961],[110.37664,-7.03955],[110.37677,-7.03954],[110.37686,-7.03954],[110.37696,-7.03947],[110.37704,-7.03933],[110.37709,-7.03919],[110.37696,-7.0389],[110.37693,-7.03879],[110.37701,-7.03869],[110.37706,-7.03858],[110.37707,-7.03849],[110.37698,-7.03838],[110.37691,-7.0383],[110.37689,-7.03818],[110.37692,-7.03811],[110.37718,-7.03817],[110.37725,-7.03818],[110.37732,-7.03813],[110.37737,-7.03796],[110.37735,-7.03777],[110.3773,-7.03764],[110.3772,-7.03745],[110.3772,-7.03743],[110.3772,-7.0373],[110.37725,-7.03716],[110.3773,-7.03709],[110.37746,-7.03706],[110.37763,-7.03707],[110.37797,-7.03708],[110.37819,-7.03709],[110.37866,-7.03661],[110.37886,-7.03643],[110.37897,-7.03631],[110.37903,-7.03621],[110.3791,-7.0359],[110.37918,-7.03566],[110.37914,-7.03541],[110.37898,-7.03498],[110.37877,-7.03473],[110.37861,-7.03463],[110.37836,-7.03461],[110.37806,-7.03465],[110.37748,-7.03488],[110.37715,-7.03498],[110.37691,-7.03504],[110.37666,-7.03502],[110.37648,-7.03492],[110.37638,-7.03481],[110.37638,-7.03457],[110.37636,-7.0343],[110.37636,-7.03408],[110.37638,-7.03391],[110.37656,-7.03371],[110.37681,-7.03348],[110.37712,-7.03316],[110.37769,-7.03265],[110.37794,-7.03232],[110.37827,-7.03146],[110.37835,-7.03111],[110.37831,-7.03076],[110.37812,-7.03035],[110.37765,-7.02982],[110.37728,-7.02947],[110.37706,-7.02919],[110.37694,-7.02896],[110.37692,-7.02867],[110.37701,-7.0284],[110.37725,-7.02812],[110.37758,-7.02774],[110.37802,-7.02738],[110.37859,-7.02689],[110.37891,-7.02655],[110.37915,-7.02618],[110.37935,-7.02574],[110.37952,-7.02531],[110.37953,-7.02505],[110.37944,-7.02481],[110.37922,-7.0246],[110.37913,-7.02436],[110.37907,-7.02427],[110.37849,-7.02314],[110.37839,-7.02319],[110.37819,-7.02318],[110.37786,-7.02296],[110.3775,-7.02262],[110.37731,-7.02245],[110.37708,-7.02229],[110.37679,-7.02201],[110.37639,-7.02166],[110.37622,-7.02154],[110.375,-7.02074],[110.37427,-7.02019],[110.3741,-7.02014],[110.37394,-7.02012],[110.37378,-7.02015]]]}},{"type":"Feature","properties":{"id":"ADM-GUNUNGPATI-SEKARAN","name":"Sekaran","source_name":"Sekaran","type":"Kelurahan","category":"Administrasi kota","kecamatan":"Gunungpati","kabupaten":"Kota Semarang","catatan":"Batas kelurahan dari berkas vektor kota. Serpihan dan wilayah luar kota dibuang. Kecamatan mengikuti daftar resmi, bukan kolom asli berkas.","status":"Batas administrasi"},"geometry":{"type":"Polygon","coordinates":[[[110.40611,-7.04883],[110.40621,-7.04842],[110.40624,-7.04811],[110.40622,-7.04787],[110.40614,-7.0477],[110.40604,-7.04756],[110.40593,-7.04743],[110.40574,-7.04726],[110.40549,-7.04697],[110.40527,-7.04669],[110.40516,-7.04643],[110.40513,-7.04621],[110.40513,-7.04586],[110.40513,-7.04544],[110.40514,-7.04452],[110.40513,-7.04396],[110.40511,-7.04373],[110.40502,-7.04339],[110.40491,-7.04309],[110.4047,-7.04256],[110.40459,-7.04221],[110.40458,-7.04208],[110.40458,-7.042],[110.40467,-7.04184],[110.4047,-7.04175],[110.40464,-7.04161],[110.40448,-7.0414],[110.40436,-7.04112],[110.40429,-7.04077],[110.40424,-7.0404],[110.40422,-7.04006],[110.40427,-7.03973],[110.40441,-7.03942],[110.40457,-7.03915],[110.40473,-7.03887],[110.40477,-7.0387],[110.40476,-7.03853],[110.40465,-7.03834],[110.40455,-7.03806],[110.40452,-7.03778],[110.40452,-7.03756],[110.4046,-7.03736],[110.40476,-7.03706],[110.40503,-7.03681],[110.40534,-7.03648],[110.40548,-7.03622],[110.40553,-7.03597],[110.40542,-7.03572],[110.40521,-7.03539],[110.40495,-7.03509],[110.40456,-7.03481],[110.40439,-7.03469],[110.40431,-7.03445],[110.40428,-7.03428],[110.40425,-7.03403],[110.40425,-7.03387],[110.40423,-7.03381],[110.40414,-7.03384],[110.40393,-7.03391],[110.4039,-7.03393],[110.40377,-7.03397],[110.40364,-7.03399],[110.40354,-7.03399],[110.40343,-7.03399],[110.4034,-7.03401],[110.40332,-7.03403],[110.40313,-7.03406],[110.40293,-7.03406],[110.40204,-7.03416],[110.40122,-7.03429],[110.40044,-7.03453],[110.3997,-7.03485],[110.39865,-7.03527],[110.39673,-7.0357],[110.39665,-7.03572],[110.39635,-7.03579],[110.39616,-7.03585],[110.39607,-7.03581],[110.39588,-7.03573],[110.39546,-7.0358],[110.39538,-7.03574],[110.39526,-7.03567],[110.39516,-7.03569],[110.39502,-7.03569],[110.39462,-7.0357],[110.39452,-7.03575],[110.39444,-7.03573],[110.39418,-7.03564],[110.39376,-7.03592],[110.39367,-7.03597],[110.39342,-7.03606],[110.39322,-7.03615],[110.39303,-7.0362],[110.39272,-7.03621],[110.39258,-7.03618],[110.39134,-7.03567],[110.39012,-7.03537],[110.38992,-7.03521],[110.38979,-7.03511],[110.38968,-7.03507],[110.38921,-7.03496],[110.38899,-7.03487],[110.38885,-7.03482],[110.38869,-7.03479],[110.38819,-7.03479],[110.38795,-7.03481],[110.38773,-7.03496],[110.38759,-7.03508],[110.38744,-7.03513],[110.38719,-7.03507],[110.38704,-7.03504],[110.38683,-7.03509],[110.38665,-7.0352],[110.3865,-7.03538],[110.38635,-7.03555],[110.38613,-7.03576],[110.3861,-7.03576],[110.38589,-7.03565],[110.38576,-7.03561],[110.38558,-7.03563],[110.38544,-7.03571],[110.38537,-7.03574],[110.38524,-7.03567],[110.38511,-7.03561],[110.385,-7.0356],[110.38482,-7.03568],[110.38469,-7.03576],[110.38455,-7.03579],[110.38439,-7.03591],[110.38429,-7.03597],[110.38412,-7.03596],[110.38403,-7.03596],[110.38396,-7.03602],[110.38385,-7.03616],[110.38374,-7.03624],[110.38361,-7.03624],[110.38349,-7.03622],[110.38341,-7.03631],[110.38332,-7.03643],[110.38325,-7.03648],[110.38309,-7.03637],[110.38302,-7.03632],[110.38295,-7.03632],[110.38277,-7.03641],[110.38264,-7.0364],[110.38256,-7.03638],[110.38248,-7.03652],[110.3823,-7.03669],[110.38227,-7.03671],[110.38195,-7.03691],[110.38152,-7.03721],[110.38135,-7.03724],[110.38115,-7.03721],[110.38085,-7.03714],[110.38074,-7.03714],[110.38036,-7.03741],[110.38027,-7.03746],[110.3801,-7.03744],[110.37991,-7.03743],[110.37985,-7.03742],[110.37982,-7.03737],[110.37987,-7.03725],[110.37992,-7.03715],[110.37992,-7.0371],[110.37985,-7.03706],[110.37965,-7.0371],[110.37941,-7.03706],[110.37926,-7.03705],[110.37915,-7.03705],[110.37908,-7.03701],[110.37906,-7.03694],[110.37913,-7.03681],[110.37922,-7.03669],[110.37926,-7.03659],[110.37924,-7.03651],[110.3791,-7.03639],[110.37897,-7.03631],[110.37886,-7.03643],[110.37866,-7.03661],[110.37819,-7.03709],[110.37804,-7.03723],[110.37799,-7.03731],[110.37795,-7.03766],[110.37795,-7.03806],[110.37808,-7.03807],[110.37827,-7.03807],[110.37841,-7.03805],[110.37873,-7.03795],[110.37889,-7.03789],[110.37905,-7.03792],[110.37922,-7.03809],[110.37946,-7.03842],[110.37952,-7.03845],[110.37976,-7.03847],[110.38031,-7.03851],[110.3806,-7.03851],[110.3807,-7.03858],[110.38081,-7.03875],[110.38085,-7.03892],[110.38088,-7.0392],[110.38091,-7.03967],[110.38093,-7.04001],[110.38085,-7.04032],[110.38076,-7.04047],[110.38055,-7.04061],[110.38027,-7.04077],[110.38006,-7.04086],[110.37984,-7.04102],[110.37973,-7.04114],[110.37965,-7.04128],[110.37965,-7.0416],[110.37968,-7.04173],[110.37977,-7.04189],[110.37989,-7.04212],[110.37997,-7.04232],[110.38008,-7.04264],[110.38024,-7.04312],[110.38047,-7.04377],[110.38049,-7.04399],[110.38045,-7.04408],[110.3803,-7.04413],[110.38008,-7.04413],[110.3799,-7.04416],[110.37972,-7.04428],[110.3796,-7.04442],[110.37959,-7.04452],[110.3796,-7.04464],[110.37966,-7.04479],[110.37973,-7.04491],[110.37992,-7.04514],[110.38,-7.04523],[110.3803,-7.04516],[110.38041,-7.0452],[110.38055,-7.04531],[110.38065,-7.04545],[110.38071,-7.0456],[110.38071,-7.04574],[110.38071,-7.04577],[110.38065,-7.04592],[110.38052,-7.04627],[110.38051,-7.04637],[110.38051,-7.04643],[110.38052,-7.04671],[110.38052,-7.04702],[110.38055,-7.04707],[110.38067,-7.04718],[110.38066,-7.04729],[110.38063,-7.04748],[110.38069,-7.04754],[110.38087,-7.04761],[110.38108,-7.04765],[110.3813,-7.04761],[110.38145,-7.0476],[110.38159,-7.04764],[110.38169,-7.04765],[110.38191,-7.04765],[110.38203,-7.04774],[110.3821,-7.04784],[110.38213,-7.0479],[110.38211,-7.04797],[110.38211,-7.04804],[110.38213,-7.04822],[110.38214,-7.04837],[110.38214,-7.04858],[110.38209,-7.04866],[110.38205,-7.04875],[110.38203,-7.0488],[110.38204,-7.0489],[110.3821,-7.049],[110.38252,-7.04941],[110.38282,-7.04959],[110.38299,-7.04971],[110.38329,-7.04999],[110.38341,-7.05009],[110.38369,-7.05045],[110.38383,-7.05063],[110.38397,-7.05077],[110.3841,-7.05084],[110.38484,-7.05111],[110.38495,-7.05114],[110.38521,-7.05115],[110.38537,-7.05125],[110.38541,-7.05134],[110.38546,-7.05156],[110.38555,-7.05159],[110.38569,-7.0516],[110.38593,-7.05159],[110.38602,-7.05165],[110.3863,-7.05185],[110.38649,-7.05189],[110.38655,-7.05194],[110.38659,-7.05198],[110.38676,-7.05212],[110.38682,-7.05217],[110.38716,-7.05236],[110.38749,-7.05249],[110.38769,-7.05257],[110.38773,-7.05258],[110.38775,-7.0527],[110.38781,-7.0529],[110.38789,-7.05295],[110.38804,-7.05296],[110.38827,-7.05299],[110.38833,-7.05306],[110.38834,-7.05314],[110.38828,-7.0533],[110.38827,-7.05343],[110.38831,-7.05351],[110.38839,-7.05356],[110.38856,-7.0536],[110.38865,-7.05359],[110.38874,-7.05352],[110.38888,-7.05343],[110.38895,-7.05349],[110.38902,-7.05362],[110.38902,-7.05374],[110.38896,-7.05409],[110.38894,-7.05431],[110.38901,-7.05436],[110.38935,-7.05456],[110.38949,-7.05465],[110.38967,-7.05466],[110.38985,-7.05482],[110.38992,-7.05489],[110.39007,-7.05505],[110.39009,-7.05507],[110.39018,-7.05512],[110.39026,-7.05509],[110.39042,-7.05503],[110.39053,-7.05506],[110.39058,-7.05514],[110.39059,-7.05523],[110.39054,-7.05539],[110.3905,-7.05558],[110.39054,-7.05569],[110.39061,-7.05592],[110.39071,-7.05623],[110.39075,-7.05639],[110.39081,-7.05643],[110.39092,-7.05652],[110.391,-7.05666],[110.39105,-7.05688],[110.39111,-7.05728],[110.3912,-7.0574],[110.39134,-7.05757],[110.39146,-7.05763],[110.39155,-7.05762],[110.39175,-7.05756],[110.39211,-7.05737],[110.39234,-7.05719],[110.39245,-7.05722],[110.39252,-7.05729],[110.39253,-7.05742],[110.39257,-7.05761],[110.39263,-7.05779],[110.39274,-7.05794],[110.39286,-7.05811],[110.39285,-7.05813],[110.39293,-7.0581],[110.39295,-7.05808],[110.39296,-7.05804],[110.39295,-7.05791],[110.39295,-7.05757],[110.39297,-7.05747],[110.39298,-7.05745],[110.39304,-7.05743],[110.39313,-7.05738],[110.39323,-7.05726],[110.39333,-7.05703],[110.39335,-7.05701],[110.39338,-7.05698],[110.39343,-7.05697],[110.39367,-7.05697],[110.39383,-7.05692],[110.39398,-7.05686],[110.39413,-7.05688],[110.39437,-7.05691],[110.39455,-7.05692],[110.39464,-7.0569],[110.39474,-7.057],[110.39487,-7.05706],[110.39508,-7.05709],[110.39534,-7.05712],[110.39582,-7.05726],[110.39656,-7.0575],[110.39665,-7.05753],[110.39712,-7.05776],[110.39735,-7.05791],[110.39747,-7.05811],[110.39765,-7.05844],[110.39804,-7.05911],[110.39825,-7.05949],[110.3987,-7.0596],[110.39923,-7.05952],[110.40022,-7.05934],[110.40113,-7.05901],[110.4017,-7.05848],[110.40245,-7.05778],[110.40255,-7.05761],[110.40288,-7.05755],[110.40321,-7.05775],[110.40331,-7.05803],[110.4032,-7.05829],[110.40253,-7.0592],[110.40255,-7.05959],[110.40264,-7.05982],[110.40305,-7.06009],[110.40339,-7.06012],[110.40391,-7.06014],[110.40437,-7.06016],[110.40519,-7.06032],[110.40522,-7.0603],[110.40533,-7.06023],[110.40551,-7.06014],[110.40569,-7.06002],[110.4058,-7.0599],[110.40589,-7.05973],[110.406,-7.05939],[110.40609,-7.05913],[110.40616,-7.05891],[110.40629,-7.0587],[110.40638,-7.05851],[110.40644,-7.05827],[110.40646,-7.05798],[110.40649,-7.05773],[110.40652,-7.05752],[110.40655,-7.05734],[110.40652,-7.05712],[110.40649,-7.05677],[110.40649,-7.05661],[110.40653,-7.05636],[110.40655,-7.0561],[110.40656,-7.0558],[110.40652,-7.05558],[110.40643,-7.05537],[110.40633,-7.05516],[110.40628,-7.05491],[110.40628,-7.05464],[110.40623,-7.05437],[110.4061,-7.05414],[110.40589,-7.05391],[110.40569,-7.0536],[110.40562,-7.05341],[110.40567,-7.05321],[110.40579,-7.05301],[110.40589,-7.05289],[110.40608,-7.05287],[110.40632,-7.05289],[110.40659,-7.0529],[110.40673,-7.05287],[110.40687,-7.05273],[110.40697,-7.0526],[110.40697,-7.05246],[110.40693,-7.05234],[110.40676,-7.05219],[110.40663,-7.05199],[110.40653,-7.05185],[110.40646,-7.05166],[110.40637,-7.05144],[110.40632,-7.05126],[110.40624,-7.05108],[110.40612,-7.0509],[110.40598,-7.05074],[110.40591,-7.05064],[110.40586,-7.05049],[110.40585,-7.05035],[110.40586,-7.05008],[110.40593,-7.04961],[110.40605,-7.04906],[110.40611,-7.04883]]]}},{"type":"Feature","properties":{"id":"ADM-GUNUNGPATI-SUKOREJO","name":"Sukorejo","source_name":"Sukorejo","type":"Kelurahan","category":"Administrasi kota","kecamatan":"Gunungpati","kabupaten":"Kota Semarang","catatan":"Batas kelurahan dari berkas vektor kota. Serpihan dan wilayah luar kota dibuang. Kecamatan mengikuti daftar resmi, bukan kolom asli berkas.","status":"Batas administrasi"},"geometry":{"type":"Polygon","coordinates":[[[110.402,-7.02787],[110.40167,-7.0275],[110.40144,-7.02715],[110.40125,-7.0269],[110.401,-7.02663],[110.40079,-7.02646],[110.4006,-7.02637],[110.40016,-7.02611],[110.39983,-7.02594],[110.39955,-7.02584],[110.39936,-7.02571],[110.39926,-7.02559],[110.39923,-7.0255],[110.39924,-7.0254],[110.39934,-7.02514],[110.39939,-7.02502],[110.39937,-7.02487],[110.39933,-7.0246],[110.39932,-7.02444],[110.39933,-7.02429],[110.39933,-7.024],[110.39933,-7.02366],[110.39929,-7.02354],[110.3992,-7.02347],[110.39897,-7.02335],[110.39864,-7.02323],[110.39844,-7.02319],[110.39825,-7.02318],[110.39765,-7.02318],[110.39738,-7.02315],[110.39719,-7.02309],[110.39697,-7.02293],[110.39688,-7.02285],[110.39674,-7.02256],[110.39659,-7.02234],[110.39639,-7.0221],[110.39608,-7.02169],[110.39567,-7.02123],[110.39511,-7.02065],[110.39418,-7.01968],[110.39397,-7.01949],[110.39385,-7.01946],[110.39371,-7.01948],[110.39359,-7.01952],[110.39339,-7.01965],[110.39326,-7.01978],[110.39314,-7.01998],[110.39306,-7.02013],[110.3929,-7.02026],[110.39258,-7.02051],[110.39225,-7.02067],[110.39192,-7.02082],[110.39146,-7.02093],[110.39131,-7.02096],[110.39116,-7.02094],[110.39106,-7.02088],[110.39095,-7.02071],[110.39089,-7.02056],[110.3909,-7.0204],[110.3909,-7.02024],[110.39087,-7.02013],[110.39082,-7.02006],[110.39063,-7.01995],[110.39037,-7.01985],[110.39,-7.01966],[110.38975,-7.01959],[110.38959,-7.01956],[110.38919,-7.01952],[110.38898,-7.0195],[110.38885,-7.01943],[110.38864,-7.01931],[110.3882,-7.01903],[110.38804,-7.01891],[110.38783,-7.01875],[110.38774,-7.01862],[110.38763,-7.01836],[110.38747,-7.0179],[110.38735,-7.01745],[110.38721,-7.01747],[110.38678,-7.01747],[110.38636,-7.01747],[110.38537,-7.01746],[110.38502,-7.01746],[110.38488,-7.01749],[110.38458,-7.01758],[110.38439,-7.01761],[110.3842,-7.01764],[110.38399,-7.01764],[110.38386,-7.01765],[110.38375,-7.01771],[110.38359,-7.01787],[110.38343,-7.01813],[110.38337,-7.0183],[110.38333,-7.01857],[110.38331,-7.01881],[110.38324,-7.01894],[110.38312,-7.0191],[110.38305,-7.01927],[110.38298,-7.01957],[110.3829,-7.01993],[110.38281,-7.02022],[110.38275,-7.02038],[110.38264,-7.02046],[110.38251,-7.02051],[110.38229,-7.02053],[110.38205,-7.02043],[110.38179,-7.02025],[110.38151,-7.01989],[110.38124,-7.01948],[110.38099,-7.01904],[110.38065,-7.01853],[110.38034,-7.01801],[110.38018,-7.01775],[110.38009,-7.01769],[110.37997,-7.01766],[110.37967,-7.01766],[110.37947,-7.01766],[110.37935,-7.0177],[110.37929,-7.01779],[110.37922,-7.01801],[110.37914,-7.01853],[110.37908,-7.019],[110.37902,-7.01934],[110.37896,-7.01966],[110.37896,-7.01987],[110.37897,-7.02019],[110.37899,-7.0205],[110.37899,-7.02071],[110.37897,-7.02086],[110.37893,-7.02111],[110.37887,-7.0214],[110.37877,-7.02163],[110.37864,-7.02191],[110.3786,-7.02205],[110.37856,-7.02222],[110.37856,-7.02236],[110.37857,-7.02268],[110.37856,-7.02294],[110.37853,-7.0231],[110.37849,-7.02314],[110.37907,-7.02427],[110.37913,-7.02436],[110.37922,-7.0246],[110.37944,-7.02481],[110.37953,-7.02505],[110.37952,-7.02531],[110.37935,-7.02574],[110.37915,-7.02618],[110.37891,-7.02655],[110.37859,-7.02689],[110.37802,-7.02738],[110.37758,-7.02774],[110.37725,-7.02812],[110.37701,-7.0284],[110.37692,-7.02867],[110.37694,-7.02896],[110.37706,-7.02919],[110.37728,-7.02947],[110.37765,-7.02982],[110.37812,-7.03035],[110.37831,-7.03076],[110.37835,-7.03111],[110.37827,-7.03146],[110.37794,-7.03232],[110.37769,-7.03265],[110.37712,-7.03316],[110.37681,-7.03348],[110.37656,-7.03371],[110.37638,-7.03391],[110.37636,-7.03408],[110.37636,-7.0343],[110.37638,-7.03457],[110.37638,-7.03481],[110.37648,-7.03492],[110.37666,-7.03502],[110.37691,-7.03504],[110.37715,-7.03498],[110.37748,-7.03488],[110.37806,-7.03465],[110.37836,-7.03461],[110.37861,-7.03463],[110.37877,-7.03473],[110.37898,-7.03498],[110.37914,-7.03541],[110.37918,-7.03566],[110.3791,-7.0359],[110.37903,-7.03621],[110.37897,-7.03631],[110.3791,-7.03639],[110.37924,-7.03651],[110.37926,-7.03659],[110.37922,-7.03669],[110.37913,-7.03681],[110.37906,-7.03694],[110.37908,-7.03701],[110.37915,-7.03705],[110.37926,-7.03705],[110.37941,-7.03706],[110.37965,-7.0371],[110.37985,-7.03706],[110.37992,-7.0371],[110.37992,-7.03715],[110.37987,-7.03725],[110.37982,-7.03737],[110.37985,-7.03742],[110.37991,-7.03743],[110.3801,-7.03744],[110.38027,-7.03746],[110.38036,-7.03741],[110.38074,-7.03714],[110.38085,-7.03714],[110.38115,-7.03721],[110.38135,-7.03724],[110.38152,-7.03721],[110.38195,-7.03691],[110.38227,-7.03671],[110.3823,-7.03669],[110.38248,-7.03652],[110.38256,-7.03638],[110.38264,-7.0364],[110.38277,-7.03641],[110.38295,-7.03632],[110.38302,-7.03632],[110.38309,-7.03637],[110.38325,-7.03648],[110.38332,-7.03643],[110.38341,-7.03631],[110.38349,-7.03622],[110.38361,-7.03624],[110.38374,-7.03624],[110.38385,-7.03616],[110.38396,-7.03602],[110.38403,-7.03596],[110.38412,-7.03596],[110.38429,-7.03597],[110.38439,-7.03591],[110.38455,-7.03579],[110.38469,-7.03576],[110.38482,-7.03568],[110.385,-7.0356],[110.38511,-7.03561],[110.38524,-7.03567],[110.38537,-7.03574],[110.38544,-7.03571],[110.38558,-7.03563],[110.38576,-7.03561],[110.38589,-7.03565],[110.3861,-7.03576],[110.38613,-7.03576],[110.38635,-7.03555],[110.3865,-7.03538],[110.38665,-7.0352],[110.38683,-7.03509],[110.38704,-7.03504],[110.38719,-7.03507],[110.38744,-7.03513],[110.38759,-7.03508],[110.38773,-7.03496],[110.38795,-7.03481],[110.38819,-7.03479],[110.38869,-7.03479],[110.38885,-7.03482],[110.38899,-7.03487],[110.38921,-7.03496],[110.38968,-7.03507],[110.38979,-7.03511],[110.38992,-7.03521],[110.39012,-7.03537],[110.39134,-7.03567],[110.39258,-7.03618],[110.39272,-7.03621],[110.39303,-7.0362],[110.39322,-7.03615],[110.39342,-7.03606],[110.39367,-7.03597],[110.39376,-7.03592],[110.39418,-7.03564],[110.39444,-7.03573],[110.39452,-7.03575],[110.39462,-7.0357],[110.39502,-7.03569],[110.39516,-7.03569],[110.39526,-7.03567],[110.39538,-7.03574],[110.39546,-7.0358],[110.39588,-7.03573],[110.39607,-7.03581],[110.39616,-7.03585],[110.39635,-7.03579],[110.39665,-7.03572],[110.39673,-7.0357],[110.39865,-7.03527],[110.3997,-7.03485],[110.40044,-7.03453],[110.40122,-7.03429],[110.40204,-7.03416],[110.40293,-7.03406],[110.40313,-7.03406],[110.40332,-7.03403],[110.4034,-7.03401],[110.40343,-7.03399],[110.40354,-7.03399],[110.40364,-7.03399],[110.40377,-7.03397],[110.4039,-7.03393],[110.40393,-7.03391],[110.40414,-7.03384],[110.40423,-7.03381],[110.40417,-7.03363],[110.40405,-7.03337],[110.40381,-7.03297],[110.40359,-7.03255],[110.40352,-7.03241],[110.40352,-7.03228],[110.40356,-7.03219],[110.40372,-7.03212],[110.4039,-7.03202],[110.404,-7.03186],[110.40408,-7.03159],[110.40416,-7.03124],[110.40421,-7.03091],[110.40423,-7.03055],[110.40419,-7.03022],[110.40411,-7.03002],[110.40391,-7.02972],[110.40367,-7.02951],[110.40331,-7.02927],[110.40319,-7.02917],[110.40294,-7.02892],[110.40232,-7.02828],[110.40204,-7.02791],[110.402,-7.02787]]]}},{"type":"Feature","properties":{"id":"ADM-GUNUNGPATI-SUMUREJO","name":"Sumurejo","source_name":"Sumurrejo","type":"Kelurahan","category":"Administrasi kota","kecamatan":"Gunungpati","kabupaten":"Kota Semarang","catatan":"Batas kelurahan dari berkas vektor kota. Serpihan dan wilayah luar kota dibuang. Kecamatan mengikuti daftar resmi, bukan kolom asli berkas.","status":"Batas administrasi"},"geometry":{"type":"Polygon","coordinates":[[[110.38986,-7.09918],[110.38946,-7.0991],[110.38922,-7.09909],[110.38859,-7.09885],[110.38825,-7.09869],[110.38808,-7.09867],[110.38789,-7.09868],[110.38758,-7.09854],[110.38732,-7.09845],[110.38706,-7.0984],[110.38698,-7.09823],[110.38689,-7.0981],[110.38672,-7.098],[110.3866,-7.09794],[110.38645,-7.09787],[110.3862,-7.09767],[110.38607,-7.09737],[110.386,-7.09723],[110.38589,-7.09715],[110.38563,-7.09715],[110.38526,-7.09718],[110.38526,-7.09715],[110.38504,-7.09673],[110.38501,-7.0966],[110.38502,-7.09636],[110.38498,-7.09622],[110.38481,-7.09608],[110.38451,-7.09561],[110.38396,-7.09452],[110.38347,-7.09375],[110.3832,-7.09341],[110.38286,-7.0933],[110.3827,-7.09335],[110.3823,-7.09349],[110.38111,-7.09447],[110.38058,-7.09504],[110.38009,-7.09533],[110.37951,-7.09543],[110.37933,-7.09545],[110.37957,-7.09568],[110.37983,-7.09605],[110.37985,-7.09622],[110.37984,-7.09648],[110.37982,-7.09665],[110.37971,-7.09677],[110.37961,-7.09691],[110.37959,-7.09708],[110.37958,-7.09739],[110.37955,-7.09767],[110.37962,-7.09781],[110.37972,-7.09788],[110.37985,-7.09788],[110.37996,-7.09782],[110.38006,-7.09765],[110.38018,-7.09749],[110.38031,-7.09743],[110.38045,-7.09752],[110.38054,-7.09765],[110.38052,-7.09778],[110.38043,-7.09793],[110.38009,-7.09833],[110.37989,-7.0985],[110.37977,-7.09868],[110.3798,-7.0988],[110.37991,-7.09889],[110.38002,-7.09901],[110.38002,-7.09914],[110.37994,-7.09957],[110.38002,-7.09971],[110.38019,-7.09997],[110.3802,-7.10019],[110.38016,-7.10073],[110.38007,-7.10099],[110.3801,-7.10124],[110.38028,-7.10144],[110.3803,-7.10158],[110.38022,-7.10167],[110.38016,-7.10179],[110.38011,-7.10199],[110.38,-7.10209],[110.37988,-7.10211],[110.3798,-7.10215],[110.37971,-7.10234],[110.37954,-7.1028],[110.37931,-7.1031],[110.37916,-7.10325],[110.37902,-7.10328],[110.37865,-7.10336],[110.3785,-7.10348],[110.37839,-7.10364],[110.37835,-7.1037],[110.37828,-7.10393],[110.3783,-7.1041],[110.37829,-7.10423],[110.37822,-7.10441],[110.37806,-7.10467],[110.37792,-7.10526],[110.37772,-7.10553],[110.37752,-7.10571],[110.37741,-7.10583],[110.37711,-7.1065],[110.37707,-7.10723],[110.37699,-7.1073],[110.37688,-7.10729],[110.37672,-7.10722],[110.37658,-7.1072],[110.37646,-7.10728],[110.37639,-7.1074],[110.37644,-7.10759],[110.37677,-7.10801],[110.37682,-7.10818],[110.37682,-7.10823],[110.37683,-7.10823],[110.37775,-7.10871],[110.37848,-7.10892],[110.37931,-7.10927],[110.38009,-7.1097],[110.38125,-7.11019],[110.38193,-7.11051],[110.38214,-7.11044],[110.38224,-7.11046],[110.38225,-7.11046],[110.38222,-7.11054],[110.38221,-7.11059],[110.38221,-7.11076],[110.38221,-7.11087],[110.38222,-7.11098],[110.38222,-7.11103],[110.38222,-7.11105],[110.38229,-7.11133],[110.38243,-7.11185],[110.38254,-7.11198],[110.3827,-7.11216],[110.38295,-7.11246],[110.38316,-7.11273],[110.38333,-7.11309],[110.38343,-7.11328],[110.38361,-7.11362],[110.38375,-7.11378],[110.38387,-7.11392],[110.38406,-7.114],[110.38407,-7.11401],[110.38423,-7.11406],[110.38437,-7.11397],[110.38467,-7.11377],[110.38476,-7.11363],[110.38491,-7.11351],[110.38528,-7.11345],[110.3856,-7.11353],[110.38672,-7.11363],[110.38766,-7.11373],[110.38826,-7.11377],[110.38828,-7.1138],[110.38837,-7.11387],[110.3884,-7.11417],[110.38845,-7.11467],[110.38864,-7.11505],[110.38873,-7.11509],[110.38894,-7.11518],[110.38895,-7.11518],[110.38898,-7.11525],[110.38902,-7.11529],[110.38955,-7.11513],[110.38995,-7.11507],[110.39085,-7.11487],[110.39097,-7.11485],[110.39157,-7.11475],[110.39168,-7.11474],[110.39262,-7.1146],[110.3938,-7.11443],[110.39385,-7.11443],[110.39388,-7.11443],[110.39406,-7.11444],[110.39411,-7.11441],[110.39458,-7.11423],[110.39468,-7.11419],[110.39469,-7.11419],[110.39487,-7.11417],[110.39533,-7.11439],[110.39663,-7.11443],[110.39667,-7.11443],[110.39684,-7.11446],[110.39695,-7.11422],[110.39705,-7.11412],[110.39711,-7.11408],[110.39724,-7.11398],[110.39729,-7.11387],[110.3973,-7.11377],[110.39731,-7.11368],[110.39736,-7.11357],[110.39742,-7.11345],[110.39776,-7.11325],[110.3981,-7.11298],[110.39841,-7.11268],[110.39855,-7.11254],[110.39867,-7.11242],[110.39892,-7.11217],[110.39912,-7.112],[110.39914,-7.11198],[110.39918,-7.11195],[110.39936,-7.11181],[110.39944,-7.11176],[110.39981,-7.11151],[110.39995,-7.11137],[110.40006,-7.11119],[110.40009,-7.1112],[110.40022,-7.11116],[110.40032,-7.11107],[110.40058,-7.11087],[110.40115,-7.11045],[110.40163,-7.11022],[110.40177,-7.11012],[110.40183,-7.10999],[110.40182,-7.10981],[110.40179,-7.10968],[110.40178,-7.10962],[110.40182,-7.10949],[110.40186,-7.10944],[110.40169,-7.10886],[110.40162,-7.10862],[110.4015,-7.10827],[110.40107,-7.10768],[110.40082,-7.10741],[110.40053,-7.10721],[110.39886,-7.10657],[110.39852,-7.10645],[110.39809,-7.10614],[110.39778,-7.1058],[110.39767,-7.10559],[110.39763,-7.10485],[110.39766,-7.10467],[110.39777,-7.10453],[110.39808,-7.10431],[110.39822,-7.10426],[110.39893,-7.10472],[110.39911,-7.10482],[110.3992,-7.10484],[110.39932,-7.10474],[110.39938,-7.10459],[110.39937,-7.10438],[110.39913,-7.10387],[110.399,-7.10328],[110.39878,-7.10324],[110.39872,-7.10316],[110.39866,-7.10291],[110.39857,-7.10264],[110.39844,-7.10252],[110.39823,-7.10255],[110.3981,-7.10265],[110.39782,-7.10304],[110.3976,-7.10327],[110.3974,-7.10334],[110.39717,-7.10335],[110.39689,-7.10332],[110.39678,-7.10318],[110.39674,-7.103],[110.39676,-7.10289],[110.39688,-7.10279],[110.39705,-7.10274],[110.39721,-7.10268],[110.39732,-7.10252],[110.39733,-7.10239],[110.39725,-7.10221],[110.39714,-7.10206],[110.39695,-7.10196],[110.39688,-7.10192],[110.3964,-7.10172],[110.39628,-7.1016],[110.39625,-7.10142],[110.3962,-7.10107],[110.3961,-7.10091],[110.396,-7.10085],[110.39573,-7.10081],[110.39531,-7.10077],[110.39516,-7.10066],[110.39504,-7.10048],[110.39487,-7.10033],[110.39472,-7.10028],[110.39443,-7.10018],[110.3943,-7.09997],[110.39415,-7.09958],[110.39408,-7.09942],[110.3939,-7.09929],[110.3937,-7.09923],[110.3928,-7.09909],[110.39205,-7.09915],[110.39111,-7.09924],[110.39023,-7.09925],[110.38986,-7.09918]]]}},{"type":"Feature","properties":{"id":"ADM-MIJEN-BUBAKAN","name":"Bubakan","source_name":"Bubakan","type":"Kelurahan","category":"Administrasi kota","kecamatan":"Mijen","kabupaten":"Kota Semarang","catatan":"Batas kelurahan dari berkas vektor kota. Serpihan dan wilayah luar kota dibuang. Kecamatan mengikuti daftar resmi, bukan kolom asli berkas.","status":"Batas administrasi"},"geometry":{"type":"Polygon","coordinates":[[[110.32933,-7.08683],[110.32855,-7.08572],[110.32797,-7.08509],[110.32729,-7.08467],[110.32637,-7.08409],[110.32584,-7.0835],[110.32545,-7.08264],[110.32528,-7.08191],[110.32529,-7.08227],[110.32528,-7.08381],[110.32526,-7.08413],[110.3252,-7.08436],[110.32515,-7.08449],[110.325,-7.08467],[110.32476,-7.08487],[110.32456,-7.08499],[110.32436,-7.08502],[110.32418,-7.085],[110.32275,-7.08497],[110.32241,-7.08497],[110.3223,-7.08499],[110.32044,-7.08499],[110.31912,-7.08497],[110.31866,-7.08498],[110.31865,-7.08498],[110.31851,-7.085],[110.31842,-7.085],[110.31769,-7.085],[110.31689,-7.085],[110.31663,-7.08503],[110.31627,-7.08514],[110.31601,-7.08528],[110.31593,-7.08541],[110.31588,-7.08564],[110.31583,-7.08583],[110.3158,-7.08604],[110.31575,-7.08626],[110.31572,-7.08627],[110.31567,-7.08628],[110.31553,-7.08629],[110.31515,-7.08629],[110.31459,-7.0863],[110.31429,-7.08629],[110.31415,-7.08633],[110.31404,-7.08644],[110.31389,-7.0867],[110.31389,-7.08689],[110.314,-7.08744],[110.31402,-7.08774],[110.31402,-7.088],[110.31394,-7.08809],[110.31387,-7.08817],[110.31402,-7.08826],[110.31421,-7.08836],[110.31437,-7.08838],[110.31494,-7.08838],[110.31532,-7.08835],[110.31558,-7.08835],[110.31558,-7.08869],[110.31558,-7.08876],[110.31557,-7.0892],[110.31559,-7.08961],[110.31559,-7.09025],[110.31533,-7.09009],[110.3151,-7.08997],[110.31492,-7.08987],[110.31463,-7.08972],[110.3146,-7.08977],[110.31445,-7.09009],[110.3144,-7.0902],[110.3144,-7.09039],[110.31437,-7.09077],[110.31432,-7.09088],[110.31422,-7.09095],[110.31407,-7.09096],[110.31386,-7.09102],[110.31373,-7.09112],[110.31367,-7.09124],[110.31364,-7.0914],[110.31366,-7.09151],[110.31374,-7.09164],[110.31384,-7.09172],[110.3142,-7.09179],[110.31425,-7.09181],[110.3143,-7.09185],[110.31425,-7.09207],[110.3143,-7.09211],[110.31462,-7.09301],[110.31484,-7.09365],[110.3149,-7.09383],[110.31501,-7.09419],[110.31521,-7.09481],[110.31534,-7.09523],[110.31544,-7.09562],[110.31535,-7.09619],[110.31532,-7.09661],[110.31532,-7.09764],[110.3153,-7.09822],[110.31527,-7.09893],[110.31529,-7.09927],[110.31538,-7.09967],[110.31546,-7.09987],[110.31554,-7.09999],[110.31588,-7.10005],[110.31595,-7.10007],[110.31614,-7.10039],[110.31631,-7.10066],[110.31641,-7.10079],[110.31644,-7.1011],[110.31649,-7.10137],[110.31659,-7.10154],[110.31667,-7.10164],[110.31675,-7.10174],[110.31703,-7.10195],[110.31722,-7.10208],[110.31732,-7.10219],[110.31737,-7.1023],[110.31735,-7.10241],[110.31703,-7.10274],[110.31692,-7.10286],[110.31686,-7.10299],[110.31686,-7.10316],[110.31696,-7.10339],[110.31702,-7.10353],[110.31704,-7.10364],[110.31674,-7.10401],[110.31666,-7.10412],[110.31664,-7.10421],[110.31668,-7.10434],[110.31678,-7.10444],[110.31691,-7.10449],[110.31703,-7.10451],[110.31715,-7.1046],[110.3172,-7.10471],[110.31706,-7.10524],[110.31702,-7.10541],[110.31703,-7.10573],[110.31711,-7.10604],[110.31714,-7.10618],[110.31715,-7.1062],[110.3172,-7.1062],[110.31726,-7.10635],[110.31753,-7.10631],[110.3176,-7.10572],[110.31792,-7.10583],[110.31821,-7.10591],[110.31843,-7.10593],[110.3187,-7.10519],[110.31857,-7.10472],[110.31866,-7.10434],[110.31907,-7.10356],[110.3191,-7.10329],[110.31911,-7.10277],[110.31913,-7.10255],[110.31921,-7.10233],[110.31933,-7.10208],[110.31942,-7.10191],[110.31967,-7.10152],[110.32009,-7.10164],[110.32037,-7.10186],[110.32072,-7.10198],[110.32108,-7.10202],[110.32123,-7.10217],[110.32137,-7.10254],[110.32139,-7.10269],[110.32149,-7.10286],[110.32161,-7.10304],[110.32176,-7.10321],[110.32189,-7.10319],[110.32195,-7.10309],[110.32203,-7.10287],[110.32211,-7.10277],[110.32212,-7.10276],[110.32219,-7.10267],[110.32223,-7.1026],[110.3223,-7.10243],[110.32233,-7.10215],[110.32244,-7.10192],[110.32258,-7.10188],[110.32291,-7.10213],[110.32301,-7.10217],[110.32322,-7.10209],[110.3234,-7.10203],[110.32354,-7.10195],[110.32375,-7.10173],[110.324,-7.10148],[110.32407,-7.10146],[110.32413,-7.1004],[110.32458,-7.09906],[110.32458,-7.09886],[110.32465,-7.09831],[110.32472,-7.09773],[110.3247,-7.09753],[110.32468,-7.09735],[110.32466,-7.09721],[110.32463,-7.0969],[110.3247,-7.09655],[110.32479,-7.09634],[110.325,-7.09588],[110.32506,-7.09566],[110.32515,-7.09551],[110.32541,-7.09526],[110.32541,-7.09525],[110.32574,-7.09505],[110.32591,-7.0951],[110.32599,-7.09512],[110.32613,-7.09515],[110.3264,-7.0951],[110.32657,-7.09499],[110.32669,-7.09484],[110.32677,-7.09466],[110.3272,-7.09345],[110.3272,-7.09343],[110.32715,-7.09329],[110.32708,-7.09309],[110.3271,-7.09296],[110.32724,-7.09262],[110.32727,-7.09257],[110.32752,-7.09209],[110.32796,-7.09117],[110.32793,-7.09098],[110.32785,-7.09082],[110.32765,-7.09056],[110.3272,-7.08994],[110.32701,-7.08961],[110.32688,-7.08944],[110.32681,-7.0894],[110.32676,-7.08938],[110.3266,-7.08935],[110.32621,-7.08929],[110.32593,-7.08918],[110.32598,-7.08907],[110.32601,-7.08889],[110.32605,-7.08857],[110.32612,-7.08833],[110.32621,-7.08822],[110.32641,-7.0881],[110.32679,-7.08795],[110.32736,-7.08792],[110.32743,-7.08783],[110.32762,-7.08759],[110.32843,-7.08716],[110.32851,-7.08714],[110.32888,-7.08705],[110.32912,-7.08692],[110.32929,-7.08684],[110.32933,-7.08683]]]}},{"type":"Feature","properties":{"id":"ADM-MIJEN-CANGKIRAN","name":"Cangkiran","source_name":"Cangkiran","type":"Kelurahan","category":"Administrasi kota","kecamatan":"Mijen","kabupaten":"Kota Semarang","catatan":"Batas kelurahan dari berkas vektor kota. Serpihan dan wilayah luar kota dibuang. Kecamatan mengikuti daftar resmi, bukan kolom asli berkas.","status":"Batas administrasi"},"geometry":{"type":"Polygon","coordinates":[[[110.31425,-7.09207],[110.31415,-7.09198],[110.31402,-7.09195],[110.3138,-7.09198],[110.31362,-7.09206],[110.31321,-7.09225],[110.31303,-7.09226],[110.31291,-7.09222],[110.31281,-7.09213],[110.31274,-7.09197],[110.31266,-7.09173],[110.31252,-7.09161],[110.31261,-7.09143],[110.3126,-7.09131],[110.31252,-7.0911],[110.31228,-7.09068],[110.31216,-7.09045],[110.3121,-7.0903],[110.31213,-7.09021],[110.31222,-7.09009],[110.31255,-7.08972],[110.31253,-7.08962],[110.31245,-7.0895],[110.31231,-7.08939],[110.31218,-7.08935],[110.31199,-7.08936],[110.31173,-7.08935],[110.31152,-7.08929],[110.31137,-7.08919],[110.31133,-7.0891],[110.31135,-7.08899],[110.31146,-7.08877],[110.31159,-7.0885],[110.31163,-7.08831],[110.3116,-7.08819],[110.3115,-7.08798],[110.31145,-7.0879],[110.31121,-7.08751],[110.311,-7.0869],[110.31099,-7.08686],[110.31078,-7.0866],[110.31067,-7.0865],[110.31061,-7.08647],[110.31058,-7.08641],[110.31042,-7.08621],[110.31007,-7.0859],[110.30981,-7.08577],[110.30977,-7.08576],[110.30988,-7.08548],[110.30995,-7.08518],[110.31,-7.08501],[110.31006,-7.08469],[110.31011,-7.0845],[110.31014,-7.08403],[110.31014,-7.08381],[110.31013,-7.08366],[110.30991,-7.08318],[110.30969,-7.08278],[110.30953,-7.0826],[110.30948,-7.08253],[110.30935,-7.08218],[110.30924,-7.082],[110.30913,-7.08187],[110.3091,-7.08174],[110.30907,-7.08159],[110.30905,-7.08147],[110.30888,-7.08064],[110.3088,-7.08026],[110.30874,-7.08006],[110.30873,-7.08003],[110.30733,-7.0804],[110.30671,-7.08074],[110.30602,-7.08109],[110.30541,-7.08118],[110.30475,-7.08128],[110.30472,-7.08101],[110.30429,-7.08102],[110.30402,-7.08103],[110.30353,-7.08113],[110.30317,-7.08118],[110.30281,-7.08114],[110.30274,-7.08113],[110.30274,-7.08114],[110.30282,-7.08144],[110.30308,-7.08197],[110.30329,-7.08244],[110.30349,-7.08271],[110.30374,-7.08296],[110.30401,-7.08316],[110.30424,-7.08331],[110.30427,-7.08334],[110.30432,-7.08339],[110.30442,-7.08346],[110.30443,-7.08374],[110.30446,-7.08381],[110.3044,-7.08402],[110.30433,-7.08422],[110.30432,-7.08433],[110.30434,-7.08442],[110.30447,-7.08452],[110.30468,-7.08467],[110.30479,-7.0848],[110.30482,-7.08493],[110.3048,-7.08502],[110.30481,-7.08505],[110.30481,-7.08517],[110.3048,-7.08529],[110.30475,-7.08545],[110.30464,-7.08566],[110.30456,-7.08582],[110.30453,-7.08593],[110.30453,-7.08608],[110.3046,-7.08631],[110.30466,-7.08656],[110.30469,-7.08682],[110.30472,-7.08693],[110.30482,-7.08722],[110.30482,-7.08723],[110.30491,-7.08742],[110.30494,-7.08759],[110.30499,-7.08774],[110.30511,-7.08811],[110.30512,-7.08823],[110.3051,-7.08828],[110.30512,-7.08843],[110.30508,-7.0888],[110.3051,-7.08911],[110.30515,-7.08919],[110.30517,-7.08926],[110.30516,-7.0894],[110.30515,-7.08979],[110.30517,-7.08996],[110.30521,-7.09038],[110.30514,-7.09099],[110.30508,-7.09126],[110.30508,-7.09168],[110.30507,-7.092],[110.30507,-7.09202],[110.30467,-7.09194],[110.30404,-7.09447],[110.30398,-7.0947],[110.30392,-7.09485],[110.304,-7.09521],[110.30401,-7.0955],[110.30401,-7.096],[110.30398,-7.09608],[110.30399,-7.09618],[110.30391,-7.09641],[110.30374,-7.0968],[110.3034,-7.09718],[110.30354,-7.09743],[110.30384,-7.09803],[110.30413,-7.09857],[110.30427,-7.09876],[110.30443,-7.0989],[110.30478,-7.09897],[110.30488,-7.099],[110.30496,-7.09906],[110.30497,-7.09915],[110.30488,-7.09932],[110.30486,-7.09935],[110.30488,-7.0994],[110.30471,-7.09974],[110.30464,-7.09992],[110.30489,-7.10091],[110.30499,-7.10124],[110.3051,-7.10144],[110.30521,-7.10158],[110.30533,-7.10165],[110.30549,-7.10168],[110.30574,-7.10162],[110.30593,-7.10157],[110.30608,-7.10158],[110.30648,-7.10121],[110.30658,-7.10117],[110.30684,-7.10091],[110.30707,-7.10086],[110.30724,-7.10085],[110.30762,-7.10094],[110.3082,-7.10114],[110.30854,-7.10129],[110.30945,-7.1017],[110.30969,-7.10199],[110.30991,-7.10234],[110.31004,-7.10278],[110.31017,-7.10297],[110.31025,-7.10302],[110.31042,-7.10322],[110.31082,-7.10368],[110.31143,-7.10436],[110.31148,-7.10441],[110.31183,-7.10474],[110.31224,-7.10523],[110.31236,-7.1054],[110.3126,-7.10566],[110.31364,-7.10666],[110.31429,-7.10729],[110.31468,-7.10747],[110.31529,-7.10753],[110.31565,-7.10752],[110.31605,-7.10742],[110.31664,-7.10717],[110.31713,-7.10694],[110.31709,-7.1067],[110.31705,-7.10644],[110.3171,-7.1062],[110.31715,-7.1062],[110.31714,-7.10618],[110.31711,-7.10604],[110.31703,-7.10573],[110.31702,-7.10541],[110.31706,-7.10524],[110.3172,-7.10471],[110.31715,-7.1046],[110.31703,-7.10451],[110.31691,-7.10449],[110.31678,-7.10444],[110.31668,-7.10434],[110.31664,-7.10421],[110.31666,-7.10412],[110.31674,-7.10401],[110.31704,-7.10364],[110.31702,-7.10353],[110.31696,-7.10339],[110.31686,-7.10316],[110.31686,-7.10299],[110.31692,-7.10286],[110.31703,-7.10274],[110.31735,-7.10241],[110.31737,-7.1023],[110.31732,-7.10219],[110.31722,-7.10208],[110.31703,-7.10195],[110.31675,-7.10174],[110.31667,-7.10164],[110.31659,-7.10154],[110.31649,-7.10137],[110.31644,-7.1011],[110.31641,-7.10079],[110.31631,-7.10066],[110.31614,-7.10039],[110.31595,-7.10007],[110.31588,-7.10005],[110.31554,-7.09999],[110.31546,-7.09987],[110.31538,-7.09967],[110.31529,-7.09927],[110.31527,-7.09893],[110.3153,-7.09822],[110.31532,-7.09764],[110.31532,-7.09661],[110.31535,-7.09619],[110.31544,-7.09562],[110.31534,-7.09523],[110.31521,-7.09481],[110.31501,-7.09419],[110.3149,-7.09383],[110.31484,-7.09365],[110.31462,-7.09301],[110.3143,-7.09211],[110.31425,-7.09207]]]}},{"type":"Feature","properties":{"id":"ADM-MIJEN-JATIBARANG","name":"Jatibarang","source_name":"Jatibarang","type":"Kelurahan","category":"Administrasi kota","kecamatan":"Mijen","kabupaten":"Kota Semarang","catatan":"Batas kelurahan dari berkas vektor kota. Serpihan dan wilayah luar kota dibuang. Kecamatan mengikuti daftar resmi, bukan kolom asli berkas.","status":"Batas administrasi"},"geometry":{"type":"Polygon","coordinates":[[[110.34071,-7.05109],[110.34069,-7.05097],[110.34044,-7.05052],[110.3404,-7.05047],[110.34026,-7.05049],[110.3399,-7.05055],[110.33976,-7.05059],[110.33971,-7.05062],[110.33962,-7.05067],[110.33959,-7.05068],[110.33922,-7.05092],[110.3391,-7.05103],[110.33877,-7.05131],[110.33858,-7.05146],[110.33845,-7.05154],[110.33792,-7.05161],[110.33757,-7.05162],[110.33727,-7.05179],[110.33717,-7.05182],[110.33707,-7.05137],[110.33687,-7.05045],[110.33669,-7.04961],[110.33666,-7.04932],[110.33664,-7.04896],[110.33654,-7.0485],[110.33606,-7.04718],[110.33583,-7.04643],[110.33578,-7.04615],[110.33577,-7.04562],[110.33584,-7.04529],[110.33594,-7.04496],[110.33615,-7.04436],[110.33624,-7.04409],[110.33627,-7.04403],[110.33633,-7.04376],[110.33661,-7.04288],[110.3367,-7.04266],[110.3361,-7.04253],[110.33544,-7.04235],[110.33522,-7.04229],[110.33508,-7.04223],[110.33503,-7.04219],[110.3349,-7.0421],[110.33487,-7.04205],[110.33471,-7.04191],[110.3344,-7.04172],[110.33411,-7.04155],[110.33409,-7.04154],[110.3339,-7.04146],[110.33352,-7.04131],[110.33311,-7.04115],[110.33297,-7.04111],[110.33289,-7.0411],[110.33199,-7.04107],[110.33108,-7.04104],[110.32992,-7.04099],[110.32986,-7.04103],[110.32969,-7.04122],[110.32941,-7.04156],[110.32908,-7.04185],[110.32898,-7.04192],[110.32882,-7.04202],[110.32859,-7.04217],[110.32816,-7.04262],[110.32791,-7.04289],[110.3278,-7.04305],[110.3276,-7.04331],[110.32701,-7.04383],[110.32672,-7.04408],[110.32656,-7.04423],[110.32598,-7.04477],[110.32589,-7.04487],[110.32518,-7.04545],[110.32477,-7.04578],[110.32433,-7.04614],[110.32341,-7.04684],[110.32317,-7.04711],[110.32282,-7.0475],[110.32237,-7.04803],[110.32232,-7.04809],[110.32172,-7.04887],[110.32192,-7.04905],[110.32204,-7.04917],[110.32217,-7.04926],[110.32234,-7.04934],[110.32367,-7.05002],[110.32515,-7.05071],[110.32549,-7.05087],[110.32563,-7.05094],[110.32576,-7.05102],[110.32601,-7.0511],[110.32623,-7.05114],[110.32643,-7.05118],[110.32666,-7.05125],[110.32716,-7.05151],[110.32772,-7.05187],[110.32847,-7.05238],[110.329,-7.05271],[110.32938,-7.05292],[110.32966,-7.05304],[110.32978,-7.05304],[110.32995,-7.05305],[110.33017,-7.05305],[110.33025,-7.05306],[110.3304,-7.05308],[110.33058,-7.05313],[110.33133,-7.05331],[110.33156,-7.05337],[110.33195,-7.05343],[110.33214,-7.05344],[110.33246,-7.05345],[110.3329,-7.05345],[110.33343,-7.05349],[110.33343,-7.05351],[110.33345,-7.05384],[110.33348,-7.05461],[110.33349,-7.05514],[110.33336,-7.05571],[110.33333,-7.05586],[110.33333,-7.0561],[110.3335,-7.05668],[110.33358,-7.05695],[110.33367,-7.05717],[110.3339,-7.05749],[110.33404,-7.05769],[110.33413,-7.05791],[110.33417,-7.05835],[110.33425,-7.05879],[110.33451,-7.05943],[110.33456,-7.05952],[110.33468,-7.05956],[110.33508,-7.05951],[110.33526,-7.0595],[110.33535,-7.0595],[110.33571,-7.05949],[110.3357,-7.05957],[110.33565,-7.05989],[110.33558,-7.06036],[110.33549,-7.06104],[110.33544,-7.0613],[110.33519,-7.063],[110.33518,-7.06309],[110.33517,-7.06313],[110.3351,-7.06352],[110.33501,-7.0638],[110.33491,-7.06415],[110.3349,-7.06445],[110.33493,-7.06479],[110.33496,-7.06495],[110.33499,-7.06545],[110.335,-7.06589],[110.33497,-7.06669],[110.33491,-7.06719],[110.33484,-7.06763],[110.33479,-7.06836],[110.33475,-7.06869],[110.3348,-7.06868],[110.33559,-7.0688],[110.33581,-7.06884],[110.33615,-7.06905],[110.33624,-7.06911],[110.3364,-7.06919],[110.33663,-7.06931],[110.33685,-7.06945],[110.33722,-7.06956],[110.33762,-7.06967],[110.33797,-7.06972],[110.33821,-7.06979],[110.33846,-7.0699],[110.33853,-7.06995],[110.33865,-7.07004],[110.33878,-7.07015],[110.33907,-7.07045],[110.33918,-7.07053],[110.33948,-7.07057],[110.33977,-7.07055],[110.34021,-7.07052],[110.34045,-7.07052],[110.34075,-7.07059],[110.34091,-7.07066],[110.34108,-7.07078],[110.34123,-7.07082],[110.34127,-7.07082],[110.34174,-7.07086],[110.34185,-7.07091],[110.3419,-7.07105],[110.34231,-7.07155],[110.34225,-7.07141],[110.34216,-7.07113],[110.34203,-7.07079],[110.34189,-7.07059],[110.34169,-7.07041],[110.34137,-7.07023],[110.34106,-7.07003],[110.34085,-7.06984],[110.34078,-7.06971],[110.3408,-7.06963],[110.34087,-7.06955],[110.34099,-7.06951],[110.34117,-7.06952],[110.34136,-7.06959],[110.34193,-7.06983],[110.3421,-7.06982],[110.34221,-7.06977],[110.34227,-7.06968],[110.34234,-7.0694],[110.34242,-7.06921],[110.34266,-7.06864],[110.34264,-7.06826],[110.34257,-7.06812],[110.34242,-7.06792],[110.34146,-7.06672],[110.34135,-7.06642],[110.34132,-7.06609],[110.34134,-7.06579],[110.3414,-7.06564],[110.34167,-7.06508],[110.34162,-7.06486],[110.34143,-7.0644],[110.34124,-7.0641],[110.34096,-7.0636],[110.34074,-7.06325],[110.34053,-7.06302],[110.34043,-7.06296],[110.34031,-7.06296],[110.34008,-7.06302],[110.33972,-7.06309],[110.33947,-7.06308],[110.3394,-7.06302],[110.33937,-7.06291],[110.33937,-7.06268],[110.33943,-7.06224],[110.33953,-7.0617],[110.33963,-7.06121],[110.33992,-7.0605],[110.34002,-7.06015],[110.34,-7.05998],[110.33989,-7.0597],[110.3398,-7.0594],[110.33978,-7.05919],[110.33982,-7.05873],[110.33999,-7.05797],[110.34025,-7.05715],[110.34028,-7.0571],[110.34037,-7.05695],[110.34052,-7.05681],[110.34062,-7.05663],[110.34063,-7.0566],[110.34074,-7.05643],[110.34086,-7.05637],[110.341,-7.05636],[110.3421,-7.05639],[110.34223,-7.05632],[110.34238,-7.05619],[110.34247,-7.05603],[110.34249,-7.05592],[110.34245,-7.05581],[110.34233,-7.05565],[110.34194,-7.05527],[110.34173,-7.05513],[110.34147,-7.05494],[110.3411,-7.05454],[110.3409,-7.05426],[110.34069,-7.05397],[110.34026,-7.05324],[110.3403,-7.05315],[110.34039,-7.05308],[110.34046,-7.05306],[110.34051,-7.05305],[110.34067,-7.05307],[110.34087,-7.05316],[110.34126,-7.05331],[110.34171,-7.05339],[110.34185,-7.05333],[110.34194,-7.05323],[110.34197,-7.0531],[110.34193,-7.05301],[110.34193,-7.05299],[110.34183,-7.05289],[110.34154,-7.05269],[110.34118,-7.05249],[110.34058,-7.0522],[110.34031,-7.05197],[110.34019,-7.0518],[110.34014,-7.05166],[110.34016,-7.05134],[110.34024,-7.0512],[110.34037,-7.05109],[110.34051,-7.05105],[110.34064,-7.05106],[110.34071,-7.05109]]]}},{"type":"Feature","properties":{"id":"ADM-MIJEN-JATISARI","name":"Jatisari","source_name":"Jatisari","type":"Kelurahan","category":"Administrasi kota","kecamatan":"Mijen","kabupaten":"Kota Semarang","catatan":"Batas kelurahan dari berkas vektor kota. Serpihan dan wilayah luar kota dibuang. Kecamatan mengikuti daftar resmi, bukan kolom asli berkas.","status":"Batas administrasi"},"geometry":{"type":"Polygon","coordinates":[[[110.31158,-7.06114],[110.31053,-7.06097],[110.31014,-7.06093],[110.30982,-7.06091],[110.30978,-7.06093],[110.30902,-7.06117],[110.30896,-7.06118],[110.30885,-7.06116],[110.30872,-7.0611],[110.30818,-7.0608],[110.30782,-7.06076],[110.30779,-7.06076],[110.30753,-7.06065],[110.30737,-7.06058],[110.307,-7.06043],[110.30656,-7.06024],[110.3064,-7.06012],[110.30629,-7.06001],[110.30623,-7.05991],[110.30619,-7.0597],[110.30616,-7.05955],[110.30613,-7.05947],[110.30611,-7.05939],[110.30608,-7.05931],[110.30604,-7.05924],[110.30597,-7.05903],[110.30592,-7.05748],[110.30562,-7.0575],[110.30524,-7.05755],[110.30492,-7.05764],[110.30474,-7.05768],[110.30473,-7.05768],[110.30442,-7.05783],[110.30367,-7.05816],[110.30358,-7.05821],[110.30339,-7.05838],[110.30334,-7.05842],[110.3033,-7.05846],[110.30312,-7.05862],[110.30285,-7.05885],[110.3027,-7.05899],[110.30267,-7.05904],[110.30246,-7.05918],[110.30159,-7.05986],[110.30107,-7.0601],[110.30106,-7.0601],[110.30076,-7.06012],[110.29981,-7.06024],[110.29962,-7.06033],[110.2994,-7.06048],[110.29929,-7.06062],[110.29914,-7.0609],[110.29911,-7.06092],[110.29905,-7.061],[110.29908,-7.06145],[110.29914,-7.0619],[110.29911,-7.06217],[110.29907,-7.06225],[110.29897,-7.06233],[110.29919,-7.06297],[110.29939,-7.06339],[110.29955,-7.06366],[110.29985,-7.06406],[110.29994,-7.06415],[110.30012,-7.06425],[110.30035,-7.06435],[110.30045,-7.06441],[110.30058,-7.06447],[110.30069,-7.06453],[110.30077,-7.06458],[110.30081,-7.06471],[110.3008,-7.06484],[110.30076,-7.065],[110.30065,-7.06523],[110.3004,-7.06546],[110.30039,-7.06547],[110.30026,-7.06569],[110.30009,-7.06587],[110.29967,-7.06634],[110.2996,-7.06646],[110.29934,-7.06692],[110.29932,-7.06698],[110.29925,-7.06711],[110.29916,-7.06738],[110.29916,-7.06742],[110.29915,-7.06746],[110.29915,-7.06756],[110.29918,-7.06765],[110.29926,-7.0677],[110.29938,-7.06775],[110.29958,-7.06777],[110.30011,-7.06777],[110.30036,-7.06777],[110.30051,-7.0678],[110.30071,-7.06786],[110.30101,-7.068],[110.30115,-7.06808],[110.30129,-7.06823],[110.30138,-7.06842],[110.30141,-7.06856],[110.3014,-7.06877],[110.30136,-7.06892],[110.30137,-7.06901],[110.30097,-7.06972],[110.30071,-7.07024],[110.30065,-7.07054],[110.30065,-7.07062],[110.30072,-7.07073],[110.30081,-7.07081],[110.30092,-7.07091],[110.30096,-7.07106],[110.30098,-7.07121],[110.30095,-7.07147],[110.30082,-7.07206],[110.30081,-7.07209],[110.30075,-7.0724],[110.30074,-7.07253],[110.30077,-7.07259],[110.30089,-7.07265],[110.30097,-7.07267],[110.30108,-7.07267],[110.30129,-7.07265],[110.30142,-7.07263],[110.30154,-7.07262],[110.30166,-7.0726],[110.30177,-7.07261],[110.30185,-7.07263],[110.30189,-7.07267],[110.30191,-7.07274],[110.30189,-7.07285],[110.30186,-7.07298],[110.30185,-7.07317],[110.3015,-7.07412],[110.3015,-7.07421],[110.30151,-7.07437],[110.30154,-7.07443],[110.30161,-7.07459],[110.30173,-7.07471],[110.30186,-7.07483],[110.30193,-7.07492],[110.30198,-7.07504],[110.30199,-7.07522],[110.30197,-7.0755],[110.30197,-7.07568],[110.30198,-7.07582],[110.30198,-7.07593],[110.30201,-7.07603],[110.30205,-7.07608],[110.30212,-7.07613],[110.30247,-7.07624],[110.30262,-7.07631],[110.30277,-7.0764],[110.30284,-7.07651],[110.30292,-7.07686],[110.30296,-7.07732],[110.303,-7.07767],[110.303,-7.07791],[110.30303,-7.0784],[110.30305,-7.07845],[110.30318,-7.07886],[110.30323,-7.07901],[110.30322,-7.07911],[110.30315,-7.07921],[110.30316,-7.07924],[110.30314,-7.07946],[110.30304,-7.07954],[110.30288,-7.07958],[110.30267,-7.07957],[110.30252,-7.07955],[110.30219,-7.07948],[110.30199,-7.07944],[110.30176,-7.07944],[110.3016,-7.07945],[110.30143,-7.07948],[110.30135,-7.07951],[110.30131,-7.07959],[110.30116,-7.07967],[110.30109,-7.0798],[110.30108,-7.07981],[110.30108,-7.07996],[110.30114,-7.08012],[110.30125,-7.08027],[110.30149,-7.08044],[110.30181,-7.08061],[110.30247,-7.08094],[110.30271,-7.0811],[110.30274,-7.08113],[110.30281,-7.08114],[110.30317,-7.08118],[110.30353,-7.08113],[110.30402,-7.08103],[110.30429,-7.08102],[110.30472,-7.08101],[110.30475,-7.08128],[110.30541,-7.08118],[110.30602,-7.08109],[110.30671,-7.08074],[110.30733,-7.0804],[110.30873,-7.08003],[110.30871,-7.07971],[110.30882,-7.07906],[110.30892,-7.07865],[110.30898,-7.07844],[110.30903,-7.07833],[110.30917,-7.07798],[110.30931,-7.07758],[110.30933,-7.07756],[110.30945,-7.07721],[110.30948,-7.07714],[110.30975,-7.07649],[110.30989,-7.0759],[110.31003,-7.07485],[110.31003,-7.07471],[110.31003,-7.07306],[110.31023,-7.07164],[110.31034,-7.07105],[110.31064,-7.07011],[110.31078,-7.06972],[110.3109,-7.06926],[110.31106,-7.06895],[110.3112,-7.06868],[110.31155,-7.06799],[110.31165,-7.06778],[110.31165,-7.06777],[110.31173,-7.06737],[110.31176,-7.06683],[110.31174,-7.06665],[110.31168,-7.06638],[110.31146,-7.0652],[110.31144,-7.06507],[110.31139,-7.06451],[110.31131,-7.06402],[110.31127,-7.06383],[110.31124,-7.06363],[110.31123,-7.06298],[110.31134,-7.06208],[110.3114,-7.0618],[110.31158,-7.06115],[110.31158,-7.06114]]]}},{"type":"Feature","properties":{"id":"ADM-MIJEN-KARANGMALANG","name":"Karangmalang","source_name":"Karangmalang","type":"Kelurahan","category":"Administrasi kota","kecamatan":"Mijen","kabupaten":"Kota Semarang","catatan":"Batas kelurahan dari berkas vektor kota. Serpihan dan wilayah luar kota dibuang. Kecamatan mengikuti daftar resmi, bukan kolom asli berkas.","status":"Batas administrasi"},"geometry":{"type":"Polygon","coordinates":[[[110.34443,-7.09717],[110.34435,-7.09683],[110.34423,-7.09668],[110.34411,-7.0966],[110.34393,-7.09654],[110.34368,-7.09653],[110.34367,-7.0965],[110.34358,-7.09623],[110.34343,-7.09561],[110.34335,-7.09531],[110.34332,-7.09521],[110.34311,-7.09488],[110.34293,-7.09464],[110.34285,-7.09452],[110.34277,-7.09437],[110.34264,-7.09423],[110.34247,-7.09414],[110.34226,-7.0941],[110.3421,-7.09411],[110.34198,-7.09417],[110.34188,-7.09428],[110.34189,-7.09434],[110.34196,-7.09461],[110.34198,-7.09466],[110.34196,-7.09487],[110.3419,-7.09529],[110.34186,-7.09554],[110.34183,-7.09572],[110.34178,-7.09583],[110.34156,-7.09602],[110.34133,-7.09625],[110.34115,-7.09645],[110.34102,-7.09655],[110.34091,-7.09656],[110.34087,-7.09654],[110.34084,-7.09644],[110.34071,-7.09627],[110.34064,-7.09618],[110.34048,-7.09567],[110.34041,-7.09548],[110.34026,-7.0953],[110.3402,-7.09523],[110.34008,-7.0951],[110.33946,-7.09506],[110.33917,-7.0951],[110.33885,-7.09521],[110.33875,-7.09524],[110.33858,-7.09527],[110.33837,-7.09533],[110.33814,-7.09537],[110.33811,-7.09538],[110.33709,-7.09572],[110.33685,-7.09577],[110.33681,-7.09578],[110.3365,-7.09581],[110.3364,-7.0958],[110.33626,-7.09566],[110.33622,-7.09557],[110.33619,-7.09549],[110.3361,-7.09528],[110.33589,-7.09505],[110.33557,-7.0948],[110.33404,-7.09386],[110.33363,-7.0936],[110.3325,-7.09292],[110.33159,-7.09254],[110.33127,-7.09229],[110.33106,-7.09209],[110.3309,-7.09192],[110.33077,-7.09185],[110.33053,-7.09182],[110.33035,-7.09187],[110.33025,-7.09191],[110.33002,-7.092],[110.32976,-7.09205],[110.3296,-7.09206],[110.32951,-7.09203],[110.32949,-7.09201],[110.32935,-7.09187],[110.32926,-7.09175],[110.32916,-7.09166],[110.32911,-7.09163],[110.32898,-7.09158],[110.32856,-7.09165],[110.3283,-7.09174],[110.3282,-7.09182],[110.32805,-7.09193],[110.32779,-7.09216],[110.32759,-7.09243],[110.3275,-7.09252],[110.32727,-7.09257],[110.32724,-7.09262],[110.3271,-7.09296],[110.32708,-7.09309],[110.32715,-7.09329],[110.3272,-7.09343],[110.3272,-7.09345],[110.32677,-7.09466],[110.32669,-7.09484],[110.32657,-7.09499],[110.3264,-7.0951],[110.32613,-7.09515],[110.32599,-7.09512],[110.32591,-7.0951],[110.32574,-7.09505],[110.32541,-7.09525],[110.32541,-7.09526],[110.32515,-7.09551],[110.32506,-7.09566],[110.325,-7.09588],[110.32479,-7.09634],[110.3247,-7.09655],[110.32463,-7.0969],[110.32466,-7.09721],[110.32468,-7.09735],[110.3247,-7.09753],[110.32472,-7.09773],[110.32465,-7.09831],[110.32458,-7.09886],[110.32458,-7.09906],[110.32413,-7.1004],[110.32407,-7.10146],[110.32427,-7.10139],[110.32444,-7.10138],[110.32458,-7.10144],[110.32462,-7.10147],[110.32475,-7.1016],[110.32484,-7.10167],[110.32498,-7.1018],[110.32519,-7.10193],[110.32536,-7.10199],[110.32562,-7.10199],[110.32581,-7.102],[110.32654,-7.10201],[110.32682,-7.10201],[110.32687,-7.10201],[110.3274,-7.10203],[110.32803,-7.10202],[110.32832,-7.10201],[110.32885,-7.10195],[110.32928,-7.10187],[110.32956,-7.10128],[110.32969,-7.10121],[110.32989,-7.10093],[110.3301,-7.10096],[110.33041,-7.10096],[110.33053,-7.1006],[110.33072,-7.0997],[110.33087,-7.09963],[110.33091,-7.09954],[110.331,-7.09944],[110.33123,-7.09934],[110.33166,-7.09929],[110.3319,-7.09926],[110.33218,-7.09908],[110.33219,-7.09911],[110.33222,-7.09908],[110.33232,-7.09912],[110.33244,-7.0993],[110.33262,-7.09963],[110.33265,-7.09976],[110.33278,-7.10012],[110.33288,-7.10052],[110.33292,-7.10074],[110.33296,-7.10088],[110.33297,-7.10214],[110.33351,-7.10303],[110.33403,-7.10334],[110.33465,-7.10358],[110.33475,-7.10361],[110.33505,-7.10359],[110.33529,-7.10359],[110.33561,-7.10371],[110.33593,-7.10404],[110.33608,-7.10413],[110.33616,-7.10421],[110.33623,-7.10426],[110.3363,-7.10431],[110.3364,-7.10433],[110.33653,-7.10438],[110.33661,-7.10439],[110.33679,-7.10439],[110.33688,-7.10437],[110.33707,-7.10433],[110.33719,-7.10426],[110.33737,-7.10414],[110.33743,-7.10408],[110.33753,-7.10394],[110.33758,-7.10379],[110.33765,-7.10356],[110.33773,-7.10343],[110.33779,-7.10323],[110.33789,-7.10303],[110.33796,-7.10288],[110.33821,-7.10246],[110.33847,-7.10207],[110.33873,-7.10181],[110.33914,-7.10156],[110.33948,-7.10142],[110.33996,-7.10141],[110.34185,-7.10028],[110.34185,-7.10024],[110.34187,-7.10005],[110.34192,-7.10001],[110.34193,-7.09999],[110.34204,-7.09991],[110.34209,-7.09989],[110.34234,-7.09971],[110.34266,-7.09948],[110.34271,-7.09936],[110.3427,-7.09927],[110.34281,-7.09921],[110.34267,-7.0989],[110.34265,-7.09886],[110.34265,-7.09852],[110.34283,-7.09825],[110.34302,-7.09805],[110.34327,-7.09785],[110.34359,-7.09765],[110.34391,-7.09748],[110.34443,-7.09717]]]}},{"type":"Feature","properties":{"id":"ADM-MIJEN-KEDUNGPANE","name":"Kedungpane","source_name":"Gedungpane","type":"Kelurahan","category":"Administrasi kota","kecamatan":"Mijen","kabupaten":"Kota Semarang","catatan":"Batas kelurahan dari berkas vektor kota. Serpihan dan wilayah luar kota dibuang. Kecamatan mengikuti daftar resmi, bukan kolom asli berkas.","status":"Batas administrasi"},"geometry":{"type":"Polygon","coordinates":[[[110.36436,-7.02016],[110.36379,-7.01849],[110.36331,-7.01684],[110.36245,-7.01441],[110.36201,-7.01474],[110.36186,-7.01478],[110.36132,-7.01487],[110.36094,-7.01499],[110.36047,-7.01515],[110.36001,-7.01532],[110.3596,-7.01551],[110.35945,-7.01563],[110.35936,-7.01577],[110.35934,-7.01582],[110.35928,-7.0158],[110.35856,-7.01572],[110.3582,-7.01567],[110.35766,-7.01574],[110.35732,-7.01595],[110.3572,-7.01622],[110.35717,-7.01659],[110.35707,-7.01703],[110.35698,-7.01713],[110.35694,-7.01728],[110.35686,-7.01746],[110.3568,-7.01749],[110.3567,-7.01748],[110.35655,-7.01748],[110.3565,-7.01748],[110.35633,-7.01757],[110.35625,-7.01769],[110.35623,-7.01797],[110.35621,-7.01823],[110.35614,-7.01833],[110.35602,-7.01842],[110.35572,-7.01862],[110.35571,-7.01871],[110.35571,-7.01875],[110.35574,-7.01889],[110.3558,-7.01913],[110.35578,-7.01933],[110.35571,-7.01945],[110.35546,-7.01975],[110.35528,-7.0199],[110.355,-7.02013],[110.35494,-7.02023],[110.35489,-7.0203],[110.35488,-7.02031],[110.35455,-7.02079],[110.35453,-7.02084],[110.35432,-7.02117],[110.35419,-7.02111],[110.35385,-7.02093],[110.35363,-7.02083],[110.35337,-7.02075],[110.35314,-7.02067],[110.35226,-7.02052],[110.35187,-7.0204],[110.3516,-7.02038],[110.35097,-7.02036],[110.3505,-7.02032],[110.34992,-7.02025],[110.34932,-7.02016],[110.34929,-7.02015],[110.34884,-7.02013],[110.34837,-7.02001],[110.34799,-7.01986],[110.34768,-7.01975],[110.34762,-7.01973],[110.34679,-7.01951],[110.34665,-7.01949],[110.34635,-7.01946],[110.34613,-7.01943],[110.34601,-7.01942],[110.34528,-7.0193],[110.34491,-7.01929],[110.34404,-7.0193],[110.34314,-7.0193],[110.34312,-7.0193],[110.34295,-7.01931],[110.34272,-7.01933],[110.34258,-7.01933],[110.34236,-7.01933],[110.3421,-7.01936],[110.3415,-7.01939],[110.34131,-7.0194],[110.34126,-7.0194],[110.34099,-7.01941],[110.34087,-7.01943],[110.34079,-7.01949],[110.34073,-7.0196],[110.3407,-7.01974],[110.3407,-7.01977],[110.34069,-7.0198],[110.34069,-7.01985],[110.34037,-7.01997],[110.34013,-7.02],[110.33994,-7.02004],[110.33986,-7.02005],[110.33975,-7.02007],[110.33951,-7.02012],[110.33908,-7.02012],[110.33874,-7.02008],[110.33829,-7.01997],[110.33756,-7.01973],[110.33714,-7.01963],[110.33705,-7.01986],[110.33698,-7.02005],[110.33679,-7.02038],[110.33659,-7.02075],[110.33643,-7.02104],[110.33633,-7.02126],[110.33621,-7.02151],[110.33596,-7.02204],[110.33589,-7.02215],[110.33584,-7.02228],[110.33582,-7.0223],[110.33579,-7.02229],[110.33572,-7.02252],[110.33563,-7.02271],[110.33552,-7.02292],[110.3355,-7.02297],[110.33542,-7.02312],[110.33527,-7.0235],[110.33526,-7.02353],[110.33522,-7.02363],[110.3352,-7.02371],[110.33512,-7.02399],[110.33511,-7.02408],[110.33506,-7.02432],[110.33504,-7.02477],[110.33503,-7.02546],[110.33499,-7.02585],[110.33496,-7.02671],[110.33485,-7.02735],[110.33467,-7.02817],[110.33458,-7.02854],[110.33453,-7.02883],[110.33447,-7.02912],[110.3344,-7.02939],[110.33433,-7.02971],[110.33433,-7.02973],[110.33408,-7.03087],[110.3338,-7.03158],[110.33365,-7.03199],[110.33355,-7.03238],[110.33322,-7.03373],[110.33317,-7.03397],[110.33317,-7.03401],[110.3328,-7.03522],[110.33253,-7.03575],[110.33207,-7.03659],[110.33167,-7.03733],[110.33146,-7.03778],[110.33124,-7.03826],[110.33055,-7.03957],[110.33045,-7.03977],[110.33037,-7.03996],[110.33022,-7.04037],[110.32998,-7.04089],[110.32992,-7.04099],[110.33108,-7.04104],[110.33199,-7.04107],[110.33289,-7.0411],[110.33297,-7.04111],[110.33311,-7.04115],[110.33352,-7.04131],[110.3339,-7.04146],[110.33409,-7.04154],[110.33411,-7.04155],[110.3344,-7.04172],[110.33471,-7.04191],[110.33487,-7.04205],[110.3349,-7.0421],[110.33503,-7.04219],[110.33508,-7.04223],[110.33522,-7.04229],[110.33544,-7.04235],[110.3361,-7.04253],[110.3367,-7.04266],[110.33661,-7.04288],[110.33633,-7.04376],[110.33627,-7.04403],[110.33624,-7.04409],[110.33615,-7.04436],[110.33594,-7.04496],[110.33584,-7.04529],[110.33577,-7.04562],[110.33578,-7.04615],[110.33583,-7.04643],[110.33606,-7.04718],[110.33654,-7.0485],[110.33664,-7.04896],[110.33666,-7.04932],[110.33669,-7.04961],[110.33687,-7.05045],[110.33707,-7.05137],[110.33717,-7.05182],[110.33727,-7.05179],[110.33757,-7.05162],[110.33792,-7.05161],[110.33845,-7.05154],[110.33858,-7.05146],[110.33877,-7.05131],[110.3391,-7.05103],[110.33922,-7.05092],[110.33959,-7.05068],[110.33962,-7.05067],[110.33971,-7.05062],[110.33976,-7.05059],[110.3399,-7.05055],[110.34026,-7.05049],[110.3404,-7.05047],[110.34044,-7.05052],[110.34069,-7.05097],[110.34071,-7.05109],[110.34093,-7.05117],[110.34107,-7.05118],[110.34121,-7.05112],[110.34131,-7.05101],[110.34137,-7.05087],[110.34138,-7.05068],[110.34136,-7.05034],[110.34129,-7.05009],[110.34118,-7.04984],[110.34098,-7.04959],[110.34046,-7.04904],[110.33999,-7.04865],[110.33987,-7.04843],[110.33987,-7.0483],[110.33993,-7.04819],[110.34005,-7.04812],[110.34022,-7.04807],[110.34136,-7.04792],[110.34173,-7.04786],[110.34212,-7.04781],[110.34242,-7.04769],[110.34269,-7.04753],[110.34328,-7.04711],[110.34356,-7.04691],[110.34385,-7.04664],[110.34455,-7.04559],[110.34478,-7.0451],[110.34498,-7.04432],[110.34507,-7.04379],[110.34507,-7.04341],[110.34501,-7.04306],[110.34492,-7.04259],[110.34475,-7.04167],[110.34471,-7.04121],[110.34476,-7.04105],[110.34484,-7.04095],[110.34501,-7.04081],[110.34509,-7.0408],[110.34528,-7.04088],[110.34552,-7.04096],[110.34596,-7.04103],[110.34622,-7.04102],[110.34644,-7.041],[110.34669,-7.0409],[110.34672,-7.04087],[110.34681,-7.04071],[110.34693,-7.04042],[110.34695,-7.04024],[110.34691,-7.03996],[110.34678,-7.03948],[110.34649,-7.03872],[110.34631,-7.03848],[110.34619,-7.03827],[110.34616,-7.03806],[110.34617,-7.03801],[110.3462,-7.03785],[110.34635,-7.0375],[110.34644,-7.03725],[110.34646,-7.03701],[110.3466,-7.03622],[110.34662,-7.036],[110.34667,-7.03585],[110.34678,-7.03576],[110.34692,-7.03568],[110.34703,-7.0357],[110.34722,-7.03578],[110.34745,-7.03596],[110.34766,-7.03612],[110.34855,-7.03648],[110.34885,-7.03657],[110.349,-7.03668],[110.34905,-7.03678],[110.34903,-7.03687],[110.34893,-7.03698],[110.34848,-7.03744],[110.34839,-7.03762],[110.3484,-7.03774],[110.34847,-7.03786],[110.34859,-7.03794],[110.34881,-7.03802],[110.34909,-7.03806],[110.34923,-7.03804],[110.34923,-7.03803],[110.34936,-7.03795],[110.34947,-7.03783],[110.35048,-7.03661],[110.35055,-7.03637],[110.35075,-7.03575],[110.35079,-7.03571],[110.351,-7.0351],[110.35109,-7.03482],[110.35135,-7.0342],[110.35147,-7.03407],[110.3516,-7.03397],[110.35195,-7.03385],[110.35198,-7.03384],[110.35212,-7.03377],[110.35223,-7.03367],[110.35244,-7.03338],[110.35253,-7.03319],[110.35259,-7.033],[110.35265,-7.03286],[110.35273,-7.03278],[110.35302,-7.03265],[110.35331,-7.03253],[110.35341,-7.03246],[110.35359,-7.0321],[110.35361,-7.03207],[110.35371,-7.0319],[110.35378,-7.03182],[110.35392,-7.0318],[110.35406,-7.03183],[110.35422,-7.032],[110.35441,-7.03216],[110.35472,-7.03251],[110.3551,-7.03291],[110.35545,-7.03328],[110.3557,-7.03334],[110.35601,-7.03335],[110.35645,-7.03326],[110.35688,-7.03306],[110.35733,-7.03272],[110.35756,-7.03252],[110.35768,-7.03235],[110.35771,-7.03222],[110.35768,-7.03204],[110.35763,-7.03188],[110.35751,-7.03167],[110.35726,-7.03136],[110.35708,-7.03115],[110.35693,-7.03093],[110.35692,-7.03082],[110.35693,-7.03072],[110.35702,-7.03064],[110.35716,-7.03057],[110.35733,-7.0306],[110.3575,-7.03066],[110.35794,-7.03081],[110.35828,-7.03087],[110.35846,-7.03086],[110.35873,-7.03075],[110.35932,-7.03049],[110.35954,-7.03036],[110.35971,-7.03019],[110.35976,-7.03013],[110.35978,-7.02997],[110.3598,-7.0298],[110.35984,-7.0296],[110.35995,-7.02945],[110.36012,-7.02939],[110.36036,-7.0294],[110.36057,-7.02937],[110.36067,-7.02927],[110.36071,-7.02913],[110.36072,-7.02852],[110.36076,-7.02795],[110.36074,-7.02779],[110.36062,-7.02764],[110.36037,-7.02746],[110.36028,-7.02729],[110.36031,-7.02713],[110.36043,-7.02699],[110.36057,-7.02693],[110.36079,-7.02694],[110.36104,-7.02703],[110.36133,-7.02725],[110.36163,-7.02743],[110.36194,-7.02758],[110.36224,-7.02765],[110.36248,-7.02763],[110.36272,-7.02753],[110.36287,-7.02741],[110.36303,-7.0272],[110.36323,-7.02692],[110.36378,-7.02619],[110.36391,-7.02596],[110.36416,-7.02551],[110.3643,-7.02515],[110.36444,-7.02427],[110.36446,-7.02385],[110.36442,-7.0235],[110.36431,-7.02317],[110.36418,-7.023],[110.36392,-7.0229],[110.36371,-7.0229],[110.36338,-7.02293],[110.36303,-7.02303],[110.36269,-7.02308],[110.36246,-7.02304],[110.36236,-7.02292],[110.36232,-7.0227],[110.36237,-7.02252],[110.36246,-7.02239],[110.36279,-7.02203],[110.36292,-7.02187],[110.36353,-7.02115],[110.36436,-7.02016]]]}},{"type":"Feature","properties":{"id":"ADM-MIJEN-MIJEN","name":"Mijen","source_name":"Mijen","type":"Kelurahan","category":"Administrasi kota","kecamatan":"Mijen","kabupaten":"Kota Semarang","catatan":"Batas kelurahan dari berkas vektor kota. Serpihan dan wilayah luar kota dibuang. Kecamatan mengikuti daftar resmi, bukan kolom asli berkas.","status":"Batas administrasi"},"geometry":{"type":"Polygon","coordinates":[[[110.33484,-7.06763],[110.33491,-7.06719],[110.33497,-7.06669],[110.335,-7.06589],[110.33499,-7.06545],[110.33496,-7.06495],[110.33493,-7.06479],[110.3349,-7.06445],[110.33491,-7.06415],[110.33501,-7.0638],[110.3351,-7.06352],[110.33517,-7.06313],[110.33518,-7.06309],[110.33519,-7.063],[110.33544,-7.0613],[110.33549,-7.06104],[110.33558,-7.06036],[110.33565,-7.05989],[110.3357,-7.05957],[110.33571,-7.05949],[110.33535,-7.0595],[110.33526,-7.0595],[110.33508,-7.05951],[110.33468,-7.05956],[110.33456,-7.05952],[110.33451,-7.05943],[110.33425,-7.05879],[110.33417,-7.05835],[110.33413,-7.05791],[110.33404,-7.05769],[110.3339,-7.05749],[110.33367,-7.05717],[110.33358,-7.05695],[110.3335,-7.05668],[110.33333,-7.0561],[110.33333,-7.05586],[110.33336,-7.05571],[110.33349,-7.05514],[110.33348,-7.05461],[110.33345,-7.05384],[110.33343,-7.05351],[110.33343,-7.05349],[110.3329,-7.05345],[110.33246,-7.05345],[110.33214,-7.05344],[110.33195,-7.05343],[110.33156,-7.05337],[110.33133,-7.05331],[110.33058,-7.05313],[110.3304,-7.05308],[110.33025,-7.05306],[110.33017,-7.05305],[110.32995,-7.05305],[110.32978,-7.05304],[110.32966,-7.05304],[110.32938,-7.05292],[110.329,-7.05271],[110.32847,-7.05238],[110.32772,-7.05187],[110.32716,-7.05151],[110.32666,-7.05125],[110.32643,-7.05118],[110.32623,-7.05114],[110.32601,-7.0511],[110.32576,-7.05102],[110.32563,-7.05094],[110.32549,-7.05087],[110.32515,-7.05071],[110.32367,-7.05002],[110.32234,-7.04934],[110.32217,-7.04926],[110.32204,-7.04917],[110.32192,-7.04905],[110.32172,-7.04887],[110.32161,-7.04896],[110.3211,-7.04948],[110.3209,-7.04967],[110.32023,-7.05019],[110.31996,-7.05039],[110.3199,-7.05043],[110.31959,-7.05061],[110.31945,-7.05069],[110.31911,-7.05079],[110.31897,-7.05083],[110.31856,-7.0509],[110.31838,-7.05095],[110.31762,-7.05115],[110.31748,-7.0512],[110.31727,-7.05133],[110.31716,-7.05144],[110.31699,-7.05172],[110.31692,-7.05191],[110.31687,-7.05204],[110.31672,-7.05251],[110.31663,-7.05278],[110.31662,-7.05281],[110.31652,-7.053],[110.31639,-7.05326],[110.31631,-7.05339],[110.31599,-7.05396],[110.31574,-7.05435],[110.31572,-7.0544],[110.31567,-7.05448],[110.31531,-7.055],[110.31452,-7.05619],[110.31441,-7.0564],[110.3141,-7.0569],[110.31394,-7.05722],[110.31383,-7.05748],[110.31346,-7.0581],[110.31312,-7.05862],[110.31297,-7.05882],[110.31282,-7.05906],[110.31268,-7.05929],[110.31257,-7.05948],[110.31233,-7.05987],[110.3123,-7.05991],[110.31201,-7.06035],[110.31185,-7.0606],[110.31163,-7.06097],[110.31158,-7.06114],[110.31158,-7.06115],[110.3114,-7.0618],[110.31134,-7.06208],[110.31123,-7.06298],[110.31124,-7.06363],[110.31127,-7.06383],[110.31131,-7.06402],[110.31139,-7.06451],[110.31144,-7.06507],[110.31146,-7.0652],[110.31168,-7.06638],[110.31285,-7.06638],[110.3131,-7.06663],[110.31323,-7.06725],[110.31322,-7.06761],[110.31391,-7.0676],[110.31392,-7.06603],[110.31405,-7.06539],[110.31434,-7.06549],[110.31467,-7.06558],[110.31546,-7.06575],[110.31582,-7.06585],[110.31591,-7.06576],[110.31603,-7.06575],[110.31612,-7.06579],[110.31611,-7.06599],[110.31606,-7.06641],[110.31618,-7.06705],[110.31657,-7.06763],[110.31701,-7.06828],[110.31726,-7.06858],[110.3175,-7.06869],[110.31783,-7.06877],[110.3185,-7.06898],[110.31901,-7.06922],[110.31943,-7.06953],[110.31971,-7.06981],[110.31967,-7.07012],[110.31957,-7.07064],[110.31953,-7.07103],[110.31957,-7.07104],[110.32034,-7.07115],[110.32195,-7.07117],[110.32251,-7.07124],[110.3228,-7.07132],[110.32333,-7.07142],[110.32386,-7.07144],[110.32444,-7.07143],[110.32505,-7.07132],[110.32541,-7.07122],[110.3258,-7.07102],[110.32618,-7.07077],[110.32646,-7.07053],[110.32663,-7.07042],[110.32682,-7.07038],[110.32683,-7.07038],[110.32698,-7.07037],[110.32742,-7.07023],[110.32748,-7.07021],[110.32761,-7.06957],[110.32815,-7.06866],[110.32846,-7.06836],[110.32871,-7.06819],[110.3291,-7.06801],[110.32934,-7.06795],[110.32957,-7.06796],[110.32992,-7.06809],[110.33029,-7.06829],[110.33122,-7.06879],[110.33222,-7.0685],[110.33271,-7.06837],[110.33293,-7.0683],[110.33323,-7.06811],[110.33375,-7.06788],[110.33425,-7.06777],[110.33457,-7.0677],[110.33472,-7.06766],[110.33484,-7.06763]]]}},{"type":"Feature","properties":{"id":"ADM-MIJEN-NGADIRGO","name":"Ngadirgo","source_name":"Ngadirgo","type":"Kelurahan","category":"Administrasi kota","kecamatan":"Mijen","kabupaten":"Kota Semarang","catatan":"Batas kelurahan dari berkas vektor kota. Serpihan dan wilayah luar kota dibuang. Kecamatan mengikuti daftar resmi, bukan kolom asli berkas.","status":"Batas administrasi"},"geometry":{"type":"Polygon","coordinates":[[[110.31054,-7.02256],[110.31025,-7.02262],[110.30981,-7.02266],[110.30954,-7.02268],[110.30919,-7.02268],[110.309,-7.02267],[110.30855,-7.02265],[110.30738,-7.02261],[110.30691,-7.02258],[110.30653,-7.02253],[110.30649,-7.02252],[110.30597,-7.02241],[110.30585,-7.02242],[110.3058,-7.02249],[110.30579,-7.02249],[110.30569,-7.02265],[110.30568,-7.02268],[110.30564,-7.02277],[110.30549,-7.02301],[110.30544,-7.0231],[110.30538,-7.02321],[110.30537,-7.02321],[110.30529,-7.02332],[110.30511,-7.0234],[110.30492,-7.02343],[110.3047,-7.02345],[110.30393,-7.02346],[110.3035,-7.02347],[110.30328,-7.02346],[110.30312,-7.02345],[110.30258,-7.02342],[110.30213,-7.02339],[110.30192,-7.0234],[110.30184,-7.02341],[110.30174,-7.02334],[110.30173,-7.02334],[110.30117,-7.02318],[110.3008,-7.02309],[110.3003,-7.02305],[110.29983,-7.02305],[110.29963,-7.02306],[110.29959,-7.02307],[110.29921,-7.02317],[110.29907,-7.02321],[110.29817,-7.02357],[110.29799,-7.02362],[110.2979,-7.02363],[110.29785,-7.02363],[110.29782,-7.02363],[110.29762,-7.0235],[110.29746,-7.02338],[110.29733,-7.02326],[110.29698,-7.02312],[110.2967,-7.02303],[110.29644,-7.02298],[110.29619,-7.02288],[110.29611,-7.02284],[110.2961,-7.02301],[110.29608,-7.02331],[110.29606,-7.02351],[110.29601,-7.02428],[110.29598,-7.02451],[110.29598,-7.02457],[110.29595,-7.02485],[110.29596,-7.02502],[110.29607,-7.02522],[110.29619,-7.02543],[110.29659,-7.02611],[110.29661,-7.02617],[110.29663,-7.02625],[110.29665,-7.02633],[110.29665,-7.02634],[110.29666,-7.02641],[110.29673,-7.02672],[110.29682,-7.02723],[110.29688,-7.02762],[110.29704,-7.02816],[110.2972,-7.02845],[110.29736,-7.02872],[110.29743,-7.02884],[110.29748,-7.02907],[110.29752,-7.02944],[110.29755,-7.02971],[110.29755,-7.02973],[110.29771,-7.03013],[110.29777,-7.03028],[110.29782,-7.03044],[110.29784,-7.03051],[110.29792,-7.03085],[110.29799,-7.0312],[110.29802,-7.03153],[110.29805,-7.03178],[110.29806,-7.03185],[110.29813,-7.03237],[110.29821,-7.03299],[110.29824,-7.03314],[110.29829,-7.03347],[110.29827,-7.03378],[110.29823,-7.03392],[110.29804,-7.03418],[110.29792,-7.03434],[110.29764,-7.0351],[110.29763,-7.03513],[110.29755,-7.03541],[110.29745,-7.03591],[110.29733,-7.03652],[110.29728,-7.03672],[110.29726,-7.03676],[110.29712,-7.0372],[110.29702,-7.03752],[110.29698,-7.03772],[110.29698,-7.03787],[110.29695,-7.03806],[110.29672,-7.03861],[110.29729,-7.03868],[110.2973,-7.03868],[110.29771,-7.03879],[110.29841,-7.03897],[110.29879,-7.03908],[110.29923,-7.0391],[110.30024,-7.03917],[110.30038,-7.03918],[110.30059,-7.0392],[110.3013,-7.03933],[110.30175,-7.03946],[110.30184,-7.03951],[110.30215,-7.03966],[110.3023,-7.03974],[110.30237,-7.03978],[110.30264,-7.03991],[110.30283,-7.04],[110.30307,-7.04011],[110.30332,-7.04023],[110.30359,-7.04034],[110.30379,-7.04044],[110.3038,-7.04044],[110.30386,-7.04043],[110.30404,-7.04047],[110.30508,-7.04079],[110.30531,-7.04089],[110.30566,-7.04103],[110.30594,-7.0412],[110.30676,-7.04175],[110.30706,-7.04203],[110.30742,-7.04245],[110.30783,-7.04299],[110.30815,-7.04335],[110.30857,-7.04376],[110.3088,-7.04393],[110.30916,-7.04418],[110.30957,-7.04444],[110.31011,-7.04478],[110.31102,-7.04544],[110.31171,-7.04585],[110.31175,-7.04594],[110.31176,-7.04597],[110.31186,-7.04605],[110.31187,-7.04606],[110.31203,-7.04639],[110.31221,-7.04678],[110.31228,-7.04712],[110.31231,-7.04722],[110.31236,-7.04727],[110.31227,-7.04739],[110.31222,-7.0475],[110.31221,-7.04762],[110.31221,-7.048],[110.31219,-7.04838],[110.31219,-7.04877],[110.31223,-7.04884],[110.31224,-7.04898],[110.31226,-7.04931],[110.31234,-7.0494],[110.31244,-7.04942],[110.31279,-7.0494],[110.31295,-7.04939],[110.3133,-7.04933],[110.31339,-7.0493],[110.31358,-7.04961],[110.31381,-7.05002],[110.31388,-7.05018],[110.31403,-7.05045],[110.31446,-7.05109],[110.31461,-7.05132],[110.31483,-7.05165],[110.31498,-7.05189],[110.31504,-7.05194],[110.31513,-7.05195],[110.31526,-7.05193],[110.31544,-7.05191],[110.3158,-7.05191],[110.31652,-7.05189],[110.31692,-7.05191],[110.31699,-7.05172],[110.31716,-7.05144],[110.31727,-7.05133],[110.31748,-7.0512],[110.31762,-7.05115],[110.31838,-7.05095],[110.31856,-7.0509],[110.31897,-7.05083],[110.31911,-7.05079],[110.31945,-7.05069],[110.31959,-7.05061],[110.3199,-7.05043],[110.31976,-7.05026],[110.31942,-7.04986],[110.31939,-7.04981],[110.31915,-7.04939],[110.31903,-7.04925],[110.3189,-7.04917],[110.3188,-7.04916],[110.31796,-7.0479],[110.31784,-7.04762],[110.31773,-7.04738],[110.31761,-7.0472],[110.31749,-7.04697],[110.31741,-7.04677],[110.31725,-7.04643],[110.31714,-7.04604],[110.31711,-7.04553],[110.31701,-7.04509],[110.31705,-7.04134],[110.31707,-7.04013],[110.31708,-7.03961],[110.31708,-7.03957],[110.3171,-7.039],[110.31711,-7.0384],[110.31714,-7.03798],[110.31678,-7.03741],[110.31669,-7.03727],[110.31648,-7.03687],[110.31614,-7.03624],[110.31561,-7.03537],[110.31546,-7.03509],[110.31542,-7.035],[110.31522,-7.03462],[110.31502,-7.03421],[110.3149,-7.03374],[110.3149,-7.03373],[110.31477,-7.033],[110.31473,-7.03263],[110.31467,-7.03239],[110.31465,-7.0323],[110.31451,-7.0318],[110.3144,-7.0312],[110.31426,-7.03046],[110.31422,-7.03036],[110.31404,-7.02979],[110.3138,-7.02923],[110.31336,-7.02812],[110.31324,-7.02778],[110.31292,-7.02696],[110.31261,-7.02636],[110.31241,-7.02601],[110.31189,-7.02527],[110.31153,-7.02471],[110.31145,-7.02454],[110.31132,-7.02424],[110.3112,-7.0239],[110.31114,-7.02377],[110.31101,-7.02344],[110.31086,-7.02317],[110.31083,-7.02312],[110.31082,-7.0231],[110.31079,-7.02304],[110.31078,-7.02301],[110.31074,-7.02292],[110.31068,-7.02279],[110.31054,-7.02257],[110.31054,-7.02256]]]}},{"type":"Feature","properties":{"id":"ADM-MIJEN-PESANTREN","name":"Pesantren","source_name":"Pasantren","type":"Kelurahan","category":"Administrasi kota","kecamatan":"Mijen","kabupaten":"Kota Semarang","catatan":"Batas kelurahan dari berkas vektor kota. Serpihan dan wilayah luar kota dibuang. Kecamatan mengikuti daftar resmi, bukan kolom asli berkas.","status":"Batas administrasi"},"geometry":{"type":"Polygon","coordinates":[[[110.33579,-7.02229],[110.33535,-7.02222],[110.33499,-7.02217],[110.33466,-7.0221],[110.33468,-7.02188],[110.33483,-7.02124],[110.33484,-7.02117],[110.33485,-7.02116],[110.33428,-7.02099],[110.33385,-7.02089],[110.33317,-7.02077],[110.33266,-7.02065],[110.3324,-7.02059],[110.33211,-7.02056],[110.33177,-7.02055],[110.33134,-7.02048],[110.33073,-7.02034],[110.33031,-7.02027],[110.33029,-7.02027],[110.33026,-7.02026],[110.32982,-7.02014],[110.32935,-7.02],[110.32803,-7.01975],[110.32798,-7.01974],[110.32767,-7.01978],[110.32719,-7.01983],[110.32665,-7.01982],[110.32551,-7.01979],[110.325,-7.01977],[110.32454,-7.01977],[110.32419,-7.01975],[110.32345,-7.01966],[110.32296,-7.01962],[110.32229,-7.01952],[110.32177,-7.01953],[110.32167,-7.01953],[110.31667,-7.01905],[110.31377,-7.01893],[110.31354,-7.01894],[110.3131,-7.01896],[110.31279,-7.019],[110.31141,-7.01925],[110.3112,-7.01929],[110.31087,-7.01941],[110.30983,-7.01977],[110.30945,-7.01996],[110.30966,-7.02031],[110.30977,-7.02057],[110.30992,-7.02085],[110.30995,-7.0209],[110.30996,-7.02095],[110.31001,-7.02117],[110.31034,-7.02204],[110.31054,-7.02256],[110.31054,-7.02257],[110.31068,-7.02279],[110.31074,-7.02292],[110.31078,-7.02301],[110.31079,-7.02304],[110.31082,-7.0231],[110.31083,-7.02312],[110.31086,-7.02317],[110.31101,-7.02344],[110.31114,-7.02377],[110.3112,-7.0239],[110.31132,-7.02424],[110.31145,-7.02454],[110.31153,-7.02471],[110.31189,-7.02527],[110.31241,-7.02601],[110.31261,-7.02636],[110.31292,-7.02696],[110.31324,-7.02778],[110.31336,-7.02812],[110.3138,-7.02923],[110.31404,-7.02979],[110.31422,-7.03036],[110.31426,-7.03046],[110.3144,-7.0312],[110.31451,-7.0318],[110.31465,-7.0323],[110.31467,-7.03239],[110.31473,-7.03263],[110.31477,-7.033],[110.3149,-7.03373],[110.3149,-7.03374],[110.31502,-7.03421],[110.31522,-7.03462],[110.31542,-7.035],[110.31546,-7.03509],[110.31561,-7.03537],[110.31614,-7.03624],[110.31648,-7.03687],[110.31669,-7.03727],[110.31678,-7.03741],[110.31714,-7.03798],[110.31711,-7.0384],[110.3171,-7.039],[110.31708,-7.03957],[110.31708,-7.03961],[110.31707,-7.04013],[110.31705,-7.04134],[110.31701,-7.04509],[110.31711,-7.04553],[110.31714,-7.04604],[110.31725,-7.04643],[110.31741,-7.04677],[110.31749,-7.04697],[110.31761,-7.0472],[110.31773,-7.04738],[110.31784,-7.04762],[110.31796,-7.0479],[110.3188,-7.04916],[110.3189,-7.04917],[110.31903,-7.04925],[110.31915,-7.04939],[110.31939,-7.04981],[110.31942,-7.04986],[110.31976,-7.05026],[110.3199,-7.05043],[110.31996,-7.05039],[110.32023,-7.05019],[110.3209,-7.04967],[110.3211,-7.04948],[110.32161,-7.04896],[110.32172,-7.04887],[110.32232,-7.04809],[110.32237,-7.04803],[110.32282,-7.0475],[110.32317,-7.04711],[110.32341,-7.04684],[110.32433,-7.04614],[110.32477,-7.04578],[110.32518,-7.04545],[110.32589,-7.04487],[110.32598,-7.04477],[110.32656,-7.04423],[110.32672,-7.04408],[110.32701,-7.04383],[110.3276,-7.04331],[110.3278,-7.04305],[110.32791,-7.04289],[110.32816,-7.04262],[110.32859,-7.04217],[110.32882,-7.04202],[110.32898,-7.04192],[110.32908,-7.04185],[110.32941,-7.04156],[110.32969,-7.04122],[110.32986,-7.04103],[110.32992,-7.04099],[110.32998,-7.04089],[110.33022,-7.04037],[110.33037,-7.03996],[110.33045,-7.03977],[110.33055,-7.03957],[110.33124,-7.03826],[110.33146,-7.03778],[110.33167,-7.03733],[110.33207,-7.03659],[110.33253,-7.03575],[110.3328,-7.03522],[110.33317,-7.03401],[110.33317,-7.03397],[110.33322,-7.03373],[110.33355,-7.03238],[110.33365,-7.03199],[110.3338,-7.03158],[110.33408,-7.03087],[110.33433,-7.02973],[110.33433,-7.02971],[110.3344,-7.02939],[110.33447,-7.02912],[110.33453,-7.02883],[110.33458,-7.02854],[110.33467,-7.02817],[110.33485,-7.02735],[110.33496,-7.02671],[110.33499,-7.02585],[110.33503,-7.02546],[110.33504,-7.02477],[110.33506,-7.02432],[110.33511,-7.02408],[110.33512,-7.02399],[110.3352,-7.02371],[110.33522,-7.02363],[110.33526,-7.02353],[110.33527,-7.0235],[110.33542,-7.02312],[110.3355,-7.02297],[110.33552,-7.02292],[110.33563,-7.02271],[110.33572,-7.02252],[110.33579,-7.02229]]]}},{"type":"Feature","properties":{"id":"ADM-MIJEN-POLAMAN","name":"Polaman","source_name":"Polaman","type":"Kelurahan","category":"Administrasi kota","kecamatan":"Mijen","kabupaten":"Kota Semarang","catatan":"Batas kelurahan dari berkas vektor kota. Serpihan dan wilayah luar kota dibuang. Kecamatan mengikuti daftar resmi, bukan kolom asli berkas.","status":"Batas administrasi"},"geometry":{"type":"Polygon","coordinates":[[[110.34391,-7.08465],[110.34359,-7.08457],[110.34338,-7.08472],[110.34317,-7.08483],[110.34278,-7.08492],[110.34268,-7.08492],[110.3426,-7.0849],[110.34254,-7.08488],[110.34214,-7.08475],[110.34205,-7.08472],[110.34157,-7.08455],[110.34137,-7.08449],[110.34055,-7.08451],[110.34037,-7.08451],[110.34026,-7.08445],[110.34019,-7.08455],[110.34011,-7.08461],[110.33951,-7.08467],[110.33939,-7.08467],[110.33903,-7.08475],[110.33879,-7.0848],[110.3387,-7.08508],[110.33861,-7.08543],[110.33848,-7.08579],[110.33837,-7.08595],[110.33834,-7.08599],[110.33813,-7.08619],[110.33795,-7.08625],[110.33781,-7.08622],[110.33747,-7.08612],[110.33731,-7.08613],[110.3329,-7.08656],[110.33224,-7.08677],[110.33205,-7.0868],[110.33151,-7.08688],[110.33131,-7.08689],[110.33114,-7.08684],[110.33058,-7.08683],[110.3304,-7.08681],[110.32933,-7.08683],[110.32929,-7.08684],[110.32912,-7.08692],[110.32888,-7.08705],[110.32851,-7.08714],[110.32843,-7.08716],[110.32762,-7.08759],[110.32743,-7.08783],[110.32736,-7.08792],[110.32679,-7.08795],[110.32641,-7.0881],[110.32621,-7.08822],[110.32612,-7.08833],[110.32605,-7.08857],[110.32601,-7.08889],[110.32598,-7.08907],[110.32593,-7.08918],[110.32621,-7.08929],[110.3266,-7.08935],[110.32676,-7.08938],[110.32681,-7.0894],[110.32688,-7.08944],[110.32701,-7.08961],[110.3272,-7.08994],[110.32765,-7.09056],[110.32785,-7.09082],[110.32793,-7.09098],[110.32796,-7.09117],[110.32752,-7.09209],[110.32727,-7.09257],[110.3275,-7.09252],[110.32759,-7.09243],[110.32779,-7.09216],[110.32805,-7.09193],[110.3282,-7.09182],[110.3283,-7.09174],[110.32856,-7.09165],[110.32898,-7.09158],[110.32911,-7.09163],[110.32916,-7.09166],[110.32926,-7.09175],[110.32935,-7.09187],[110.32949,-7.09201],[110.32951,-7.09203],[110.3296,-7.09206],[110.32976,-7.09205],[110.33002,-7.092],[110.33025,-7.09191],[110.33035,-7.09187],[110.33053,-7.09182],[110.33077,-7.09185],[110.3309,-7.09192],[110.33106,-7.09209],[110.33127,-7.09229],[110.33159,-7.09254],[110.3325,-7.09292],[110.33363,-7.0936],[110.33404,-7.09386],[110.33557,-7.0948],[110.33589,-7.09505],[110.3361,-7.09528],[110.33619,-7.09549],[110.33622,-7.09557],[110.33626,-7.09566],[110.3364,-7.0958],[110.3365,-7.09581],[110.33681,-7.09578],[110.33685,-7.09577],[110.33709,-7.09572],[110.33811,-7.09538],[110.33814,-7.09537],[110.33837,-7.09533],[110.33858,-7.09527],[110.33875,-7.09524],[110.33885,-7.09521],[110.33917,-7.0951],[110.33946,-7.09506],[110.34008,-7.0951],[110.3402,-7.09523],[110.34026,-7.0953],[110.34041,-7.09548],[110.34048,-7.09567],[110.34064,-7.09618],[110.34071,-7.09627],[110.34084,-7.09644],[110.34087,-7.09654],[110.34091,-7.09656],[110.34102,-7.09655],[110.34115,-7.09645],[110.34133,-7.09625],[110.34156,-7.09602],[110.34178,-7.09583],[110.34183,-7.09572],[110.34186,-7.09554],[110.3419,-7.09529],[110.34196,-7.09487],[110.34198,-7.09466],[110.34196,-7.09461],[110.34189,-7.09434],[110.34188,-7.09428],[110.34198,-7.09417],[110.3421,-7.09411],[110.34226,-7.0941],[110.34247,-7.09414],[110.34264,-7.09423],[110.34277,-7.09437],[110.34285,-7.09452],[110.34293,-7.09464],[110.34311,-7.09488],[110.34332,-7.09521],[110.34335,-7.09531],[110.34343,-7.09561],[110.34358,-7.09623],[110.34367,-7.0965],[110.34368,-7.09653],[110.34393,-7.09654],[110.34411,-7.0966],[110.34423,-7.09668],[110.34435,-7.09683],[110.34443,-7.09717],[110.34467,-7.09717],[110.34465,-7.0971],[110.34468,-7.09699],[110.3448,-7.09682],[110.34483,-7.09677],[110.34462,-7.09664],[110.34442,-7.09647],[110.34433,-7.09622],[110.34427,-7.09597],[110.34423,-7.09569],[110.34416,-7.09546],[110.34409,-7.09533],[110.34364,-7.09486],[110.3436,-7.09453],[110.34348,-7.09442],[110.34348,-7.09433],[110.34353,-7.09421],[110.34368,-7.09392],[110.34378,-7.09359],[110.3442,-7.09294],[110.34443,-7.09268],[110.34444,-7.09265],[110.34438,-7.09255],[110.34408,-7.09234],[110.34382,-7.09227],[110.34361,-7.09215],[110.34336,-7.09193],[110.34321,-7.09171],[110.34288,-7.091],[110.34279,-7.09087],[110.34265,-7.0905],[110.34264,-7.09049],[110.34259,-7.09038],[110.3424,-7.09002],[110.34225,-7.08964],[110.34228,-7.08961],[110.3422,-7.08939],[110.34233,-7.08921],[110.3425,-7.08901],[110.34297,-7.08846],[110.34304,-7.0883],[110.34304,-7.08814],[110.34297,-7.08797],[110.34268,-7.08733],[110.34266,-7.08733],[110.34269,-7.08724],[110.34279,-7.08701],[110.34297,-7.08665],[110.34321,-7.08622],[110.34331,-7.08597],[110.34341,-7.08543],[110.34351,-7.08516],[110.34363,-7.08497],[110.34391,-7.08465]]]}},{"type":"Feature","properties":{"id":"ADM-MIJEN-PURWOSARI","name":"Purwosari","source_name":"Purwosari","type":"Kelurahan","category":"Administrasi kota","kecamatan":"Mijen","kabupaten":"Kota Semarang","catatan":"Batas kelurahan dari berkas vektor kota. Serpihan dan wilayah luar kota dibuang. Kecamatan mengikuti daftar resmi, bukan kolom asli berkas.","status":"Batas administrasi"},"geometry":{"type":"Polygon","coordinates":[[[110.34231,-7.07155],[110.3419,-7.07105],[110.34185,-7.07091],[110.34174,-7.07086],[110.34127,-7.07082],[110.34123,-7.07082],[110.34108,-7.07078],[110.34091,-7.07066],[110.34075,-7.07059],[110.34045,-7.07052],[110.34021,-7.07052],[110.33977,-7.07055],[110.33948,-7.07057],[110.33918,-7.07053],[110.33907,-7.07045],[110.33878,-7.07015],[110.33865,-7.07004],[110.33853,-7.06995],[110.33846,-7.0699],[110.33821,-7.06979],[110.33797,-7.06972],[110.33762,-7.06967],[110.33722,-7.06956],[110.33685,-7.06945],[110.33663,-7.06931],[110.3364,-7.06919],[110.33624,-7.06911],[110.33615,-7.06905],[110.33581,-7.06884],[110.33559,-7.0688],[110.3348,-7.06868],[110.33475,-7.06869],[110.33479,-7.06836],[110.33484,-7.06763],[110.33472,-7.06766],[110.33457,-7.0677],[110.33425,-7.06777],[110.33375,-7.06788],[110.33323,-7.06811],[110.33293,-7.0683],[110.33271,-7.06837],[110.33222,-7.0685],[110.33122,-7.06879],[110.33029,-7.06829],[110.32992,-7.06809],[110.32957,-7.06796],[110.32934,-7.06795],[110.3291,-7.06801],[110.32871,-7.06819],[110.32846,-7.06836],[110.32815,-7.06866],[110.32761,-7.06957],[110.32748,-7.07021],[110.32742,-7.07023],[110.32698,-7.07037],[110.32683,-7.07038],[110.32682,-7.07038],[110.32663,-7.07042],[110.32646,-7.07053],[110.32618,-7.07077],[110.3258,-7.07102],[110.32587,-7.07137],[110.32591,-7.07151],[110.32595,-7.07163],[110.32597,-7.07171],[110.32597,-7.07183],[110.32599,-7.07216],[110.32601,-7.07235],[110.32613,-7.07265],[110.32625,-7.07283],[110.32649,-7.07303],[110.32672,-7.07315],[110.32702,-7.07327],[110.32723,-7.07338],[110.32736,-7.07344],[110.32753,-7.07354],[110.32771,-7.07374],[110.32776,-7.07385],[110.32785,-7.07403],[110.32786,-7.07429],[110.32782,-7.07453],[110.32776,-7.07483],[110.32735,-7.07487],[110.32705,-7.07478],[110.32691,-7.07476],[110.32682,-7.07479],[110.32672,-7.07494],[110.32659,-7.07511],[110.32586,-7.07563],[110.32562,-7.07586],[110.32551,-7.07593],[110.32534,-7.076],[110.32524,-7.07609],[110.3252,-7.07622],[110.32549,-7.07639],[110.32561,-7.07648],[110.32567,-7.07657],[110.32564,-7.07667],[110.32559,-7.07675],[110.32547,-7.0768],[110.32464,-7.07683],[110.32448,-7.07685],[110.32411,-7.0771],[110.324,-7.07716],[110.3238,-7.07761],[110.32365,-7.07822],[110.32349,-7.07892],[110.32351,-7.0793],[110.32362,-7.07967],[110.32413,-7.08049],[110.32499,-7.08117],[110.32513,-7.08136],[110.32521,-7.08159],[110.32528,-7.08191],[110.32545,-7.08264],[110.32584,-7.0835],[110.32637,-7.08409],[110.32729,-7.08467],[110.32797,-7.08509],[110.32855,-7.08572],[110.32933,-7.08683],[110.3304,-7.08681],[110.33058,-7.08683],[110.33114,-7.08684],[110.33131,-7.08689],[110.33151,-7.08688],[110.33205,-7.0868],[110.33224,-7.08677],[110.3329,-7.08656],[110.33731,-7.08613],[110.33747,-7.08612],[110.33781,-7.08622],[110.33795,-7.08625],[110.33813,-7.08619],[110.33834,-7.08599],[110.33837,-7.08595],[110.33848,-7.08579],[110.33861,-7.08543],[110.3387,-7.08508],[110.33879,-7.0848],[110.33903,-7.08475],[110.33939,-7.08467],[110.33951,-7.08467],[110.34011,-7.08461],[110.34019,-7.08455],[110.34026,-7.08445],[110.34037,-7.08451],[110.34055,-7.08451],[110.34137,-7.08449],[110.34157,-7.08455],[110.34205,-7.08472],[110.34214,-7.08475],[110.34254,-7.08488],[110.3426,-7.0849],[110.34268,-7.08492],[110.34278,-7.08492],[110.34317,-7.08483],[110.34338,-7.08472],[110.34359,-7.08457],[110.34391,-7.08465],[110.3441,-7.08423],[110.34409,-7.08407],[110.34409,-7.08382],[110.34417,-7.0837],[110.34431,-7.08359],[110.34528,-7.08295],[110.34593,-7.08231],[110.34601,-7.0822],[110.34617,-7.08198],[110.34637,-7.08152],[110.3465,-7.08122],[110.34663,-7.08087],[110.34672,-7.08049],[110.3467,-7.08028],[110.34663,-7.08012],[110.34649,-7.07997],[110.34634,-7.07985],[110.34623,-7.07985],[110.34601,-7.07993],[110.34572,-7.08],[110.34544,-7.08001],[110.34523,-7.07998],[110.34514,-7.07989],[110.34509,-7.07978],[110.34503,-7.07952],[110.34499,-7.07912],[110.34505,-7.07869],[110.34514,-7.07849],[110.34546,-7.07805],[110.34569,-7.07775],[110.34594,-7.07714],[110.34593,-7.077],[110.34586,-7.07688],[110.34576,-7.07681],[110.34562,-7.07678],[110.34513,-7.07667],[110.34501,-7.07658],[110.34493,-7.07639],[110.34488,-7.07618],[110.34487,-7.07606],[110.34484,-7.07599],[110.34474,-7.07574],[110.34464,-7.07549],[110.34392,-7.07402],[110.34385,-7.07378],[110.34372,-7.07344],[110.34336,-7.07273],[110.34322,-7.07255],[110.34295,-7.07228],[110.34277,-7.07215],[110.34272,-7.07212],[110.34252,-7.07203],[110.34231,-7.07155]]]}},{"type":"Feature","properties":{"id":"ADM-MIJEN-TAMBANGAN","name":"Tambangan","source_name":"Tambangan","type":"Kelurahan","category":"Administrasi kota","kecamatan":"Mijen","kabupaten":"Kota Semarang","catatan":"Batas kelurahan dari berkas vektor kota. Serpihan dan wilayah luar kota dibuang. Kecamatan mengikuti daftar resmi, bukan kolom asli berkas.","status":"Batas administrasi"},"geometry":{"type":"Polygon","coordinates":[[[110.3258,-7.07102],[110.32541,-7.07122],[110.32505,-7.07132],[110.32444,-7.07143],[110.32386,-7.07144],[110.32333,-7.07142],[110.3228,-7.07132],[110.32251,-7.07124],[110.32195,-7.07117],[110.32034,-7.07115],[110.31957,-7.07104],[110.31953,-7.07103],[110.31957,-7.07064],[110.31967,-7.07012],[110.31971,-7.06981],[110.31943,-7.06953],[110.31901,-7.06922],[110.3185,-7.06898],[110.31783,-7.06877],[110.3175,-7.06869],[110.31726,-7.06858],[110.31701,-7.06828],[110.31657,-7.06763],[110.31618,-7.06705],[110.31606,-7.06641],[110.31611,-7.06599],[110.31612,-7.06579],[110.31603,-7.06575],[110.31591,-7.06576],[110.31582,-7.06585],[110.31546,-7.06575],[110.31467,-7.06558],[110.31434,-7.06549],[110.31405,-7.06539],[110.31392,-7.06603],[110.31391,-7.0676],[110.31322,-7.06761],[110.31323,-7.06725],[110.3131,-7.06663],[110.31285,-7.06638],[110.31168,-7.06638],[110.31174,-7.06665],[110.31176,-7.06683],[110.31173,-7.06737],[110.31165,-7.06777],[110.31165,-7.06778],[110.31155,-7.06799],[110.3112,-7.06868],[110.31106,-7.06895],[110.3109,-7.06926],[110.31078,-7.06972],[110.31064,-7.07011],[110.31034,-7.07105],[110.31023,-7.07164],[110.31003,-7.07306],[110.31003,-7.07471],[110.31003,-7.07485],[110.30989,-7.0759],[110.30975,-7.07649],[110.30948,-7.07714],[110.30945,-7.07721],[110.30933,-7.07756],[110.30931,-7.07758],[110.30917,-7.07798],[110.30903,-7.07833],[110.30898,-7.07844],[110.30892,-7.07865],[110.30882,-7.07906],[110.30871,-7.07971],[110.30873,-7.08003],[110.30874,-7.08006],[110.3088,-7.08026],[110.30888,-7.08064],[110.30905,-7.08147],[110.30907,-7.08159],[110.3091,-7.08174],[110.30913,-7.08187],[110.30924,-7.082],[110.30935,-7.08218],[110.30948,-7.08253],[110.30953,-7.0826],[110.30969,-7.08278],[110.30991,-7.08318],[110.31013,-7.08366],[110.31014,-7.08381],[110.31014,-7.08403],[110.31011,-7.0845],[110.31006,-7.08469],[110.31,-7.08501],[110.30995,-7.08518],[110.30988,-7.08548],[110.30977,-7.08576],[110.30981,-7.08577],[110.31007,-7.0859],[110.31042,-7.08621],[110.31058,-7.08641],[110.31061,-7.08647],[110.31067,-7.0865],[110.31078,-7.0866],[110.31099,-7.08686],[110.311,-7.0869],[110.31121,-7.08751],[110.31145,-7.0879],[110.3115,-7.08798],[110.3116,-7.08819],[110.31163,-7.08831],[110.31159,-7.0885],[110.31146,-7.08877],[110.31135,-7.08899],[110.31133,-7.0891],[110.31137,-7.08919],[110.31152,-7.08929],[110.31173,-7.08935],[110.31199,-7.08936],[110.31218,-7.08935],[110.31231,-7.08939],[110.31245,-7.0895],[110.31253,-7.08962],[110.31255,-7.08972],[110.31222,-7.09009],[110.31213,-7.09021],[110.3121,-7.0903],[110.31216,-7.09045],[110.31228,-7.09068],[110.31252,-7.0911],[110.3126,-7.09131],[110.31261,-7.09143],[110.31252,-7.09161],[110.31266,-7.09173],[110.31274,-7.09197],[110.31281,-7.09213],[110.31291,-7.09222],[110.31303,-7.09226],[110.31321,-7.09225],[110.31362,-7.09206],[110.3138,-7.09198],[110.31402,-7.09195],[110.31415,-7.09198],[110.31425,-7.09207],[110.3143,-7.09185],[110.31425,-7.09181],[110.3142,-7.09179],[110.31384,-7.09172],[110.31374,-7.09164],[110.31366,-7.09151],[110.31364,-7.0914],[110.31367,-7.09124],[110.31373,-7.09112],[110.31386,-7.09102],[110.31407,-7.09096],[110.31422,-7.09095],[110.31432,-7.09088],[110.31437,-7.09077],[110.3144,-7.09039],[110.3144,-7.0902],[110.31445,-7.09009],[110.3146,-7.08977],[110.31463,-7.08972],[110.31492,-7.08987],[110.3151,-7.08997],[110.31533,-7.09009],[110.31559,-7.09025],[110.31559,-7.08961],[110.31557,-7.0892],[110.31558,-7.08876],[110.31558,-7.08869],[110.31558,-7.08835],[110.31532,-7.08835],[110.31494,-7.08838],[110.31437,-7.08838],[110.31421,-7.08836],[110.31402,-7.08826],[110.31387,-7.08817],[110.31394,-7.08809],[110.31402,-7.088],[110.31402,-7.08774],[110.314,-7.08744],[110.31389,-7.08689],[110.31389,-7.0867],[110.31404,-7.08644],[110.31415,-7.08633],[110.31429,-7.08629],[110.31459,-7.0863],[110.31515,-7.08629],[110.31553,-7.08629],[110.31567,-7.08628],[110.31572,-7.08627],[110.31575,-7.08626],[110.3158,-7.08604],[110.31583,-7.08583],[110.31588,-7.08564],[110.31593,-7.08541],[110.31601,-7.08528],[110.31627,-7.08514],[110.31663,-7.08503],[110.31689,-7.085],[110.31769,-7.085],[110.31842,-7.085],[110.31851,-7.085],[110.31865,-7.08498],[110.31866,-7.08498],[110.31912,-7.08497],[110.32044,-7.08499],[110.3223,-7.08499],[110.32241,-7.08497],[110.32275,-7.08497],[110.32418,-7.085],[110.32436,-7.08502],[110.32456,-7.08499],[110.32476,-7.08487],[110.325,-7.08467],[110.32515,-7.08449],[110.3252,-7.08436],[110.32526,-7.08413],[110.32528,-7.08381],[110.32529,-7.08227],[110.32528,-7.08191],[110.32521,-7.08159],[110.32513,-7.08136],[110.32499,-7.08117],[110.32413,-7.08049],[110.32362,-7.07967],[110.32351,-7.0793],[110.32349,-7.07892],[110.32365,-7.07822],[110.3238,-7.07761],[110.324,-7.07716],[110.32411,-7.0771],[110.32448,-7.07685],[110.32464,-7.07683],[110.32547,-7.0768],[110.32559,-7.07675],[110.32564,-7.07667],[110.32567,-7.07657],[110.32561,-7.07648],[110.32549,-7.07639],[110.3252,-7.07622],[110.32524,-7.07609],[110.32534,-7.076],[110.32551,-7.07593],[110.32562,-7.07586],[110.32586,-7.07563],[110.32659,-7.07511],[110.32672,-7.07494],[110.32682,-7.07479],[110.32691,-7.07476],[110.32705,-7.07478],[110.32735,-7.07487],[110.32776,-7.07483],[110.32782,-7.07453],[110.32786,-7.07429],[110.32785,-7.07403],[110.32776,-7.07385],[110.32771,-7.07374],[110.32753,-7.07354],[110.32736,-7.07344],[110.32723,-7.07338],[110.32702,-7.07327],[110.32672,-7.07315],[110.32649,-7.07303],[110.32625,-7.07283],[110.32613,-7.07265],[110.32601,-7.07235],[110.32599,-7.07216],[110.32597,-7.07183],[110.32597,-7.07171],[110.32595,-7.07163],[110.32591,-7.07151],[110.32587,-7.07137],[110.3258,-7.07102]]]}},{"type":"Feature","properties":{"id":"ADM-MIJEN-WONOLOPO","name":"Wonolopo","source_name":"Wonopolo","type":"Kelurahan","category":"Administrasi kota","kecamatan":"Mijen","kabupaten":"Kota Semarang","catatan":"Batas kelurahan dari berkas vektor kota. Serpihan dan wilayah luar kota dibuang. Kecamatan mengikuti daftar resmi, bukan kolom asli berkas.","status":"Batas administrasi"},"geometry":{"type":"Polygon","coordinates":[[[110.31692,-7.05191],[110.31652,-7.05189],[110.3158,-7.05191],[110.31544,-7.05191],[110.31526,-7.05193],[110.31513,-7.05195],[110.31504,-7.05194],[110.31498,-7.05189],[110.31483,-7.05165],[110.31461,-7.05132],[110.31446,-7.05109],[110.31403,-7.05045],[110.31388,-7.05018],[110.31381,-7.05002],[110.31358,-7.04961],[110.31339,-7.0493],[110.3133,-7.04933],[110.31295,-7.04939],[110.31279,-7.0494],[110.31244,-7.04942],[110.31234,-7.0494],[110.31226,-7.04931],[110.31224,-7.04898],[110.31223,-7.04884],[110.31219,-7.04877],[110.31219,-7.04838],[110.31221,-7.048],[110.31221,-7.04762],[110.31222,-7.0475],[110.31227,-7.04739],[110.31236,-7.04727],[110.31231,-7.04722],[110.31228,-7.04712],[110.31221,-7.04678],[110.31203,-7.04639],[110.31187,-7.04606],[110.31186,-7.04605],[110.31176,-7.04597],[110.31175,-7.04594],[110.31171,-7.04585],[110.31102,-7.04544],[110.31011,-7.04478],[110.30957,-7.04444],[110.30916,-7.04418],[110.3088,-7.04393],[110.30857,-7.04376],[110.30815,-7.04335],[110.30783,-7.04299],[110.30742,-7.04245],[110.30706,-7.04203],[110.30676,-7.04175],[110.30594,-7.0412],[110.30566,-7.04103],[110.30531,-7.04089],[110.30508,-7.04079],[110.30404,-7.04047],[110.30386,-7.04043],[110.3038,-7.04044],[110.30379,-7.04044],[110.30359,-7.04034],[110.30332,-7.04023],[110.30307,-7.04011],[110.30283,-7.04],[110.30264,-7.03991],[110.30237,-7.03978],[110.3023,-7.03974],[110.30215,-7.03966],[110.30184,-7.03951],[110.30175,-7.03946],[110.3013,-7.03933],[110.30059,-7.0392],[110.30038,-7.03918],[110.30024,-7.03917],[110.29923,-7.0391],[110.29879,-7.03908],[110.29841,-7.03897],[110.29771,-7.03879],[110.2973,-7.03868],[110.29729,-7.03868],[110.29672,-7.03861],[110.2967,-7.03889],[110.29664,-7.03929],[110.29663,-7.03933],[110.29661,-7.04002],[110.29664,-7.04028],[110.29679,-7.04119],[110.29688,-7.04144],[110.29702,-7.0418],[110.2972,-7.0422],[110.29729,-7.04241],[110.29733,-7.04264],[110.29756,-7.04395],[110.29755,-7.04425],[110.29754,-7.04456],[110.29756,-7.04585],[110.29756,-7.04625],[110.29758,-7.04684],[110.29763,-7.04813],[110.29759,-7.04882],[110.29754,-7.04927],[110.29756,-7.0498],[110.29757,-7.05018],[110.29761,-7.0506],[110.29769,-7.0513],[110.29773,-7.05174],[110.29786,-7.05248],[110.29798,-7.05318],[110.29802,-7.05459],[110.29801,-7.05498],[110.29802,-7.05557],[110.29804,-7.05571],[110.29824,-7.05729],[110.29843,-7.05775],[110.29852,-7.0581],[110.29863,-7.0581],[110.29904,-7.05848],[110.29936,-7.0587],[110.29954,-7.05879],[110.3,-7.05882],[110.30016,-7.05882],[110.30029,-7.0589],[110.30069,-7.0595],[110.30086,-7.05979],[110.30088,-7.05981],[110.30106,-7.0601],[110.30107,-7.0601],[110.30159,-7.05986],[110.30246,-7.05918],[110.30267,-7.05904],[110.3027,-7.05899],[110.30285,-7.05885],[110.30312,-7.05862],[110.3033,-7.05846],[110.30334,-7.05842],[110.30339,-7.05838],[110.30358,-7.05821],[110.30367,-7.05816],[110.30442,-7.05783],[110.30473,-7.05768],[110.30474,-7.05768],[110.30492,-7.05764],[110.30524,-7.05755],[110.30562,-7.0575],[110.30592,-7.05748],[110.30597,-7.05903],[110.30604,-7.05924],[110.30608,-7.05931],[110.30611,-7.05939],[110.30613,-7.05947],[110.30616,-7.05955],[110.30619,-7.0597],[110.30623,-7.05991],[110.30629,-7.06001],[110.3064,-7.06012],[110.30656,-7.06024],[110.307,-7.06043],[110.30737,-7.06058],[110.30753,-7.06065],[110.30779,-7.06076],[110.30782,-7.06076],[110.30818,-7.0608],[110.30872,-7.0611],[110.30885,-7.06116],[110.30896,-7.06118],[110.30902,-7.06117],[110.30978,-7.06093],[110.30982,-7.06091],[110.31014,-7.06093],[110.31053,-7.06097],[110.31158,-7.06114],[110.31163,-7.06097],[110.31185,-7.0606],[110.31201,-7.06035],[110.3123,-7.05991],[110.31233,-7.05987],[110.31257,-7.05948],[110.31268,-7.05929],[110.31282,-7.05906],[110.31297,-7.05882],[110.31312,-7.05862],[110.31346,-7.0581],[110.31383,-7.05748],[110.31394,-7.05722],[110.3141,-7.0569],[110.31441,-7.0564],[110.31452,-7.05619],[110.31531,-7.055],[110.31567,-7.05448],[110.31572,-7.0544],[110.31574,-7.05435],[110.31599,-7.05396],[110.31631,-7.05339],[110.31639,-7.05326],[110.31652,-7.053],[110.31662,-7.05281],[110.31663,-7.05278],[110.31672,-7.05251],[110.31687,-7.05204],[110.31692,-7.05191]]]}},{"type":"Feature","properties":{"id":"ADM-MIJEN-WONOPLUMBON","name":"Wonoplumbon","source_name":"Wonoplumbon","type":"Kelurahan","category":"Administrasi kota","kecamatan":"Mijen","kabupaten":"Kota Semarang","catatan":"Batas kelurahan dari berkas vektor kota. Serpihan dan wilayah luar kota dibuang. Kecamatan mengikuti daftar resmi, bukan kolom asli berkas.","status":"Batas administrasi"},"geometry":{"type":"Polygon","coordinates":[[[110.28448,-7.01285],[110.28436,-7.0129],[110.28279,-7.0127],[110.27764,-7.01208],[110.27647,-7.01189],[110.27608,-7.01197],[110.27588,-7.01198],[110.27573,-7.01205],[110.2756,-7.01215],[110.27545,-7.01223],[110.27535,-7.01222],[110.2753,-7.01211],[110.27525,-7.0119],[110.27522,-7.01172],[110.27508,-7.01162],[110.27497,-7.01163],[110.27477,-7.01224],[110.27468,-7.01243],[110.27369,-7.01411],[110.27356,-7.0144],[110.27337,-7.01501],[110.27338,-7.01527],[110.27346,-7.01546],[110.27348,-7.01556],[110.27357,-7.01592],[110.27395,-7.01693],[110.27422,-7.01767],[110.27432,-7.01804],[110.27453,-7.01851],[110.27483,-7.01904],[110.27485,-7.01934],[110.27479,-7.01943],[110.27477,-7.01953],[110.27472,-7.01962],[110.27464,-7.01977],[110.2746,-7.01982],[110.27445,-7.02003],[110.2743,-7.02017],[110.27414,-7.02026],[110.27409,-7.02032],[110.27357,-7.02062],[110.2728,-7.02065],[110.27205,-7.02074],[110.27065,-7.02074],[110.26984,-7.02137],[110.27017,-7.02178],[110.27054,-7.02227],[110.27077,-7.02262],[110.27092,-7.02279],[110.27112,-7.02298],[110.27131,-7.02314],[110.27166,-7.02359],[110.27188,-7.02394],[110.27209,-7.02432],[110.27211,-7.02447],[110.27209,-7.02465],[110.27201,-7.02476],[110.27192,-7.02479],[110.27183,-7.02493],[110.27145,-7.02494],[110.2706,-7.02481],[110.2706,-7.02485],[110.27058,-7.02517],[110.27061,-7.02534],[110.27074,-7.02571],[110.27089,-7.0259],[110.27106,-7.02603],[110.27149,-7.02619],[110.27184,-7.02629],[110.27208,-7.02638],[110.27221,-7.02647],[110.27223,-7.02662],[110.27205,-7.02688],[110.27195,-7.02703],[110.2719,-7.02725],[110.27184,-7.02746],[110.2719,-7.0282],[110.27202,-7.02872],[110.27219,-7.02926],[110.27236,-7.0298],[110.27232,-7.02999],[110.27216,-7.03004],[110.27216,-7.03006],[110.27202,-7.03019],[110.27175,-7.03021],[110.27146,-7.0303],[110.27144,-7.03032],[110.27137,-7.03051],[110.27133,-7.03073],[110.27133,-7.03101],[110.27141,-7.03121],[110.27168,-7.03181],[110.27185,-7.0322],[110.272,-7.03255],[110.27207,-7.0327],[110.27204,-7.03283],[110.27185,-7.03307],[110.27176,-7.0332],[110.27172,-7.0333],[110.27172,-7.03345],[110.27181,-7.03358],[110.27205,-7.03371],[110.27231,-7.0338],[110.27271,-7.03386],[110.273,-7.03388],[110.27328,-7.03388],[110.27367,-7.03389],[110.27395,-7.03395],[110.27408,-7.03404],[110.27416,-7.03414],[110.27418,-7.0344],[110.27414,-7.03475],[110.27406,-7.03503],[110.27398,-7.03521],[110.27396,-7.03526],[110.27375,-7.03552],[110.27361,-7.03566],[110.27337,-7.0357],[110.27318,-7.03571],[110.27275,-7.03555],[110.27252,-7.03545],[110.27226,-7.03537],[110.27199,-7.03524],[110.27175,-7.03519],[110.27161,-7.03527],[110.27159,-7.03535],[110.2716,-7.0356],[110.27167,-7.03581],[110.27174,-7.03592],[110.27201,-7.03615],[110.27227,-7.03639],[110.27261,-7.03656],[110.27282,-7.03662],[110.27284,-7.03671],[110.27286,-7.03706],[110.27284,-7.03724],[110.27283,-7.03762],[110.27282,-7.03777],[110.27278,-7.03812],[110.27266,-7.03854],[110.27255,-7.03877],[110.27239,-7.0393],[110.27238,-7.03933],[110.27239,-7.03945],[110.27239,-7.03966],[110.27238,-7.03977],[110.27238,-7.03985],[110.27229,-7.03995],[110.27201,-7.04036],[110.272,-7.04039],[110.27194,-7.0405],[110.2716,-7.04111],[110.27157,-7.04118],[110.27182,-7.04133],[110.27331,-7.04197],[110.274,-7.04226],[110.2753,-7.04279],[110.27572,-7.04332],[110.27676,-7.04256],[110.27695,-7.04226],[110.27696,-7.04224],[110.2769,-7.04178],[110.27692,-7.04124],[110.27712,-7.04129],[110.27741,-7.04142],[110.27781,-7.04174],[110.27827,-7.04226],[110.27854,-7.04257],[110.27907,-7.04311],[110.27957,-7.04363],[110.27981,-7.04415],[110.28008,-7.04489],[110.2802,-7.04517],[110.28075,-7.04532],[110.28112,-7.04556],[110.2812,-7.04611],[110.28111,-7.04673],[110.2813,-7.04713],[110.28152,-7.04737],[110.28177,-7.04758],[110.28227,-7.04794],[110.28244,-7.04834],[110.28253,-7.04858],[110.28276,-7.04909],[110.28295,-7.04948],[110.28315,-7.04937],[110.28317,-7.0494],[110.28339,-7.04978],[110.28374,-7.05022],[110.28392,-7.05045],[110.28403,-7.0506],[110.28419,-7.05084],[110.28449,-7.05111],[110.28518,-7.05174],[110.28536,-7.0519],[110.28555,-7.05205],[110.28567,-7.05213],[110.28578,-7.05216],[110.2859,-7.05216],[110.28613,-7.05209],[110.2865,-7.05192],[110.28663,-7.0518],[110.28681,-7.05143],[110.287,-7.05114],[110.28716,-7.05096],[110.28731,-7.05073],[110.28734,-7.05073],[110.28743,-7.0506],[110.28754,-7.05054],[110.28771,-7.05052],[110.28789,-7.05057],[110.28858,-7.05075],[110.28917,-7.05097],[110.2894,-7.05115],[110.28986,-7.05154],[110.28999,-7.05159],[110.29018,-7.05165],[110.29044,-7.05177],[110.2907,-7.05204],[110.29085,-7.05211],[110.2912,-7.05213],[110.29154,-7.05209],[110.29193,-7.05199],[110.29224,-7.05194],[110.29246,-7.05195],[110.29272,-7.05201],[110.29295,-7.05222],[110.29346,-7.05263],[110.29403,-7.05334],[110.29434,-7.05371],[110.2944,-7.05384],[110.29445,-7.05397],[110.29447,-7.05406],[110.29449,-7.05416],[110.29448,-7.05424],[110.29442,-7.05434],[110.2944,-7.05436],[110.29438,-7.05455],[110.29422,-7.05469],[110.29403,-7.0547],[110.29391,-7.05459],[110.29384,-7.05427],[110.2937,-7.05405],[110.29347,-7.05399],[110.29322,-7.05404],[110.29298,-7.05414],[110.29288,-7.0542],[110.29276,-7.05427],[110.29245,-7.05448],[110.29222,-7.05464],[110.292,-7.05488],[110.292,-7.05489],[110.29195,-7.05499],[110.29191,-7.0552],[110.29192,-7.05543],[110.29199,-7.05562],[110.29228,-7.05589],[110.29262,-7.05597],[110.29301,-7.05606],[110.29325,-7.05614],[110.29343,-7.05621],[110.2936,-7.0563],[110.29374,-7.05638],[110.29388,-7.05653],[110.29394,-7.05668],[110.29398,-7.05695],[110.29396,-7.05713],[110.29391,-7.0573],[110.2939,-7.05742],[110.29396,-7.05767],[110.29408,-7.05788],[110.29445,-7.05829],[110.29475,-7.05859],[110.29489,-7.05874],[110.29498,-7.05886],[110.29502,-7.05896],[110.29505,-7.05906],[110.29511,-7.05913],[110.29521,-7.05925],[110.29534,-7.05934],[110.29551,-7.05939],[110.29574,-7.05941],[110.29595,-7.05939],[110.29615,-7.05933],[110.29634,-7.05931],[110.29644,-7.0593],[110.29651,-7.05931],[110.29664,-7.05932],[110.29669,-7.0594],[110.29675,-7.05953],[110.29677,-7.05973],[110.29691,-7.06047],[110.29703,-7.06096],[110.29711,-7.06121],[110.2972,-7.06136],[110.2973,-7.06144],[110.29741,-7.06147],[110.29753,-7.06147],[110.29765,-7.06147],[110.29784,-7.06147],[110.29798,-7.06147],[110.29813,-7.06146],[110.29825,-7.06147],[110.2984,-7.06151],[110.29854,-7.06156],[110.29863,-7.06162],[110.29868,-7.06168],[110.29886,-7.06204],[110.29897,-7.06233],[110.29907,-7.06225],[110.29911,-7.06217],[110.29914,-7.0619],[110.29908,-7.06145],[110.29905,-7.061],[110.29911,-7.06092],[110.29914,-7.0609],[110.29929,-7.06062],[110.2994,-7.06048],[110.29962,-7.06033],[110.29981,-7.06024],[110.30076,-7.06012],[110.30106,-7.0601],[110.30088,-7.05981],[110.30086,-7.05979],[110.30069,-7.0595],[110.30029,-7.0589],[110.30016,-7.05882],[110.3,-7.05882],[110.29954,-7.05879],[110.29936,-7.0587],[110.29904,-7.05848],[110.29863,-7.0581],[110.29852,-7.0581],[110.29843,-7.05775],[110.29824,-7.05729],[110.29804,-7.05571],[110.29802,-7.05557],[110.29801,-7.05498],[110.29802,-7.05459],[110.29798,-7.05318],[110.29786,-7.05248],[110.29773,-7.05174],[110.29769,-7.0513],[110.29761,-7.0506],[110.29757,-7.05018],[110.29756,-7.0498],[110.29754,-7.04927],[110.29759,-7.04882],[110.29763,-7.04813],[110.29758,-7.04684],[110.29756,-7.04625],[110.29756,-7.04585],[110.29754,-7.04456],[110.29755,-7.04425],[110.29756,-7.04395],[110.29733,-7.04264],[110.29729,-7.04241],[110.2972,-7.0422],[110.29702,-7.0418],[110.29688,-7.04144],[110.29679,-7.04119],[110.29664,-7.04028],[110.29661,-7.04002],[110.29663,-7.03933],[110.29664,-7.03929],[110.2967,-7.03889],[110.29672,-7.03861],[110.29695,-7.03806],[110.29698,-7.03787],[110.29698,-7.03772],[110.29702,-7.03752],[110.29712,-7.0372],[110.29726,-7.03676],[110.29728,-7.03672],[110.29733,-7.03652],[110.29745,-7.03591],[110.29755,-7.03541],[110.29763,-7.03513],[110.29764,-7.0351],[110.29792,-7.03434],[110.29804,-7.03418],[110.29823,-7.03392],[110.29827,-7.03378],[110.29829,-7.03347],[110.29824,-7.03314],[110.29821,-7.03299],[110.29813,-7.03237],[110.29806,-7.03185],[110.29805,-7.03178],[110.29802,-7.03153],[110.29799,-7.0312],[110.29792,-7.03085],[110.29784,-7.03051],[110.29782,-7.03044],[110.29777,-7.03028],[110.29771,-7.03013],[110.29755,-7.02973],[110.29755,-7.02971],[110.29752,-7.02944],[110.29748,-7.02907],[110.29743,-7.02884],[110.29736,-7.02872],[110.2972,-7.02845],[110.29704,-7.02816],[110.29688,-7.02762],[110.29682,-7.02723],[110.29673,-7.02672],[110.29666,-7.02641],[110.29665,-7.02634],[110.29665,-7.02633],[110.29663,-7.02625],[110.29661,-7.02617],[110.29659,-7.02611],[110.29619,-7.02543],[110.29607,-7.02522],[110.29596,-7.02502],[110.29595,-7.02485],[110.29598,-7.02457],[110.29598,-7.02451],[110.29601,-7.02428],[110.29606,-7.02351],[110.29608,-7.02331],[110.2961,-7.02301],[110.29611,-7.02284],[110.29607,-7.02265],[110.29598,-7.02259],[110.2958,-7.02253],[110.29553,-7.02249],[110.29548,-7.02248],[110.29458,-7.02241],[110.29432,-7.02239],[110.29405,-7.02235],[110.29397,-7.02234],[110.29391,-7.02219],[110.2937,-7.02174],[110.29367,-7.02168],[110.29337,-7.02115],[110.29316,-7.02073],[110.29317,-7.01998],[110.29319,-7.0198],[110.29334,-7.01885],[110.29342,-7.01832],[110.29353,-7.01781],[110.29357,-7.01755],[110.29361,-7.01716],[110.29366,-7.01686],[110.29373,-7.01653],[110.29375,-7.01608],[110.2936,-7.01585],[110.29324,-7.01564],[110.29271,-7.01537],[110.29198,-7.01507],[110.29165,-7.01495],[110.29113,-7.01484],[110.29057,-7.01478],[110.28984,-7.01475],[110.28958,-7.0149],[110.28938,-7.01495],[110.28902,-7.01488],[110.28872,-7.01474],[110.28866,-7.01471],[110.28862,-7.0145],[110.28849,-7.01437],[110.28826,-7.01431],[110.28798,-7.01424],[110.2878,-7.01419],[110.28763,-7.01421],[110.2874,-7.01428],[110.28717,-7.01426],[110.28664,-7.01415],[110.28643,-7.01408],[110.28626,-7.01394],[110.28599,-7.01365],[110.28583,-7.01354],[110.28555,-7.01354],[110.28536,-7.01354],[110.28516,-7.01346],[110.28485,-7.01305],[110.28475,-7.01294],[110.28448,-7.01285]]]}},{"type":"Feature","properties":{"id":"ADM-NGALIYAN-BAMBANKEREP","name":"Bambankerep","source_name":"Bambankerep","type":"Kelurahan","category":"Administrasi kota","kecamatan":"Ngaliyan","kabupaten":"Kota Semarang","catatan":"Batas kelurahan dari berkas vektor kota. Serpihan dan wilayah luar kota dibuang. Kecamatan mengikuti daftar resmi, bukan kolom asli berkas.","status":"Batas administrasi"},"geometry":{"type":"Polygon","coordinates":[[[110.36626,-6.99849],[110.36609,-6.99828],[110.36577,-6.99829],[110.36542,-6.99829],[110.36535,-6.9983],[110.36518,-6.99832],[110.36512,-6.99832],[110.36498,-6.99833],[110.36475,-6.99829],[110.36457,-6.99823],[110.36454,-6.99836],[110.36446,-6.99871],[110.36431,-6.99935],[110.36424,-6.99945],[110.36403,-6.9996],[110.36361,-6.99964],[110.36342,-6.99967],[110.36335,-6.99969],[110.36324,-7],[110.36273,-7.00125],[110.36248,-7.0015],[110.36219,-7.00167],[110.3618,-7.00188],[110.36144,-7.00202],[110.36124,-7.00223],[110.36109,-7.0025],[110.361,-7.00276],[110.36096,-7.00303],[110.36096,-7.00339],[110.36096,-7.00344],[110.36097,-7.0035],[110.36106,-7.00397],[110.36096,-7.00452],[110.36074,-7.00498],[110.36052,-7.00532],[110.36039,-7.00545],[110.36017,-7.00553],[110.36,-7.00559],[110.35976,-7.00568],[110.35955,-7.00576],[110.35942,-7.00585],[110.35932,-7.00592],[110.35919,-7.00604],[110.35913,-7.00618],[110.35913,-7.0064],[110.35919,-7.00661],[110.3591,-7.00712],[110.35906,-7.00725],[110.35898,-7.00742],[110.35883,-7.00763],[110.3587,-7.00766],[110.35861,-7.00764],[110.35831,-7.00749],[110.35823,-7.00749],[110.35818,-7.00756],[110.35807,-7.00783],[110.35798,-7.00795],[110.35787,-7.00808],[110.35754,-7.00848],[110.35743,-7.00853],[110.35727,-7.00858],[110.3572,-7.00869],[110.35714,-7.00869],[110.35684,-7.00858],[110.35662,-7.00837],[110.35652,-7.00834],[110.35617,-7.00837],[110.35597,-7.00849],[110.35564,-7.00864],[110.35538,-7.00879],[110.35535,-7.00881],[110.35517,-7.00892],[110.35484,-7.00911],[110.3548,-7.0092],[110.35482,-7.00953],[110.35465,-7.00956],[110.35456,-7.00967],[110.3542,-7.01015],[110.35423,-7.01034],[110.3543,-7.01041],[110.35449,-7.01059],[110.35447,-7.01067],[110.35439,-7.0108],[110.3543,-7.01087],[110.35407,-7.01101],[110.35403,-7.01107],[110.35402,-7.01121],[110.35399,-7.0114],[110.35379,-7.01162],[110.35368,-7.01166],[110.35342,-7.01178],[110.35306,-7.01215],[110.35297,-7.01233],[110.35293,-7.01244],[110.3529,-7.01262],[110.35289,-7.0128],[110.35283,-7.01286],[110.35268,-7.01302],[110.3518,-7.01457],[110.34884,-7.02013],[110.34929,-7.02015],[110.34932,-7.02016],[110.34992,-7.02025],[110.3505,-7.02032],[110.35097,-7.02036],[110.3516,-7.02038],[110.35187,-7.0204],[110.35226,-7.02052],[110.35314,-7.02067],[110.35337,-7.02075],[110.35363,-7.02083],[110.35385,-7.02093],[110.35419,-7.02111],[110.35432,-7.02117],[110.35453,-7.02084],[110.35455,-7.02079],[110.35488,-7.02031],[110.35489,-7.0203],[110.35494,-7.02023],[110.355,-7.02013],[110.35528,-7.0199],[110.35546,-7.01975],[110.35571,-7.01945],[110.35578,-7.01933],[110.3558,-7.01913],[110.35574,-7.01889],[110.35571,-7.01875],[110.35571,-7.01871],[110.35572,-7.01862],[110.35602,-7.01842],[110.35614,-7.01833],[110.35621,-7.01823],[110.35623,-7.01797],[110.35625,-7.01769],[110.35633,-7.01757],[110.3565,-7.01748],[110.35655,-7.01748],[110.3567,-7.01748],[110.3568,-7.01749],[110.35686,-7.01746],[110.35694,-7.01728],[110.35698,-7.01713],[110.35707,-7.01703],[110.35717,-7.01659],[110.3572,-7.01622],[110.35732,-7.01595],[110.35766,-7.01574],[110.3582,-7.01567],[110.35856,-7.01572],[110.35928,-7.0158],[110.35934,-7.01582],[110.35936,-7.01577],[110.35945,-7.01563],[110.3596,-7.01551],[110.36001,-7.01532],[110.36047,-7.01515],[110.36094,-7.01499],[110.36132,-7.01487],[110.36186,-7.01478],[110.36201,-7.01474],[110.36245,-7.01441],[110.36331,-7.01684],[110.36379,-7.01849],[110.36436,-7.02016],[110.36491,-7.01954],[110.36536,-7.01915],[110.36577,-7.01896],[110.3662,-7.0188],[110.36647,-7.01871],[110.36676,-7.01868],[110.36709,-7.01872],[110.36737,-7.01882],[110.36752,-7.01898],[110.36764,-7.01918],[110.36768,-7.01938],[110.36767,-7.01957],[110.36773,-7.01979],[110.36784,-7.02012],[110.36796,-7.02027],[110.36835,-7.02072],[110.36865,-7.02092],[110.36915,-7.02114],[110.36985,-7.02148],[110.3705,-7.02181],[110.37082,-7.02195],[110.3711,-7.02206],[110.37126,-7.02212],[110.37147,-7.02217],[110.37162,-7.02219],[110.37174,-7.02213],[110.3719,-7.02195],[110.37207,-7.02157],[110.37214,-7.02144],[110.37223,-7.02135],[110.37289,-7.02077],[110.37343,-7.02032],[110.37378,-7.02015],[110.37393,-7.01808],[110.37396,-7.01776],[110.37397,-7.01775],[110.37398,-7.0177],[110.374,-7.01756],[110.37401,-7.01751],[110.37418,-7.01686],[110.37423,-7.01666],[110.37424,-7.01664],[110.37436,-7.01624],[110.37438,-7.0162],[110.37442,-7.01607],[110.37454,-7.01577],[110.37455,-7.01573],[110.37465,-7.01543],[110.37466,-7.01542],[110.37478,-7.01515],[110.37487,-7.01492],[110.37488,-7.0149],[110.37492,-7.01476],[110.37441,-7.01397],[110.3744,-7.01398],[110.37413,-7.01419],[110.37365,-7.01453],[110.37354,-7.01454],[110.37339,-7.01445],[110.37271,-7.01403],[110.37267,-7.014],[110.37251,-7.01385],[110.37162,-7.01323],[110.37078,-7.01264],[110.37072,-7.0126],[110.37068,-7.01258],[110.37082,-7.01225],[110.37089,-7.01207],[110.37097,-7.01173],[110.37103,-7.01145],[110.37109,-7.01109],[110.3711,-7.01092],[110.3711,-7.01073],[110.37108,-7.01054],[110.37101,-7.01021],[110.37088,-7.00958],[110.3708,-7.00942],[110.3707,-7.00918],[110.37029,-7.00839],[110.37003,-7.00789],[110.36973,-7.00725],[110.37,-7.00713],[110.36981,-7.00667],[110.3697,-7.00621],[110.36961,-7.00623],[110.36949,-7.00592],[110.36922,-7.00531],[110.36897,-7.00481],[110.36884,-7.00457],[110.36865,-7.00406],[110.36861,-7.00374],[110.3686,-7.00359],[110.36814,-7.00271],[110.36782,-7.00227],[110.36766,-7.00207],[110.36757,-7.00187],[110.36752,-7.00173],[110.36743,-7.00165],[110.36728,-7.00162],[110.36704,-7.00159],[110.36682,-7.00144],[110.3667,-7.00139],[110.36665,-7.00139],[110.36676,-7.00117],[110.3668,-7.00107],[110.36675,-7.00093],[110.36668,-7.00083],[110.36674,-7.00052],[110.3668,-7.00034],[110.3669,-7],[110.36693,-6.99991],[110.36689,-6.99982],[110.36688,-6.99947],[110.36689,-6.99928],[110.36689,-6.99924],[110.36686,-6.99913],[110.36679,-6.99905],[110.36665,-6.9989],[110.36648,-6.99874],[110.36631,-6.99862],[110.36626,-6.99855],[110.36626,-6.99849]]]}},{"type":"Feature","properties":{"id":"ADM-NGALIYAN-BRINGIN","name":"Bringin","source_name":"Beringin","type":"Kelurahan","category":"Administrasi kota","kecamatan":"Ngaliyan","kabupaten":"Kota Semarang","catatan":"Batas kelurahan dari berkas vektor kota. Serpihan dan wilayah luar kota dibuang. Kecamatan mengikuti daftar resmi, bukan kolom asli berkas.","status":"Batas administrasi"},"geometry":{"type":"Polygon","coordinates":[[[110.34389,-6.99859],[110.34388,-6.99857],[110.34381,-6.99846],[110.34363,-6.99836],[110.34335,-6.99822],[110.34311,-6.99809],[110.34291,-6.99804],[110.34278,-6.99804],[110.34275,-6.998],[110.34265,-6.99799],[110.34213,-6.99794],[110.34104,-6.99773],[110.34051,-6.99762],[110.34036,-6.99759],[110.33995,-6.99749],[110.33945,-6.99737],[110.33914,-6.99734],[110.33824,-6.99725],[110.33814,-6.99724],[110.3378,-6.9972],[110.33753,-6.99718],[110.33724,-6.99716],[110.33683,-6.99706],[110.33673,-6.99703],[110.33624,-6.99688],[110.33535,-6.99661],[110.33527,-6.99658],[110.33501,-6.99657],[110.3347,-6.99661],[110.3347,-6.99651],[110.3347,-6.99571],[110.33464,-6.9957],[110.33414,-6.9957],[110.33368,-6.99568],[110.33281,-6.99566],[110.3322,-6.99563],[110.33196,-6.99559],[110.33129,-6.99549],[110.33122,-6.99547],[110.33111,-6.99541],[110.3309,-6.99536],[110.33079,-6.99534],[110.33065,-6.99531],[110.3305,-6.99528],[110.33042,-6.99524],[110.32906,-6.99457],[110.32861,-6.99433],[110.32835,-6.99421],[110.32774,-6.99392],[110.32743,-6.99459],[110.32747,-6.99502],[110.32744,-6.99504],[110.32735,-6.99512],[110.32726,-6.99522],[110.32723,-6.99535],[110.32725,-6.99548],[110.32738,-6.99587],[110.32742,-6.99607],[110.3274,-6.99619],[110.32734,-6.99625],[110.32725,-6.99627],[110.32696,-6.99627],[110.3267,-6.99622],[110.32617,-6.99611],[110.32594,-6.99611],[110.3258,-6.99616],[110.32572,-6.99624],[110.32561,-6.99645],[110.32531,-6.99725],[110.32537,-6.99731],[110.32545,-6.99732],[110.32598,-6.99737],[110.32609,-6.99743],[110.32614,-6.99749],[110.32619,-6.99755],[110.32623,-6.99767],[110.32621,-6.99781],[110.32615,-6.99791],[110.32601,-6.99805],[110.32566,-6.99839],[110.32561,-6.99844],[110.3256,-6.99849],[110.32559,-6.99854],[110.32561,-6.99869],[110.3257,-6.99917],[110.32566,-6.99925],[110.3254,-6.99953],[110.3251,-6.99987],[110.32503,-7],[110.32494,-7.00015],[110.32486,-7.00035],[110.32481,-7.00058],[110.32485,-7.00066],[110.32498,-7.00077],[110.32514,-7.00085],[110.3253,-7.00095],[110.32535,-7.00106],[110.32535,-7.00121],[110.3253,-7.00128],[110.32524,-7.00129],[110.32499,-7.00129],[110.32491,-7.00138],[110.32472,-7.00169],[110.32466,-7.00178],[110.32447,-7.00211],[110.32421,-7.00238],[110.32403,-7.00244],[110.32348,-7.00262],[110.32331,-7.00271],[110.32326,-7.00278],[110.3233,-7.00287],[110.32348,-7.00317],[110.32368,-7.00348],[110.32366,-7.00357],[110.32358,-7.00367],[110.32341,-7.00379],[110.3231,-7.00402],[110.32277,-7.00443],[110.32274,-7.0045],[110.32263,-7.0047],[110.32249,-7.00481],[110.32238,-7.00498],[110.32233,-7.00511],[110.32233,-7.0052],[110.32239,-7.00534],[110.3224,-7.00544],[110.32238,-7.00548],[110.32229,-7.00566],[110.32226,-7.00586],[110.32238,-7.00613],[110.32239,-7.00614],[110.32255,-7.00629],[110.32275,-7.00641],[110.32279,-7.00644],[110.32283,-7.00648],[110.32307,-7.00685],[110.32305,-7.00692],[110.32312,-7.00696],[110.32321,-7.007],[110.32334,-7.0071],[110.32369,-7.00753],[110.32385,-7.00768],[110.32402,-7.00781],[110.32403,-7.00781],[110.32422,-7.00818],[110.32436,-7.00843],[110.32446,-7.00861],[110.32449,-7.00867],[110.32499,-7.00903],[110.32516,-7.00916],[110.32565,-7.00948],[110.32584,-7.00963],[110.32598,-7.00973],[110.32628,-7.01006],[110.32654,-7.01024],[110.32681,-7.01033],[110.32805,-7.01073],[110.32904,-7.01112],[110.32973,-7.01139],[110.33021,-7.01168],[110.33047,-7.01183],[110.33069,-7.01196],[110.33085,-7.01206],[110.33113,-7.0123],[110.33113,-7.01231],[110.33169,-7.01259],[110.3317,-7.01259],[110.33187,-7.01268],[110.33232,-7.01288],[110.33251,-7.01294],[110.33272,-7.01302],[110.33313,-7.01314],[110.33337,-7.01316],[110.33357,-7.01318],[110.33413,-7.0132],[110.3342,-7.01321],[110.33426,-7.01321],[110.33469,-7.01335],[110.33493,-7.01341],[110.33509,-7.01346],[110.33515,-7.01347],[110.33564,-7.01354],[110.33583,-7.01357],[110.33623,-7.01361],[110.33635,-7.01361],[110.33672,-7.0136],[110.33683,-7.0136],[110.33783,-7.01355],[110.33823,-7.01351],[110.33834,-7.01349],[110.33833,-7.01346],[110.33826,-7.01323],[110.33823,-7.01315],[110.33814,-7.01293],[110.33786,-7.01211],[110.33783,-7.01205],[110.33777,-7.01183],[110.33777,-7.01151],[110.33777,-7.01123],[110.33777,-7.01064],[110.33777,-7.01026],[110.33777,-7.00995],[110.33775,-7.00984],[110.3377,-7.00939],[110.33767,-7.00906],[110.33768,-7.00843],[110.33769,-7.00828],[110.33771,-7.00817],[110.33775,-7.00803],[110.33777,-7.008],[110.33787,-7.00785],[110.33802,-7.00765],[110.33813,-7.00751],[110.33834,-7.00729],[110.33837,-7.00725],[110.33842,-7.00718],[110.33856,-7.00698],[110.33873,-7.00664],[110.33887,-7.0063],[110.33889,-7.00624],[110.33903,-7.00586],[110.33911,-7.00552],[110.33912,-7.00544],[110.33915,-7.00522],[110.33916,-7.00486],[110.33916,-7.00433],[110.3392,-7.00397],[110.33923,-7.00357],[110.33925,-7.00342],[110.33946,-7.00318],[110.33971,-7.0028],[110.33981,-7.00265],[110.34011,-7.0022],[110.34034,-7.00175],[110.34042,-7.00159],[110.3406,-7.00121],[110.34061,-7.00119],[110.34078,-7.00095],[110.34089,-7.00082],[110.34098,-7.00067],[110.34102,-7.00062],[110.34113,-7.00046],[110.34118,-7.00041],[110.34132,-7.00022],[110.34146,-7],[110.34146,-6.99999],[110.34149,-6.99994],[110.34178,-6.99945],[110.34187,-6.99934],[110.34193,-6.99927],[110.34212,-6.9991],[110.34257,-6.99893],[110.34266,-6.99892],[110.34279,-6.99889],[110.34349,-6.99877],[110.34353,-6.99875],[110.34389,-6.99859]]]}},{"type":"Feature","properties":{"id":"ADM-NGALIYAN-GONDORIYO","name":"Gondoriyo","source_name":"Gondorio","type":"Kelurahan","category":"Administrasi kota","kecamatan":"Ngaliyan","kabupaten":"Kota Semarang","catatan":"Batas kelurahan dari berkas vektor kota. Serpihan dan wilayah luar kota dibuang. Kecamatan mengikuti daftar resmi, bukan kolom asli berkas.","status":"Batas administrasi"},"geometry":{"type":"Polygon","coordinates":[[[110.32728,-6.99094],[110.32576,-6.99047],[110.32489,-6.99016],[110.32365,-6.9896],[110.32301,-6.98959],[110.32257,-6.98981],[110.32212,-6.99005],[110.32163,-6.99032],[110.32062,-6.99018],[110.31965,-6.98963],[110.3179,-6.98857],[110.31674,-6.98795],[110.31575,-6.98754],[110.31517,-6.98757],[110.31444,-6.98788],[110.31362,-6.9883],[110.31272,-6.98849],[110.31153,-6.98842],[110.31017,-6.98826],[110.30852,-6.9882],[110.30759,-6.98805],[110.30716,-6.98696],[110.30697,-6.98652],[110.30689,-6.98635],[110.30686,-6.98614],[110.3068,-6.98583],[110.30672,-6.98518],[110.3065,-6.98437],[110.30631,-6.98392],[110.30617,-6.98358],[110.30604,-6.98323],[110.30591,-6.9828],[110.30583,-6.98251],[110.30582,-6.98242],[110.30579,-6.9824],[110.3057,-6.98217],[110.30567,-6.98195],[110.30581,-6.98154],[110.30585,-6.98137],[110.30585,-6.98114],[110.30575,-6.98074],[110.30573,-6.9807],[110.30482,-6.98054],[110.30458,-6.98048],[110.30446,-6.98045],[110.30443,-6.98044],[110.30417,-6.98037],[110.30399,-6.98032],[110.30385,-6.98029],[110.3037,-6.98025],[110.30301,-6.98017],[110.30273,-6.98012],[110.30253,-6.98005],[110.30237,-6.98],[110.3021,-6.97995],[110.30207,-6.97995],[110.30156,-6.9799],[110.30091,-6.97982],[110.30057,-6.97975],[110.30051,-6.9797],[110.30027,-6.97992],[110.29968,-6.98055],[110.29911,-6.98102],[110.29897,-6.98114],[110.29851,-6.98158],[110.29831,-6.98177],[110.2982,-6.98197],[110.29799,-6.98243],[110.29792,-6.98272],[110.29791,-6.98277],[110.29789,-6.983],[110.29785,-6.98337],[110.29781,-6.98395],[110.29777,-6.98426],[110.2977,-6.98462],[110.29762,-6.98509],[110.2976,-6.98555],[110.29758,-6.98595],[110.29748,-6.98651],[110.29744,-6.98665],[110.29739,-6.98702],[110.29733,-6.9873],[110.29731,-6.98746],[110.29734,-6.98827],[110.29735,-6.98845],[110.29736,-6.98847],[110.29737,-6.9885],[110.29748,-6.98876],[110.29754,-6.98899],[110.29762,-6.98936],[110.29791,-6.99007],[110.29791,-6.99008],[110.29838,-6.99081],[110.29852,-6.99103],[110.29858,-6.99111],[110.29876,-6.99142],[110.29881,-6.99148],[110.29916,-6.99215],[110.29921,-6.99233],[110.29926,-6.99254],[110.2993,-6.99263],[110.29935,-6.99267],[110.29959,-6.9931],[110.29974,-6.99332],[110.29989,-6.99352],[110.30012,-6.99384],[110.30055,-6.99443],[110.3007,-6.99466],[110.30083,-6.99494],[110.30099,-6.99531],[110.30112,-6.99573],[110.3012,-6.99605],[110.30123,-6.9962],[110.30136,-6.99673],[110.30144,-6.99718],[110.30148,-6.99774],[110.30149,-6.99814],[110.30173,-6.99939],[110.30181,-6.99963],[110.30197,-6.99986],[110.3021,-7],[110.30219,-7.0001],[110.30257,-7.00045],[110.30286,-7.00066],[110.30307,-7.00082],[110.30377,-7.00147],[110.30759,-7.00157],[110.30779,-7.00164],[110.308,-7.00167],[110.30826,-7.00173],[110.30868,-7.00182],[110.30932,-7.00187],[110.31005,-7.00196],[110.31178,-7.00242],[110.31287,-7.00272],[110.3132,-7.00286],[110.31392,-7.00315],[110.3142,-7.0032],[110.31462,-7.00327],[110.31481,-7.0033],[110.31518,-7.00335],[110.31577,-7.00352],[110.31614,-7.00359],[110.31616,-7.0036],[110.31638,-7.00364],[110.31685,-7.00376],[110.31716,-7.00385],[110.31768,-7.00402],[110.3178,-7.00407],[110.31796,-7.00412],[110.31826,-7.00423],[110.31841,-7.00428],[110.3189,-7.00446],[110.3191,-7.00453],[110.3193,-7.0046],[110.31935,-7.00463],[110.31961,-7.00475],[110.31974,-7.00482],[110.31979,-7.00485],[110.31998,-7.00523],[110.32001,-7.00527],[110.32002,-7.0053],[110.32006,-7.00538],[110.3201,-7.00546],[110.32016,-7.00558],[110.32042,-7.0058],[110.32053,-7.00584],[110.32068,-7.00591],[110.3212,-7.00602],[110.32135,-7.00606],[110.32178,-7.00617],[110.32195,-7.00626],[110.32201,-7.0063],[110.3221,-7.00634],[110.32235,-7.00648],[110.32238,-7.0065],[110.32253,-7.00658],[110.32292,-7.00684],[110.32305,-7.00692],[110.32307,-7.00685],[110.32283,-7.00648],[110.32279,-7.00644],[110.32275,-7.00641],[110.32255,-7.00629],[110.32239,-7.00614],[110.32238,-7.00613],[110.32226,-7.00586],[110.32229,-7.00566],[110.32238,-7.00548],[110.3224,-7.00544],[110.32239,-7.00534],[110.32233,-7.0052],[110.32233,-7.00511],[110.32238,-7.00498],[110.32249,-7.00481],[110.32263,-7.0047],[110.32274,-7.0045],[110.32277,-7.00443],[110.3231,-7.00402],[110.32341,-7.00379],[110.32358,-7.00367],[110.32366,-7.00357],[110.32368,-7.00348],[110.32348,-7.00317],[110.3233,-7.00287],[110.32326,-7.00278],[110.32331,-7.00271],[110.32348,-7.00262],[110.32403,-7.00244],[110.32421,-7.00238],[110.32447,-7.00211],[110.32466,-7.00178],[110.32472,-7.00169],[110.32491,-7.00138],[110.32499,-7.00129],[110.32524,-7.00129],[110.3253,-7.00128],[110.32535,-7.00121],[110.32535,-7.00106],[110.3253,-7.00095],[110.32514,-7.00085],[110.32498,-7.00077],[110.32485,-7.00066],[110.32481,-7.00058],[110.32486,-7.00035],[110.32494,-7.00015],[110.32503,-7],[110.3251,-6.99987],[110.3254,-6.99953],[110.32566,-6.99925],[110.3257,-6.99917],[110.32561,-6.99869],[110.32559,-6.99854],[110.3256,-6.99849],[110.32561,-6.99844],[110.32566,-6.99839],[110.32601,-6.99805],[110.32615,-6.99791],[110.32621,-6.99781],[110.32623,-6.99767],[110.32619,-6.99755],[110.32614,-6.99749],[110.32609,-6.99743],[110.32598,-6.99737],[110.32545,-6.99732],[110.32537,-6.99731],[110.32531,-6.99725],[110.32561,-6.99645],[110.32572,-6.99624],[110.3258,-6.99616],[110.32594,-6.99611],[110.32617,-6.99611],[110.3267,-6.99622],[110.32696,-6.99627],[110.32725,-6.99627],[110.32734,-6.99625],[110.3274,-6.99619],[110.32742,-6.99607],[110.32738,-6.99587],[110.32725,-6.99548],[110.32723,-6.99535],[110.32726,-6.99522],[110.32735,-6.99512],[110.32744,-6.99504],[110.32747,-6.99502],[110.32743,-6.99459],[110.32774,-6.99392],[110.32775,-6.99392],[110.32798,-6.99322],[110.3281,-6.99263],[110.32811,-6.99249],[110.32776,-6.99242],[110.32715,-6.99224],[110.32687,-6.9921],[110.32676,-6.99202],[110.32667,-6.99194],[110.32663,-6.99192],[110.32689,-6.99161],[110.327,-6.99124],[110.32716,-6.99106],[110.32728,-6.99094]]]}},{"type":"Feature","properties":{"id":"ADM-NGALIYAN-KALIPANCUR","name":"Kalipancur","source_name":"Kalipuncur","type":"Kelurahan","category":"Administrasi kota","kecamatan":"Ngaliyan","kabupaten":"Kota Semarang","catatan":"Batas kelurahan dari berkas vektor kota. Serpihan dan wilayah luar kota dibuang. Kecamatan mengikuti daftar resmi, bukan kolom asli berkas.","status":"Batas administrasi"},"geometry":{"type":"Polygon","coordinates":[[[110.36897,-6.99365],[110.36894,-6.99364],[110.36879,-6.99368],[110.36867,-6.99376],[110.36843,-6.99399],[110.36818,-6.99424],[110.36819,-6.99431],[110.36827,-6.99439],[110.36833,-6.99447],[110.3683,-6.99453],[110.36821,-6.99459],[110.36775,-6.99471],[110.36739,-6.99482],[110.36736,-6.99493],[110.36739,-6.995],[110.36751,-6.99516],[110.36789,-6.99556],[110.36825,-6.99585],[110.36847,-6.99607],[110.36855,-6.99623],[110.36854,-6.99632],[110.36848,-6.99639],[110.36839,-6.99641],[110.36823,-6.99639],[110.36791,-6.99626],[110.3678,-6.99625],[110.36773,-6.99633],[110.36769,-6.99643],[110.36767,-6.99648],[110.36765,-6.99667],[110.3676,-6.99719],[110.36754,-6.9973],[110.36747,-6.99733],[110.36738,-6.99729],[110.36732,-6.9972],[110.36716,-6.99693],[110.36709,-6.99691],[110.367,-6.99697],[110.36687,-6.99714],[110.36685,-6.99723],[110.36688,-6.99734],[110.367,-6.9975],[110.36715,-6.99776],[110.36718,-6.99791],[110.36715,-6.99815],[110.36709,-6.99824],[110.367,-6.99831],[110.36687,-6.99835],[110.36634,-6.99844],[110.36626,-6.99849],[110.36626,-6.99855],[110.36631,-6.99862],[110.36648,-6.99874],[110.36665,-6.9989],[110.36679,-6.99905],[110.36686,-6.99913],[110.36689,-6.99924],[110.36689,-6.99928],[110.36688,-6.99947],[110.36689,-6.99982],[110.36693,-6.99991],[110.3669,-7],[110.3668,-7.00034],[110.36674,-7.00052],[110.36668,-7.00083],[110.36675,-7.00093],[110.3668,-7.00107],[110.36676,-7.00117],[110.36665,-7.00139],[110.3667,-7.00139],[110.36682,-7.00144],[110.36704,-7.00159],[110.36728,-7.00162],[110.36743,-7.00165],[110.36752,-7.00173],[110.36757,-7.00187],[110.36766,-7.00207],[110.36782,-7.00227],[110.36814,-7.00271],[110.3686,-7.00359],[110.36861,-7.00374],[110.36865,-7.00406],[110.36884,-7.00457],[110.36897,-7.00481],[110.36922,-7.00531],[110.36949,-7.00592],[110.36961,-7.00623],[110.3697,-7.00621],[110.36981,-7.00667],[110.37,-7.00713],[110.36973,-7.00725],[110.37003,-7.00789],[110.37029,-7.00839],[110.3707,-7.00918],[110.3708,-7.00942],[110.37088,-7.00958],[110.37101,-7.01021],[110.37108,-7.01054],[110.3711,-7.01073],[110.3711,-7.01092],[110.37109,-7.01109],[110.37103,-7.01145],[110.37097,-7.01173],[110.37089,-7.01207],[110.37082,-7.01225],[110.37068,-7.01258],[110.37072,-7.0126],[110.37078,-7.01264],[110.37162,-7.01323],[110.37251,-7.01385],[110.37267,-7.014],[110.37271,-7.01403],[110.37339,-7.01445],[110.37354,-7.01454],[110.37365,-7.01453],[110.37413,-7.01419],[110.3744,-7.01398],[110.37441,-7.01397],[110.37492,-7.01476],[110.37488,-7.0149],[110.37487,-7.01492],[110.37478,-7.01515],[110.37466,-7.01542],[110.37465,-7.01543],[110.37455,-7.01573],[110.37454,-7.01577],[110.37442,-7.01607],[110.37438,-7.0162],[110.37436,-7.01624],[110.37424,-7.01664],[110.37423,-7.01666],[110.37418,-7.01686],[110.37401,-7.01751],[110.374,-7.01756],[110.37398,-7.0177],[110.37397,-7.01775],[110.37396,-7.01776],[110.37393,-7.01808],[110.37378,-7.02015],[110.37394,-7.02012],[110.3741,-7.02014],[110.37427,-7.02019],[110.375,-7.02074],[110.37622,-7.02154],[110.37639,-7.02166],[110.37679,-7.02201],[110.37708,-7.02229],[110.37731,-7.02245],[110.3775,-7.02262],[110.37786,-7.02296],[110.37819,-7.02318],[110.37839,-7.02319],[110.37849,-7.02314],[110.37853,-7.0231],[110.37856,-7.02294],[110.37857,-7.02268],[110.37856,-7.02236],[110.37856,-7.02222],[110.3786,-7.02205],[110.37864,-7.02191],[110.37877,-7.02163],[110.37887,-7.0214],[110.37893,-7.02111],[110.37897,-7.02086],[110.37899,-7.02071],[110.37899,-7.0205],[110.37897,-7.02019],[110.37896,-7.01987],[110.37896,-7.01966],[110.37902,-7.01934],[110.37908,-7.019],[110.37914,-7.01853],[110.37922,-7.01801],[110.37929,-7.01779],[110.37935,-7.0177],[110.37947,-7.01766],[110.37967,-7.01766],[110.37997,-7.01766],[110.38009,-7.01769],[110.38018,-7.01775],[110.38034,-7.01801],[110.38065,-7.01853],[110.38099,-7.01904],[110.38124,-7.01948],[110.38151,-7.01989],[110.38179,-7.02025],[110.38205,-7.02043],[110.38229,-7.02053],[110.38251,-7.02051],[110.38264,-7.02046],[110.38275,-7.02038],[110.38281,-7.02022],[110.3829,-7.01993],[110.38298,-7.01957],[110.38305,-7.01927],[110.38312,-7.0191],[110.38324,-7.01894],[110.38331,-7.01881],[110.38333,-7.01857],[110.38337,-7.0183],[110.38343,-7.01813],[110.38359,-7.01787],[110.38375,-7.01771],[110.38386,-7.01765],[110.38399,-7.01764],[110.3842,-7.01764],[110.38439,-7.01761],[110.38458,-7.01758],[110.38488,-7.01749],[110.38502,-7.01746],[110.38537,-7.01746],[110.38636,-7.01747],[110.38678,-7.01747],[110.38721,-7.01747],[110.38735,-7.01745],[110.38738,-7.01744],[110.38742,-7.01734],[110.38754,-7.01706],[110.38763,-7.01684],[110.38768,-7.01668],[110.38771,-7.0165],[110.38771,-7.01627],[110.38766,-7.01599],[110.38755,-7.01566],[110.38753,-7.01549],[110.38751,-7.01525],[110.38756,-7.01511],[110.38745,-7.01504],[110.38716,-7.01481],[110.38646,-7.01431],[110.38596,-7.01393],[110.38514,-7.01331],[110.38504,-7.01323],[110.38479,-7.01305],[110.38435,-7.01271],[110.38371,-7.01226],[110.38253,-7.01136],[110.38249,-7.01134],[110.38246,-7.01132],[110.38226,-7.01116],[110.3821,-7.01103],[110.38118,-7.01003],[110.38036,-7.00914],[110.37886,-7.00746],[110.37839,-7.00695],[110.37838,-7.00693],[110.37795,-7.00647],[110.37777,-7.00628],[110.37699,-7.00548],[110.37691,-7.0054],[110.37691,-7.00539],[110.37683,-7.0053],[110.3766,-7.00501],[110.3756,-7.00383],[110.37547,-7.00368],[110.375,-7.00339],[110.37497,-7.00338],[110.37475,-7.00328],[110.37425,-7.00312],[110.37364,-7.00294],[110.37327,-7.00286],[110.37302,-7.00277],[110.37233,-7.00253],[110.37198,-7.00233],[110.37179,-7.00218],[110.37146,-7.00182],[110.37114,-7.0012],[110.37103,-7.00081],[110.37094,-7.00031],[110.37091,-7.00011],[110.37089,-7],[110.37085,-6.99977],[110.37077,-6.99936],[110.37057,-6.9989],[110.3702,-6.99841],[110.37013,-6.99832],[110.36952,-6.99757],[110.36913,-6.99696],[110.36894,-6.99655],[110.36887,-6.99637],[110.36873,-6.99596],[110.36864,-6.99562],[110.36857,-6.99523],[110.36858,-6.99494],[110.36894,-6.99376],[110.36897,-6.99365]]]}},{"type":"Feature","properties":{"id":"ADM-NGALIYAN-NGALIYAN","name":"Ngaliyan","source_name":"Ngaliyan","type":"Kelurahan","category":"Administrasi kota","kecamatan":"Ngaliyan","kabupaten":"Kota Semarang","catatan":"Batas kelurahan dari berkas vektor kota. Serpihan dan wilayah luar kota dibuang. Kecamatan mengikuti daftar resmi, bukan kolom asli berkas.","status":"Batas administrasi"},"geometry":{"type":"Polygon","coordinates":[[[110.36324,-7],[110.36318,-7],[110.36245,-7],[110.36243,-7],[110.36221,-7.00001],[110.36215,-7.00001],[110.36204,-7],[110.36203,-7],[110.36187,-6.99994],[110.36056,-6.99895],[110.35958,-6.99822],[110.35917,-6.99795],[110.35892,-6.99778],[110.3588,-6.9977],[110.35865,-6.9976],[110.3582,-6.99743],[110.35792,-6.99733],[110.35777,-6.99728],[110.35765,-6.99723],[110.35734,-6.99707],[110.35707,-6.99695],[110.35649,-6.99679],[110.35615,-6.99669],[110.35579,-6.9965],[110.35565,-6.99641],[110.35548,-6.99631],[110.35474,-6.99596],[110.35459,-6.99589],[110.35446,-6.99582],[110.3543,-6.99575],[110.3531,-6.99534],[110.35288,-6.99524],[110.35277,-6.9952],[110.35257,-6.99509],[110.35244,-6.99501],[110.35238,-6.99497],[110.35214,-6.99484],[110.35194,-6.99476],[110.3514,-6.99457],[110.35075,-6.99427],[110.35056,-6.99418],[110.35043,-6.99406],[110.35021,-6.99424],[110.34989,-6.99449],[110.34983,-6.99452],[110.34958,-6.99465],[110.34879,-6.99493],[110.34864,-6.995],[110.34846,-6.99509],[110.3483,-6.99523],[110.34821,-6.99539],[110.34796,-6.99583],[110.34777,-6.99599],[110.3475,-6.99612],[110.34734,-6.9962],[110.3472,-6.99628],[110.34716,-6.9963],[110.34691,-6.99651],[110.34676,-6.99665],[110.34652,-6.99688],[110.34616,-6.99722],[110.34599,-6.9974],[110.34589,-6.99751],[110.34575,-6.99767],[110.34533,-6.99793],[110.34525,-6.99799],[110.34499,-6.99812],[110.34493,-6.99815],[110.34459,-6.9983],[110.34443,-6.99838],[110.34426,-6.99845],[110.34402,-6.99854],[110.34389,-6.99859],[110.34353,-6.99875],[110.34349,-6.99877],[110.34279,-6.99889],[110.34266,-6.99892],[110.34257,-6.99893],[110.34212,-6.9991],[110.34193,-6.99927],[110.34187,-6.99934],[110.34178,-6.99945],[110.34149,-6.99994],[110.34146,-6.99999],[110.34146,-7],[110.34132,-7.00022],[110.34118,-7.00041],[110.34113,-7.00046],[110.34102,-7.00062],[110.34098,-7.00067],[110.34089,-7.00082],[110.34078,-7.00095],[110.34061,-7.00119],[110.3406,-7.00121],[110.34042,-7.00159],[110.34034,-7.00175],[110.34011,-7.0022],[110.33981,-7.00265],[110.33971,-7.0028],[110.33946,-7.00318],[110.33925,-7.00342],[110.33923,-7.00357],[110.3392,-7.00397],[110.33916,-7.00433],[110.33916,-7.00486],[110.33915,-7.00522],[110.33912,-7.00544],[110.33911,-7.00552],[110.33903,-7.00586],[110.33889,-7.00624],[110.33887,-7.0063],[110.33873,-7.00664],[110.33856,-7.00698],[110.33842,-7.00718],[110.33837,-7.00725],[110.33834,-7.00729],[110.33813,-7.00751],[110.33802,-7.00765],[110.33787,-7.00785],[110.33777,-7.008],[110.33775,-7.00803],[110.33771,-7.00817],[110.33769,-7.00828],[110.33768,-7.00843],[110.33767,-7.00906],[110.3377,-7.00939],[110.33775,-7.00984],[110.33777,-7.00995],[110.33777,-7.01026],[110.33777,-7.01064],[110.33777,-7.01123],[110.33777,-7.01151],[110.33777,-7.01183],[110.33783,-7.01205],[110.33786,-7.01211],[110.33814,-7.01293],[110.33823,-7.01315],[110.33826,-7.01323],[110.33833,-7.01346],[110.33834,-7.01349],[110.33842,-7.01392],[110.33845,-7.01465],[110.33846,-7.01482],[110.33845,-7.01532],[110.33844,-7.01585],[110.33843,-7.01604],[110.33842,-7.01631],[110.33842,-7.01654],[110.33842,-7.01656],[110.33842,-7.01657],[110.33842,-7.01693],[110.33834,-7.01735],[110.33825,-7.01781],[110.33815,-7.0181],[110.33813,-7.01814],[110.33787,-7.01853],[110.33783,-7.01858],[110.33775,-7.01866],[110.33761,-7.01883],[110.33734,-7.01916],[110.3372,-7.01945],[110.33714,-7.01963],[110.33756,-7.01973],[110.33829,-7.01997],[110.33874,-7.02008],[110.33908,-7.02012],[110.33951,-7.02012],[110.33975,-7.02007],[110.33986,-7.02005],[110.33994,-7.02004],[110.34013,-7.02],[110.34037,-7.01997],[110.34069,-7.01985],[110.34069,-7.0198],[110.3407,-7.01977],[110.3407,-7.01974],[110.34073,-7.0196],[110.34079,-7.01949],[110.34087,-7.01943],[110.34099,-7.01941],[110.34126,-7.0194],[110.34131,-7.0194],[110.3415,-7.01939],[110.3421,-7.01936],[110.34236,-7.01933],[110.34258,-7.01933],[110.34272,-7.01933],[110.34295,-7.01931],[110.34312,-7.0193],[110.34314,-7.0193],[110.34404,-7.0193],[110.34491,-7.01929],[110.34528,-7.0193],[110.34601,-7.01942],[110.34613,-7.01943],[110.34635,-7.01946],[110.34665,-7.01949],[110.34679,-7.01951],[110.34762,-7.01973],[110.34768,-7.01975],[110.34799,-7.01986],[110.34837,-7.02001],[110.34884,-7.02013],[110.3518,-7.01457],[110.35268,-7.01302],[110.35283,-7.01286],[110.35289,-7.0128],[110.3529,-7.01262],[110.35293,-7.01244],[110.35297,-7.01233],[110.35306,-7.01215],[110.35342,-7.01178],[110.35368,-7.01166],[110.35379,-7.01162],[110.35399,-7.0114],[110.35402,-7.01121],[110.35403,-7.01107],[110.35407,-7.01101],[110.3543,-7.01087],[110.35439,-7.0108],[110.35447,-7.01067],[110.35449,-7.01059],[110.3543,-7.01041],[110.35423,-7.01034],[110.3542,-7.01015],[110.35456,-7.00967],[110.35465,-7.00956],[110.35482,-7.00953],[110.3548,-7.0092],[110.35484,-7.00911],[110.35517,-7.00892],[110.35535,-7.00881],[110.35538,-7.00879],[110.35564,-7.00864],[110.35597,-7.00849],[110.35617,-7.00837],[110.35652,-7.00834],[110.35662,-7.00837],[110.35684,-7.00858],[110.35714,-7.00869],[110.3572,-7.00869],[110.35727,-7.00858],[110.35743,-7.00853],[110.35754,-7.00848],[110.35787,-7.00808],[110.35798,-7.00795],[110.35807,-7.00783],[110.35818,-7.00756],[110.35823,-7.00749],[110.35831,-7.00749],[110.35861,-7.00764],[110.3587,-7.00766],[110.35883,-7.00763],[110.35898,-7.00742],[110.35906,-7.00725],[110.3591,-7.00712],[110.35919,-7.00661],[110.35913,-7.0064],[110.35913,-7.00618],[110.35919,-7.00604],[110.35932,-7.00592],[110.35942,-7.00585],[110.35955,-7.00576],[110.35976,-7.00568],[110.36,-7.00559],[110.36017,-7.00553],[110.36039,-7.00545],[110.36052,-7.00532],[110.36074,-7.00498],[110.36096,-7.00452],[110.36106,-7.00397],[110.36097,-7.0035],[110.36096,-7.00344],[110.36096,-7.00339],[110.36096,-7.00303],[110.361,-7.00276],[110.36109,-7.0025],[110.36124,-7.00223],[110.36144,-7.00202],[110.3618,-7.00188],[110.36219,-7.00167],[110.36248,-7.0015],[110.36273,-7.00125],[110.36324,-7]]]}},{"type":"Feature","properties":{"id":"ADM-NGALIYAN-PODOREJO","name":"Podorejo","source_name":"Podorejo","type":"Kelurahan","category":"Administrasi kota","kecamatan":"Ngaliyan","kabupaten":"Kota Semarang","catatan":"Batas kelurahan dari berkas vektor kota. Serpihan dan wilayah luar kota dibuang. Kecamatan mengikuti daftar resmi, bukan kolom asli berkas.","status":"Batas administrasi"},"geometry":{"type":"Polygon","coordinates":[[[110.30051,-6.9797],[110.3007,-6.97954],[110.30076,-6.97947],[110.30087,-6.97935],[110.30108,-6.97891],[110.30122,-6.97868],[110.30127,-6.97863],[110.30166,-6.97816],[110.30198,-6.97782],[110.30214,-6.97764],[110.30224,-6.97743],[110.30232,-6.97719],[110.3023,-6.97706],[110.30123,-6.97673],[110.30071,-6.97707],[110.30052,-6.97696],[110.30019,-6.97688],[110.29969,-6.97677],[110.29926,-6.97666],[110.29877,-6.97653],[110.29824,-6.97635],[110.29781,-6.97621],[110.2977,-6.97635],[110.29747,-6.97658],[110.29714,-6.97689],[110.2969,-6.97738],[110.29686,-6.97754],[110.29688,-6.9778],[110.29696,-6.97907],[110.29691,-6.97931],[110.29677,-6.97965],[110.29657,-6.98002],[110.2963,-6.98052],[110.29605,-6.9809],[110.29591,-6.98115],[110.29573,-6.98145],[110.29529,-6.98211],[110.29446,-6.98236],[110.29418,-6.98234],[110.29398,-6.98254],[110.29378,-6.98277],[110.29373,-6.98284],[110.29363,-6.98295],[110.29357,-6.98304],[110.29349,-6.98319],[110.29345,-6.98336],[110.29346,-6.98339],[110.2936,-6.98341],[110.294,-6.98349],[110.29404,-6.98357],[110.29404,-6.98358],[110.29405,-6.98359],[110.29405,-6.98364],[110.29402,-6.98377],[110.294,-6.98388],[110.29391,-6.98397],[110.29366,-6.98403],[110.29357,-6.98412],[110.29349,-6.98423],[110.29343,-6.98436],[110.29326,-6.98472],[110.2932,-6.98474],[110.29299,-6.98474],[110.2928,-6.9847],[110.29255,-6.98472],[110.29231,-6.98479],[110.29212,-6.9848],[110.29202,-6.98477],[110.29192,-6.98468],[110.29191,-6.98466],[110.29182,-6.98459],[110.29179,-6.98451],[110.29169,-6.9844],[110.29164,-6.98438],[110.29152,-6.98437],[110.29146,-6.98439],[110.29134,-6.98443],[110.29123,-6.98448],[110.29116,-6.98454],[110.29107,-6.98465],[110.29093,-6.98474],[110.29081,-6.9848],[110.29067,-6.98486],[110.29049,-6.98486],[110.29032,-6.98488],[110.29021,-6.98493],[110.29015,-6.98499],[110.29012,-6.98511],[110.29007,-6.98524],[110.29001,-6.98533],[110.28989,-6.98544],[110.28953,-6.98547],[110.28931,-6.98545],[110.28916,-6.98544],[110.28896,-6.98543],[110.28864,-6.98534],[110.28854,-6.98528],[110.28844,-6.98525],[110.28829,-6.98528],[110.28781,-6.98531],[110.2876,-6.98534],[110.28737,-6.98531],[110.28698,-6.98534],[110.28693,-6.98537],[110.28687,-6.98545],[110.28678,-6.98546],[110.2866,-6.98556],[110.28644,-6.98569],[110.28623,-6.98563],[110.28623,-6.98534],[110.28622,-6.98512],[110.28621,-6.98511],[110.28616,-6.98508],[110.28585,-6.98517],[110.28583,-6.98519],[110.28572,-6.98529],[110.28565,-6.98544],[110.28569,-6.98554],[110.28579,-6.98569],[110.2859,-6.98584],[110.28586,-6.98602],[110.28585,-6.98603],[110.28586,-6.98608],[110.28579,-6.98619],[110.2857,-6.98626],[110.28554,-6.98626],[110.28547,-6.98625],[110.2854,-6.98622],[110.28532,-6.98617],[110.28527,-6.98615],[110.28508,-6.98596],[110.28498,-6.98594],[110.28481,-6.9861],[110.28477,-6.98616],[110.28473,-6.98627],[110.28455,-6.9869],[110.28455,-6.98712],[110.28455,-6.98717],[110.28466,-6.98759],[110.28473,-6.98776],[110.28476,-6.98779],[110.28498,-6.98815],[110.28514,-6.9883],[110.28529,-6.98842],[110.28531,-6.98844],[110.28538,-6.98856],[110.28539,-6.98872],[110.28536,-6.98885],[110.28529,-6.98891],[110.28527,-6.98894],[110.28511,-6.989],[110.28479,-6.98908],[110.28459,-6.98908],[110.28449,-6.9891],[110.2844,-6.98916],[110.2844,-6.98942],[110.28432,-6.98948],[110.2843,-6.98952],[110.28418,-6.98954],[110.28392,-6.98948],[110.2838,-6.98944],[110.2837,-6.9894],[110.28356,-6.98934],[110.28342,-6.98927],[110.28328,-6.98919],[110.28309,-6.98912],[110.28296,-6.98911],[110.2825,-6.98911],[110.28232,-6.98917],[110.28224,-6.98924],[110.28223,-6.9893],[110.28218,-6.98961],[110.28216,-6.98968],[110.28216,-6.98974],[110.28202,-6.99005],[110.28186,-6.99031],[110.28178,-6.99039],[110.28173,-6.99046],[110.28171,-6.99049],[110.28174,-6.99058],[110.28181,-6.99065],[110.28193,-6.99069],[110.28227,-6.99072],[110.2825,-6.9907],[110.28285,-6.99065],[110.28306,-6.99069],[110.28324,-6.99075],[110.28337,-6.99085],[110.28349,-6.99098],[110.28359,-6.99117],[110.28364,-6.99138],[110.28366,-6.9917],[110.28369,-6.99225],[110.28374,-6.99275],[110.28382,-6.99283],[110.28394,-6.99286],[110.28407,-6.99286],[110.28416,-6.99281],[110.28421,-6.99271],[110.28428,-6.99256],[110.28433,-6.99239],[110.28449,-6.992],[110.28461,-6.9919],[110.28464,-6.99189],[110.28473,-6.99183],[110.28484,-6.99182],[110.28501,-6.99189],[110.28517,-6.992],[110.28522,-6.99209],[110.28522,-6.99213],[110.28523,-6.99214],[110.28525,-6.99226],[110.28526,-6.99245],[110.28525,-6.99254],[110.28525,-6.9926],[110.28536,-6.99276],[110.28551,-6.99301],[110.28573,-6.99331],[110.286,-6.99356],[110.28634,-6.99383],[110.28646,-6.99377],[110.28655,-6.99367],[110.28656,-6.99366],[110.28658,-6.9936],[110.28663,-6.99344],[110.28664,-6.99333],[110.28668,-6.99324],[110.28668,-6.99313],[110.28674,-6.99306],[110.28682,-6.99303],[110.28696,-6.99306],[110.28706,-6.99317],[110.28712,-6.99333],[110.28713,-6.99351],[110.28709,-6.99415],[110.28712,-6.99434],[110.28719,-6.99448],[110.28727,-6.99455],[110.28737,-6.99463],[110.28736,-6.9947],[110.2873,-6.9948],[110.28729,-6.99482],[110.28726,-6.99487],[110.28702,-6.99501],[110.28693,-6.99502],[110.28688,-6.99503],[110.28683,-6.99506],[110.28683,-6.99509],[110.28685,-6.99519],[110.28694,-6.99532],[110.28706,-6.99548],[110.28733,-6.99583],[110.28737,-6.99591],[110.28748,-6.99615],[110.28749,-6.99622],[110.2875,-6.99634],[110.28752,-6.9966],[110.2876,-6.99686],[110.28764,-6.99708],[110.28758,-6.99708],[110.28759,-6.99709],[110.28756,-6.99718],[110.28685,-6.99771],[110.28651,-6.99769],[110.28639,-6.99778],[110.28589,-6.99735],[110.28545,-6.99707],[110.28469,-6.99691],[110.28415,-6.9969],[110.28393,-6.99693],[110.2836,-6.99711],[110.28332,-6.99737],[110.28269,-6.99818],[110.28239,-6.99843],[110.28231,-6.99851],[110.28227,-6.99852],[110.28226,-6.99853],[110.28198,-6.99882],[110.28148,-6.99887],[110.28091,-6.99907],[110.28089,-6.99908],[110.28076,-6.99959],[110.28076,-6.99962],[110.28073,-7],[110.28071,-7.00028],[110.28065,-7.00073],[110.28061,-7.0011],[110.28061,-7.00117],[110.28092,-7.0016],[110.281,-7.00175],[110.28103,-7.002],[110.28105,-7.00218],[110.28108,-7.00275],[110.28109,-7.00285],[110.28076,-7.00313],[110.28073,-7.00315],[110.28063,-7.00332],[110.2806,-7.00345],[110.28063,-7.0035],[110.28059,-7.00354],[110.28058,-7.00355],[110.28057,-7.0036],[110.28029,-7.00405],[110.28024,-7.00438],[110.28025,-7.00446],[110.28031,-7.00448],[110.28041,-7.00447],[110.28066,-7.00445],[110.28091,-7.00447],[110.28132,-7.00456],[110.2818,-7.00467],[110.28215,-7.00482],[110.28251,-7.00499],[110.28283,-7.0052],[110.28279,-7.00538],[110.28272,-7.00599],[110.28267,-7.00629],[110.28252,-7.00684],[110.28333,-7.00697],[110.28397,-7.00727],[110.28508,-7.00803],[110.28527,-7.00818],[110.28556,-7.00867],[110.28571,-7.00908],[110.28576,-7.00931],[110.28574,-7.00957],[110.28579,-7.01004],[110.28574,-7.01011],[110.28574,-7.01015],[110.28569,-7.01026],[110.28554,-7.01048],[110.28529,-7.01082],[110.28471,-7.01166],[110.28471,-7.01238],[110.28465,-7.01254],[110.28464,-7.01254],[110.28463,-7.0126],[110.28456,-7.01282],[110.28448,-7.01285],[110.28475,-7.01294],[110.28485,-7.01305],[110.28516,-7.01346],[110.28536,-7.01354],[110.28555,-7.01354],[110.28583,-7.01354],[110.28599,-7.01365],[110.28626,-7.01394],[110.28643,-7.01408],[110.28664,-7.01415],[110.28717,-7.01426],[110.2874,-7.01428],[110.28763,-7.01421],[110.2878,-7.01419],[110.28798,-7.01424],[110.28826,-7.01431],[110.28849,-7.01437],[110.28862,-7.0145],[110.28866,-7.01471],[110.28872,-7.01474],[110.28902,-7.01488],[110.28938,-7.01495],[110.28958,-7.0149],[110.28984,-7.01475],[110.29057,-7.01478],[110.29113,-7.01484],[110.29165,-7.01495],[110.29198,-7.01507],[110.29271,-7.01537],[110.29324,-7.01564],[110.2936,-7.01585],[110.29375,-7.01608],[110.29373,-7.01653],[110.29366,-7.01686],[110.29361,-7.01716],[110.29357,-7.01755],[110.29353,-7.01781],[110.29342,-7.01832],[110.29334,-7.01885],[110.29319,-7.0198],[110.29317,-7.01998],[110.29316,-7.02073],[110.29337,-7.02115],[110.29367,-7.02168],[110.2937,-7.02174],[110.29391,-7.02219],[110.29397,-7.02234],[110.29405,-7.02235],[110.29432,-7.02239],[110.29458,-7.02241],[110.29548,-7.02248],[110.29553,-7.02249],[110.2958,-7.02253],[110.29598,-7.02259],[110.29607,-7.02265],[110.29611,-7.02284],[110.29619,-7.02288],[110.29644,-7.02298],[110.2967,-7.02303],[110.29698,-7.02312],[110.29733,-7.02326],[110.29746,-7.02338],[110.29762,-7.0235],[110.29782,-7.02363],[110.29785,-7.02363],[110.2979,-7.02363],[110.29799,-7.02362],[110.29817,-7.02357],[110.29907,-7.02321],[110.29921,-7.02317],[110.29959,-7.02307],[110.29963,-7.02306],[110.29983,-7.02305],[110.3003,-7.02305],[110.3008,-7.02309],[110.30117,-7.02318],[110.30173,-7.02334],[110.30174,-7.02334],[110.30184,-7.02341],[110.30192,-7.0234],[110.30213,-7.02339],[110.30258,-7.02342],[110.30312,-7.02345],[110.30328,-7.02346],[110.3035,-7.02347],[110.30393,-7.02346],[110.3047,-7.02345],[110.30492,-7.02343],[110.30511,-7.0234],[110.30529,-7.02332],[110.30537,-7.02321],[110.30538,-7.02321],[110.30544,-7.0231],[110.30549,-7.02301],[110.30564,-7.02277],[110.30568,-7.02268],[110.30569,-7.02265],[110.30579,-7.02249],[110.3058,-7.02249],[110.30585,-7.02242],[110.30597,-7.02241],[110.30649,-7.02252],[110.30653,-7.02253],[110.30691,-7.02258],[110.30738,-7.02261],[110.30855,-7.02265],[110.309,-7.02267],[110.30919,-7.02268],[110.30954,-7.02268],[110.30981,-7.02266],[110.31025,-7.02262],[110.31054,-7.02256],[110.31034,-7.02204],[110.31001,-7.02117],[110.30996,-7.02095],[110.30995,-7.0209],[110.30992,-7.02085],[110.30977,-7.02057],[110.30966,-7.02031],[110.30945,-7.01996],[110.30883,-7.01896],[110.30873,-7.01879],[110.30872,-7.01877],[110.30857,-7.01852],[110.30791,-7.01776],[110.30789,-7.01774],[110.30757,-7.0174],[110.30727,-7.01705],[110.30717,-7.01699],[110.30702,-7.01683],[110.3068,-7.01657],[110.3066,-7.01634],[110.30618,-7.01576],[110.30599,-7.01542],[110.30581,-7.01508],[110.30559,-7.01463],[110.30549,-7.01436],[110.30523,-7.0137],[110.30519,-7.01361],[110.30508,-7.01337],[110.30488,-7.01257],[110.30483,-7.01233],[110.30477,-7.01197],[110.30475,-7.01185],[110.30468,-7.01143],[110.30466,-7.01117],[110.30466,-7.011],[110.30466,-7.01099],[110.30466,-7.01089],[110.30474,-7.01048],[110.30491,-7.00959],[110.30503,-7.00892],[110.30507,-7.00876],[110.30515,-7.00845],[110.30522,-7.00815],[110.30535,-7.00763],[110.30545,-7.00726],[110.30557,-7.00689],[110.30564,-7.0067],[110.30574,-7.00645],[110.30595,-7.00588],[110.30597,-7.00583],[110.30607,-7.00544],[110.30612,-7.00527],[110.30615,-7.00504],[110.30616,-7.00491],[110.30617,-7.00477],[110.30622,-7.00431],[110.30622,-7.00428],[110.30624,-7.00405],[110.30617,-7.00375],[110.30604,-7.00359],[110.30568,-7.00326],[110.3054,-7.00297],[110.30521,-7.00279],[110.3051,-7.00267],[110.30409,-7.00176],[110.30377,-7.00147],[110.30307,-7.00082],[110.30286,-7.00066],[110.30257,-7.00045],[110.30219,-7.0001],[110.3021,-7],[110.30197,-6.99986],[110.30181,-6.99963],[110.30173,-6.99939],[110.30149,-6.99814],[110.30148,-6.99774],[110.30144,-6.99718],[110.30136,-6.99673],[110.30123,-6.9962],[110.3012,-6.99605],[110.30112,-6.99573],[110.30099,-6.99531],[110.30083,-6.99494],[110.3007,-6.99466],[110.30055,-6.99443],[110.30012,-6.99384],[110.29989,-6.99352],[110.29974,-6.99332],[110.29959,-6.9931],[110.29935,-6.99267],[110.2993,-6.99263],[110.29926,-6.99254],[110.29921,-6.99233],[110.29916,-6.99215],[110.29881,-6.99148],[110.29876,-6.99142],[110.29858,-6.99111],[110.29852,-6.99103],[110.29838,-6.99081],[110.29791,-6.99008],[110.29791,-6.99007],[110.29762,-6.98936],[110.29754,-6.98899],[110.29748,-6.98876],[110.29737,-6.9885],[110.29736,-6.98847],[110.29735,-6.98845],[110.29734,-6.98827],[110.29731,-6.98746],[110.29733,-6.9873],[110.29739,-6.98702],[110.29744,-6.98665],[110.29748,-6.98651],[110.29758,-6.98595],[110.2976,-6.98555],[110.29762,-6.98509],[110.2977,-6.98462],[110.29777,-6.98426],[110.29781,-6.98395],[110.29785,-6.98337],[110.29789,-6.983],[110.29791,-6.98277],[110.29792,-6.98272],[110.29799,-6.98243],[110.2982,-6.98197],[110.29831,-6.98177],[110.29851,-6.98158],[110.29897,-6.98114],[110.29911,-6.98102],[110.29968,-6.98055],[110.30027,-6.97992],[110.30051,-6.9797]]]}},{"type":"Feature","properties":{"id":"ADM-NGALIYAN-PURWOYOSO","name":"Purwoyoso","source_name":"Purwoyoso","type":"Kelurahan","category":"Administrasi kota","kecamatan":"Ngaliyan","kabupaten":"Kota Semarang","catatan":"Batas kelurahan dari berkas vektor kota. Serpihan dan wilayah luar kota dibuang. Kecamatan mengikuti daftar resmi, bukan kolom asli berkas.","status":"Batas administrasi"},"geometry":{"type":"Polygon","coordinates":[[[110.36321,-6.98705],[110.36264,-6.98691],[110.36245,-6.98687],[110.36229,-6.98683],[110.36206,-6.98678],[110.36146,-6.98672],[110.36115,-6.98669],[110.36102,-6.98668],[110.3607,-6.98664],[110.36068,-6.9867],[110.36052,-6.98709],[110.36035,-6.98738],[110.36025,-6.98749],[110.36018,-6.98756],[110.36002,-6.98765],[110.35987,-6.98773],[110.35984,-6.98774],[110.35904,-6.98817],[110.35875,-6.98833],[110.35855,-6.98837],[110.35823,-6.98844],[110.358,-6.98852],[110.35759,-6.98866],[110.35754,-6.98868],[110.35686,-6.98895],[110.35647,-6.98923],[110.35621,-6.98946],[110.35566,-6.99009],[110.35553,-6.99026],[110.35528,-6.99058],[110.35526,-6.9906],[110.35504,-6.99087],[110.35497,-6.99095],[110.35487,-6.99107],[110.35462,-6.99139],[110.35461,-6.9914],[110.35456,-6.99151],[110.35441,-6.99168],[110.35405,-6.99208],[110.35391,-6.99212],[110.35327,-6.99221],[110.35303,-6.99224],[110.35295,-6.99225],[110.3526,-6.99234],[110.35257,-6.99235],[110.35198,-6.99256],[110.35147,-6.99275],[110.35139,-6.99278],[110.35132,-6.99287],[110.35127,-6.99297],[110.35119,-6.99316],[110.35102,-6.99343],[110.35093,-6.99358],[110.35076,-6.99379],[110.35053,-6.99398],[110.35043,-6.99406],[110.35056,-6.99418],[110.35075,-6.99427],[110.3514,-6.99457],[110.35194,-6.99476],[110.35214,-6.99484],[110.35238,-6.99497],[110.35244,-6.99501],[110.35257,-6.99509],[110.35277,-6.9952],[110.35288,-6.99524],[110.3531,-6.99534],[110.3543,-6.99575],[110.35446,-6.99582],[110.35459,-6.99589],[110.35474,-6.99596],[110.35548,-6.99631],[110.35565,-6.99641],[110.35579,-6.9965],[110.35615,-6.99669],[110.35649,-6.99679],[110.35707,-6.99695],[110.35734,-6.99707],[110.35765,-6.99723],[110.35777,-6.99728],[110.35792,-6.99733],[110.3582,-6.99743],[110.35865,-6.9976],[110.3588,-6.9977],[110.35892,-6.99778],[110.35917,-6.99795],[110.35958,-6.99822],[110.36056,-6.99895],[110.36187,-6.99994],[110.36203,-7],[110.36204,-7],[110.36215,-7.00001],[110.36221,-7.00001],[110.36243,-7],[110.36245,-7],[110.36318,-7],[110.36324,-7],[110.36335,-6.99969],[110.36342,-6.99967],[110.36361,-6.99964],[110.36403,-6.9996],[110.36424,-6.99945],[110.36431,-6.99935],[110.36446,-6.99871],[110.36454,-6.99836],[110.36457,-6.99823],[110.36475,-6.99829],[110.36498,-6.99833],[110.36512,-6.99832],[110.36518,-6.99832],[110.36535,-6.9983],[110.36542,-6.99829],[110.36577,-6.99829],[110.36609,-6.99828],[110.36626,-6.99849],[110.36634,-6.99844],[110.36687,-6.99835],[110.367,-6.99831],[110.36709,-6.99824],[110.36715,-6.99815],[110.36718,-6.99791],[110.36715,-6.99776],[110.367,-6.9975],[110.36688,-6.99734],[110.36685,-6.99723],[110.36687,-6.99714],[110.367,-6.99697],[110.36709,-6.99691],[110.36716,-6.99693],[110.36732,-6.9972],[110.36738,-6.99729],[110.36747,-6.99733],[110.36754,-6.9973],[110.3676,-6.99719],[110.36765,-6.99667],[110.36767,-6.99648],[110.36769,-6.99643],[110.36773,-6.99633],[110.3678,-6.99625],[110.36791,-6.99626],[110.36823,-6.99639],[110.36839,-6.99641],[110.36848,-6.99639],[110.36854,-6.99632],[110.36855,-6.99623],[110.36847,-6.99607],[110.36825,-6.99585],[110.36789,-6.99556],[110.36751,-6.99516],[110.36739,-6.995],[110.36736,-6.99493],[110.36739,-6.99482],[110.36775,-6.99471],[110.36821,-6.99459],[110.3683,-6.99453],[110.36833,-6.99447],[110.36827,-6.99439],[110.36819,-6.99431],[110.36818,-6.99424],[110.36843,-6.99399],[110.36867,-6.99376],[110.36879,-6.99368],[110.36894,-6.99364],[110.36897,-6.99365],[110.36902,-6.99348],[110.36909,-6.9933],[110.36922,-6.99199],[110.36904,-6.99099],[110.36899,-6.99072],[110.36868,-6.98956],[110.36859,-6.98922],[110.36846,-6.98879],[110.36818,-6.98782],[110.36815,-6.98772],[110.36796,-6.98774],[110.36764,-6.98778],[110.36701,-6.98791],[110.3667,-6.98795],[110.36668,-6.98795],[110.36588,-6.98786],[110.36555,-6.98778],[110.36543,-6.98774],[110.36493,-6.98761],[110.36452,-6.98749],[110.36432,-6.98741],[110.364,-6.9873],[110.36381,-6.98723],[110.3635,-6.98712],[110.36321,-6.98705]]]}},{"type":"Feature","properties":{"id":"ADM-NGALIYAN-TAMBAKAJI","name":"Tambakaji","source_name":"Tambakaji","type":"Kelurahan","category":"Administrasi kota","kecamatan":"Ngaliyan","kabupaten":"Kota Semarang","catatan":"Batas kelurahan dari berkas vektor kota. Serpihan dan wilayah luar kota dibuang. Kecamatan mengikuti daftar resmi, bukan kolom asli berkas.","status":"Batas administrasi"},"geometry":{"type":"Polygon","coordinates":[[[110.34214,-6.98598],[110.34171,-6.98591],[110.34119,-6.98577],[110.34074,-6.98563],[110.3404,-6.98552],[110.33961,-6.98526],[110.33902,-6.98505],[110.33868,-6.98493],[110.3382,-6.98467],[110.33782,-6.98446],[110.33759,-6.98428],[110.33731,-6.98399],[110.33705,-6.98373],[110.33671,-6.98336],[110.33664,-6.98325],[110.33646,-6.98308],[110.33641,-6.98301],[110.33624,-6.98279],[110.33605,-6.98256],[110.33552,-6.98193],[110.33452,-6.98071],[110.33438,-6.98054],[110.33433,-6.98049],[110.33408,-6.9802],[110.33395,-6.98004],[110.33325,-6.97918],[110.3325,-6.97849],[110.33219,-6.9782],[110.33208,-6.97811],[110.33191,-6.97793],[110.3313,-6.97731],[110.33124,-6.97736],[110.33102,-6.97774],[110.33086,-6.97812],[110.33073,-6.9784],[110.3307,-6.97847],[110.33061,-6.97865],[110.33049,-6.9788],[110.33028,-6.97898],[110.33018,-6.97905],[110.33011,-6.97926],[110.33007,-6.97963],[110.33005,-6.97971],[110.33004,-6.9798],[110.32997,-6.97989],[110.32966,-6.98026],[110.32962,-6.98033],[110.32954,-6.98045],[110.32906,-6.98117],[110.32891,-6.9814],[110.32872,-6.98175],[110.3286,-6.98202],[110.32823,-6.98285],[110.32818,-6.983],[110.32817,-6.98319],[110.32821,-6.9835],[110.32822,-6.98367],[110.32824,-6.98419],[110.32825,-6.98427],[110.32827,-6.98471],[110.32835,-6.98537],[110.3284,-6.98583],[110.32846,-6.98639],[110.32847,-6.98648],[110.32854,-6.98665],[110.32865,-6.9868],[110.32898,-6.98711],[110.32911,-6.98729],[110.32918,-6.98748],[110.3292,-6.98821],[110.32915,-6.98844],[110.3291,-6.98866],[110.32892,-6.98905],[110.32879,-6.98928],[110.32852,-6.98956],[110.32834,-6.98972],[110.32816,-6.98981],[110.32805,-6.98988],[110.32798,-6.98996],[110.32783,-6.99017],[110.32767,-6.99045],[110.32764,-6.99051],[110.32755,-6.99069],[110.32739,-6.99083],[110.32728,-6.99094],[110.32716,-6.99106],[110.327,-6.99124],[110.32689,-6.99161],[110.32663,-6.99192],[110.32667,-6.99194],[110.32676,-6.99202],[110.32687,-6.9921],[110.32715,-6.99224],[110.32776,-6.99242],[110.32811,-6.99249],[110.3281,-6.99263],[110.32798,-6.99322],[110.32775,-6.99392],[110.32774,-6.99392],[110.32835,-6.99421],[110.32861,-6.99433],[110.32906,-6.99457],[110.33042,-6.99524],[110.3305,-6.99528],[110.33065,-6.99531],[110.33079,-6.99534],[110.3309,-6.99536],[110.33111,-6.99541],[110.33122,-6.99547],[110.33129,-6.99549],[110.33196,-6.99559],[110.3322,-6.99563],[110.33281,-6.99566],[110.33368,-6.99568],[110.33414,-6.9957],[110.33464,-6.9957],[110.3347,-6.99571],[110.3347,-6.99651],[110.3347,-6.99661],[110.33501,-6.99657],[110.33527,-6.99658],[110.33535,-6.99661],[110.33624,-6.99688],[110.33673,-6.99703],[110.33683,-6.99706],[110.33724,-6.99716],[110.33753,-6.99718],[110.3378,-6.9972],[110.33814,-6.99724],[110.33824,-6.99725],[110.33914,-6.99734],[110.33945,-6.99737],[110.33995,-6.99749],[110.34036,-6.99759],[110.34051,-6.99762],[110.34104,-6.99773],[110.34213,-6.99794],[110.34265,-6.99799],[110.34275,-6.998],[110.34278,-6.99804],[110.34291,-6.99804],[110.34311,-6.99809],[110.34335,-6.99822],[110.34363,-6.99836],[110.34381,-6.99846],[110.34388,-6.99857],[110.34389,-6.99859],[110.34402,-6.99854],[110.34426,-6.99845],[110.34443,-6.99838],[110.34459,-6.9983],[110.34493,-6.99815],[110.34499,-6.99812],[110.34525,-6.99799],[110.34533,-6.99793],[110.34575,-6.99767],[110.34589,-6.99751],[110.34599,-6.9974],[110.34616,-6.99722],[110.34652,-6.99688],[110.34676,-6.99665],[110.34691,-6.99651],[110.34716,-6.9963],[110.3472,-6.99628],[110.34734,-6.9962],[110.3475,-6.99612],[110.34777,-6.99599],[110.34796,-6.99583],[110.34821,-6.99539],[110.3483,-6.99523],[110.34846,-6.99509],[110.34864,-6.995],[110.34879,-6.99493],[110.34958,-6.99465],[110.34983,-6.99452],[110.34989,-6.99449],[110.35021,-6.99424],[110.35043,-6.99406],[110.35053,-6.99398],[110.35076,-6.99379],[110.35093,-6.99358],[110.35102,-6.99343],[110.35119,-6.99316],[110.35127,-6.99297],[110.35132,-6.99287],[110.35139,-6.99278],[110.35147,-6.99275],[110.35198,-6.99256],[110.35257,-6.99235],[110.3526,-6.99234],[110.35295,-6.99225],[110.35303,-6.99224],[110.35327,-6.99221],[110.35391,-6.99212],[110.35405,-6.99208],[110.35441,-6.99168],[110.35456,-6.99151],[110.35461,-6.9914],[110.35462,-6.99139],[110.35487,-6.99107],[110.35497,-6.99095],[110.35504,-6.99087],[110.35526,-6.9906],[110.35528,-6.99058],[110.35553,-6.99026],[110.35566,-6.99009],[110.35621,-6.98946],[110.35647,-6.98923],[110.35686,-6.98895],[110.35754,-6.98868],[110.35759,-6.98866],[110.358,-6.98852],[110.35823,-6.98844],[110.35855,-6.98837],[110.35875,-6.98833],[110.35904,-6.98817],[110.35984,-6.98774],[110.35987,-6.98773],[110.36002,-6.98765],[110.36018,-6.98756],[110.36025,-6.98749],[110.36035,-6.98738],[110.36052,-6.98709],[110.36068,-6.9867],[110.3607,-6.98664],[110.36018,-6.98658],[110.35946,-6.98646],[110.35851,-6.98631],[110.35845,-6.9863],[110.35816,-6.98621],[110.35809,-6.98619],[110.35786,-6.98608],[110.35767,-6.98589],[110.35719,-6.98503],[110.35705,-6.98487],[110.35674,-6.98453],[110.35664,-6.98446],[110.35655,-6.98438],[110.35618,-6.98416],[110.35556,-6.98385],[110.35493,-6.98358],[110.35474,-6.98348],[110.35435,-6.9833],[110.35414,-6.9832],[110.35387,-6.98311],[110.35376,-6.98307],[110.35334,-6.98288],[110.35325,-6.98284],[110.35288,-6.98274],[110.35194,-6.98248],[110.3516,-6.98241],[110.35132,-6.9824],[110.35109,-6.98238],[110.35094,-6.9824],[110.35071,-6.9825],[110.35056,-6.98257],[110.35038,-6.9827],[110.34997,-6.98326],[110.34983,-6.98345],[110.34975,-6.98359],[110.34922,-6.98442],[110.34899,-6.98466],[110.34883,-6.98482],[110.34861,-6.985],[110.34828,-6.98518],[110.34804,-6.98528],[110.34796,-6.98532],[110.34781,-6.98538],[110.34759,-6.98548],[110.34712,-6.98562],[110.34688,-6.98565],[110.34668,-6.98569],[110.34641,-6.98573],[110.34591,-6.98575],[110.34588,-6.98575],[110.34563,-6.98575],[110.34522,-6.98578],[110.34498,-6.98583],[110.34476,-6.98586],[110.34453,-6.9859],[110.34444,-6.98591],[110.34409,-6.98594],[110.34289,-6.986],[110.3424,-6.98602],[110.34214,-6.98598]]]}},{"type":"Feature","properties":{"id":"ADM-NGALIYAN-WATES","name":"Wates","source_name":"Wates","type":"Kelurahan","category":"Administrasi kota","kecamatan":"Ngaliyan","kabupaten":"Kota Semarang","catatan":"Batas kelurahan dari berkas vektor kota. Serpihan dan wilayah luar kota dibuang. Kecamatan mengikuti daftar resmi, bukan kolom asli berkas.","status":"Batas administrasi"},"geometry":{"type":"Polygon","coordinates":[[[110.32305,-7.00692],[110.32292,-7.00684],[110.32253,-7.00658],[110.32238,-7.0065],[110.32235,-7.00648],[110.3221,-7.00634],[110.32201,-7.0063],[110.32195,-7.00626],[110.32178,-7.00617],[110.32135,-7.00606],[110.3212,-7.00602],[110.32068,-7.00591],[110.32053,-7.00584],[110.32042,-7.0058],[110.32016,-7.00558],[110.3201,-7.00546],[110.32006,-7.00538],[110.32002,-7.0053],[110.32001,-7.00527],[110.31998,-7.00523],[110.31979,-7.00485],[110.31974,-7.00482],[110.31961,-7.00475],[110.31935,-7.00463],[110.3193,-7.0046],[110.3191,-7.00453],[110.3189,-7.00446],[110.31841,-7.00428],[110.31826,-7.00423],[110.31796,-7.00412],[110.3178,-7.00407],[110.31768,-7.00402],[110.31716,-7.00385],[110.31685,-7.00376],[110.31638,-7.00364],[110.31616,-7.0036],[110.31614,-7.00359],[110.31577,-7.00352],[110.31518,-7.00335],[110.31481,-7.0033],[110.31462,-7.00327],[110.3142,-7.0032],[110.31392,-7.00315],[110.3132,-7.00286],[110.31287,-7.00272],[110.31178,-7.00242],[110.31005,-7.00196],[110.30932,-7.00187],[110.30868,-7.00182],[110.30826,-7.00173],[110.308,-7.00167],[110.30779,-7.00164],[110.30759,-7.00157],[110.30377,-7.00147],[110.30409,-7.00176],[110.3051,-7.00267],[110.30521,-7.00279],[110.3054,-7.00297],[110.30568,-7.00326],[110.30604,-7.00359],[110.30617,-7.00375],[110.30624,-7.00405],[110.30622,-7.00428],[110.30622,-7.00431],[110.30617,-7.00477],[110.30616,-7.00491],[110.30615,-7.00504],[110.30612,-7.00527],[110.30607,-7.00544],[110.30597,-7.00583],[110.30595,-7.00588],[110.30574,-7.00645],[110.30564,-7.0067],[110.30557,-7.00689],[110.30545,-7.00726],[110.30535,-7.00763],[110.30522,-7.00815],[110.30515,-7.00845],[110.30507,-7.00876],[110.30503,-7.00892],[110.30491,-7.00959],[110.30474,-7.01048],[110.30466,-7.01089],[110.30466,-7.01099],[110.30466,-7.011],[110.30466,-7.01117],[110.30468,-7.01143],[110.30475,-7.01185],[110.30477,-7.01197],[110.30483,-7.01233],[110.30488,-7.01257],[110.30508,-7.01337],[110.30519,-7.01361],[110.30523,-7.0137],[110.30549,-7.01436],[110.30559,-7.01463],[110.30581,-7.01508],[110.30599,-7.01542],[110.30618,-7.01576],[110.3066,-7.01634],[110.3068,-7.01657],[110.30702,-7.01683],[110.30717,-7.01699],[110.30727,-7.01705],[110.30757,-7.0174],[110.30789,-7.01774],[110.30791,-7.01776],[110.30857,-7.01852],[110.30872,-7.01877],[110.30873,-7.01879],[110.30883,-7.01896],[110.30945,-7.01996],[110.30983,-7.01977],[110.31087,-7.01941],[110.3112,-7.01929],[110.31141,-7.01925],[110.31279,-7.019],[110.3131,-7.01896],[110.31354,-7.01894],[110.31377,-7.01893],[110.31667,-7.01905],[110.32167,-7.01953],[110.32177,-7.01953],[110.32229,-7.01952],[110.32296,-7.01962],[110.32345,-7.01966],[110.32419,-7.01975],[110.32454,-7.01977],[110.325,-7.01977],[110.32551,-7.01979],[110.32665,-7.01982],[110.32719,-7.01983],[110.32767,-7.01978],[110.32798,-7.01974],[110.32803,-7.01975],[110.32935,-7.02],[110.32982,-7.02014],[110.33026,-7.02026],[110.33029,-7.02027],[110.33031,-7.02027],[110.33073,-7.02034],[110.33134,-7.02048],[110.33177,-7.02055],[110.33211,-7.02056],[110.3324,-7.02059],[110.33266,-7.02065],[110.33317,-7.02077],[110.33385,-7.02089],[110.33428,-7.02099],[110.33485,-7.02116],[110.33484,-7.02117],[110.33483,-7.02124],[110.33468,-7.02188],[110.33466,-7.0221],[110.33499,-7.02217],[110.33535,-7.02222],[110.33579,-7.02229],[110.33582,-7.0223],[110.33584,-7.02228],[110.33589,-7.02215],[110.33596,-7.02204],[110.33621,-7.02151],[110.33633,-7.02126],[110.33643,-7.02104],[110.33659,-7.02075],[110.33679,-7.02038],[110.33698,-7.02005],[110.33705,-7.01986],[110.33714,-7.01963],[110.3372,-7.01945],[110.33734,-7.01916],[110.33761,-7.01883],[110.33775,-7.01866],[110.33783,-7.01858],[110.33787,-7.01853],[110.33813,-7.01814],[110.33815,-7.0181],[110.33825,-7.01781],[110.33834,-7.01735],[110.33842,-7.01693],[110.33842,-7.01657],[110.33842,-7.01656],[110.33842,-7.01654],[110.33842,-7.01631],[110.33843,-7.01604],[110.33844,-7.01585],[110.33845,-7.01532],[110.33846,-7.01482],[110.33845,-7.01465],[110.33842,-7.01392],[110.33834,-7.01349],[110.33823,-7.01351],[110.33783,-7.01355],[110.33683,-7.0136],[110.33672,-7.0136],[110.33635,-7.01361],[110.33623,-7.01361],[110.33583,-7.01357],[110.33564,-7.01354],[110.33515,-7.01347],[110.33509,-7.01346],[110.33493,-7.01341],[110.33469,-7.01335],[110.33426,-7.01321],[110.3342,-7.01321],[110.33413,-7.0132],[110.33357,-7.01318],[110.33337,-7.01316],[110.33313,-7.01314],[110.33272,-7.01302],[110.33251,-7.01294],[110.33232,-7.01288],[110.33187,-7.01268],[110.3317,-7.01259],[110.33169,-7.01259],[110.33113,-7.01231],[110.33113,-7.0123],[110.33085,-7.01206],[110.33069,-7.01196],[110.33047,-7.01183],[110.33021,-7.01168],[110.32973,-7.01139],[110.32904,-7.01112],[110.32805,-7.01073],[110.32681,-7.01033],[110.32654,-7.01024],[110.32628,-7.01006],[110.32598,-7.00973],[110.32584,-7.00963],[110.32565,-7.00948],[110.32516,-7.00916],[110.32499,-7.00903],[110.32449,-7.00867],[110.32446,-7.00861],[110.32436,-7.00843],[110.32422,-7.00818],[110.32403,-7.00781],[110.32402,-7.00781],[110.32385,-7.00768],[110.32369,-7.00753],[110.32334,-7.0071],[110.32321,-7.007],[110.32312,-7.00696],[110.32305,-7.00692]]]}},{"type":"Feature","properties":{"id":"ADM-NGALIYAN-WONOSARI","name":"Wonosari","source_name":"Wonosari","type":"Kelurahan","category":"Administrasi kota","kecamatan":"Ngaliyan","kabupaten":"Kota Semarang","catatan":"Batas kelurahan dari berkas vektor kota. Serpihan dan wilayah luar kota dibuang. Kecamatan mengikuti daftar resmi, bukan kolom asli berkas.","status":"Batas administrasi"},"geometry":{"type":"Polygon","coordinates":[[[110.28771,-6.96876],[110.28767,-6.96884],[110.28755,-6.96882],[110.28693,-6.96871],[110.28688,-6.9687],[110.28671,-6.96867],[110.28649,-6.96862],[110.28613,-6.96854],[110.28583,-6.96847],[110.28544,-6.96839],[110.28539,-6.9685],[110.28534,-6.96858],[110.28532,-6.96863],[110.28522,-6.96889],[110.28517,-6.96908],[110.28512,-6.96929],[110.28502,-6.9697],[110.28494,-6.97012],[110.28485,-6.97052],[110.28482,-6.97073],[110.28556,-6.97059],[110.28591,-6.97054],[110.28604,-6.97051],[110.28606,-6.97052],[110.28609,-6.97054],[110.28612,-6.97059],[110.28614,-6.97065],[110.28619,-6.97085],[110.28625,-6.97093],[110.28664,-6.97128],[110.28673,-6.97133],[110.28704,-6.97139],[110.28713,-6.97144],[110.28738,-6.97165],[110.28784,-6.9722],[110.28793,-6.97225],[110.28823,-6.97232],[110.28831,-6.97236],[110.28864,-6.97264],[110.28873,-6.97269],[110.28903,-6.97277],[110.28908,-6.9728],[110.28933,-6.97308],[110.28935,-6.97309],[110.2895,-6.97324],[110.28952,-6.97329],[110.29025,-6.97409],[110.29055,-6.97452],[110.29082,-6.97503],[110.29122,-6.97564],[110.29137,-6.97611],[110.29154,-6.97642],[110.29161,-6.97659],[110.29161,-6.9766],[110.29165,-6.97666],[110.29177,-6.97743],[110.29186,-6.97768],[110.2919,-6.97777],[110.29194,-6.97783],[110.29197,-6.97786],[110.29243,-6.97818],[110.2926,-6.97824],[110.29266,-6.97825],[110.29281,-6.97826],[110.29314,-6.97825],[110.29312,-6.97834],[110.29331,-6.97835],[110.29374,-6.97837],[110.29376,-6.97837],[110.29392,-6.97836],[110.29402,-6.97834],[110.2941,-6.97833],[110.29416,-6.97835],[110.29441,-6.97844],[110.29467,-6.97858],[110.29483,-6.97872],[110.29493,-6.97921],[110.29497,-6.97935],[110.29501,-6.97942],[110.29516,-6.9797],[110.29519,-6.97979],[110.29515,-6.97987],[110.29506,-6.98007],[110.29498,-6.98022],[110.29497,-6.98042],[110.29498,-6.98059],[110.29488,-6.9809],[110.29486,-6.98095],[110.29501,-6.98101],[110.29456,-6.98173],[110.29419,-6.98232],[110.29418,-6.98234],[110.29446,-6.98236],[110.29529,-6.98211],[110.29573,-6.98145],[110.29591,-6.98115],[110.29605,-6.9809],[110.2963,-6.98052],[110.29657,-6.98002],[110.29677,-6.97965],[110.29691,-6.97931],[110.29696,-6.97907],[110.29688,-6.9778],[110.29686,-6.97754],[110.2969,-6.97738],[110.29714,-6.97689],[110.29747,-6.97658],[110.2977,-6.97635],[110.29781,-6.97621],[110.29824,-6.97635],[110.29877,-6.97653],[110.29926,-6.97666],[110.29969,-6.97677],[110.30019,-6.97688],[110.30052,-6.97696],[110.30071,-6.97707],[110.30123,-6.97673],[110.3023,-6.97706],[110.30232,-6.97719],[110.30224,-6.97743],[110.30214,-6.97764],[110.30198,-6.97782],[110.30166,-6.97816],[110.30127,-6.97863],[110.30122,-6.97868],[110.30108,-6.97891],[110.30087,-6.97935],[110.30076,-6.97947],[110.3007,-6.97954],[110.30051,-6.9797],[110.30057,-6.97975],[110.30091,-6.97982],[110.30156,-6.9799],[110.30207,-6.97995],[110.3021,-6.97995],[110.30237,-6.98],[110.30253,-6.98005],[110.30273,-6.98012],[110.30301,-6.98017],[110.3037,-6.98025],[110.30385,-6.98029],[110.30399,-6.98032],[110.30417,-6.98037],[110.30443,-6.98044],[110.30446,-6.98045],[110.30458,-6.98048],[110.30482,-6.98054],[110.30573,-6.9807],[110.30575,-6.98074],[110.30585,-6.98114],[110.30585,-6.98137],[110.30581,-6.98154],[110.30567,-6.98195],[110.3057,-6.98217],[110.30579,-6.9824],[110.30582,-6.98242],[110.30583,-6.98251],[110.30591,-6.9828],[110.30604,-6.98323],[110.30617,-6.98358],[110.30631,-6.98392],[110.3065,-6.98437],[110.30672,-6.98518],[110.3068,-6.98583],[110.30686,-6.98614],[110.30689,-6.98635],[110.30697,-6.98652],[110.30716,-6.98696],[110.30759,-6.98805],[110.30852,-6.9882],[110.31017,-6.98826],[110.31153,-6.98842],[110.31272,-6.98849],[110.31362,-6.9883],[110.31444,-6.98788],[110.31517,-6.98757],[110.31575,-6.98754],[110.31674,-6.98795],[110.3179,-6.98857],[110.31965,-6.98963],[110.32062,-6.99018],[110.32163,-6.99032],[110.32212,-6.99005],[110.32257,-6.98981],[110.32301,-6.98959],[110.32365,-6.9896],[110.32489,-6.99016],[110.32576,-6.99047],[110.32728,-6.99094],[110.32739,-6.99083],[110.32755,-6.99069],[110.32764,-6.99051],[110.32767,-6.99045],[110.32783,-6.99017],[110.32798,-6.98996],[110.32805,-6.98988],[110.32816,-6.98981],[110.32834,-6.98972],[110.32852,-6.98956],[110.32879,-6.98928],[110.32892,-6.98905],[110.3291,-6.98866],[110.32915,-6.98844],[110.3292,-6.98821],[110.32918,-6.98748],[110.32911,-6.98729],[110.32898,-6.98711],[110.32865,-6.9868],[110.32854,-6.98665],[110.32847,-6.98648],[110.32846,-6.98639],[110.3284,-6.98583],[110.32835,-6.98537],[110.32827,-6.98471],[110.32825,-6.98427],[110.32824,-6.98419],[110.32822,-6.98367],[110.32821,-6.9835],[110.32817,-6.98319],[110.32818,-6.983],[110.32823,-6.98285],[110.3286,-6.98202],[110.32872,-6.98175],[110.32891,-6.9814],[110.32906,-6.98117],[110.32954,-6.98045],[110.32962,-6.98033],[110.32966,-6.98026],[110.32997,-6.97989],[110.33004,-6.9798],[110.33005,-6.97971],[110.33007,-6.97963],[110.33011,-6.97926],[110.33018,-6.97905],[110.33028,-6.97898],[110.33049,-6.9788],[110.33061,-6.97865],[110.3307,-6.97847],[110.33073,-6.9784],[110.33086,-6.97812],[110.33102,-6.97774],[110.33124,-6.97736],[110.3313,-6.97731],[110.33112,-6.97712],[110.33062,-6.97667],[110.33056,-6.97663],[110.33039,-6.97652],[110.33011,-6.97641],[110.32943,-6.97628],[110.32935,-6.97627],[110.32925,-6.97626],[110.32802,-6.97614],[110.32781,-6.97612],[110.32754,-6.9761],[110.3273,-6.97608],[110.32687,-6.97605],[110.32626,-6.97601],[110.32588,-6.97599],[110.32518,-6.976],[110.32498,-6.97601],[110.3243,-6.97602],[110.32275,-6.97599],[110.32268,-6.97598],[110.32208,-6.97591],[110.32204,-6.9759],[110.32172,-6.97586],[110.32156,-6.97585],[110.321,-6.9758],[110.32087,-6.97578],[110.32021,-6.97574],[110.32011,-6.97572],[110.3197,-6.97563],[110.31934,-6.97555],[110.31861,-6.9755],[110.31838,-6.97545],[110.31767,-6.97532],[110.31708,-6.97517],[110.31665,-6.97505],[110.3159,-6.97476],[110.31547,-6.97458],[110.3149,-6.97424],[110.31453,-6.97393],[110.31391,-6.97318],[110.31383,-6.97308],[110.31319,-6.97262],[110.31301,-6.97252],[110.31281,-6.97246],[110.31171,-6.97246],[110.31061,-6.97256],[110.31041,-6.97258],[110.30903,-6.9726],[110.3084,-6.97264],[110.30828,-6.97265],[110.30762,-6.97273],[110.30753,-6.97274],[110.30743,-6.97275],[110.30723,-6.97277],[110.307,-6.97279],[110.30669,-6.97283],[110.30638,-6.97288],[110.30599,-6.97293],[110.30582,-6.97294],[110.30528,-6.97298],[110.30522,-6.97298],[110.30465,-6.97307],[110.3042,-6.97316],[110.30389,-6.97319],[110.30387,-6.97319],[110.30382,-6.9732],[110.30375,-6.97321],[110.30365,-6.97322],[110.30336,-6.97326],[110.30316,-6.9733],[110.30301,-6.97333],[110.302,-6.97347],[110.3015,-6.97354],[110.30116,-6.97359],[110.30037,-6.9736],[110.29994,-6.97361],[110.29959,-6.97361],[110.29935,-6.97362],[110.2985,-6.97354],[110.29832,-6.9735],[110.29799,-6.97344],[110.29782,-6.9734],[110.29768,-6.97336],[110.29705,-6.97318],[110.29674,-6.97309],[110.29636,-6.97298],[110.29633,-6.97297],[110.29621,-6.97292],[110.29611,-6.97289],[110.29605,-6.97287],[110.29599,-6.97284],[110.2959,-6.9728],[110.29549,-6.97267],[110.29521,-6.97257],[110.29489,-6.97246],[110.29473,-6.97241],[110.29452,-6.97234],[110.29442,-6.97231],[110.29418,-6.9722],[110.2931,-6.97169],[110.29298,-6.97164],[110.29268,-6.97148],[110.29241,-6.97131],[110.29229,-6.97123],[110.29197,-6.97102],[110.2913,-6.97059],[110.29116,-6.97051],[110.29086,-6.97034],[110.29072,-6.97025],[110.29015,-6.96993],[110.2897,-6.96967],[110.28917,-6.96935],[110.28913,-6.96934],[110.28835,-6.96895],[110.28803,-6.96887],[110.28794,-6.96881],[110.28795,-6.96879],[110.28775,-6.96876],[110.28771,-6.96876]]]}},{"type":"Feature","properties":{"id":"ADM-PEDURUNGAN-GEMAH","name":"Gemah","source_name":"Gemah","type":"Kelurahan","category":"Administrasi kota","kecamatan":"Pedurungan","kabupaten":"Kota Semarang","catatan":"Batas kelurahan dari berkas vektor kota. Serpihan dan wilayah luar kota dibuang. Kecamatan mengikuti daftar resmi, bukan kolom asli berkas.","status":"Batas administrasi"},"geometry":{"type":"Polygon","coordinates":[[[110.45778,-7.00679],[110.45759,-7.00674],[110.45726,-7.00664],[110.45629,-7.00637],[110.45566,-7.00619],[110.45504,-7.00602],[110.45457,-7.00586],[110.45445,-7.0058],[110.45444,-7.00579],[110.45442,-7.00577],[110.45372,-7.0055],[110.4537,-7.00549],[110.45366,-7.00548],[110.45313,-7.00518],[110.45299,-7.00507],[110.45186,-7.00433],[110.45183,-7.00445],[110.45082,-7.00624],[110.45028,-7.007],[110.45144,-7.00768],[110.45165,-7.0078],[110.45178,-7.00787],[110.45197,-7.00791],[110.4522,-7.0079],[110.45301,-7.00791],[110.45318,-7.00798],[110.45337,-7.00811],[110.45401,-7.00855],[110.45461,-7.00892],[110.45478,-7.00894],[110.45488,-7.00896],[110.45499,-7.00898],[110.45517,-7.009],[110.4554,-7.00905],[110.45567,-7.00917],[110.45594,-7.0093],[110.45631,-7.00941],[110.4568,-7.00964],[110.45696,-7.00973],[110.45708,-7.00984],[110.45714,-7.00996],[110.45729,-7.01033],[110.45741,-7.0104],[110.45763,-7.01052],[110.45782,-7.01055],[110.45824,-7.01058],[110.45843,-7.01061],[110.45858,-7.01059],[110.45898,-7.01053],[110.45912,-7.01057],[110.45939,-7.01071],[110.46005,-7.0111],[110.46074,-7.01136],[110.46104,-7.01153],[110.46125,-7.01161],[110.4614,-7.01167],[110.46155,-7.01181],[110.46176,-7.01203],[110.46192,-7.0122],[110.46195,-7.01229],[110.46199,-7.01275],[110.46211,-7.01328],[110.46223,-7.01364],[110.46239,-7.0139],[110.46252,-7.01401],[110.46267,-7.01406],[110.46322,-7.0142],[110.46337,-7.01425],[110.4636,-7.01432],[110.46381,-7.01432],[110.46398,-7.01438],[110.46455,-7.01476],[110.46466,-7.01484],[110.46502,-7.01498],[110.46521,-7.01504],[110.46543,-7.01512],[110.46555,-7.01516],[110.46575,-7.01519],[110.46608,-7.01532],[110.46621,-7.01537],[110.46666,-7.01557],[110.46678,-7.01561],[110.46689,-7.01565],[110.46714,-7.01573],[110.46746,-7.01583],[110.46772,-7.01592],[110.46942,-7.01654],[110.47004,-7.01669],[110.47015,-7.01682],[110.47022,-7.01697],[110.47024,-7.01699],[110.4706,-7.01744],[110.4709,-7.01774],[110.47145,-7.01817],[110.47153,-7.01805],[110.47155,-7.01803],[110.47155,-7.01802],[110.47157,-7.01799],[110.47171,-7.01772],[110.47175,-7.01765],[110.47177,-7.01761],[110.47178,-7.01758],[110.4718,-7.01751],[110.47183,-7.01746],[110.47188,-7.0173],[110.47214,-7.01653],[110.47216,-7.01645],[110.47219,-7.01632],[110.47219,-7.01625],[110.47218,-7.01606],[110.47212,-7.0159],[110.47212,-7.01588],[110.47208,-7.01575],[110.47204,-7.01558],[110.47203,-7.01515],[110.47203,-7.01513],[110.47201,-7.01442],[110.47201,-7.01437],[110.47201,-7.01432],[110.472,-7.01422],[110.47201,-7.01379],[110.47208,-7.01336],[110.47225,-7.01267],[110.4723,-7.01246],[110.47231,-7.01243],[110.47237,-7.01223],[110.47238,-7.01215],[110.47253,-7.01165],[110.47265,-7.01138],[110.47267,-7.01128],[110.47268,-7.01119],[110.47255,-7.01101],[110.47205,-7.01088],[110.47183,-7.01082],[110.47108,-7.01061],[110.47031,-7.01039],[110.46983,-7.01026],[110.46959,-7.01019],[110.4691,-7.01004],[110.46868,-7.00992],[110.46843,-7.00984],[110.46833,-7.00981],[110.46822,-7.00977],[110.46813,-7.00975],[110.46758,-7.0096],[110.46749,-7.00957],[110.46639,-7.00928],[110.46583,-7.0091],[110.46545,-7.00899],[110.46518,-7.0089],[110.46472,-7.00877],[110.46459,-7.00873],[110.46453,-7.00872],[110.46341,-7.0084],[110.46285,-7.00824],[110.4628,-7.00822],[110.46155,-7.00786],[110.46106,-7.00773],[110.46077,-7.00764],[110.46058,-7.00758],[110.46007,-7.00743],[110.45976,-7.00734],[110.45962,-7.00729],[110.45959,-7.00728],[110.45953,-7.00725],[110.4595,-7.00725],[110.4585,-7.00698],[110.45803,-7.00686],[110.45802,-7.00686],[110.45797,-7.00684],[110.45778,-7.00679]]]}},{"type":"Feature","properties":{"id":"ADM-PEDURUNGAN-KALICARI","name":"Kalicari","source_name":"Kalicari","type":"Kelurahan","category":"Administrasi kota","kecamatan":"Pedurungan","kabupaten":"Kota Semarang","catatan":"Batas kelurahan dari berkas vektor kota. Serpihan dan wilayah luar kota dibuang. Kecamatan mengikuti daftar resmi, bukan kolom asli berkas.","status":"Batas administrasi"},"geometry":{"type":"Polygon","coordinates":[[[110.45959,-6.99289],[110.45952,-6.99285],[110.45949,-6.99283],[110.45942,-6.99274],[110.4593,-6.99261],[110.45924,-6.99256],[110.45913,-6.99243],[110.4591,-6.99239],[110.45889,-6.99209],[110.45887,-6.99205],[110.45863,-6.99176],[110.45823,-6.99126],[110.45804,-6.99105],[110.45791,-6.99092],[110.45791,-6.99087],[110.45788,-6.99082],[110.45718,-6.98998],[110.45694,-6.9897],[110.45681,-6.9895],[110.45677,-6.98946],[110.45639,-6.98897],[110.45629,-6.98889],[110.45606,-6.98849],[110.45579,-6.98801],[110.45577,-6.98795],[110.45569,-6.9878],[110.45556,-6.98754],[110.45545,-6.98737],[110.4553,-6.98706],[110.45521,-6.98687],[110.45504,-6.98652],[110.45484,-6.98611],[110.45471,-6.98582],[110.45461,-6.98559],[110.4544,-6.98512],[110.45428,-6.98484],[110.45418,-6.98466],[110.454,-6.98429],[110.45397,-6.98422],[110.45384,-6.98398],[110.45379,-6.98386],[110.45352,-6.98336],[110.45347,-6.98325],[110.45103,-6.97917],[110.45079,-6.97899],[110.45167,-6.98141],[110.45167,-6.98147],[110.45162,-6.98178],[110.45159,-6.98211],[110.45247,-6.9865],[110.45289,-6.9901],[110.45297,-6.99167],[110.45299,-6.99201],[110.45321,-6.99399],[110.45339,-6.99549],[110.45368,-6.99693],[110.45389,-6.99815],[110.45401,-6.99913],[110.45402,-7],[110.45404,-7.00017],[110.45387,-7.001],[110.45346,-7.00196],[110.453,-7.00279],[110.45233,-7.0038],[110.45186,-7.00433],[110.45299,-7.00507],[110.45313,-7.00518],[110.45366,-7.00548],[110.4537,-7.00549],[110.45372,-7.0055],[110.45442,-7.00577],[110.45444,-7.00579],[110.45445,-7.0058],[110.45457,-7.00586],[110.45504,-7.00602],[110.45566,-7.00619],[110.45629,-7.00637],[110.45726,-7.00664],[110.45759,-7.00674],[110.45778,-7.00679],[110.45778,-7.00672],[110.45801,-7.00641],[110.45814,-7.00598],[110.4582,-7.0058],[110.45823,-7.0057],[110.45828,-7.00528],[110.4583,-7.00516],[110.45839,-7.00506],[110.45846,-7.00493],[110.45855,-7.00479],[110.45877,-7.0045],[110.45886,-7.00437],[110.45897,-7.00427],[110.45914,-7.00396],[110.45923,-7.00383],[110.45934,-7.00377],[110.45943,-7.00371],[110.45953,-7.00364],[110.45957,-7.0036],[110.4597,-7.00341],[110.45976,-7.00332],[110.45991,-7.00332],[110.46,-7.00332],[110.46003,-7.0033],[110.46004,-7.00327],[110.46002,-7.00316],[110.46001,-7.00305],[110.46004,-7.00292],[110.46006,-7.00279],[110.4601,-7.00258],[110.46018,-7.00245],[110.46034,-7.00225],[110.46043,-7.00211],[110.46048,-7.00208],[110.46059,-7.00201],[110.46063,-7.00198],[110.46066,-7.00176],[110.46069,-7.00136],[110.46083,-7.00102],[110.46082,-7.001],[110.46078,-7.00084],[110.46083,-7.00076],[110.46092,-7.00067],[110.46093,-7.00066],[110.46099,-7.00057],[110.46108,-7.00057],[110.46134,-7.00055],[110.46134,-7.00048],[110.46129,-7.00036],[110.46123,-7.00024],[110.46032,-7.00026],[110.46,-7.00019],[110.45997,-7],[110.45999,-6.99956],[110.45988,-6.99947],[110.45984,-6.99937],[110.45983,-6.99917],[110.4598,-6.99899],[110.4598,-6.99896],[110.45974,-6.99876],[110.45974,-6.99871],[110.45972,-6.99854],[110.45961,-6.99832],[110.45925,-6.99763],[110.45915,-6.99747],[110.45887,-6.99702],[110.45845,-6.99634],[110.4584,-6.99616],[110.45839,-6.99606],[110.45837,-6.996],[110.45838,-6.99594],[110.45839,-6.9958],[110.45848,-6.9956],[110.45862,-6.99524],[110.45864,-6.99511],[110.45866,-6.99483],[110.45867,-6.99463],[110.45876,-6.99451],[110.45891,-6.99444],[110.45904,-6.99441],[110.45906,-6.99431],[110.45903,-6.9942],[110.45901,-6.99402],[110.45904,-6.99387],[110.45911,-6.99382],[110.45922,-6.99381],[110.45931,-6.99378],[110.45932,-6.99371],[110.45927,-6.9936],[110.45925,-6.9935],[110.45929,-6.99343],[110.45946,-6.99329],[110.45954,-6.99319],[110.45955,-6.99308],[110.45953,-6.99296],[110.45952,-6.99293],[110.45959,-6.99289]]]}},{"type":"Feature","properties":{"id":"ADM-PEDURUNGAN-MUKTIHARJO-KIDUL","name":"Muktiharjo Kidul","source_name":"Muktiharjo Kidul","type":"Kelurahan","category":"Administrasi kota","kecamatan":"Pedurungan","kabupaten":"Kota Semarang","catatan":"Batas kelurahan dari berkas vektor kota. Serpihan dan wilayah luar kota dibuang. Kecamatan mengikuti daftar resmi, bukan kolom asli berkas.","status":"Batas administrasi"},"geometry":{"type":"Polygon","coordinates":[[[110.46215,-6.97213],[110.46154,-6.97158],[110.46123,-6.97132],[110.46018,-6.9704],[110.45966,-6.96995],[110.4593,-6.96964],[110.4588,-6.96919],[110.45823,-6.96867],[110.45797,-6.96843],[110.45776,-6.96824],[110.45663,-6.96722],[110.45608,-6.96671],[110.45593,-6.96658],[110.45568,-6.96636],[110.45559,-6.96628],[110.45542,-6.96612],[110.45534,-6.96605],[110.45493,-6.96568],[110.45441,-6.96523],[110.45354,-6.96443],[110.4535,-6.9644],[110.45334,-6.96427],[110.45315,-6.9641],[110.45226,-6.9633],[110.45211,-6.96316],[110.45181,-6.9629],[110.45144,-6.96259],[110.451,-6.9622],[110.45037,-6.96164],[110.45012,-6.96142],[110.44975,-6.96108],[110.44973,-6.96107],[110.44969,-6.96103],[110.44963,-6.96097],[110.4496,-6.96094],[110.44929,-6.96066],[110.44911,-6.9605],[110.44891,-6.9603],[110.44832,-6.95974],[110.44827,-6.95969],[110.44849,-6.96101],[110.4486,-6.96266],[110.44886,-6.96397],[110.44901,-6.96573],[110.44916,-6.96772],[110.44919,-6.96772],[110.44916,-6.96825],[110.44924,-6.96893],[110.44998,-6.97348],[110.45006,-6.97404],[110.45041,-6.97644],[110.45057,-6.97645],[110.45077,-6.97646],[110.45103,-6.97653],[110.45133,-6.9766],[110.45161,-6.97667],[110.45166,-6.97667],[110.45199,-6.97671],[110.45238,-6.97676],[110.45251,-6.97679],[110.45264,-6.97682],[110.45295,-6.97689],[110.45347,-6.97694],[110.45387,-6.97697],[110.45429,-6.97709],[110.4543,-6.97712],[110.45427,-6.97752],[110.45428,-6.97762],[110.45437,-6.97763],[110.45443,-6.97764],[110.45472,-6.97771],[110.45507,-6.97786],[110.45523,-6.97792],[110.45558,-6.97807],[110.45598,-6.97819],[110.45646,-6.97831],[110.45655,-6.97833],[110.45693,-6.97843],[110.45711,-6.9785],[110.4573,-6.97855],[110.4576,-6.97865],[110.45766,-6.97864],[110.45772,-6.97865],[110.45779,-6.97866],[110.45782,-6.97866],[110.45813,-6.97871],[110.45819,-6.97875],[110.45838,-6.97887],[110.45879,-6.97898],[110.45886,-6.97901],[110.45927,-6.97909],[110.45955,-6.97916],[110.46019,-6.97933],[110.4607,-6.97948],[110.46081,-6.97952],[110.46087,-6.97954],[110.46122,-6.97962],[110.46141,-6.97967],[110.46141,-6.97968],[110.46142,-6.97968],[110.4621,-6.97986],[110.46268,-6.98002],[110.4627,-6.98003],[110.46271,-6.98004],[110.46392,-6.98037],[110.46393,-6.98037],[110.46394,-6.98038],[110.46428,-6.98057],[110.46481,-6.98087],[110.46498,-6.98097],[110.46511,-6.98105],[110.4655,-6.98126],[110.46609,-6.98159],[110.46643,-6.98165],[110.46654,-6.98166],[110.46676,-6.98169],[110.46706,-6.98172],[110.46743,-6.98174],[110.4676,-6.98164],[110.46778,-6.98154],[110.46793,-6.98152],[110.46812,-6.98155],[110.46824,-6.98162],[110.46838,-6.98163],[110.46855,-6.98094],[110.46865,-6.98055],[110.46883,-6.97986],[110.46888,-6.97965],[110.46894,-6.97946],[110.46905,-6.97907],[110.46908,-6.97896],[110.46912,-6.97875],[110.46913,-6.97867],[110.46914,-6.97857],[110.46915,-6.9785],[110.46919,-6.97841],[110.46917,-6.97838],[110.46826,-6.97757],[110.4676,-6.97697],[110.46701,-6.97647],[110.46687,-6.97635],[110.46631,-6.97583],[110.46591,-6.97546],[110.46561,-6.97518],[110.46464,-6.97434],[110.46426,-6.974],[110.46406,-6.97382],[110.46322,-6.97309],[110.4632,-6.97306],[110.46301,-6.97289],[110.46285,-6.97276],[110.46278,-6.9727],[110.46273,-6.97265],[110.4627,-6.97263],[110.46267,-6.97259],[110.46259,-6.97253],[110.4625,-6.97245],[110.46215,-6.97213]]]}},{"type":"Feature","properties":{"id":"ADM-PEDURUNGAN-PALEBON","name":"Palebon","source_name":"Palebon","type":"Kelurahan","category":"Administrasi kota","kecamatan":"Pedurungan","kabupaten":"Kota Semarang","catatan":"Batas kelurahan dari berkas vektor kota. Serpihan dan wilayah luar kota dibuang. Kecamatan mengikuti daftar resmi, bukan kolom asli berkas.","status":"Batas administrasi"},"geometry":{"type":"Polygon","coordinates":[[[110.46558,-6.99966],[110.46549,-6.99949],[110.46532,-6.99932],[110.46493,-6.99891],[110.46474,-6.99871],[110.46472,-6.99869],[110.46431,-6.99827],[110.46427,-6.99823],[110.46377,-6.99769],[110.46308,-6.99695],[110.46281,-6.99665],[110.46255,-6.99638],[110.46249,-6.99632],[110.46234,-6.99618],[110.46199,-6.99581],[110.46178,-6.99561],[110.46159,-6.99535],[110.46147,-6.99523],[110.46126,-6.99502],[110.46056,-6.99428],[110.4602,-6.9938],[110.4601,-6.99351],[110.46005,-6.99335],[110.46,-6.99315],[110.45989,-6.99304],[110.45972,-6.99291],[110.45962,-6.99286],[110.45961,-6.99288],[110.45959,-6.99289],[110.45952,-6.99293],[110.45953,-6.99296],[110.45955,-6.99308],[110.45954,-6.99319],[110.45946,-6.99329],[110.45929,-6.99343],[110.45925,-6.9935],[110.45927,-6.9936],[110.45932,-6.99371],[110.45931,-6.99378],[110.45922,-6.99381],[110.45911,-6.99382],[110.45904,-6.99387],[110.45901,-6.99402],[110.45903,-6.9942],[110.45906,-6.99431],[110.45904,-6.99441],[110.45891,-6.99444],[110.45876,-6.99451],[110.45867,-6.99463],[110.45866,-6.99483],[110.45864,-6.99511],[110.45862,-6.99524],[110.45848,-6.9956],[110.45839,-6.9958],[110.45838,-6.99594],[110.45837,-6.996],[110.45839,-6.99606],[110.4584,-6.99616],[110.45845,-6.99634],[110.45887,-6.99702],[110.45915,-6.99747],[110.45925,-6.99763],[110.45961,-6.99832],[110.45972,-6.99854],[110.45974,-6.99871],[110.45974,-6.99876],[110.4598,-6.99896],[110.4598,-6.99899],[110.45983,-6.99917],[110.45984,-6.99937],[110.45988,-6.99947],[110.45999,-6.99956],[110.45997,-7],[110.46,-7.00019],[110.46032,-7.00026],[110.46123,-7.00024],[110.46129,-7.00036],[110.46134,-7.00048],[110.46134,-7.00055],[110.46108,-7.00057],[110.46099,-7.00057],[110.46093,-7.00066],[110.46092,-7.00067],[110.46083,-7.00076],[110.46078,-7.00084],[110.46082,-7.001],[110.46083,-7.00102],[110.46069,-7.00136],[110.46066,-7.00176],[110.46063,-7.00198],[110.46059,-7.00201],[110.46048,-7.00208],[110.46043,-7.00211],[110.46034,-7.00225],[110.46018,-7.00245],[110.4601,-7.00258],[110.46006,-7.00279],[110.46004,-7.00292],[110.46001,-7.00305],[110.46002,-7.00316],[110.46004,-7.00327],[110.46003,-7.0033],[110.46,-7.00332],[110.45991,-7.00332],[110.45976,-7.00332],[110.4597,-7.00341],[110.45957,-7.0036],[110.45953,-7.00364],[110.45943,-7.00371],[110.45934,-7.00377],[110.45923,-7.00383],[110.45914,-7.00396],[110.45897,-7.00427],[110.45886,-7.00437],[110.45877,-7.0045],[110.45855,-7.00479],[110.45846,-7.00493],[110.45839,-7.00506],[110.4583,-7.00516],[110.45828,-7.00528],[110.45823,-7.0057],[110.4582,-7.0058],[110.45814,-7.00598],[110.45801,-7.00641],[110.45778,-7.00672],[110.45778,-7.00679],[110.45797,-7.00684],[110.45802,-7.00686],[110.45803,-7.00686],[110.4585,-7.00698],[110.4595,-7.00725],[110.45953,-7.00725],[110.45959,-7.00728],[110.45962,-7.00729],[110.45976,-7.00734],[110.46007,-7.00743],[110.46058,-7.00758],[110.46077,-7.00764],[110.46106,-7.00773],[110.46155,-7.00786],[110.4628,-7.00822],[110.46285,-7.00824],[110.46341,-7.0084],[110.46453,-7.00872],[110.46459,-7.00873],[110.46472,-7.00877],[110.46518,-7.0089],[110.46545,-7.00899],[110.46583,-7.0091],[110.46639,-7.00928],[110.46749,-7.00957],[110.46758,-7.0096],[110.46813,-7.00975],[110.46822,-7.00977],[110.46833,-7.00981],[110.46843,-7.00984],[110.46868,-7.00992],[110.4691,-7.01004],[110.46959,-7.01019],[110.46983,-7.01026],[110.47031,-7.01039],[110.47108,-7.01061],[110.47183,-7.01082],[110.47193,-7.01033],[110.47211,-7.00969],[110.47224,-7.00929],[110.47231,-7.00905],[110.4724,-7.00867],[110.47244,-7.00854],[110.4725,-7.00831],[110.47255,-7.00812],[110.47255,-7.00802],[110.47215,-7.00758],[110.47179,-7.00718],[110.47155,-7.00692],[110.47146,-7.00682],[110.47138,-7.00674],[110.4713,-7.00662],[110.47116,-7.00645],[110.47088,-7.00616],[110.47069,-7.00596],[110.47056,-7.00582],[110.47055,-7.00581],[110.47038,-7.00561],[110.47011,-7.0053],[110.47001,-7.00518],[110.4696,-7.00471],[110.46921,-7.00423],[110.46916,-7.00417],[110.4689,-7.00387],[110.46888,-7.00384],[110.46885,-7.00381],[110.46855,-7.0034],[110.46838,-7.00317],[110.46822,-7.00297],[110.46756,-7.00215],[110.46754,-7.00212],[110.4675,-7.00208],[110.46725,-7.00179],[110.46681,-7.00128],[110.46669,-7.00113],[110.4661,-7.00043],[110.46596,-7.00026],[110.46577,-7.00007],[110.46571,-7],[110.46566,-6.99994],[110.46556,-6.99976],[110.46554,-6.99968],[110.46558,-6.99966]]]}},{"type":"Feature","properties":{"id":"ADM-PEDURUNGAN-PEDURUNGAN-KIDUL","name":"Pedurungan Kidul","source_name":"Pedurungan Kidul","type":"Kelurahan","category":"Administrasi kota","kecamatan":"Pedurungan","kabupaten":"Kota Semarang","catatan":"Batas kelurahan dari berkas vektor kota. Serpihan dan wilayah luar kota dibuang. Kecamatan mengikuti daftar resmi, bukan kolom asli berkas.","status":"Batas administrasi"},"geometry":{"type":"Polygon","coordinates":[[[110.47502,-7.01173],[110.47452,-7.01151],[110.47404,-7.01137],[110.47368,-7.01129],[110.473,-7.01113],[110.47255,-7.01101],[110.47268,-7.01119],[110.47267,-7.01128],[110.47265,-7.01138],[110.47253,-7.01165],[110.47238,-7.01215],[110.47237,-7.01223],[110.47231,-7.01243],[110.4723,-7.01246],[110.47225,-7.01267],[110.47208,-7.01336],[110.47201,-7.01379],[110.472,-7.01422],[110.47201,-7.01432],[110.47201,-7.01437],[110.47201,-7.01442],[110.47203,-7.01513],[110.47203,-7.01515],[110.47204,-7.01558],[110.47208,-7.01575],[110.47212,-7.01588],[110.47212,-7.0159],[110.47218,-7.01606],[110.47219,-7.01625],[110.47219,-7.01632],[110.47216,-7.01645],[110.47214,-7.01653],[110.47188,-7.0173],[110.47183,-7.01746],[110.4718,-7.01751],[110.47178,-7.01758],[110.47177,-7.01761],[110.47175,-7.01765],[110.47171,-7.01772],[110.47157,-7.01799],[110.47155,-7.01802],[110.47155,-7.01803],[110.47153,-7.01805],[110.47145,-7.01817],[110.47214,-7.01864],[110.4723,-7.01871],[110.4727,-7.01888],[110.47276,-7.0189],[110.47282,-7.01893],[110.4732,-7.01915],[110.47326,-7.01919],[110.47374,-7.01989],[110.47384,-7.02001],[110.47395,-7.0201],[110.47414,-7.02013],[110.47435,-7.02016],[110.47461,-7.02028],[110.47499,-7.02051],[110.47517,-7.0207],[110.47529,-7.02088],[110.47534,-7.02105],[110.47535,-7.02139],[110.47543,-7.02162],[110.47552,-7.02175],[110.47556,-7.02178],[110.47582,-7.02195],[110.47606,-7.02207],[110.47615,-7.02211],[110.47626,-7.02219],[110.47632,-7.02239],[110.47637,-7.0226],[110.47648,-7.02288],[110.47694,-7.024],[110.47695,-7.02404],[110.47703,-7.02412],[110.47736,-7.02429],[110.47748,-7.02435],[110.47776,-7.02475],[110.47807,-7.02546],[110.47816,-7.02574],[110.47847,-7.02642],[110.47854,-7.02659],[110.47856,-7.02663],[110.47859,-7.02665],[110.47871,-7.02677],[110.47879,-7.02692],[110.4789,-7.02721],[110.47894,-7.02783],[110.47898,-7.02822],[110.479,-7.02851],[110.47902,-7.02879],[110.4791,-7.02902],[110.4792,-7.02929],[110.47932,-7.02963],[110.47982,-7.03136],[110.48001,-7.0321],[110.48006,-7.0324],[110.48018,-7.03275],[110.48032,-7.03319],[110.48061,-7.03417],[110.48069,-7.03452],[110.4807,-7.03472],[110.48073,-7.03506],[110.48086,-7.03535],[110.48119,-7.03603],[110.48127,-7.03614],[110.48128,-7.03625],[110.48124,-7.03646],[110.4812,-7.03676],[110.48122,-7.03687],[110.48143,-7.03728],[110.48156,-7.03741],[110.48186,-7.03762],[110.48197,-7.03775],[110.48203,-7.03789],[110.48203,-7.03802],[110.48197,-7.03816],[110.48159,-7.03885],[110.48147,-7.03907],[110.48138,-7.0394],[110.4814,-7.03959],[110.48145,-7.03979],[110.4815,-7.03995],[110.48159,-7.04007],[110.48173,-7.04018],[110.48178,-7.04022],[110.48196,-7.04031],[110.48272,-7.04061],[110.4831,-7.04064],[110.48333,-7.04061],[110.48402,-7.04066],[110.48408,-7.04053],[110.48411,-7.04041],[110.48418,-7.04015],[110.48423,-7.03993],[110.48409,-7.03979],[110.48394,-7.0397],[110.48372,-7.03917],[110.48326,-7.03743],[110.48295,-7.03642],[110.48262,-7.03536],[110.48258,-7.03522],[110.48249,-7.03491],[110.48229,-7.03423],[110.48223,-7.03403],[110.48212,-7.03366],[110.48203,-7.03339],[110.48183,-7.03267],[110.48177,-7.03247],[110.48155,-7.03165],[110.48123,-7.03057],[110.48119,-7.0304],[110.48108,-7.03001],[110.48091,-7.02938],[110.48081,-7.02904],[110.48057,-7.02815],[110.48024,-7.027],[110.48006,-7.02635],[110.47979,-7.02551],[110.47976,-7.02539],[110.47959,-7.02509],[110.47945,-7.02459],[110.47943,-7.0245],[110.47942,-7.02437],[110.47947,-7.02387],[110.47948,-7.02375],[110.47966,-7.02249],[110.48011,-7.02171],[110.48036,-7.02137],[110.48059,-7.02104],[110.48081,-7.02082],[110.48118,-7.02038],[110.48155,-7.02001],[110.48196,-7.01975],[110.48196,-7.01974],[110.482,-7.01978],[110.48203,-7.01974],[110.4823,-7.01938],[110.48231,-7.01934],[110.48251,-7.01908],[110.48252,-7.01907],[110.48261,-7.01897],[110.48292,-7.01853],[110.48319,-7.0181],[110.48326,-7.01797],[110.48351,-7.0176],[110.48374,-7.01727],[110.48388,-7.01706],[110.48389,-7.01704],[110.48409,-7.01701],[110.48435,-7.01695],[110.48463,-7.01681],[110.48488,-7.01671],[110.48508,-7.01672],[110.48541,-7.01678],[110.48548,-7.01674],[110.48552,-7.01666],[110.48558,-7.01639],[110.48559,-7.01635],[110.48562,-7.01629],[110.48553,-7.01624],[110.48539,-7.01618],[110.48424,-7.0157],[110.48388,-7.01555],[110.48381,-7.01552],[110.48377,-7.01551],[110.48336,-7.01533],[110.48332,-7.01531],[110.48301,-7.01517],[110.48294,-7.01514],[110.48203,-7.01473],[110.48178,-7.01463],[110.48168,-7.01459],[110.48149,-7.01451],[110.48124,-7.01441],[110.48109,-7.01433],[110.48092,-7.01425],[110.48089,-7.01425],[110.48085,-7.01423],[110.48076,-7.01419],[110.48,-7.01386],[110.47995,-7.01385],[110.47992,-7.01384],[110.47932,-7.01358],[110.47925,-7.01355],[110.47919,-7.01352],[110.47867,-7.0133],[110.47825,-7.01312],[110.47788,-7.01297],[110.47755,-7.01283],[110.47708,-7.01264],[110.47689,-7.01255],[110.47666,-7.01244],[110.47626,-7.01227],[110.47558,-7.01198],[110.47529,-7.01185],[110.47517,-7.01181],[110.47502,-7.01173]]]}},{"type":"Feature","properties":{"id":"ADM-PEDURUNGAN-PEDURUNGAN-LOR","name":"Pedurungan Lor","source_name":"Pedurungan Lor","type":"Kelurahan","category":"Administrasi kota","kecamatan":"Pedurungan","kabupaten":"Kota Semarang","catatan":"Batas kelurahan dari berkas vektor kota. Serpihan dan wilayah luar kota dibuang. Kecamatan mengikuti daftar resmi, bukan kolom asli berkas.","status":"Batas administrasi"},"geometry":{"type":"Polygon","coordinates":[[[110.48742,-7.00458],[110.48736,-7.00455],[110.4872,-7.00445],[110.4871,-7.0044],[110.48697,-7.00433],[110.48681,-7.00426],[110.48633,-7.004],[110.48616,-7.00383],[110.48603,-7.00359],[110.486,-7.00341],[110.48595,-7.00293],[110.48591,-7.0025],[110.48572,-7.00234],[110.4854,-7.00203],[110.48531,-7.002],[110.48495,-7.0019],[110.4845,-7.00173],[110.4842,-7.00155],[110.4839,-7.0014],[110.48373,-7.00132],[110.48371,-7.0014],[110.48355,-7.00182],[110.48352,-7.00198],[110.48349,-7.00216],[110.48342,-7.00259],[110.4834,-7.00272],[110.48339,-7.00276],[110.48325,-7.00296],[110.48315,-7.0031],[110.48311,-7.0031],[110.48285,-7.00313],[110.48281,-7.00321],[110.48268,-7.00356],[110.48261,-7.00361],[110.48255,-7.00361],[110.4825,-7.00361],[110.48244,-7.00359],[110.48229,-7.00354],[110.48219,-7.0035],[110.48208,-7.00347],[110.48199,-7.00348],[110.48194,-7.00355],[110.48191,-7.00365],[110.48143,-7.00365],[110.48135,-7.00367],[110.4813,-7.00372],[110.4812,-7.00388],[110.48113,-7.00389],[110.48097,-7.00384],[110.48085,-7.00379],[110.4807,-7.00393],[110.48064,-7.00398],[110.48012,-7.00387],[110.4794,-7.00371],[110.47933,-7.00372],[110.47925,-7.00395],[110.47903,-7.00459],[110.47893,-7.00491],[110.47873,-7.00566],[110.47814,-7.00553],[110.47714,-7.00527],[110.47702,-7.00555],[110.4769,-7.006],[110.47689,-7.00605],[110.47682,-7.00627],[110.47676,-7.00642],[110.47675,-7.00644],[110.47661,-7.00677],[110.4766,-7.0068],[110.47648,-7.00707],[110.47637,-7.00742],[110.47625,-7.00782],[110.47612,-7.00812],[110.47605,-7.00824],[110.47604,-7.00825],[110.47585,-7.0086],[110.47578,-7.00881],[110.47576,-7.009],[110.47576,-7.00911],[110.47573,-7.00935],[110.47569,-7.00966],[110.47564,-7.00979],[110.4756,-7.00989],[110.47538,-7.01049],[110.47536,-7.01053],[110.47525,-7.01066],[110.47513,-7.01075],[110.47503,-7.01083],[110.47502,-7.01095],[110.47502,-7.01119],[110.475,-7.01162],[110.47502,-7.01173],[110.47517,-7.01181],[110.47529,-7.01185],[110.47558,-7.01198],[110.47626,-7.01227],[110.47666,-7.01244],[110.47689,-7.01255],[110.47708,-7.01264],[110.47755,-7.01283],[110.47788,-7.01297],[110.47825,-7.01312],[110.47867,-7.0133],[110.47919,-7.01352],[110.47925,-7.01355],[110.47932,-7.01358],[110.47992,-7.01384],[110.47995,-7.01385],[110.48,-7.01386],[110.48076,-7.01419],[110.48085,-7.01423],[110.48089,-7.01425],[110.48092,-7.01425],[110.48109,-7.01433],[110.48124,-7.01441],[110.48149,-7.01451],[110.48168,-7.01459],[110.48178,-7.01463],[110.48203,-7.01473],[110.48294,-7.01514],[110.48301,-7.01517],[110.48332,-7.01531],[110.48336,-7.01533],[110.48377,-7.01551],[110.48381,-7.01552],[110.48388,-7.01555],[110.48424,-7.0157],[110.48539,-7.01618],[110.48553,-7.01624],[110.48555,-7.01599],[110.48595,-7.01496],[110.48612,-7.01459],[110.48617,-7.01449],[110.48626,-7.01422],[110.4864,-7.01358],[110.48651,-7.01306],[110.48665,-7.01274],[110.48676,-7.01261],[110.48718,-7.01208],[110.48724,-7.01202],[110.4874,-7.01184],[110.48741,-7.0118],[110.48746,-7.01148],[110.48747,-7.01138],[110.48752,-7.0111],[110.48765,-7.0106],[110.48787,-7.01011],[110.48789,-7.01006],[110.48793,-7.00997],[110.488,-7.0097],[110.48818,-7.00901],[110.48822,-7.00885],[110.4883,-7.0085],[110.48838,-7.00803],[110.48852,-7.00716],[110.48853,-7.0071],[110.48849,-7.00701],[110.48841,-7.00684],[110.48841,-7.00678],[110.4884,-7.00661],[110.4885,-7.00549],[110.48842,-7.00543],[110.48778,-7.00505],[110.4876,-7.00489],[110.48758,-7.00486],[110.48741,-7.00465],[110.48742,-7.00458]]]}},{"type":"Feature","properties":{"id":"ADM-PEDURUNGAN-PEDURUNGAN-TENGAH","name":"Pedurungan Tengah","source_name":"Pedurungan Tengah","type":"Kelurahan","category":"Administrasi kota","kecamatan":"Pedurungan","kabupaten":"Kota Semarang","catatan":"Batas kelurahan dari berkas vektor kota. Serpihan dan wilayah luar kota dibuang. Kecamatan mengikuti daftar resmi, bukan kolom asli berkas.","status":"Batas administrasi"},"geometry":{"type":"Polygon","coordinates":[[[110.47292,-6.99645],[110.47247,-6.9963],[110.47221,-6.99621],[110.47174,-6.99604],[110.47169,-6.99603],[110.47133,-6.99597],[110.47115,-6.99593],[110.47078,-6.99592],[110.47072,-6.99592],[110.47047,-6.99583],[110.47038,-6.99578],[110.4703,-6.99575],[110.47015,-6.99569],[110.46932,-6.99557],[110.46868,-6.99548],[110.46838,-6.99545],[110.46801,-6.99537],[110.4678,-6.99528],[110.46753,-6.99515],[110.467,-6.99494],[110.46688,-6.99489],[110.46597,-6.99478],[110.46588,-6.99477],[110.46582,-6.99476],[110.46573,-6.99476],[110.46573,-6.99478],[110.46577,-6.99501],[110.4658,-6.99513],[110.46583,-6.99534],[110.46577,-6.99557],[110.46572,-6.99582],[110.46565,-6.99601],[110.46548,-6.99646],[110.46551,-6.99657],[110.46557,-6.99673],[110.46568,-6.99708],[110.46568,-6.99759],[110.46568,-6.99767],[110.46569,-6.99843],[110.46569,-6.99863],[110.46565,-6.9995],[110.4656,-6.99962],[110.46559,-6.99966],[110.46558,-6.99966],[110.46554,-6.99968],[110.46556,-6.99976],[110.46566,-6.99994],[110.46571,-7],[110.46577,-7.00007],[110.46596,-7.00026],[110.4661,-7.00043],[110.46669,-7.00113],[110.46681,-7.00128],[110.46725,-7.00179],[110.4675,-7.00208],[110.46754,-7.00212],[110.46756,-7.00215],[110.46822,-7.00297],[110.46838,-7.00317],[110.46855,-7.0034],[110.46885,-7.00381],[110.46888,-7.00384],[110.4689,-7.00387],[110.46916,-7.00417],[110.46921,-7.00423],[110.4696,-7.00471],[110.47001,-7.00518],[110.47011,-7.0053],[110.47038,-7.00561],[110.47055,-7.00581],[110.47056,-7.00582],[110.47069,-7.00596],[110.47088,-7.00616],[110.47116,-7.00645],[110.4713,-7.00662],[110.47138,-7.00674],[110.47146,-7.00682],[110.47155,-7.00692],[110.47179,-7.00718],[110.47215,-7.00758],[110.47255,-7.00802],[110.47255,-7.00812],[110.4725,-7.00831],[110.47244,-7.00854],[110.4724,-7.00867],[110.47231,-7.00905],[110.47224,-7.00929],[110.47211,-7.00969],[110.47193,-7.01033],[110.47183,-7.01082],[110.47205,-7.01088],[110.47255,-7.01101],[110.473,-7.01113],[110.47368,-7.01129],[110.47404,-7.01137],[110.47452,-7.01151],[110.47502,-7.01173],[110.475,-7.01162],[110.47502,-7.01119],[110.47502,-7.01095],[110.47503,-7.01083],[110.47513,-7.01075],[110.47525,-7.01066],[110.47536,-7.01053],[110.47538,-7.01049],[110.4756,-7.00989],[110.47564,-7.00979],[110.47569,-7.00966],[110.47573,-7.00935],[110.47576,-7.00911],[110.47576,-7.009],[110.47578,-7.00881],[110.47585,-7.0086],[110.47604,-7.00825],[110.47605,-7.00824],[110.47612,-7.00812],[110.47625,-7.00782],[110.47637,-7.00742],[110.47648,-7.00707],[110.4766,-7.0068],[110.47661,-7.00677],[110.47675,-7.00644],[110.47676,-7.00642],[110.47682,-7.00627],[110.47689,-7.00605],[110.4769,-7.006],[110.47702,-7.00555],[110.47714,-7.00527],[110.47814,-7.00553],[110.47873,-7.00566],[110.47893,-7.00491],[110.47903,-7.00459],[110.47925,-7.00395],[110.47933,-7.00372],[110.4794,-7.00371],[110.48012,-7.00387],[110.48064,-7.00398],[110.4807,-7.00393],[110.48085,-7.00379],[110.48097,-7.00384],[110.48113,-7.00389],[110.4812,-7.00388],[110.4813,-7.00372],[110.48135,-7.00367],[110.48143,-7.00365],[110.48191,-7.00365],[110.48194,-7.00355],[110.48199,-7.00348],[110.48208,-7.00347],[110.48219,-7.0035],[110.48229,-7.00354],[110.48244,-7.00359],[110.4825,-7.00361],[110.48255,-7.00361],[110.48261,-7.00361],[110.48268,-7.00356],[110.48281,-7.00321],[110.48285,-7.00313],[110.48311,-7.0031],[110.48315,-7.0031],[110.48325,-7.00296],[110.48339,-7.00276],[110.4834,-7.00272],[110.48342,-7.00259],[110.48349,-7.00216],[110.48352,-7.00198],[110.48355,-7.00182],[110.48371,-7.0014],[110.48373,-7.00132],[110.48305,-7.001],[110.48299,-7.00087],[110.48294,-7.00064],[110.48212,-7.00039],[110.48113,-7.00013],[110.4809,-7],[110.48056,-6.99974],[110.47998,-6.9995],[110.47945,-6.99934],[110.47967,-6.99871],[110.47984,-6.99825],[110.47971,-6.99816],[110.47878,-6.99773],[110.47847,-6.99756],[110.4783,-6.99751],[110.47814,-6.99746],[110.47804,-6.99742],[110.47791,-6.99738],[110.47739,-6.99725],[110.47722,-6.99723],[110.47698,-6.99721],[110.47669,-6.99715],[110.47633,-6.99703],[110.4761,-6.99694],[110.47596,-6.99688],[110.47568,-6.99681],[110.47542,-6.9968],[110.47484,-6.9968],[110.47467,-6.9968],[110.47435,-6.99675],[110.47382,-6.99666],[110.47375,-6.99666],[110.47331,-6.99662],[110.47295,-6.99661],[110.47292,-6.99646],[110.47292,-6.99645]]]}},{"type":"Feature","properties":{"id":"ADM-PEDURUNGAN-PENGGARON-KIDUL","name":"Penggaron Kidul","source_name":"Penggaron Kidul","type":"Kelurahan","category":"Administrasi kota","kecamatan":"Pedurungan","kabupaten":"Kota Semarang","catatan":"Batas kelurahan dari berkas vektor kota. Serpihan dan wilayah luar kota dibuang. Kecamatan mengikuti daftar resmi, bukan kolom asli berkas.","status":"Batas administrasi"},"geometry":{"type":"Polygon","coordinates":[[[110.49207,-6.99883],[110.49153,-6.99834],[110.49117,-6.99802],[110.49109,-6.99844],[110.49093,-6.99893],[110.49068,-6.99985],[110.49063,-7],[110.49051,-7.00018],[110.49043,-7.00032],[110.49036,-7.0004],[110.49031,-7.00041],[110.49019,-7.00078],[110.49013,-7.00093],[110.48962,-7.00152],[110.48942,-7.00173],[110.48922,-7.00198],[110.48916,-7.00204],[110.4889,-7.00231],[110.48869,-7.00254],[110.48853,-7.00276],[110.48821,-7.00319],[110.48818,-7.00325],[110.48788,-7.00387],[110.48768,-7.00419],[110.48761,-7.00429],[110.48754,-7.0044],[110.48748,-7.00448],[110.48742,-7.00458],[110.48741,-7.00465],[110.48758,-7.00486],[110.4876,-7.00489],[110.48778,-7.00505],[110.48842,-7.00543],[110.4885,-7.00549],[110.4884,-7.00661],[110.48841,-7.00678],[110.48841,-7.00684],[110.48849,-7.00701],[110.48853,-7.0071],[110.48852,-7.00716],[110.48838,-7.00803],[110.4883,-7.0085],[110.48822,-7.00885],[110.48818,-7.00901],[110.488,-7.0097],[110.48793,-7.00997],[110.48789,-7.01006],[110.48787,-7.01011],[110.48765,-7.0106],[110.48752,-7.0111],[110.48747,-7.01138],[110.48746,-7.01148],[110.48741,-7.0118],[110.4874,-7.01184],[110.48724,-7.01202],[110.48718,-7.01208],[110.48676,-7.01261],[110.48665,-7.01274],[110.48651,-7.01306],[110.4864,-7.01358],[110.48626,-7.01422],[110.48617,-7.01449],[110.48612,-7.01459],[110.48595,-7.01496],[110.48555,-7.01599],[110.48553,-7.01624],[110.48562,-7.01629],[110.48577,-7.01637],[110.48593,-7.01645],[110.48679,-7.01683],[110.48696,-7.0169],[110.48702,-7.01694],[110.4872,-7.01705],[110.48756,-7.01724],[110.48783,-7.01735],[110.48799,-7.0174],[110.48825,-7.0175],[110.48846,-7.01758],[110.4887,-7.01768],[110.48873,-7.01768],[110.48928,-7.01787],[110.48931,-7.01788],[110.48952,-7.01797],[110.48964,-7.01802],[110.48996,-7.01812],[110.49027,-7.01822],[110.49068,-7.01836],[110.49096,-7.01845],[110.49128,-7.01855],[110.49182,-7.01874],[110.49218,-7.01886],[110.49259,-7.01901],[110.49383,-7.01941],[110.49389,-7.01944],[110.49443,-7.01961],[110.49477,-7.01973],[110.49515,-7.01985],[110.49546,-7.01994],[110.49583,-7.02008],[110.49611,-7.02018],[110.49625,-7.02023],[110.49682,-7.02042],[110.49741,-7.02061],[110.49791,-7.02078],[110.49797,-7.0208],[110.49819,-7.02088],[110.49856,-7.02],[110.49881,-7.01997],[110.49924,-7.01995],[110.49917,-7.01938],[110.49972,-7.01716],[110.4999,-7.01674],[110.4997,-7.01629],[110.50019,-7.01492],[110.50002,-7.01463],[110.49994,-7.01414],[110.5005,-7.01321],[110.50118,-7.01143],[110.50125,-7.01078],[110.50192,-7.0095],[110.50046,-7.00881],[110.49773,-7.00757],[110.49773,-7.00725],[110.49761,-7.00711],[110.49724,-7.00696],[110.497,-7.00708],[110.49556,-7.00645],[110.49553,-7.00629],[110.49566,-7.00555],[110.49557,-7.00548],[110.49536,-7.00554],[110.49515,-7.00579],[110.49494,-7.0058],[110.49421,-7.00558],[110.49378,-7.00505],[110.49374,-7.00489],[110.49394,-7.00444],[110.49383,-7.00439],[110.49356,-7.00437],[110.49334,-7.00452],[110.49311,-7.00435],[110.49294,-7.00413],[110.49244,-7.0042],[110.49218,-7.00457],[110.49209,-7.00491],[110.49207,-7.00521],[110.49157,-7.00515],[110.49153,-7.00514],[110.49149,-7.00514],[110.49113,-7.00511],[110.4911,-7.00473],[110.49084,-7.00411],[110.4904,-7.00381],[110.49017,-7.00369],[110.49016,-7.00338],[110.49025,-7.00303],[110.4906,-7.00288],[110.49083,-7.00261],[110.49089,-7.00231],[110.49121,-7.00192],[110.49129,-7.00165],[110.4919,-7.00121],[110.49198,-7.00096],[110.49182,-7.00064],[110.49225,-7.00013],[110.4923,-6.99975],[110.49225,-6.99942],[110.49213,-6.99936],[110.49181,-6.99922],[110.49207,-6.99883]]]}},{"type":"Feature","properties":{"id":"ADM-PEDURUNGAN-PLAMONGAN-SARI","name":"Plamongan Sari","source_name":"Plamongansari","type":"Kelurahan","category":"Administrasi kota","kecamatan":"Pedurungan","kabupaten":"Kota Semarang","catatan":"Batas kelurahan dari berkas vektor kota. Serpihan dan wilayah luar kota dibuang. Kecamatan mengikuti daftar resmi, bukan kolom asli berkas.","status":"Batas administrasi"},"geometry":{"type":"Polygon","coordinates":[[[110.49819,-7.02088],[110.49797,-7.0208],[110.49791,-7.02078],[110.49741,-7.02061],[110.49682,-7.02042],[110.49625,-7.02023],[110.49611,-7.02018],[110.49583,-7.02008],[110.49546,-7.01994],[110.49515,-7.01985],[110.49477,-7.01973],[110.49443,-7.01961],[110.49389,-7.01944],[110.49383,-7.01941],[110.49259,-7.01901],[110.49218,-7.01886],[110.49182,-7.01874],[110.49128,-7.01855],[110.49096,-7.01845],[110.49068,-7.01836],[110.49027,-7.01822],[110.48996,-7.01812],[110.48964,-7.01802],[110.48952,-7.01797],[110.48931,-7.01788],[110.48928,-7.01787],[110.48873,-7.01768],[110.4887,-7.01768],[110.48846,-7.01758],[110.48825,-7.0175],[110.48799,-7.0174],[110.48783,-7.01735],[110.48756,-7.01724],[110.4872,-7.01705],[110.48702,-7.01694],[110.48696,-7.0169],[110.48679,-7.01683],[110.48593,-7.01645],[110.48577,-7.01637],[110.48562,-7.01629],[110.48559,-7.01635],[110.48558,-7.01639],[110.48552,-7.01666],[110.48548,-7.01674],[110.48541,-7.01678],[110.48508,-7.01672],[110.48488,-7.01671],[110.48463,-7.01681],[110.48435,-7.01695],[110.48409,-7.01701],[110.48389,-7.01704],[110.48388,-7.01706],[110.48374,-7.01727],[110.48351,-7.0176],[110.48326,-7.01797],[110.48319,-7.0181],[110.48292,-7.01853],[110.48261,-7.01897],[110.48252,-7.01907],[110.48251,-7.01908],[110.48231,-7.01934],[110.4823,-7.01938],[110.48203,-7.01974],[110.482,-7.01978],[110.48196,-7.01974],[110.48196,-7.01975],[110.48155,-7.02001],[110.48118,-7.02038],[110.48081,-7.02082],[110.48059,-7.02104],[110.48036,-7.02137],[110.48011,-7.02171],[110.47966,-7.02249],[110.47948,-7.02375],[110.47947,-7.02387],[110.47942,-7.02437],[110.47943,-7.0245],[110.47945,-7.02459],[110.47959,-7.02509],[110.47976,-7.02539],[110.47979,-7.02551],[110.48006,-7.02635],[110.48024,-7.027],[110.48057,-7.02815],[110.48081,-7.02904],[110.48091,-7.02938],[110.48108,-7.03001],[110.48119,-7.0304],[110.48123,-7.03057],[110.48155,-7.03165],[110.48177,-7.03247],[110.48183,-7.03267],[110.48203,-7.03339],[110.48212,-7.03366],[110.48223,-7.03403],[110.48229,-7.03423],[110.48249,-7.03491],[110.48258,-7.03522],[110.48262,-7.03536],[110.48295,-7.03642],[110.48326,-7.03743],[110.48372,-7.03917],[110.48394,-7.0397],[110.48409,-7.03979],[110.48423,-7.03993],[110.48434,-7.03994],[110.48436,-7.03994],[110.48443,-7.03954],[110.48442,-7.03936],[110.48443,-7.03901],[110.48461,-7.03843],[110.48475,-7.03829],[110.4849,-7.03827],[110.48506,-7.03822],[110.48506,-7.0381],[110.48513,-7.03787],[110.48511,-7.03763],[110.48511,-7.03733],[110.48514,-7.03719],[110.48516,-7.03703],[110.4853,-7.03685],[110.48557,-7.03658],[110.48567,-7.03651],[110.48578,-7.03641],[110.48576,-7.03625],[110.48565,-7.03619],[110.48541,-7.03615],[110.48524,-7.03615],[110.48509,-7.0361],[110.48498,-7.03599],[110.48496,-7.03581],[110.48496,-7.03564],[110.48497,-7.03542],[110.48495,-7.0353],[110.48493,-7.03524],[110.48485,-7.03509],[110.48474,-7.03493],[110.48455,-7.03477],[110.48435,-7.03465],[110.48421,-7.03462],[110.48415,-7.03472],[110.48399,-7.03484],[110.48386,-7.0348],[110.48381,-7.03467],[110.48379,-7.03447],[110.48375,-7.03435],[110.48368,-7.03412],[110.48353,-7.03381],[110.4835,-7.03355],[110.48362,-7.03321],[110.48395,-7.03294],[110.48422,-7.03284],[110.48463,-7.03276],[110.48489,-7.03244],[110.48498,-7.03213],[110.48479,-7.03203],[110.48454,-7.032],[110.48435,-7.032],[110.48412,-7.03199],[110.48389,-7.03196],[110.48363,-7.03179],[110.48344,-7.03165],[110.48336,-7.0314],[110.48312,-7.03121],[110.48291,-7.03098],[110.48285,-7.03071],[110.48294,-7.03066],[110.48304,-7.03052],[110.4833,-7.03038],[110.48363,-7.03031],[110.48398,-7.03031],[110.48419,-7.03036],[110.48425,-7.03033],[110.48432,-7.03014],[110.48428,-7.02987],[110.48419,-7.02981],[110.48386,-7.02973],[110.48357,-7.02974],[110.48325,-7.02968],[110.48316,-7.0295],[110.48317,-7.0294],[110.48344,-7.02912],[110.48362,-7.029],[110.48362,-7.02878],[110.48363,-7.02876],[110.48404,-7.02855],[110.48419,-7.02837],[110.48419,-7.02836],[110.48424,-7.02838],[110.48561,-7.02867],[110.48651,-7.02932],[110.48765,-7.02956],[110.48763,-7.02941],[110.48766,-7.02912],[110.48766,-7.02907],[110.48775,-7.02906],[110.48798,-7.02909],[110.48814,-7.02913],[110.48824,-7.02915],[110.48876,-7.02926],[110.489,-7.0293],[110.4893,-7.02939],[110.48987,-7.02957],[110.49046,-7.02975],[110.49085,-7.02983],[110.49099,-7.02981],[110.49131,-7.02976],[110.49151,-7.02978],[110.49175,-7.02982],[110.49198,-7.02983],[110.49204,-7.02983],[110.49239,-7.02986],[110.49245,-7.02973],[110.4925,-7.02963],[110.49309,-7.02988],[110.49337,-7.02997],[110.49351,-7.03005],[110.49404,-7.03023],[110.4942,-7.02998],[110.49465,-7.02972],[110.49514,-7.02968],[110.49544,-7.02977],[110.49546,-7.02974],[110.49554,-7.02947],[110.49564,-7.02916],[110.49574,-7.02885],[110.49581,-7.02863],[110.49583,-7.02856],[110.49581,-7.02855],[110.49568,-7.02817],[110.49578,-7.02793],[110.49594,-7.02746],[110.49599,-7.02743],[110.49623,-7.02746],[110.49633,-7.02738],[110.49638,-7.02732],[110.49642,-7.02728],[110.49655,-7.02732],[110.49669,-7.02738],[110.49691,-7.02747],[110.49706,-7.02711],[110.49782,-7.02723],[110.49821,-7.02698],[110.49826,-7.02677],[110.4983,-7.02646],[110.49831,-7.02645],[110.49834,-7.02625],[110.49835,-7.02616],[110.49838,-7.02616],[110.49848,-7.02617],[110.49849,-7.02613],[110.49851,-7.02593],[110.49849,-7.02592],[110.49852,-7.02593],[110.49901,-7.026],[110.4992,-7.02602],[110.49921,-7.02599],[110.49921,-7.02598],[110.49916,-7.02558],[110.4991,-7.02552],[110.49909,-7.02552],[110.49894,-7.02556],[110.49878,-7.02567],[110.49865,-7.02571],[110.49854,-7.02569],[110.49853,-7.02568],[110.49848,-7.02565],[110.49832,-7.02546],[110.49812,-7.02538],[110.49764,-7.0248],[110.49802,-7.02399],[110.49855,-7.02253],[110.49859,-7.02225],[110.49862,-7.02149],[110.49875,-7.02131],[110.49883,-7.02122],[110.49886,-7.02116],[110.49818,-7.0209],[110.49819,-7.02088]]]}},{"type":"Feature","properties":{"id":"ADM-PEDURUNGAN-TLOGOMULYO","name":"Tlogomulyo","source_name":"Tlogomulyo","type":"Kelurahan","category":"Administrasi kota","kecamatan":"Pedurungan","kabupaten":"Kota Semarang","catatan":"Batas kelurahan dari berkas vektor kota. Serpihan dan wilayah luar kota dibuang. Kecamatan mengikuti daftar resmi, bukan kolom asli berkas.","status":"Batas administrasi"},"geometry":{"type":"Polygon","coordinates":[[[110.47743,-6.98522],[110.47686,-6.98468],[110.47638,-6.98426],[110.47631,-6.98421],[110.47612,-6.98401],[110.47601,-6.9839],[110.47598,-6.98389],[110.47597,-6.98387],[110.47571,-6.98362],[110.47524,-6.98316],[110.47466,-6.98267],[110.4745,-6.98254],[110.47439,-6.9825],[110.47428,-6.98252],[110.47419,-6.98258],[110.47412,-6.98269],[110.47409,-6.98273],[110.47406,-6.98276],[110.47397,-6.98286],[110.47386,-6.98295],[110.47385,-6.98296],[110.47336,-6.98358],[110.47333,-6.9837],[110.47335,-6.98373],[110.47345,-6.98383],[110.47383,-6.98418],[110.47407,-6.98443],[110.47413,-6.98462],[110.47418,-6.98478],[110.47426,-6.985],[110.47443,-6.98523],[110.47447,-6.98529],[110.47455,-6.98541],[110.47452,-6.98563],[110.47445,-6.98628],[110.47441,-6.9865],[110.47438,-6.98665],[110.47435,-6.98683],[110.47434,-6.98698],[110.47432,-6.98716],[110.47429,-6.9874],[110.47429,-6.98746],[110.47425,-6.9878],[110.4742,-6.98793],[110.47399,-6.98846],[110.47377,-6.98895],[110.47371,-6.98906],[110.47368,-6.98912],[110.47362,-6.98921],[110.47355,-6.98942],[110.47351,-6.98966],[110.47345,-6.98982],[110.47329,-6.99003],[110.47317,-6.9902],[110.47314,-6.99025],[110.47306,-6.99041],[110.47305,-6.99044],[110.47306,-6.99071],[110.47307,-6.99091],[110.47308,-6.99105],[110.47309,-6.99132],[110.4731,-6.99155],[110.47303,-6.99249],[110.47302,-6.99266],[110.47299,-6.993],[110.47299,-6.9934],[110.4731,-6.99402],[110.47312,-6.99423],[110.47312,-6.99452],[110.47311,-6.99484],[110.47301,-6.99551],[110.47301,-6.9956],[110.47305,-6.99572],[110.47296,-6.996],[110.47291,-6.99615],[110.47292,-6.99645],[110.47292,-6.99646],[110.47295,-6.99661],[110.47331,-6.99662],[110.47375,-6.99666],[110.47382,-6.99666],[110.47435,-6.99675],[110.47467,-6.9968],[110.47484,-6.9968],[110.47542,-6.9968],[110.47568,-6.99681],[110.47596,-6.99688],[110.4761,-6.99694],[110.47633,-6.99703],[110.47669,-6.99715],[110.47698,-6.99721],[110.47722,-6.99723],[110.47739,-6.99725],[110.47791,-6.99738],[110.47804,-6.99742],[110.47814,-6.99746],[110.4783,-6.99751],[110.47847,-6.99756],[110.47878,-6.99773],[110.47971,-6.99816],[110.47984,-6.99825],[110.47967,-6.99871],[110.47945,-6.99934],[110.47998,-6.9995],[110.48056,-6.99974],[110.4809,-7],[110.48113,-7.00013],[110.48212,-7.00039],[110.48294,-7.00064],[110.48299,-7.00087],[110.48305,-7.001],[110.48373,-7.00132],[110.4839,-7.0014],[110.4842,-7.00155],[110.4845,-7.00173],[110.48495,-7.0019],[110.48531,-7.002],[110.4854,-7.00203],[110.48572,-7.00234],[110.48591,-7.0025],[110.48595,-7.00293],[110.486,-7.00341],[110.48603,-7.00359],[110.48616,-7.00383],[110.48633,-7.004],[110.48681,-7.00426],[110.48697,-7.00433],[110.4871,-7.0044],[110.4872,-7.00445],[110.48736,-7.00455],[110.48742,-7.00458],[110.48748,-7.00448],[110.48754,-7.0044],[110.48761,-7.00429],[110.48768,-7.00419],[110.48788,-7.00387],[110.48818,-7.00325],[110.48821,-7.00319],[110.48853,-7.00276],[110.48869,-7.00254],[110.4889,-7.00231],[110.48916,-7.00204],[110.48922,-7.00198],[110.48942,-7.00173],[110.48962,-7.00152],[110.49013,-7.00093],[110.49019,-7.00078],[110.49031,-7.00041],[110.49036,-7.0004],[110.49043,-7.00032],[110.49051,-7.00018],[110.49063,-7],[110.49068,-6.99985],[110.49093,-6.99893],[110.49109,-6.99844],[110.49117,-6.99802],[110.49102,-6.99789],[110.49099,-6.99786],[110.49096,-6.99786],[110.49076,-6.99769],[110.49053,-6.99743],[110.49038,-6.99731],[110.49018,-6.99713],[110.48986,-6.99684],[110.48882,-6.99595],[110.4876,-6.99485],[110.48749,-6.99475],[110.48716,-6.99445],[110.48708,-6.99437],[110.48699,-6.99429],[110.4869,-6.99422],[110.48634,-6.99377],[110.48589,-6.99335],[110.48581,-6.99327],[110.48581,-6.99325],[110.48563,-6.99306],[110.48523,-6.99268],[110.48387,-6.99149],[110.48374,-6.99137],[110.48356,-6.99116],[110.48349,-6.99111],[110.48348,-6.9911],[110.48311,-6.99081],[110.48292,-6.99065],[110.48262,-6.99034],[110.4825,-6.99024],[110.48217,-6.98996],[110.48173,-6.98957],[110.48155,-6.98941],[110.48074,-6.9887],[110.48051,-6.98849],[110.47999,-6.98804],[110.47989,-6.98795],[110.47916,-6.98731],[110.47873,-6.98686],[110.4783,-6.9864],[110.47825,-6.98636],[110.47792,-6.98601],[110.47788,-6.98598],[110.47773,-6.98582],[110.47779,-6.98556],[110.47743,-6.98522]]]}},{"type":"Feature","properties":{"id":"ADM-PEDURUNGAN-TLOGOSARI-KULON","name":"Tlogosari Kulon","source_name":"Tlogosari Kulon","type":"Kelurahan","category":"Administrasi kota","kecamatan":"Pedurungan","kabupaten":"Kota Semarang","catatan":"Batas kelurahan dari berkas vektor kota. Serpihan dan wilayah luar kota dibuang. Kecamatan mengikuti daftar resmi, bukan kolom asli berkas.","status":"Batas administrasi"},"geometry":{"type":"Polygon","coordinates":[[[110.46824,-6.98162],[110.46812,-6.98155],[110.46793,-6.98152],[110.46778,-6.98154],[110.4676,-6.98164],[110.46743,-6.98174],[110.46706,-6.98172],[110.46676,-6.98169],[110.46654,-6.98166],[110.46643,-6.98165],[110.46609,-6.98159],[110.4655,-6.98126],[110.46511,-6.98105],[110.46498,-6.98097],[110.46481,-6.98087],[110.46428,-6.98057],[110.46394,-6.98038],[110.46393,-6.98037],[110.46392,-6.98037],[110.46271,-6.98004],[110.4627,-6.98003],[110.46268,-6.98002],[110.4621,-6.97986],[110.46142,-6.97968],[110.46141,-6.97968],[110.46141,-6.97967],[110.46122,-6.97962],[110.46087,-6.97954],[110.46081,-6.97952],[110.4607,-6.97948],[110.46019,-6.97933],[110.45955,-6.97916],[110.45927,-6.97909],[110.45886,-6.97901],[110.45879,-6.97898],[110.45838,-6.97887],[110.45819,-6.97875],[110.45813,-6.97871],[110.45782,-6.97866],[110.45779,-6.97866],[110.45772,-6.97865],[110.45766,-6.97864],[110.4576,-6.97865],[110.4573,-6.97855],[110.45711,-6.9785],[110.45693,-6.97843],[110.45655,-6.97833],[110.45646,-6.97831],[110.45598,-6.97819],[110.45558,-6.97807],[110.45523,-6.97792],[110.45507,-6.97786],[110.45472,-6.97771],[110.45443,-6.97764],[110.45437,-6.97763],[110.45428,-6.97762],[110.45427,-6.97752],[110.4543,-6.97712],[110.45429,-6.97709],[110.45387,-6.97697],[110.45347,-6.97694],[110.45295,-6.97689],[110.45264,-6.97682],[110.45251,-6.97679],[110.45238,-6.97676],[110.45199,-6.97671],[110.45166,-6.97667],[110.45161,-6.97667],[110.45133,-6.9766],[110.45103,-6.97653],[110.45077,-6.97646],[110.45057,-6.97645],[110.45041,-6.97644],[110.45079,-6.97899],[110.45103,-6.97917],[110.45347,-6.98325],[110.45352,-6.98336],[110.45379,-6.98386],[110.45384,-6.98398],[110.45397,-6.98422],[110.454,-6.98429],[110.45418,-6.98466],[110.45428,-6.98484],[110.4544,-6.98512],[110.45461,-6.98559],[110.45471,-6.98582],[110.45484,-6.98611],[110.45504,-6.98652],[110.45521,-6.98687],[110.4553,-6.98706],[110.45545,-6.98737],[110.45556,-6.98754],[110.45569,-6.9878],[110.45577,-6.98795],[110.45579,-6.98801],[110.45606,-6.98849],[110.45629,-6.98889],[110.45639,-6.98897],[110.45677,-6.98946],[110.45681,-6.9895],[110.45694,-6.9897],[110.45718,-6.98998],[110.45788,-6.99082],[110.45791,-6.99087],[110.45791,-6.99092],[110.45804,-6.99105],[110.45823,-6.99126],[110.45863,-6.99176],[110.45887,-6.99205],[110.45889,-6.99209],[110.4591,-6.99239],[110.45913,-6.99243],[110.45924,-6.99256],[110.4593,-6.99261],[110.45942,-6.99274],[110.45949,-6.99283],[110.45952,-6.99285],[110.45959,-6.99289],[110.45961,-6.99288],[110.45962,-6.99286],[110.45972,-6.99291],[110.45989,-6.99304],[110.46,-6.99315],[110.46005,-6.99335],[110.4601,-6.99351],[110.4602,-6.9938],[110.46056,-6.99428],[110.46126,-6.99502],[110.46147,-6.99523],[110.46159,-6.99535],[110.46178,-6.99561],[110.46199,-6.99581],[110.46234,-6.99618],[110.46249,-6.99632],[110.46255,-6.99638],[110.46281,-6.99665],[110.46308,-6.99695],[110.46377,-6.99769],[110.46427,-6.99823],[110.46431,-6.99827],[110.46472,-6.99869],[110.46474,-6.99871],[110.46493,-6.99891],[110.46532,-6.99932],[110.46549,-6.99949],[110.46558,-6.99966],[110.46559,-6.99966],[110.4656,-6.99962],[110.46565,-6.9995],[110.46569,-6.99863],[110.46569,-6.99843],[110.46568,-6.99767],[110.46568,-6.99759],[110.46568,-6.99708],[110.46557,-6.99673],[110.46551,-6.99657],[110.46548,-6.99646],[110.46565,-6.99601],[110.46572,-6.99582],[110.46577,-6.99557],[110.46583,-6.99534],[110.4658,-6.99513],[110.46577,-6.99501],[110.46573,-6.99478],[110.46573,-6.99476],[110.46573,-6.99474],[110.46571,-6.99442],[110.46568,-6.99385],[110.46564,-6.99293],[110.46568,-6.99258],[110.46593,-6.99163],[110.46604,-6.99078],[110.46606,-6.99067],[110.46619,-6.99017],[110.46625,-6.98994],[110.4664,-6.98935],[110.4665,-6.98901],[110.46652,-6.98893],[110.46664,-6.9885],[110.46672,-6.98816],[110.46681,-6.98776],[110.46682,-6.9877],[110.4669,-6.98737],[110.46695,-6.98706],[110.46695,-6.98705],[110.46703,-6.98668],[110.46705,-6.98658],[110.46707,-6.98647],[110.46711,-6.98622],[110.46713,-6.98609],[110.46717,-6.98582],[110.46759,-6.98579],[110.46764,-6.98545],[110.4677,-6.98502],[110.46783,-6.98424],[110.46789,-6.98401],[110.46792,-6.98392],[110.468,-6.98374],[110.46804,-6.98367],[110.46804,-6.98333],[110.46803,-6.98315],[110.46803,-6.9831],[110.46806,-6.98293],[110.46806,-6.9829],[110.46808,-6.9829],[110.46808,-6.98264],[110.46808,-6.98255],[110.46814,-6.98233],[110.46817,-6.98213],[110.46819,-6.98196],[110.46822,-6.98172],[110.46824,-6.98162]]]}},{"type":"Feature","properties":{"id":"ADM-PEDURUNGAN-TLOGOSARI-WETAN","name":"Tlogosari Wetan","source_name":"Tlogosari Wetan","type":"Kelurahan","category":"Administrasi kota","kecamatan":"Pedurungan","kabupaten":"Kota Semarang","catatan":"Batas kelurahan dari berkas vektor kota. Serpihan dan wilayah luar kota dibuang. Kecamatan mengikuti daftar resmi, bukan kolom asli berkas.","status":"Batas administrasi"},"geometry":{"type":"Polygon","coordinates":[[[110.47419,-6.98258],[110.47355,-6.98217],[110.47313,-6.98185],[110.47284,-6.98163],[110.47189,-6.98078],[110.4715,-6.98043],[110.47078,-6.97981],[110.47061,-6.97967],[110.47047,-6.97952],[110.47019,-6.97928],[110.46979,-6.97893],[110.46923,-6.97844],[110.46919,-6.97841],[110.46915,-6.9785],[110.46914,-6.97857],[110.46913,-6.97867],[110.46912,-6.97875],[110.46908,-6.97896],[110.46905,-6.97907],[110.46894,-6.97946],[110.46888,-6.97965],[110.46883,-6.97986],[110.46865,-6.98055],[110.46855,-6.98094],[110.46838,-6.98163],[110.46824,-6.98162],[110.46822,-6.98172],[110.46819,-6.98196],[110.46817,-6.98213],[110.46814,-6.98233],[110.46808,-6.98255],[110.46808,-6.98264],[110.46808,-6.9829],[110.46806,-6.9829],[110.46806,-6.98293],[110.46803,-6.9831],[110.46803,-6.98315],[110.46804,-6.98333],[110.46804,-6.98367],[110.468,-6.98374],[110.46792,-6.98392],[110.46789,-6.98401],[110.46783,-6.98424],[110.4677,-6.98502],[110.46764,-6.98545],[110.46759,-6.98579],[110.46717,-6.98582],[110.46713,-6.98609],[110.46711,-6.98622],[110.46707,-6.98647],[110.46705,-6.98658],[110.46703,-6.98668],[110.46695,-6.98705],[110.46695,-6.98706],[110.4669,-6.98737],[110.46682,-6.9877],[110.46681,-6.98776],[110.46672,-6.98816],[110.46664,-6.9885],[110.46652,-6.98893],[110.4665,-6.98901],[110.4664,-6.98935],[110.46625,-6.98994],[110.46619,-6.99017],[110.46606,-6.99067],[110.46604,-6.99078],[110.46593,-6.99163],[110.46568,-6.99258],[110.46564,-6.99293],[110.46568,-6.99385],[110.46571,-6.99442],[110.46573,-6.99474],[110.46573,-6.99476],[110.46582,-6.99476],[110.46588,-6.99477],[110.46597,-6.99478],[110.46688,-6.99489],[110.467,-6.99494],[110.46753,-6.99515],[110.4678,-6.99528],[110.46801,-6.99537],[110.46838,-6.99545],[110.46868,-6.99548],[110.46932,-6.99557],[110.47015,-6.99569],[110.4703,-6.99575],[110.47038,-6.99578],[110.47047,-6.99583],[110.47072,-6.99592],[110.47078,-6.99592],[110.47115,-6.99593],[110.47133,-6.99597],[110.47169,-6.99603],[110.47174,-6.99604],[110.47221,-6.99621],[110.47247,-6.9963],[110.47292,-6.99645],[110.47291,-6.99615],[110.47296,-6.996],[110.47305,-6.99572],[110.47301,-6.9956],[110.47301,-6.99551],[110.47311,-6.99484],[110.47312,-6.99452],[110.47312,-6.99423],[110.4731,-6.99402],[110.47299,-6.9934],[110.47299,-6.993],[110.47302,-6.99266],[110.47303,-6.99249],[110.4731,-6.99155],[110.47309,-6.99132],[110.47308,-6.99105],[110.47307,-6.99091],[110.47306,-6.99071],[110.47305,-6.99044],[110.47306,-6.99041],[110.47314,-6.99025],[110.47317,-6.9902],[110.47329,-6.99003],[110.47345,-6.98982],[110.47351,-6.98966],[110.47355,-6.98942],[110.47362,-6.98921],[110.47368,-6.98912],[110.47371,-6.98906],[110.47377,-6.98895],[110.47399,-6.98846],[110.4742,-6.98793],[110.47425,-6.9878],[110.47429,-6.98746],[110.47429,-6.9874],[110.47432,-6.98716],[110.47434,-6.98698],[110.47435,-6.98683],[110.47438,-6.98665],[110.47441,-6.9865],[110.47445,-6.98628],[110.47452,-6.98563],[110.47455,-6.98541],[110.47447,-6.98529],[110.47443,-6.98523],[110.47426,-6.985],[110.47418,-6.98478],[110.47413,-6.98462],[110.47407,-6.98443],[110.47383,-6.98418],[110.47345,-6.98383],[110.47335,-6.98373],[110.47333,-6.9837],[110.47336,-6.98358],[110.47385,-6.98296],[110.47386,-6.98295],[110.47397,-6.98286],[110.47406,-6.98276],[110.47409,-6.98273],[110.47412,-6.98269],[110.47419,-6.98258]]]}},{"type":"Feature","properties":{"id":"ADM-SEMARANG-BARAT-BOJONGSALAMAN","name":"Bojongsalaman","source_name":"Bojongsalaman","type":"Kelurahan","category":"Administrasi kota","kecamatan":"Semarang Barat","kabupaten":"Kota Semarang","catatan":"Batas kelurahan dari berkas vektor kota. Serpihan dan wilayah luar kota dibuang. Kecamatan mengikuti daftar resmi, bukan kolom asli berkas.","status":"Batas administrasi"},"geometry":{"type":"Polygon","coordinates":[[[110.40219,-6.98491],[110.40154,-6.98487],[110.40137,-6.98486],[110.4011,-6.98487],[110.40079,-6.98493],[110.40054,-6.98503],[110.40034,-6.98504],[110.39997,-6.98504],[110.39893,-6.98493],[110.39885,-6.98492],[110.39828,-6.98491],[110.39776,-6.98491],[110.39739,-6.98497],[110.39688,-6.98503],[110.3966,-6.98505],[110.39647,-6.98506],[110.39648,-6.98519],[110.39649,-6.98536],[110.39648,-6.98568],[110.39646,-6.98644],[110.39645,-6.98646],[110.39629,-6.98729],[110.39624,-6.98745],[110.39624,-6.98746],[110.39619,-6.98754],[110.39614,-6.98763],[110.39606,-6.98778],[110.39602,-6.98787],[110.39587,-6.98822],[110.3957,-6.98864],[110.39564,-6.9888],[110.39555,-6.98905],[110.39545,-6.9895],[110.39542,-6.98964],[110.39533,-6.9898],[110.39538,-6.98983],[110.3954,-6.98984],[110.39541,-6.98985],[110.39546,-6.98988],[110.39551,-6.98992],[110.39552,-6.98993],[110.39586,-6.99013],[110.39631,-6.99043],[110.39674,-6.9907],[110.3969,-6.99079],[110.39703,-6.99087],[110.39738,-6.99113],[110.39764,-6.99132],[110.39785,-6.99147],[110.39858,-6.99203],[110.39877,-6.99217],[110.39903,-6.99236],[110.39908,-6.99238],[110.39916,-6.99241],[110.39964,-6.99258],[110.39998,-6.99266],[110.40102,-6.99289],[110.40125,-6.99291],[110.40143,-6.99288],[110.40165,-6.99276],[110.40175,-6.99265],[110.4025,-6.99228],[110.4025,-6.99088],[110.40249,-6.98969],[110.40249,-6.98884],[110.40238,-6.98754],[110.40218,-6.98562],[110.40219,-6.98491]]]}},{"type":"Feature","properties":{"id":"ADM-SEMARANG-BARAT-BONGSARI","name":"Bongsari","source_name":"Bongsari","type":"Kelurahan","category":"Administrasi kota","kecamatan":"Semarang Barat","kabupaten":"Kota Semarang","catatan":"Batas kelurahan dari berkas vektor kota. Serpihan dan wilayah luar kota dibuang. Kecamatan mengikuti daftar resmi, bukan kolom asli berkas.","status":"Batas administrasi"},"geometry":{"type":"Polygon","coordinates":[[[110.39533,-6.9898],[110.39476,-6.98948],[110.39451,-6.98934],[110.39422,-6.98919],[110.39419,-6.98917],[110.39393,-6.989],[110.39374,-6.9889],[110.3937,-6.98888],[110.39325,-6.9886],[110.39239,-6.98807],[110.39224,-6.98801],[110.39162,-6.98777],[110.39131,-6.98766],[110.3912,-6.98765],[110.39069,-6.98764],[110.39025,-6.98763],[110.39011,-6.98762],[110.3901,-6.98768],[110.38994,-6.988],[110.38986,-6.98817],[110.38982,-6.9884],[110.38982,-6.98844],[110.38979,-6.98856],[110.38965,-6.98906],[110.38896,-6.99072],[110.38895,-6.99082],[110.3889,-6.99092],[110.38886,-6.99101],[110.38914,-6.99112],[110.38928,-6.99123],[110.39002,-6.99181],[110.3901,-6.99187],[110.39109,-6.99259],[110.39114,-6.99262],[110.39123,-6.99264],[110.39174,-6.99276],[110.39215,-6.99276],[110.39256,-6.99272],[110.39256,-6.99277],[110.39263,-6.99294],[110.39271,-6.99317],[110.39272,-6.99321],[110.39285,-6.99361],[110.39292,-6.99388],[110.39279,-6.9939],[110.3924,-6.99399],[110.3915,-6.99411],[110.39136,-6.99413],[110.39134,-6.9942],[110.39129,-6.99432],[110.39111,-6.99485],[110.39093,-6.99534],[110.39085,-6.99556],[110.3908,-6.99569],[110.39066,-6.99577],[110.39048,-6.99586],[110.39062,-6.99698],[110.39077,-6.99752],[110.39097,-6.99837],[110.3908,-6.99855],[110.39081,-6.99857],[110.39086,-6.9987],[110.39098,-6.99908],[110.39105,-6.99919],[110.39113,-6.99921],[110.39127,-6.99922],[110.39154,-6.99934],[110.39208,-6.99953],[110.39243,-6.99964],[110.39266,-6.99971],[110.39282,-6.99974],[110.39296,-6.99978],[110.3933,-6.99983],[110.39334,-6.9999],[110.39334,-6.99988],[110.39342,-6.99948],[110.39349,-6.99915],[110.39346,-6.99884],[110.39343,-6.99871],[110.39416,-6.99719],[110.39422,-6.99722],[110.39426,-6.99724],[110.39488,-6.99747],[110.39558,-6.99773],[110.39594,-6.99787],[110.39669,-6.99819],[110.39673,-6.99821],[110.39701,-6.99832],[110.39721,-6.99838],[110.39726,-6.99841],[110.39767,-6.99731],[110.39769,-6.99725],[110.39775,-6.9971],[110.39788,-6.99689],[110.398,-6.99677],[110.39808,-6.99674],[110.39834,-6.99683],[110.39856,-6.99691],[110.39882,-6.99697],[110.39892,-6.99697],[110.39902,-6.9969],[110.39916,-6.99657],[110.39918,-6.99652],[110.39926,-6.99615],[110.39934,-6.99544],[110.39934,-6.99533],[110.39937,-6.99527],[110.39944,-6.99508],[110.39944,-6.99506],[110.39944,-6.99501],[110.39898,-6.99497],[110.39862,-6.99496],[110.39849,-6.99496],[110.39847,-6.99469],[110.39849,-6.99456],[110.39849,-6.99455],[110.39851,-6.99437],[110.39855,-6.99414],[110.39857,-6.99404],[110.39865,-6.99378],[110.39869,-6.99366],[110.39876,-6.99343],[110.39879,-6.99336],[110.39891,-6.99307],[110.39897,-6.99294],[110.39912,-6.99259],[110.39916,-6.99241],[110.39908,-6.99238],[110.39903,-6.99236],[110.39877,-6.99217],[110.39858,-6.99203],[110.39785,-6.99147],[110.39764,-6.99132],[110.39738,-6.99113],[110.39703,-6.99087],[110.3969,-6.99079],[110.39674,-6.9907],[110.39631,-6.99043],[110.39586,-6.99013],[110.39552,-6.98993],[110.39551,-6.98992],[110.39546,-6.98988],[110.39541,-6.98985],[110.3954,-6.98984],[110.39538,-6.98983],[110.39533,-6.9898]]]}},{"type":"Feature","properties":{"id":"ADM-SEMARANG-BARAT-CABEAN","name":"Cabean","source_name":"Cabean","type":"Kelurahan","category":"Administrasi kota","kecamatan":"Semarang Barat","kabupaten":"Kota Semarang","catatan":"Batas kelurahan dari berkas vektor kota. Serpihan dan wilayah luar kota dibuang. Kecamatan mengikuti daftar resmi, bukan kolom asli berkas.","status":"Batas administrasi"},"geometry":{"type":"Polygon","coordinates":[[[110.40185,-6.98108],[110.40169,-6.98104],[110.40161,-6.98102],[110.40131,-6.98095],[110.40127,-6.98091],[110.40122,-6.98088],[110.40106,-6.98076],[110.40094,-6.98068],[110.40079,-6.98066],[110.40029,-6.98069],[110.40015,-6.98071],[110.3996,-6.9808],[110.39944,-6.98083],[110.3991,-6.98089],[110.39815,-6.98108],[110.39767,-6.98117],[110.39721,-6.98126],[110.39706,-6.98128],[110.39666,-6.98136],[110.39635,-6.98141],[110.39614,-6.98145],[110.3954,-6.98158],[110.39531,-6.98159],[110.39526,-6.9816],[110.39522,-6.98161],[110.39528,-6.98178],[110.39534,-6.98201],[110.39542,-6.98225],[110.39548,-6.98238],[110.39568,-6.98282],[110.39593,-6.98331],[110.39608,-6.98359],[110.39623,-6.98389],[110.39626,-6.98395],[110.39635,-6.98422],[110.39642,-6.98468],[110.39645,-6.98484],[110.39647,-6.98506],[110.3966,-6.98505],[110.39688,-6.98503],[110.39739,-6.98497],[110.39776,-6.98491],[110.39828,-6.98491],[110.39885,-6.98492],[110.39893,-6.98493],[110.39997,-6.98504],[110.40034,-6.98504],[110.40054,-6.98503],[110.40079,-6.98493],[110.4011,-6.98487],[110.40137,-6.98486],[110.40154,-6.98487],[110.40219,-6.98491],[110.40219,-6.98445],[110.40206,-6.98298],[110.40201,-6.98264],[110.40186,-6.98153],[110.40185,-6.98108]]]}},{"type":"Feature","properties":{"id":"ADM-SEMARANG-BARAT-GISIKDRONO","name":"Gisikdrono","source_name":"Gisikdrono","type":"Kelurahan","category":"Administrasi kota","kecamatan":"Semarang Barat","kabupaten":"Kota Semarang","catatan":"Batas kelurahan dari berkas vektor kota. Serpihan dan wilayah luar kota dibuang. Kecamatan mengikuti daftar resmi, bukan kolom asli berkas.","status":"Batas administrasi"},"geometry":{"type":"Polygon","coordinates":[[[110.38833,-6.97529],[110.38835,-6.97514],[110.38836,-6.97494],[110.38843,-6.97378],[110.38845,-6.97345],[110.38833,-6.97291],[110.38817,-6.97317],[110.38815,-6.97322],[110.38796,-6.97353],[110.38773,-6.97419],[110.38762,-6.97479],[110.38757,-6.97534],[110.38759,-6.97607],[110.38771,-6.97787],[110.38775,-6.97863],[110.38775,-6.97873],[110.38774,-6.97898],[110.38771,-6.9792],[110.38761,-6.97975],[110.38746,-6.98025],[110.38725,-6.98075],[110.38688,-6.98125],[110.38684,-6.9813],[110.38633,-6.98199],[110.38628,-6.98204],[110.38602,-6.98234],[110.38571,-6.9827],[110.38566,-6.98277],[110.38527,-6.98318],[110.38508,-6.98338],[110.38492,-6.98355],[110.38491,-6.98357],[110.38445,-6.98407],[110.38412,-6.98451],[110.384,-6.98442],[110.38386,-6.9844],[110.38372,-6.98443],[110.38361,-6.98452],[110.38355,-6.98464],[110.38355,-6.9848],[110.38361,-6.98493],[110.38373,-6.98502],[110.38387,-6.98505],[110.38402,-6.98501],[110.38432,-6.9854],[110.38466,-6.98587],[110.38491,-6.98622],[110.38506,-6.98641],[110.38515,-6.98655],[110.3852,-6.98661],[110.38531,-6.98671],[110.38531,-6.98743],[110.38531,-6.98847],[110.38531,-6.98906],[110.38531,-6.98942],[110.38531,-6.99008],[110.38531,-6.9908],[110.38531,-6.99121],[110.38525,-6.99183],[110.38527,-6.99186],[110.38521,-6.99183],[110.38513,-6.99188],[110.38496,-6.99203],[110.38464,-6.99237],[110.38432,-6.9926],[110.38422,-6.99268],[110.38411,-6.99273],[110.38399,-6.99287],[110.38362,-6.99332],[110.38349,-6.99352],[110.38331,-6.99382],[110.3832,-6.99399],[110.38313,-6.99412],[110.38295,-6.99443],[110.38283,-6.99462],[110.38267,-6.99487],[110.3826,-6.99517],[110.38259,-6.99541],[110.38261,-6.99559],[110.38262,-6.99566],[110.38277,-6.99583],[110.38284,-6.99591],[110.38292,-6.99608],[110.38309,-6.99636],[110.38316,-6.99651],[110.38321,-6.99667],[110.38325,-6.99685],[110.38326,-6.99703],[110.38327,-6.99713],[110.38324,-6.99732],[110.38314,-6.99768],[110.38313,-6.9977],[110.38425,-6.99802],[110.38475,-6.99816],[110.3854,-6.99835],[110.38561,-6.99841],[110.38599,-6.99852],[110.38645,-6.99865],[110.38676,-6.99875],[110.38687,-6.99878],[110.38744,-6.99895],[110.38768,-6.999],[110.388,-6.99902],[110.3881,-6.99902],[110.38843,-6.99904],[110.38887,-6.99907],[110.38909,-6.9991],[110.38926,-6.99912],[110.38958,-6.99905],[110.39009,-6.99874],[110.39032,-6.9986],[110.39034,-6.99859],[110.39072,-6.99856],[110.3908,-6.99855],[110.39097,-6.99837],[110.39077,-6.99752],[110.39062,-6.99698],[110.39048,-6.99586],[110.39066,-6.99577],[110.3908,-6.99569],[110.39085,-6.99556],[110.39093,-6.99534],[110.39111,-6.99485],[110.39129,-6.99432],[110.39134,-6.9942],[110.39136,-6.99413],[110.3915,-6.99411],[110.3924,-6.99399],[110.39279,-6.9939],[110.39292,-6.99388],[110.39285,-6.99361],[110.39272,-6.99321],[110.39271,-6.99317],[110.39263,-6.99294],[110.39256,-6.99277],[110.39256,-6.99272],[110.39215,-6.99276],[110.39174,-6.99276],[110.39123,-6.99264],[110.39114,-6.99262],[110.39109,-6.99259],[110.3901,-6.99187],[110.39002,-6.99181],[110.38928,-6.99123],[110.38914,-6.99112],[110.38886,-6.99101],[110.3889,-6.99092],[110.38895,-6.99082],[110.38896,-6.99072],[110.38965,-6.98906],[110.38979,-6.98856],[110.38982,-6.98844],[110.38982,-6.9884],[110.38986,-6.98817],[110.38994,-6.988],[110.3901,-6.98768],[110.39011,-6.98762],[110.39031,-6.98685],[110.39031,-6.98643],[110.39031,-6.98641],[110.3903,-6.98634],[110.3903,-6.98624],[110.39026,-6.98507],[110.39023,-6.98448],[110.39018,-6.98401],[110.39017,-6.98397],[110.39008,-6.98369],[110.38998,-6.98334],[110.38993,-6.98318],[110.38976,-6.98247],[110.38969,-6.98216],[110.38958,-6.98163],[110.38947,-6.98115],[110.38938,-6.98071],[110.38936,-6.98063],[110.38925,-6.9801],[110.38915,-6.97959],[110.38907,-6.97923],[110.38902,-6.97904],[110.38901,-6.97897],[110.38896,-6.97885],[110.3889,-6.97862],[110.38887,-6.97847],[110.38878,-6.97793],[110.38872,-6.97757],[110.38869,-6.97744],[110.38861,-6.97699],[110.38854,-6.97662],[110.38846,-6.97619],[110.38838,-6.9758],[110.38837,-6.97573],[110.38833,-6.97531],[110.38833,-6.97529]]]}},{"type":"Feature","properties":{"id":"ADM-SEMARANG-BARAT-KALIBANTENG-KIDUL","name":"Kalibanteng Kidul","source_name":"Kalibanteng Kidul","type":"Kelurahan","category":"Administrasi kota","kecamatan":"Semarang Barat","kabupaten":"Kota Semarang","catatan":"Batas kelurahan dari berkas vektor kota. Serpihan dan wilayah luar kota dibuang. Kecamatan mengikuti daftar resmi, bukan kolom asli berkas.","status":"Batas administrasi"},"geometry":{"type":"Polygon","coordinates":[[[110.38313,-6.9977],[110.38314,-6.99768],[110.38324,-6.99732],[110.38327,-6.99713],[110.38326,-6.99703],[110.38325,-6.99685],[110.38321,-6.99667],[110.38316,-6.99651],[110.38309,-6.99636],[110.38292,-6.99608],[110.38284,-6.99591],[110.38277,-6.99583],[110.38262,-6.99566],[110.38261,-6.99559],[110.38259,-6.99541],[110.3826,-6.99517],[110.38267,-6.99487],[110.38283,-6.99462],[110.38295,-6.99443],[110.38313,-6.99412],[110.3832,-6.99399],[110.38331,-6.99382],[110.38349,-6.99352],[110.38362,-6.99332],[110.38399,-6.99287],[110.38411,-6.99273],[110.38422,-6.99268],[110.38432,-6.9926],[110.38464,-6.99237],[110.38496,-6.99203],[110.38513,-6.99188],[110.38521,-6.99183],[110.38527,-6.99186],[110.38525,-6.99183],[110.38531,-6.99121],[110.38531,-6.9908],[110.38531,-6.99008],[110.38531,-6.98942],[110.38531,-6.98906],[110.38531,-6.98847],[110.38531,-6.98743],[110.38531,-6.98671],[110.3852,-6.98661],[110.38515,-6.98655],[110.38506,-6.98641],[110.38491,-6.98622],[110.38466,-6.98587],[110.38432,-6.9854],[110.38402,-6.98501],[110.38387,-6.98505],[110.38373,-6.98502],[110.38361,-6.98519],[110.38332,-6.98588],[110.38306,-6.98646],[110.383,-6.98661],[110.38286,-6.98699],[110.38276,-6.98729],[110.38269,-6.98751],[110.3826,-6.98784],[110.38252,-6.98821],[110.38249,-6.98849],[110.38248,-6.98856],[110.38246,-6.98886],[110.38231,-6.98993],[110.38224,-6.99016],[110.38211,-6.99041],[110.38186,-6.99076],[110.38159,-6.99102],[110.38148,-6.99112],[110.38118,-6.9914],[110.38096,-6.99161],[110.38085,-6.99176],[110.38049,-6.99228],[110.38034,-6.99244],[110.38029,-6.9925],[110.3802,-6.99263],[110.38014,-6.99281],[110.38006,-6.99302],[110.38003,-6.99341],[110.38003,-6.99362],[110.38002,-6.99431],[110.37995,-6.99451],[110.37984,-6.99491],[110.37983,-6.995],[110.37983,-6.99514],[110.37984,-6.9953],[110.37986,-6.99556],[110.37997,-6.9964],[110.37999,-6.99662],[110.38001,-6.99694],[110.38,-6.99702],[110.38,-6.99704],[110.38003,-6.99702],[110.38046,-6.99704],[110.38079,-6.99708],[110.38139,-6.99716],[110.38148,-6.99719],[110.38202,-6.99735],[110.38266,-6.99755],[110.3831,-6.99769],[110.38313,-6.9977]]]}},{"type":"Feature","properties":{"id":"ADM-SEMARANG-BARAT-KALIBANTENG-KULON","name":"Kalibanteng Kulon","source_name":"Kalibanteng Kulon","type":"Kelurahan","category":"Administrasi kota","kecamatan":"Semarang Barat","kabupaten":"Kota Semarang","catatan":"Batas kelurahan dari berkas vektor kota. Serpihan dan wilayah luar kota dibuang. Kecamatan mengikuti daftar resmi, bukan kolom asli berkas.","status":"Batas administrasi"},"geometry":{"type":"Polygon","coordinates":[[[110.38372,-6.98443],[110.38331,-6.98402],[110.38312,-6.9838],[110.38283,-6.98344],[110.382,-6.98239],[110.38152,-6.98179],[110.38129,-6.98154],[110.38055,-6.98053],[110.38,-6.97986],[110.38,-6.97985],[110.37899,-6.97996],[110.37832,-6.98004],[110.37811,-6.98007],[110.378,-6.98008],[110.37797,-6.98033],[110.37795,-6.98041],[110.37798,-6.98057],[110.37802,-6.98132],[110.37801,-6.98147],[110.37797,-6.98187],[110.37792,-6.9828],[110.3779,-6.98322],[110.37781,-6.98391],[110.37761,-6.98554],[110.37756,-6.98591],[110.37756,-6.98602],[110.37768,-6.98644],[110.37758,-6.98725],[110.37735,-6.9879],[110.37699,-6.98824],[110.37681,-6.98847],[110.37677,-6.98866],[110.37677,-6.98906],[110.37685,-6.98942],[110.37692,-6.98994],[110.37698,-6.9904],[110.37672,-6.99063],[110.37673,-6.99071],[110.37684,-6.99121],[110.37695,-6.99145],[110.37756,-6.99262],[110.37759,-6.99268],[110.37763,-6.99277],[110.37782,-6.99306],[110.37793,-6.9933],[110.37806,-6.99363],[110.37824,-6.99393],[110.37828,-6.99398],[110.37846,-6.99422],[110.37861,-6.99442],[110.37883,-6.99476],[110.37894,-6.99488],[110.37899,-6.99493],[110.37918,-6.9951],[110.37927,-6.99523],[110.37955,-6.9953],[110.37984,-6.9953],[110.37983,-6.99514],[110.37983,-6.995],[110.37984,-6.99491],[110.37995,-6.99451],[110.38002,-6.99431],[110.38003,-6.99362],[110.38003,-6.99341],[110.38006,-6.99302],[110.38014,-6.99281],[110.3802,-6.99263],[110.38029,-6.9925],[110.38034,-6.99244],[110.38049,-6.99228],[110.38085,-6.99176],[110.38096,-6.99161],[110.38118,-6.9914],[110.38148,-6.99112],[110.38159,-6.99102],[110.38186,-6.99076],[110.38211,-6.99041],[110.38224,-6.99016],[110.38231,-6.98993],[110.38246,-6.98886],[110.38248,-6.98856],[110.38249,-6.98849],[110.38252,-6.98821],[110.3826,-6.98784],[110.38269,-6.98751],[110.38276,-6.98729],[110.38286,-6.98699],[110.383,-6.98661],[110.38306,-6.98646],[110.38332,-6.98588],[110.38361,-6.98519],[110.38373,-6.98502],[110.38361,-6.98493],[110.38355,-6.9848],[110.38355,-6.98464],[110.38361,-6.98452],[110.38372,-6.98443]]]}},{"type":"Feature","properties":{"id":"ADM-SEMARANG-BARAT-KARANGAYU","name":"Karangayu","source_name":"Karangayu","type":"Kelurahan","category":"Administrasi kota","kecamatan":"Semarang Barat","kabupaten":"Kota Semarang","catatan":"Batas kelurahan dari berkas vektor kota. Serpihan dan wilayah luar kota dibuang. Kecamatan mengikuti daftar resmi, bukan kolom asli berkas.","status":"Batas administrasi"},"geometry":{"type":"Polygon","coordinates":[[[110.39531,-6.98159],[110.39515,-6.98054],[110.39496,-6.97948],[110.39482,-6.97864],[110.39477,-6.97837],[110.39476,-6.97827],[110.39475,-6.9782],[110.39471,-6.97795],[110.3947,-6.9779],[110.39464,-6.97748],[110.39462,-6.97728],[110.39457,-6.9769],[110.39442,-6.97564],[110.39437,-6.97528],[110.39437,-6.97525],[110.39433,-6.97506],[110.3942,-6.97486],[110.39419,-6.97485],[110.39401,-6.97463],[110.39379,-6.97445],[110.39374,-6.97474],[110.39372,-6.97485],[110.39359,-6.9749],[110.39327,-6.97498],[110.393,-6.97501],[110.39249,-6.97507],[110.39198,-6.9751],[110.39192,-6.9751],[110.39088,-6.97515],[110.3906,-6.97515],[110.39058,-6.97515],[110.39001,-6.97518],[110.38908,-6.97523],[110.38875,-6.97525],[110.38868,-6.97525],[110.38836,-6.97529],[110.38833,-6.97529],[110.38833,-6.97531],[110.38837,-6.97573],[110.38838,-6.9758],[110.38846,-6.97619],[110.38854,-6.97662],[110.38861,-6.97699],[110.38869,-6.97744],[110.38872,-6.97757],[110.38878,-6.97793],[110.38887,-6.97847],[110.3889,-6.97862],[110.38896,-6.97885],[110.38901,-6.97897],[110.38902,-6.97904],[110.38907,-6.97923],[110.38915,-6.97959],[110.38925,-6.9801],[110.38936,-6.98063],[110.38938,-6.98071],[110.38947,-6.98115],[110.38958,-6.98163],[110.38969,-6.98216],[110.38976,-6.98247],[110.38993,-6.98318],[110.39146,-6.9827],[110.39174,-6.9826],[110.39228,-6.98243],[110.39302,-6.9822],[110.3931,-6.98217],[110.39325,-6.98212],[110.394,-6.98186],[110.39461,-6.98172],[110.39463,-6.98172],[110.39522,-6.98161],[110.39526,-6.9816],[110.39531,-6.98159]]]}},{"type":"Feature","properties":{"id":"ADM-SEMARANG-BARAT-KEMBANGARUM","name":"Kembangarum","source_name":"Kembangarum","type":"Kelurahan","category":"Administrasi kota","kecamatan":"Semarang Barat","kabupaten":"Kota Semarang","catatan":"Batas kelurahan dari berkas vektor kota. Serpihan dan wilayah luar kota dibuang. Kecamatan mengikuti daftar resmi, bukan kolom asli berkas.","status":"Batas administrasi"},"geometry":{"type":"Polygon","coordinates":[[[110.37984,-6.9953],[110.37955,-6.9953],[110.37927,-6.99523],[110.37918,-6.9951],[110.37899,-6.99493],[110.37894,-6.99488],[110.37883,-6.99476],[110.37861,-6.99442],[110.37846,-6.99422],[110.37828,-6.99398],[110.37824,-6.99393],[110.37806,-6.99363],[110.37793,-6.9933],[110.37782,-6.99306],[110.37763,-6.99277],[110.37759,-6.99268],[110.37756,-6.99262],[110.37695,-6.99145],[110.37684,-6.99121],[110.37673,-6.99071],[110.37672,-6.99063],[110.37698,-6.9904],[110.37692,-6.98994],[110.37685,-6.98942],[110.37677,-6.98906],[110.37677,-6.98866],[110.37681,-6.98847],[110.37699,-6.98824],[110.37735,-6.9879],[110.37758,-6.98725],[110.37768,-6.98644],[110.37756,-6.98602],[110.37747,-6.98603],[110.37729,-6.98608],[110.37684,-6.98617],[110.37624,-6.98629],[110.37589,-6.98636],[110.37557,-6.98642],[110.37541,-6.98645],[110.37539,-6.98667],[110.37538,-6.98695],[110.37511,-6.98749],[110.375,-6.98773],[110.37477,-6.9882],[110.37471,-6.98832],[110.37445,-6.98863],[110.37431,-6.98872],[110.37405,-6.98876],[110.37368,-6.98871],[110.37333,-6.98868],[110.37305,-6.98865],[110.37265,-6.98862],[110.37222,-6.98861],[110.372,-6.98861],[110.37183,-6.9886],[110.37146,-6.98863],[110.37143,-6.98863],[110.3714,-6.98863],[110.37059,-6.98867],[110.37047,-6.98867],[110.37044,-6.98868],[110.37014,-6.98871],[110.36971,-6.98877],[110.36964,-6.98886],[110.36961,-6.989],[110.36957,-6.98938],[110.36957,-6.98984],[110.36961,-6.99033],[110.36963,-6.99084],[110.36964,-6.99099],[110.36965,-6.99134],[110.36968,-6.99191],[110.36968,-6.99282],[110.36964,-6.99312],[110.36955,-6.99349],[110.36942,-6.99381],[110.36937,-6.99382],[110.36929,-6.99377],[110.3691,-6.99367],[110.36897,-6.99365],[110.36894,-6.99376],[110.36858,-6.99494],[110.36857,-6.99523],[110.36864,-6.99562],[110.36873,-6.99596],[110.36887,-6.99637],[110.36894,-6.99655],[110.36913,-6.99696],[110.36952,-6.99757],[110.37013,-6.99832],[110.3702,-6.99841],[110.37057,-6.9989],[110.37077,-6.99936],[110.37085,-6.99977],[110.37089,-7],[110.37091,-7.00011],[110.37094,-7.00031],[110.37103,-7.00081],[110.37114,-7.0012],[110.37146,-7.00182],[110.37179,-7.00218],[110.37198,-7.00233],[110.37233,-7.00253],[110.37302,-7.00277],[110.37327,-7.00286],[110.37364,-7.00294],[110.37425,-7.00312],[110.37475,-7.00328],[110.37497,-7.00338],[110.375,-7.00339],[110.37547,-7.00368],[110.3756,-7.00383],[110.3766,-7.00501],[110.37683,-7.0053],[110.37691,-7.00539],[110.37691,-7.0054],[110.37699,-7.00548],[110.37777,-7.00628],[110.37795,-7.00647],[110.37838,-7.00693],[110.3785,-7.00682],[110.37874,-7.00663],[110.37911,-7.00632],[110.37924,-7.00621],[110.37934,-7.00613],[110.37942,-7.00605],[110.37992,-7.00558],[110.37994,-7.00556],[110.37997,-7.00552],[110.3801,-7.00527],[110.38037,-7.00452],[110.38038,-7.00448],[110.38046,-7.00423],[110.38057,-7.00397],[110.38075,-7.0038],[110.38099,-7.00368],[110.38109,-7.00364],[110.38127,-7.00355],[110.3814,-7.00349],[110.38152,-7.00336],[110.38157,-7.00322],[110.38158,-7.00308],[110.38152,-7.003],[110.38148,-7.00299],[110.38123,-7.00292],[110.38106,-7.00288],[110.38095,-7.00281],[110.3806,-7.00244],[110.38042,-7.00215],[110.38032,-7.00199],[110.38026,-7.00187],[110.38025,-7.00177],[110.38023,-7.00147],[110.38023,-7.00124],[110.38027,-7.00095],[110.38031,-7.00075],[110.38034,-7.00055],[110.38033,-7.00045],[110.38027,-7.00037],[110.38013,-7.00028],[110.37997,-7.00023],[110.37968,-7.00018],[110.37936,-7.00005],[110.37928,-7],[110.37921,-6.99996],[110.37897,-6.99971],[110.37879,-6.9994],[110.3787,-6.99925],[110.37862,-6.99905],[110.37856,-6.99891],[110.37853,-6.99871],[110.37856,-6.99859],[110.37867,-6.99843],[110.37874,-6.99833],[110.37877,-6.99829],[110.37893,-6.99816],[110.37923,-6.99801],[110.3795,-6.99797],[110.37968,-6.99794],[110.37979,-6.99789],[110.37988,-6.99767],[110.37993,-6.99753],[110.37996,-6.9974],[110.37997,-6.99734],[110.37997,-6.99726],[110.37998,-6.99724],[110.37999,-6.99722],[110.38,-6.99704],[110.38,-6.99702],[110.38001,-6.99694],[110.37999,-6.99662],[110.37997,-6.9964],[110.37986,-6.99556],[110.37984,-6.9953]]]}},{"type":"Feature","properties":{"id":"ADM-SEMARANG-BARAT-KRAPYAK","name":"Krapyak","source_name":"Krapyak","type":"Kelurahan","category":"Administrasi kota","kecamatan":"Semarang Barat","kabupaten":"Kota Semarang","catatan":"Batas kelurahan dari berkas vektor kota. Serpihan dan wilayah luar kota dibuang. Kecamatan mengikuti daftar resmi, bukan kolom asli berkas.","status":"Batas administrasi"},"geometry":{"type":"Polygon","coordinates":[[[110.37756,-6.98602],[110.37756,-6.98591],[110.37761,-6.98554],[110.37781,-6.98391],[110.3779,-6.98322],[110.37792,-6.9828],[110.37797,-6.98187],[110.37801,-6.98147],[110.37802,-6.98132],[110.37798,-6.98057],[110.37795,-6.98041],[110.37797,-6.98033],[110.378,-6.98008],[110.37792,-6.98009],[110.3779,-6.98009],[110.37683,-6.9802],[110.37681,-6.98021],[110.37624,-6.98026],[110.37618,-6.98028],[110.37606,-6.98029],[110.37606,-6.98021],[110.37556,-6.98029],[110.375,-6.98042],[110.37487,-6.98043],[110.37436,-6.98049],[110.37288,-6.98065],[110.37203,-6.98074],[110.37192,-6.98076],[110.37107,-6.98085],[110.37093,-6.98086],[110.3709,-6.98086],[110.37065,-6.98089],[110.37014,-6.98094],[110.36967,-6.98098],[110.36944,-6.98101],[110.36844,-6.98112],[110.36787,-6.98119],[110.36743,-6.98123],[110.36618,-6.98126],[110.36555,-6.98119],[110.36547,-6.98195],[110.3654,-6.9823],[110.36524,-6.98293],[110.36521,-6.98309],[110.36522,-6.98316],[110.36548,-6.98335],[110.36557,-6.98341],[110.36556,-6.9836],[110.36554,-6.98367],[110.36512,-6.98356],[110.36508,-6.98371],[110.36508,-6.98399],[110.36509,-6.98416],[110.36506,-6.98419],[110.36481,-6.98421],[110.36417,-6.98442],[110.36414,-6.98445],[110.36413,-6.9845],[110.36406,-6.9847],[110.36379,-6.98559],[110.36364,-6.98597],[110.36336,-6.98646],[110.36322,-6.98699],[110.36321,-6.98705],[110.3635,-6.98712],[110.36381,-6.98723],[110.364,-6.9873],[110.36432,-6.98741],[110.36452,-6.98749],[110.36493,-6.98761],[110.36543,-6.98774],[110.36555,-6.98778],[110.36588,-6.98786],[110.36668,-6.98795],[110.3667,-6.98795],[110.36701,-6.98791],[110.36764,-6.98778],[110.36796,-6.98774],[110.36815,-6.98772],[110.36818,-6.98782],[110.36846,-6.98879],[110.36859,-6.98922],[110.36868,-6.98956],[110.36899,-6.99072],[110.36904,-6.99099],[110.36922,-6.99199],[110.36909,-6.9933],[110.36902,-6.99348],[110.36897,-6.99365],[110.3691,-6.99367],[110.36929,-6.99377],[110.36937,-6.99382],[110.36942,-6.99381],[110.36955,-6.99349],[110.36964,-6.99312],[110.36968,-6.99282],[110.36968,-6.99191],[110.36965,-6.99134],[110.36964,-6.99099],[110.36963,-6.99084],[110.36961,-6.99033],[110.36957,-6.98984],[110.36957,-6.98938],[110.36961,-6.989],[110.36964,-6.98886],[110.36971,-6.98877],[110.37014,-6.98871],[110.37044,-6.98868],[110.37047,-6.98867],[110.37059,-6.98867],[110.3714,-6.98863],[110.37143,-6.98863],[110.37146,-6.98863],[110.37183,-6.9886],[110.372,-6.98861],[110.37222,-6.98861],[110.37265,-6.98862],[110.37305,-6.98865],[110.37333,-6.98868],[110.37368,-6.98871],[110.37405,-6.98876],[110.37431,-6.98872],[110.37445,-6.98863],[110.37471,-6.98832],[110.37477,-6.9882],[110.375,-6.98773],[110.37511,-6.98749],[110.37538,-6.98695],[110.37539,-6.98667],[110.37541,-6.98645],[110.37557,-6.98642],[110.37589,-6.98636],[110.37624,-6.98629],[110.37684,-6.98617],[110.37729,-6.98608],[110.37747,-6.98603],[110.37756,-6.98602]]]}},{"type":"Feature","properties":{"id":"ADM-SEMARANG-BARAT-KROBOKAN","name":"Krobokan","source_name":"Krobokan","type":"Kelurahan","category":"Administrasi kota","kecamatan":"Semarang Barat","kabupaten":"Kota Semarang","catatan":"Batas kelurahan dari berkas vektor kota. Serpihan dan wilayah luar kota dibuang. Kecamatan mengikuti daftar resmi, bukan kolom asli berkas.","status":"Batas administrasi"},"geometry":{"type":"Polygon","coordinates":[[[110.4014,-6.97753],[110.40138,-6.97634],[110.4012,-6.97455],[110.40109,-6.97328],[110.40088,-6.97228],[110.4007,-6.97109],[110.40056,-6.96991],[110.40007,-6.97023],[110.3983,-6.97043],[110.39788,-6.97049],[110.39654,-6.97084],[110.39611,-6.97088],[110.39612,-6.97106],[110.39617,-6.97168],[110.39454,-6.9719],[110.39452,-6.97301],[110.3945,-6.97302],[110.39422,-6.97305],[110.39306,-6.9732],[110.39301,-6.97317],[110.39291,-6.9731],[110.3929,-6.97325],[110.39293,-6.97343],[110.39298,-6.97348],[110.39331,-6.97388],[110.39344,-6.97404],[110.39379,-6.97445],[110.39401,-6.97463],[110.39419,-6.97485],[110.3942,-6.97486],[110.39433,-6.97506],[110.39437,-6.97525],[110.39437,-6.97528],[110.39442,-6.97564],[110.39457,-6.9769],[110.39462,-6.97728],[110.39464,-6.97748],[110.3947,-6.9779],[110.39471,-6.97795],[110.39475,-6.9782],[110.39476,-6.97827],[110.39477,-6.97837],[110.39482,-6.97864],[110.39496,-6.97948],[110.39515,-6.98054],[110.39531,-6.98159],[110.3954,-6.98158],[110.39614,-6.98145],[110.39635,-6.98141],[110.39666,-6.98136],[110.39706,-6.98128],[110.39721,-6.98126],[110.39767,-6.98117],[110.39815,-6.98108],[110.3991,-6.98089],[110.39944,-6.98083],[110.3996,-6.9808],[110.40015,-6.98071],[110.40029,-6.98069],[110.40079,-6.98066],[110.40094,-6.98068],[110.40106,-6.98076],[110.40122,-6.98088],[110.40127,-6.98091],[110.40131,-6.98095],[110.40161,-6.98102],[110.40169,-6.98104],[110.40185,-6.98108],[110.40185,-6.98028],[110.4017,-6.97936],[110.4014,-6.97753]]]}},{"type":"Feature","properties":{"id":"ADM-SEMARANG-BARAT-MANYARAN","name":"Manyaran","source_name":"Manyaran","type":"Kelurahan","category":"Administrasi kota","kecamatan":"Semarang Barat","kabupaten":"Kota Semarang","catatan":"Batas kelurahan dari berkas vektor kota. Serpihan dan wilayah luar kota dibuang. Kecamatan mengikuti daftar resmi, bukan kolom asli berkas.","status":"Batas administrasi"},"geometry":{"type":"Polygon","coordinates":[[[110.38313,-6.9977],[110.3831,-6.99769],[110.38266,-6.99755],[110.38202,-6.99735],[110.38148,-6.99719],[110.38139,-6.99716],[110.38079,-6.99708],[110.38046,-6.99704],[110.38003,-6.99702],[110.38,-6.99704],[110.37999,-6.99722],[110.37998,-6.99724],[110.37997,-6.99726],[110.37997,-6.99734],[110.37996,-6.9974],[110.37993,-6.99753],[110.37988,-6.99767],[110.37979,-6.99789],[110.37968,-6.99794],[110.3795,-6.99797],[110.37923,-6.99801],[110.37893,-6.99816],[110.37877,-6.99829],[110.37874,-6.99833],[110.37867,-6.99843],[110.37856,-6.99859],[110.37853,-6.99871],[110.37856,-6.99891],[110.37862,-6.99905],[110.3787,-6.99925],[110.37879,-6.9994],[110.37897,-6.99971],[110.37921,-6.99996],[110.37928,-7],[110.37936,-7.00005],[110.37968,-7.00018],[110.37997,-7.00023],[110.38013,-7.00028],[110.38027,-7.00037],[110.38033,-7.00045],[110.38034,-7.00055],[110.38031,-7.00075],[110.38027,-7.00095],[110.38023,-7.00124],[110.38023,-7.00147],[110.38025,-7.00177],[110.38026,-7.00187],[110.38032,-7.00199],[110.38042,-7.00215],[110.3806,-7.00244],[110.38095,-7.00281],[110.38106,-7.00288],[110.38123,-7.00292],[110.38148,-7.00299],[110.38152,-7.003],[110.38158,-7.00308],[110.38157,-7.00322],[110.38152,-7.00336],[110.3814,-7.00349],[110.38127,-7.00355],[110.38109,-7.00364],[110.38099,-7.00368],[110.38075,-7.0038],[110.38057,-7.00397],[110.38046,-7.00423],[110.38038,-7.00448],[110.38037,-7.00452],[110.3801,-7.00527],[110.37997,-7.00552],[110.37994,-7.00556],[110.37992,-7.00558],[110.37942,-7.00605],[110.37934,-7.00613],[110.37924,-7.00621],[110.37911,-7.00632],[110.37874,-7.00663],[110.3785,-7.00682],[110.37838,-7.00693],[110.37839,-7.00695],[110.37886,-7.00746],[110.38036,-7.00914],[110.38118,-7.01003],[110.3821,-7.01103],[110.38226,-7.01116],[110.38246,-7.01132],[110.38249,-7.01134],[110.38253,-7.01136],[110.38371,-7.01226],[110.38435,-7.01271],[110.38479,-7.01305],[110.38504,-7.01323],[110.38514,-7.01331],[110.38596,-7.01393],[110.38646,-7.01431],[110.38716,-7.01481],[110.38745,-7.01504],[110.38756,-7.01511],[110.38761,-7.01491],[110.38764,-7.01476],[110.38763,-7.01445],[110.38762,-7.01426],[110.38759,-7.01378],[110.38751,-7.01346],[110.38745,-7.01324],[110.38737,-7.01298],[110.38715,-7.01253],[110.38697,-7.01222],[110.38683,-7.01199],[110.38673,-7.01183],[110.38667,-7.01164],[110.38665,-7.01147],[110.3867,-7.01125],[110.38699,-7.01056],[110.38759,-7.00935],[110.38785,-7.00883],[110.38803,-7.0086],[110.38818,-7.00844],[110.38837,-7.00812],[110.38856,-7.00778],[110.38871,-7.00738],[110.38879,-7.00711],[110.38883,-7.00689],[110.38883,-7.00664],[110.38888,-7.0065],[110.38899,-7.00629],[110.38912,-7.00611],[110.38925,-7.00598],[110.38936,-7.00591],[110.38959,-7.00588],[110.39,-7.00585],[110.39028,-7.00586],[110.39043,-7.00586],[110.3907,-7.00582],[110.39103,-7.00577],[110.3913,-7.00572],[110.39144,-7.00498],[110.39152,-7.00488],[110.39161,-7.00456],[110.39171,-7.00421],[110.39162,-7.00418],[110.39114,-7.00405],[110.39097,-7.00401],[110.39087,-7.00398],[110.39056,-7.00386],[110.39014,-7.00369],[110.38996,-7.00361],[110.38986,-7.00353],[110.38986,-7.00349],[110.38981,-7.00323],[110.3898,-7.00308],[110.38979,-7.00306],[110.38982,-7.00274],[110.38985,-7.00245],[110.38982,-7.00223],[110.38976,-7.00188],[110.38959,-7.00127],[110.38948,-7.00087],[110.38936,-7.0007],[110.38915,-7.00048],[110.38938,-7.00042],[110.38967,-7.00029],[110.3899,-7.0002],[110.38994,-7.0001],[110.38994,-7],[110.38995,-6.99999],[110.38972,-6.99977],[110.38922,-6.99952],[110.38923,-6.99925],[110.38926,-6.99912],[110.38909,-6.9991],[110.38887,-6.99907],[110.38843,-6.99904],[110.3881,-6.99902],[110.388,-6.99902],[110.38768,-6.999],[110.38744,-6.99895],[110.38687,-6.99878],[110.38676,-6.99875],[110.38645,-6.99865],[110.38599,-6.99852],[110.38561,-6.99841],[110.3854,-6.99835],[110.38475,-6.99816],[110.38425,-6.99802],[110.38313,-6.9977]]]}},{"type":"Feature","properties":{"id":"ADM-SEMARANG-BARAT-NGEMPLAK-SIMONGAN","name":"Ngemplak Simongan","source_name":"Ngemplaksimongan","type":"Kelurahan","category":"Administrasi kota","kecamatan":"Semarang Barat","kabupaten":"Kota Semarang","catatan":"Batas kelurahan dari berkas vektor kota. Serpihan dan wilayah luar kota dibuang. Kecamatan mengikuti daftar resmi, bukan kolom asli berkas.","status":"Batas administrasi"},"geometry":{"type":"Polygon","coordinates":[[[110.40192,-6.99601],[110.40228,-6.99498],[110.4025,-6.99398],[110.4025,-6.99281],[110.4025,-6.99228],[110.40175,-6.99265],[110.40165,-6.99276],[110.40143,-6.99288],[110.40125,-6.99291],[110.40102,-6.99289],[110.39998,-6.99266],[110.39964,-6.99258],[110.39916,-6.99241],[110.39912,-6.99259],[110.39897,-6.99294],[110.39891,-6.99307],[110.39879,-6.99336],[110.39876,-6.99343],[110.39869,-6.99366],[110.39865,-6.99378],[110.39857,-6.99404],[110.39855,-6.99414],[110.39851,-6.99437],[110.39849,-6.99455],[110.39849,-6.99456],[110.39847,-6.99469],[110.39849,-6.99496],[110.39862,-6.99496],[110.39898,-6.99497],[110.39944,-6.99501],[110.39944,-6.99506],[110.39944,-6.99508],[110.39937,-6.99527],[110.39934,-6.99533],[110.39934,-6.99544],[110.39926,-6.99615],[110.39918,-6.99652],[110.39916,-6.99657],[110.39902,-6.9969],[110.39892,-6.99697],[110.39882,-6.99697],[110.39856,-6.99691],[110.39834,-6.99683],[110.39808,-6.99674],[110.398,-6.99677],[110.39788,-6.99689],[110.39775,-6.9971],[110.39769,-6.99725],[110.39767,-6.99731],[110.39726,-6.99841],[110.39721,-6.99838],[110.39701,-6.99832],[110.39673,-6.99821],[110.39669,-6.99819],[110.39594,-6.99787],[110.39558,-6.99773],[110.39488,-6.99747],[110.39426,-6.99724],[110.39422,-6.99722],[110.39416,-6.99719],[110.39343,-6.99871],[110.39346,-6.99884],[110.39349,-6.99915],[110.39342,-6.99948],[110.39334,-6.99988],[110.39334,-6.9999],[110.3933,-6.99983],[110.39296,-6.99978],[110.39282,-6.99974],[110.39266,-6.99971],[110.39243,-6.99964],[110.39208,-6.99953],[110.39154,-6.99934],[110.39127,-6.99922],[110.39113,-6.99921],[110.39105,-6.99919],[110.39098,-6.99908],[110.39086,-6.9987],[110.39081,-6.99857],[110.3908,-6.99855],[110.39072,-6.99856],[110.39034,-6.99859],[110.39032,-6.9986],[110.39009,-6.99874],[110.38958,-6.99905],[110.38926,-6.99912],[110.38923,-6.99925],[110.38922,-6.99952],[110.38972,-6.99977],[110.38995,-6.99999],[110.38994,-7],[110.38994,-7.0001],[110.3899,-7.0002],[110.38967,-7.00029],[110.38938,-7.00042],[110.38915,-7.00048],[110.38936,-7.0007],[110.38948,-7.00087],[110.38959,-7.00127],[110.38976,-7.00188],[110.38982,-7.00223],[110.38985,-7.00245],[110.38982,-7.00274],[110.38979,-7.00306],[110.3898,-7.00308],[110.38981,-7.00323],[110.38986,-7.00349],[110.38986,-7.00353],[110.38996,-7.00361],[110.39014,-7.00369],[110.39056,-7.00386],[110.39087,-7.00398],[110.39097,-7.00401],[110.39114,-7.00405],[110.39162,-7.00418],[110.39171,-7.00421],[110.39161,-7.00456],[110.39152,-7.00488],[110.39144,-7.00498],[110.3913,-7.00572],[110.3914,-7.0057],[110.39158,-7.0057],[110.39182,-7.00575],[110.39218,-7.00586],[110.39271,-7.00605],[110.39316,-7.00618],[110.3935,-7.00628],[110.39368,-7.00635],[110.39399,-7.00647],[110.39418,-7.00656],[110.39442,-7.00673],[110.39474,-7.00703],[110.395,-7.00729],[110.39522,-7.00748],[110.39534,-7.00755],[110.39548,-7.00758],[110.39562,-7.00756],[110.39574,-7.0075],[110.39576,-7.00746],[110.39583,-7.00739],[110.39588,-7.00716],[110.39593,-7.00689],[110.39594,-7.00659],[110.39593,-7.00628],[110.39589,-7.00609],[110.39576,-7.00584],[110.39568,-7.00564],[110.39565,-7.00547],[110.39564,-7.00535],[110.39566,-7.00524],[110.39577,-7.00497],[110.39589,-7.00471],[110.39596,-7.00448],[110.39604,-7.00426],[110.39609,-7.00408],[110.3963,-7.00338],[110.39642,-7.00289],[110.39653,-7.00262],[110.39669,-7.0024],[110.3969,-7.00223],[110.3972,-7.00206],[110.39753,-7.00192],[110.39798,-7.00179],[110.39896,-7.00154],[110.39958,-7.00136],[110.40002,-7.0013],[110.4004,-7.00125],[110.40082,-7.00128],[110.40101,-7.00121],[110.40124,-7.00092],[110.40149,-7.00055],[110.40173,-7.00013],[110.40167,-7],[110.4015,-6.99957],[110.40106,-6.99876],[110.40101,-6.99845],[110.4011,-6.99813],[110.40141,-6.9974],[110.40192,-6.99601]]]}},{"type":"Feature","properties":{"id":"ADM-SEMARANG-BARAT-SALAMAN-MLOYO","name":"Salaman Mloyo","source_name":"Salamanmloyo","type":"Kelurahan","category":"Administrasi kota","kecamatan":"Semarang Barat","kabupaten":"Kota Semarang","catatan":"Batas kelurahan dari berkas vektor kota. Serpihan dan wilayah luar kota dibuang. Kecamatan mengikuti daftar resmi, bukan kolom asli berkas.","status":"Batas administrasi"},"geometry":{"type":"Polygon","coordinates":[[[110.39647,-6.98506],[110.39645,-6.98484],[110.39642,-6.98468],[110.39635,-6.98422],[110.39626,-6.98395],[110.39623,-6.98389],[110.39608,-6.98359],[110.39593,-6.98331],[110.39568,-6.98282],[110.39548,-6.98238],[110.39542,-6.98225],[110.39534,-6.98201],[110.39528,-6.98178],[110.39522,-6.98161],[110.39463,-6.98172],[110.39461,-6.98172],[110.394,-6.98186],[110.39325,-6.98212],[110.3931,-6.98217],[110.39302,-6.9822],[110.39228,-6.98243],[110.39174,-6.9826],[110.39146,-6.9827],[110.38993,-6.98318],[110.38998,-6.98334],[110.39008,-6.98369],[110.39017,-6.98397],[110.39018,-6.98401],[110.39023,-6.98448],[110.39026,-6.98507],[110.3903,-6.98624],[110.3903,-6.98634],[110.39031,-6.98641],[110.39031,-6.98643],[110.39031,-6.98685],[110.39011,-6.98762],[110.39025,-6.98763],[110.39069,-6.98764],[110.3912,-6.98765],[110.39131,-6.98766],[110.39162,-6.98777],[110.39224,-6.98801],[110.39239,-6.98807],[110.39325,-6.9886],[110.3937,-6.98888],[110.39374,-6.9889],[110.39393,-6.989],[110.39419,-6.98917],[110.39422,-6.98919],[110.39451,-6.98934],[110.39476,-6.98948],[110.39533,-6.9898],[110.39542,-6.98964],[110.39545,-6.9895],[110.39555,-6.98905],[110.39564,-6.9888],[110.3957,-6.98864],[110.39587,-6.98822],[110.39602,-6.98787],[110.39606,-6.98778],[110.39614,-6.98763],[110.39619,-6.98754],[110.39624,-6.98746],[110.39624,-6.98745],[110.39629,-6.98729],[110.39645,-6.98646],[110.39646,-6.98644],[110.39648,-6.98568],[110.39649,-6.98536],[110.39648,-6.98519],[110.39647,-6.98506]]]}},{"type":"Feature","properties":{"id":"ADM-SEMARANG-BARAT-TAMBAKHARJO","name":"Tambakharjo","source_name":"Tambakharjo","type":"Kelurahan","category":"Administrasi kota","kecamatan":"Semarang Barat","kabupaten":"Kota Semarang","catatan":"Batas kelurahan dari berkas vektor kota. Serpihan dan wilayah luar kota dibuang. Kecamatan mengikuti daftar resmi, bukan kolom asli berkas.","status":"Batas administrasi"},"geometry":{"type":"Polygon","coordinates":[[[110.38312,-6.9554],[110.3828,-6.95553],[110.38243,-6.95582],[110.38235,-6.95587],[110.3823,-6.95586],[110.38228,-6.95582],[110.38228,-6.95575],[110.3824,-6.95543],[110.38243,-6.95527],[110.3824,-6.95512],[110.38241,-6.95494],[110.38239,-6.95487],[110.38227,-6.95482],[110.38216,-6.95479],[110.38214,-6.95477],[110.38164,-6.95481],[110.38151,-6.95479],[110.38134,-6.95471],[110.38101,-6.95474],[110.38079,-6.95474],[110.38017,-6.9548],[110.38006,-6.9548],[110.37999,-6.95483],[110.37989,-6.9548],[110.37981,-6.9548],[110.37936,-6.95478],[110.37925,-6.95481],[110.37905,-6.95485],[110.37869,-6.95478],[110.37846,-6.95476],[110.37828,-6.95474],[110.37824,-6.95472],[110.3768,-6.95471],[110.37595,-6.95461],[110.37553,-6.95452],[110.37552,-6.95452],[110.37528,-6.95455],[110.375,-6.9546],[110.37499,-6.9546],[110.37412,-6.95463],[110.37318,-6.9547],[110.37256,-6.95473],[110.37189,-6.95473],[110.37148,-6.95471],[110.37143,-6.95473],[110.37114,-6.95484],[110.37012,-6.9549],[110.36897,-6.95512],[110.36859,-6.95487],[110.36831,-6.95471],[110.36791,-6.95458],[110.36764,-6.95455],[110.36693,-6.95453],[110.36689,-6.95453],[110.36655,-6.95656],[110.36653,-6.9567],[110.3665,-6.95683],[110.36639,-6.95751],[110.36628,-6.95798],[110.36625,-6.95826],[110.36609,-6.95885],[110.36583,-6.96012],[110.36583,-6.96014],[110.36556,-6.96133],[110.36561,-6.96155],[110.36582,-6.96208],[110.36613,-6.96266],[110.36659,-6.96362],[110.36703,-6.96472],[110.36726,-6.96528],[110.3676,-6.96615],[110.36772,-6.96643],[110.36794,-6.96685],[110.36816,-6.96735],[110.36834,-6.96779],[110.36854,-6.96825],[110.36841,-6.96869],[110.36805,-6.96967],[110.36766,-6.97088],[110.36713,-6.97234],[110.36649,-6.97398],[110.36631,-6.97441],[110.36599,-6.97505],[110.36592,-6.97519],[110.36598,-6.97527],[110.366,-6.97536],[110.36595,-6.97553],[110.36581,-6.97589],[110.36573,-6.97613],[110.36571,-6.9762],[110.36578,-6.97624],[110.36572,-6.97635],[110.36531,-6.97745],[110.36518,-6.97781],[110.36494,-6.9785],[110.36468,-6.97929],[110.3645,-6.97975],[110.36442,-6.97994],[110.36421,-6.9807],[110.36415,-6.9809],[110.36435,-6.98096],[110.36503,-6.98113],[110.36555,-6.98119],[110.36618,-6.98126],[110.36743,-6.98123],[110.36787,-6.98119],[110.36844,-6.98112],[110.36944,-6.98101],[110.36967,-6.98098],[110.37014,-6.98094],[110.37065,-6.98089],[110.3709,-6.98086],[110.37093,-6.98086],[110.37107,-6.98085],[110.37192,-6.98076],[110.37203,-6.98074],[110.37288,-6.98065],[110.37436,-6.98049],[110.37487,-6.98043],[110.375,-6.98042],[110.37556,-6.98029],[110.37606,-6.98021],[110.37606,-6.98029],[110.37618,-6.98028],[110.37624,-6.98026],[110.37681,-6.98021],[110.37683,-6.9802],[110.3779,-6.98009],[110.37792,-6.98009],[110.378,-6.98008],[110.37811,-6.98007],[110.37832,-6.98004],[110.37899,-6.97996],[110.38,-6.97985],[110.37964,-6.97948],[110.37957,-6.97938],[110.3795,-6.97927],[110.37953,-6.97921],[110.3796,-6.97914],[110.37976,-6.97909],[110.37983,-6.97907],[110.38065,-6.9788],[110.38117,-6.9786],[110.38135,-6.9786],[110.38161,-6.97867],[110.38165,-6.97868],[110.38206,-6.97886],[110.3821,-6.97901],[110.38226,-6.97907],[110.3824,-6.97908],[110.3825,-6.97904],[110.38262,-6.97891],[110.38285,-6.97869],[110.38304,-6.97848],[110.38321,-6.97824],[110.38322,-6.97823],[110.38342,-6.97792],[110.38336,-6.97785],[110.38336,-6.97778],[110.38342,-6.97769],[110.38377,-6.97725],[110.38379,-6.97715],[110.38373,-6.97676],[110.38365,-6.97615],[110.38361,-6.97521],[110.38354,-6.97341],[110.3835,-6.97237],[110.38349,-6.97232],[110.3835,-6.97051],[110.38361,-6.96874],[110.38361,-6.96784],[110.38364,-6.96604],[110.38361,-6.96571],[110.38334,-6.96392],[110.38333,-6.96359],[110.38336,-6.96239],[110.38335,-6.96217],[110.38326,-6.9616],[110.38312,-6.96091],[110.38303,-6.96047],[110.38302,-6.96042],[110.383,-6.96029],[110.38305,-6.95985],[110.38319,-6.95915],[110.38335,-6.95869],[110.38347,-6.95806],[110.38356,-6.95751],[110.38356,-6.95708],[110.3835,-6.95656],[110.38339,-6.95619],[110.38331,-6.95587],[110.38324,-6.95559],[110.38312,-6.9554]]]}},{"type":"Feature","properties":{"id":"ADM-SEMARANG-BARAT-TAWANG-MAS","name":"Tawang Mas","source_name":"Tawangmas","type":"Kelurahan","category":"Administrasi kota","kecamatan":"Semarang Barat","kabupaten":"Kota Semarang","catatan":"Batas kelurahan dari berkas vektor kota. Serpihan dan wilayah luar kota dibuang. Kecamatan mengikuti daftar resmi, bukan kolom asli berkas.","status":"Batas administrasi"},"geometry":{"type":"Polygon","coordinates":[[[110.39997,-6.96576],[110.39989,-6.96515],[110.3998,-6.96444],[110.39978,-6.96269],[110.39973,-6.96153],[110.39952,-6.95992],[110.39934,-6.959],[110.39916,-6.9576],[110.3989,-6.9567],[110.39833,-6.95552],[110.39805,-6.95509],[110.39783,-6.95517],[110.39767,-6.95523],[110.39664,-6.95565],[110.39624,-6.95584],[110.39595,-6.95606],[110.39572,-6.95625],[110.39538,-6.95658],[110.39505,-6.95708],[110.39484,-6.95752],[110.39465,-6.95813],[110.39444,-6.95989],[110.39427,-6.96141],[110.39419,-6.96186],[110.39417,-6.96192],[110.39416,-6.96195],[110.39415,-6.96205],[110.39415,-6.96212],[110.39414,-6.96218],[110.3941,-6.96259],[110.39397,-6.96413],[110.39393,-6.96458],[110.39381,-6.96553],[110.39376,-6.966],[110.39357,-6.96684],[110.39328,-6.96765],[110.39313,-6.96797],[110.39286,-6.96847],[110.39281,-6.96859],[110.3927,-6.96872],[110.3926,-6.96885],[110.39231,-6.96924],[110.39209,-6.96948],[110.39115,-6.97025],[110.39083,-6.97052],[110.39056,-6.97076],[110.39052,-6.9708],[110.3905,-6.97081],[110.39048,-6.97083],[110.38994,-6.97131],[110.3895,-6.97174],[110.38908,-6.97213],[110.38858,-6.97259],[110.38857,-6.97259],[110.38855,-6.97262],[110.38833,-6.97291],[110.38845,-6.97345],[110.38843,-6.97378],[110.38836,-6.97494],[110.38835,-6.97514],[110.38833,-6.97529],[110.38836,-6.97529],[110.38868,-6.97525],[110.38875,-6.97525],[110.38908,-6.97523],[110.39001,-6.97518],[110.39058,-6.97515],[110.3906,-6.97515],[110.39088,-6.97515],[110.39192,-6.9751],[110.39198,-6.9751],[110.39249,-6.97507],[110.393,-6.97501],[110.39327,-6.97498],[110.39359,-6.9749],[110.39372,-6.97485],[110.39374,-6.97474],[110.39379,-6.97445],[110.39344,-6.97404],[110.39331,-6.97388],[110.39298,-6.97348],[110.39293,-6.97343],[110.3929,-6.97325],[110.39291,-6.9731],[110.39301,-6.97317],[110.39306,-6.9732],[110.39422,-6.97305],[110.3945,-6.97302],[110.39452,-6.97301],[110.39454,-6.9719],[110.39617,-6.97168],[110.39612,-6.97106],[110.39611,-6.97088],[110.39654,-6.97084],[110.39788,-6.97049],[110.3983,-6.97043],[110.40007,-6.97023],[110.40056,-6.96991],[110.40048,-6.96926],[110.40041,-6.96868],[110.40021,-6.96702],[110.39997,-6.96576]]]}},{"type":"Feature","properties":{"id":"ADM-SEMARANG-BARAT-TAWANGSARI","name":"Tawangsari","source_name":"Tawangsari","type":"Kelurahan","category":"Administrasi kota","kecamatan":"Semarang Barat","kabupaten":"Kota Semarang","catatan":"Batas kelurahan dari berkas vektor kota. Serpihan dan wilayah luar kota dibuang. Kecamatan mengikuti daftar resmi, bukan kolom asli berkas.","status":"Batas administrasi"},"geometry":{"type":"Polygon","coordinates":[[[110.39603,-6.9509],[110.39581,-6.95093],[110.39572,-6.95093],[110.39566,-6.95089],[110.39552,-6.9506],[110.39546,-6.95053],[110.39531,-6.95049],[110.39524,-6.95049],[110.39517,-6.9504],[110.39507,-6.95022],[110.39489,-6.94994],[110.39471,-6.94961],[110.3942,-6.94881],[110.39363,-6.94789],[110.39351,-6.94769],[110.39261,-6.94612],[110.39255,-6.94606],[110.39155,-6.94661],[110.39078,-6.94704],[110.39003,-6.94761],[110.38982,-6.94779],[110.38966,-6.94791],[110.38918,-6.9483],[110.38919,-6.94834],[110.38946,-6.9487],[110.38972,-6.94897],[110.38993,-6.94937],[110.39022,-6.94976],[110.3905,-6.95017],[110.39083,-6.95056],[110.39108,-6.95102],[110.3911,-6.95136],[110.39097,-6.95157],[110.39101,-6.95163],[110.3911,-6.95175],[110.39102,-6.95187],[110.39057,-6.95222],[110.39046,-6.95229],[110.39023,-6.95234],[110.38969,-6.95242],[110.38895,-6.95256],[110.38865,-6.95259],[110.38862,-6.95259],[110.38801,-6.9527],[110.3873,-6.95278],[110.38714,-6.95267],[110.38665,-6.95219],[110.38652,-6.95205],[110.38641,-6.95195],[110.38648,-6.9522],[110.38644,-6.95254],[110.3862,-6.95285],[110.38589,-6.95288],[110.38551,-6.95273],[110.38511,-6.95251],[110.38492,-6.9522],[110.38478,-6.95187],[110.38476,-6.95129],[110.38472,-6.95082],[110.38465,-6.95068],[110.38458,-6.95059],[110.38453,-6.95063],[110.38444,-6.95088],[110.38439,-6.95113],[110.38416,-6.95186],[110.38397,-6.95195],[110.38364,-6.95201],[110.38288,-6.95226],[110.3825,-6.95238],[110.38214,-6.95252],[110.38181,-6.95259],[110.38145,-6.95263],[110.3813,-6.95281],[110.38128,-6.95301],[110.38153,-6.95318],[110.38202,-6.95327],[110.38242,-6.95337],[110.38273,-6.95342],[110.38295,-6.95348],[110.38314,-6.95376],[110.38322,-6.95406],[110.3832,-6.95435],[110.38312,-6.95448],[110.38328,-6.95493],[110.38335,-6.95528],[110.38335,-6.95534],[110.38312,-6.9554],[110.38324,-6.95559],[110.38331,-6.95587],[110.38339,-6.95619],[110.3835,-6.95656],[110.38356,-6.95708],[110.38356,-6.95751],[110.38347,-6.95806],[110.38335,-6.95869],[110.38319,-6.95915],[110.38305,-6.95985],[110.383,-6.96029],[110.38302,-6.96042],[110.38303,-6.96047],[110.38312,-6.96091],[110.38326,-6.9616],[110.38335,-6.96217],[110.38336,-6.96239],[110.38333,-6.96359],[110.38334,-6.96392],[110.38361,-6.96571],[110.38364,-6.96604],[110.38361,-6.96784],[110.38361,-6.96874],[110.3835,-6.97051],[110.38349,-6.97232],[110.3835,-6.97237],[110.38354,-6.97341],[110.38361,-6.97521],[110.38365,-6.97615],[110.38373,-6.97676],[110.38379,-6.97715],[110.38377,-6.97725],[110.38342,-6.97769],[110.38336,-6.97778],[110.38336,-6.97785],[110.38342,-6.97792],[110.38322,-6.97823],[110.38321,-6.97824],[110.38304,-6.97848],[110.38285,-6.97869],[110.38262,-6.97891],[110.3825,-6.97904],[110.3824,-6.97908],[110.38226,-6.97907],[110.3821,-6.97901],[110.38206,-6.97886],[110.38165,-6.97868],[110.38161,-6.97867],[110.38135,-6.9786],[110.38117,-6.9786],[110.38065,-6.9788],[110.37983,-6.97907],[110.37976,-6.97909],[110.3796,-6.97914],[110.37953,-6.97921],[110.3795,-6.97927],[110.37957,-6.97938],[110.37964,-6.97948],[110.38,-6.97985],[110.38,-6.97986],[110.38055,-6.98053],[110.38129,-6.98154],[110.38152,-6.98179],[110.382,-6.98239],[110.38283,-6.98344],[110.38312,-6.9838],[110.38331,-6.98402],[110.38372,-6.98443],[110.38386,-6.9844],[110.384,-6.98442],[110.38412,-6.98451],[110.38445,-6.98407],[110.38491,-6.98357],[110.38492,-6.98355],[110.38508,-6.98338],[110.38527,-6.98318],[110.38566,-6.98277],[110.38571,-6.9827],[110.38602,-6.98234],[110.38628,-6.98204],[110.38633,-6.98199],[110.38684,-6.9813],[110.38688,-6.98125],[110.38725,-6.98075],[110.38746,-6.98025],[110.38761,-6.97975],[110.38771,-6.9792],[110.38774,-6.97898],[110.38775,-6.97873],[110.38775,-6.97863],[110.38771,-6.97787],[110.38759,-6.97607],[110.38757,-6.97534],[110.38762,-6.97479],[110.38773,-6.97419],[110.38796,-6.97353],[110.38815,-6.97322],[110.38817,-6.97317],[110.38833,-6.97291],[110.38855,-6.97262],[110.38857,-6.97259],[110.38858,-6.97259],[110.38908,-6.97213],[110.3895,-6.97174],[110.38994,-6.97131],[110.39048,-6.97083],[110.3905,-6.97081],[110.39052,-6.9708],[110.39056,-6.97076],[110.39083,-6.97052],[110.39115,-6.97025],[110.39209,-6.96948],[110.39231,-6.96924],[110.3926,-6.96885],[110.3927,-6.96872],[110.39281,-6.96859],[110.39286,-6.96847],[110.39313,-6.96797],[110.39328,-6.96765],[110.39357,-6.96684],[110.39376,-6.966],[110.39381,-6.96553],[110.39393,-6.96458],[110.39397,-6.96413],[110.3941,-6.96259],[110.39414,-6.96218],[110.39415,-6.96212],[110.39415,-6.96205],[110.39416,-6.96195],[110.39417,-6.96192],[110.39419,-6.96186],[110.39427,-6.96141],[110.39444,-6.95989],[110.39465,-6.95813],[110.39484,-6.95752],[110.39505,-6.95708],[110.39538,-6.95658],[110.39572,-6.95625],[110.39595,-6.95606],[110.39624,-6.95584],[110.39664,-6.95565],[110.39767,-6.95523],[110.39783,-6.95517],[110.39805,-6.95509],[110.39798,-6.955],[110.39751,-6.95456],[110.3972,-6.95404],[110.39661,-6.95228],[110.39603,-6.9509]]]}},{"type":"Feature","properties":{"id":"ADM-SEMARANG-SELATAN-BARUSARI","name":"Barusari","source_name":"Barusari","type":"Kelurahan","category":"Administrasi kota","kecamatan":"Semarang Selatan","kabupaten":"Kota Semarang","catatan":"Batas kelurahan dari berkas vektor kota. Serpihan dan wilayah luar kota dibuang. Kecamatan mengikuti daftar resmi, bukan kolom asli berkas.","status":"Batas administrasi"},"geometry":{"type":"Polygon","coordinates":[[[110.40902,-6.98408],[110.40876,-6.9842],[110.40841,-6.98403],[110.40809,-6.9839],[110.4079,-6.98382],[110.4074,-6.98359],[110.40701,-6.98341],[110.40688,-6.98336],[110.4066,-6.98323],[110.40658,-6.98336],[110.40652,-6.98349],[110.40634,-6.98392],[110.40624,-6.98415],[110.40606,-6.98457],[110.40599,-6.98476],[110.40588,-6.985],[110.40585,-6.98504],[110.40561,-6.98554],[110.40543,-6.98592],[110.40515,-6.98649],[110.40509,-6.98662],[110.40499,-6.98685],[110.40488,-6.9871],[110.40485,-6.98717],[110.40473,-6.98761],[110.40459,-6.98807],[110.40441,-6.98871],[110.40437,-6.98884],[110.40428,-6.98903],[110.4039,-6.98985],[110.40374,-6.99019],[110.40371,-6.99025],[110.4037,-6.99026],[110.40358,-6.99049],[110.40356,-6.99054],[110.40354,-6.99057],[110.40347,-6.99071],[110.40336,-6.9908],[110.4032,-6.99087],[110.40305,-6.99089],[110.40293,-6.9909],[110.40277,-6.99089],[110.4027,-6.99089],[110.4025,-6.99088],[110.4025,-6.99228],[110.4025,-6.99281],[110.4025,-6.99398],[110.40228,-6.99498],[110.40192,-6.99601],[110.4023,-6.99602],[110.40277,-6.99603],[110.4031,-6.99604],[110.40353,-6.99603],[110.40403,-6.99598],[110.40437,-6.99602],[110.40441,-6.99602],[110.4044,-6.99601],[110.40437,-6.99595],[110.40425,-6.99532],[110.4042,-6.99507],[110.40413,-6.99467],[110.40406,-6.99434],[110.40403,-6.99418],[110.40395,-6.99389],[110.404,-6.99387],[110.40413,-6.99369],[110.40461,-6.99304],[110.40477,-6.99287],[110.40493,-6.9927],[110.40524,-6.99232],[110.40535,-6.9922],[110.40569,-6.99187],[110.40581,-6.99178],[110.40592,-6.99178],[110.40625,-6.99187],[110.40627,-6.99177],[110.40625,-6.99166],[110.40623,-6.99155],[110.40622,-6.99138],[110.40624,-6.99131],[110.40634,-6.99108],[110.40652,-6.99074],[110.40666,-6.99049],[110.40684,-6.99017],[110.40713,-6.98965],[110.40732,-6.98936],[110.40745,-6.98916],[110.40752,-6.98905],[110.40785,-6.9885],[110.408,-6.98825],[110.40817,-6.98786],[110.40825,-6.98757],[110.40836,-6.98726],[110.40843,-6.98707],[110.40889,-6.98625],[110.40907,-6.98588],[110.40918,-6.98562],[110.40925,-6.9855],[110.40955,-6.98483],[110.40959,-6.98458],[110.40941,-6.98458],[110.40926,-6.98451],[110.40913,-6.98443],[110.40908,-6.98432],[110.40905,-6.98426],[110.40902,-6.98408]]]}},{"type":"Feature","properties":{"id":"ADM-SEMARANG-SELATAN-BULUSTALAN","name":"Bulustalan","source_name":"Butustalan","type":"Kelurahan","category":"Administrasi kota","kecamatan":"Semarang Selatan","kabupaten":"Kota Semarang","catatan":"Batas kelurahan dari berkas vektor kota. Serpihan dan wilayah luar kota dibuang. Kecamatan mengikuti daftar resmi, bukan kolom asli berkas.","status":"Batas administrasi"},"geometry":{"type":"Polygon","coordinates":[[[110.40226,-6.98119],[110.40211,-6.98115],[110.402,-6.98112],[110.40185,-6.98108],[110.40186,-6.98153],[110.40201,-6.98264],[110.40206,-6.98298],[110.40219,-6.98445],[110.40219,-6.98491],[110.40218,-6.98562],[110.40238,-6.98754],[110.40249,-6.98884],[110.40249,-6.98969],[110.4025,-6.99088],[110.4027,-6.99089],[110.40277,-6.99089],[110.40293,-6.9909],[110.40305,-6.99089],[110.4032,-6.99087],[110.40336,-6.9908],[110.40347,-6.99071],[110.40354,-6.99057],[110.40356,-6.99054],[110.40358,-6.99049],[110.4037,-6.99026],[110.40371,-6.99025],[110.40374,-6.99019],[110.4039,-6.98985],[110.40428,-6.98903],[110.40437,-6.98884],[110.40441,-6.98871],[110.40459,-6.98807],[110.40473,-6.98761],[110.40485,-6.98717],[110.40488,-6.9871],[110.40499,-6.98685],[110.40509,-6.98662],[110.40515,-6.98649],[110.40543,-6.98592],[110.40561,-6.98554],[110.40585,-6.98504],[110.40588,-6.985],[110.40599,-6.98476],[110.40606,-6.98457],[110.40624,-6.98415],[110.40634,-6.98392],[110.40652,-6.98349],[110.40658,-6.98336],[110.4066,-6.98323],[110.40591,-6.9829],[110.40498,-6.98245],[110.40445,-6.98221],[110.40436,-6.98217],[110.40334,-6.9817],[110.4031,-6.9816],[110.40305,-6.98158],[110.40277,-6.98148],[110.40235,-6.98129],[110.40226,-6.98119]]]}},{"type":"Feature","properties":{"id":"ADM-SEMARANG-SELATAN-LAMPER-KIDUL","name":"Lamper Kidul","source_name":"Lamper Kidul","type":"Kelurahan","category":"Administrasi kota","kecamatan":"Semarang Selatan","kabupaten":"Kota Semarang","catatan":"Batas kelurahan dari berkas vektor kota. Serpihan dan wilayah luar kota dibuang. Kecamatan mengikuti daftar resmi, bukan kolom asli berkas.","status":"Batas administrasi"},"geometry":{"type":"Polygon","coordinates":[[[110.43698,-7.00591],[110.43573,-7.00558],[110.43518,-7.00544],[110.43495,-7.00539],[110.43348,-7.00497],[110.43333,-7.00494],[110.43273,-7.00486],[110.43263,-7.00485],[110.43225,-7.0048],[110.43211,-7.00475],[110.43208,-7.00472],[110.43202,-7.0049],[110.432,-7.00509],[110.43199,-7.00517],[110.43192,-7.00573],[110.43192,-7.00582],[110.43191,-7.00607],[110.43195,-7.00645],[110.43207,-7.00695],[110.43215,-7.0073],[110.43232,-7.00794],[110.43245,-7.00845],[110.43255,-7.00854],[110.43267,-7.00858],[110.43286,-7.00869],[110.43351,-7.00904],[110.43408,-7.00925],[110.43412,-7.00926],[110.43412,-7.00927],[110.43438,-7.00927],[110.43527,-7.0092],[110.43551,-7.00917],[110.43578,-7.00914],[110.4358,-7.00914],[110.4359,-7.00917],[110.43766,-7.00959],[110.43868,-7.00981],[110.43875,-7.00983],[110.439,-7.00994],[110.43921,-7.01001],[110.43957,-7.01013],[110.44073,-7.01045],[110.4412,-7.01058],[110.44128,-7.0106],[110.44145,-7.01004],[110.44163,-7.0093],[110.44161,-7.00894],[110.44148,-7.00866],[110.44141,-7.00832],[110.44132,-7.00753],[110.4412,-7.00705],[110.44117,-7.00674],[110.44096,-7.00676],[110.44093,-7.00676],[110.44076,-7.00677],[110.44041,-7.00679],[110.4403,-7.00679],[110.44015,-7.00673],[110.43994,-7.00666],[110.43991,-7.00665],[110.4398,-7.0066],[110.43955,-7.00655],[110.43944,-7.00653],[110.4393,-7.0065],[110.43928,-7.0065],[110.43916,-7.00647],[110.43841,-7.00625],[110.43813,-7.00618],[110.43811,-7.00618],[110.43739,-7.00601],[110.43708,-7.00593],[110.43698,-7.00591]]]}},{"type":"Feature","properties":{"id":"ADM-SEMARANG-SELATAN-LAMPER-LOR","name":"Lamper Lor","source_name":"Lamper Lor","type":"Kelurahan","category":"Administrasi kota","kecamatan":"Semarang Selatan","kabupaten":"Kota Semarang","catatan":"Batas kelurahan dari berkas vektor kota. Serpihan dan wilayah luar kota dibuang. Kecamatan mengikuti daftar resmi, bukan kolom asli berkas.","status":"Batas administrasi"},"geometry":{"type":"Polygon","coordinates":[[[110.44046,-7.00061],[110.44046,-7.00058],[110.43855,-7.00018],[110.4378,-7.00002],[110.43769,-7.00026],[110.43767,-7.00041],[110.43767,-7.00048],[110.43763,-7.00051],[110.43744,-7.00071],[110.43697,-7.0011],[110.43577,-7.00186],[110.43579,-7.0019],[110.43586,-7.00199],[110.43598,-7.00203],[110.43637,-7.00212],[110.43644,-7.00219],[110.43648,-7.00232],[110.43653,-7.00263],[110.43663,-7.0034],[110.43665,-7.00361],[110.43666,-7.0038],[110.43676,-7.00395],[110.43684,-7.00406],[110.437,-7.00424],[110.43706,-7.00432],[110.43709,-7.00456],[110.43714,-7.00504],[110.43714,-7.0053],[110.43711,-7.00542],[110.43701,-7.00583],[110.43698,-7.00591],[110.43708,-7.00593],[110.43739,-7.00601],[110.43811,-7.00618],[110.43813,-7.00618],[110.43841,-7.00625],[110.43916,-7.00647],[110.43928,-7.0065],[110.4393,-7.0065],[110.43944,-7.00653],[110.43955,-7.00655],[110.4398,-7.0066],[110.43991,-7.00665],[110.43994,-7.00666],[110.44015,-7.00673],[110.4403,-7.00679],[110.44041,-7.00679],[110.44076,-7.00677],[110.44093,-7.00676],[110.44096,-7.00676],[110.44117,-7.00674],[110.44111,-7.00621],[110.44095,-7.00493],[110.44082,-7.00409],[110.44061,-7.00227],[110.44053,-7.00185],[110.44046,-7.00061]]]}},{"type":"Feature","properties":{"id":"ADM-SEMARANG-SELATAN-LAMPER-TENGAH","name":"Lamper Tengah","source_name":"Lamper Tengah","type":"Kelurahan","category":"Administrasi kota","kecamatan":"Semarang Selatan","kabupaten":"Kota Semarang","catatan":"Batas kelurahan dari berkas vektor kota. Serpihan dan wilayah luar kota dibuang. Kecamatan mengikuti daftar resmi, bukan kolom asli berkas.","status":"Batas administrasi"},"geometry":{"type":"Polygon","coordinates":[[[110.44442,-7.00196],[110.44438,-7.00193],[110.44434,-7.00189],[110.44398,-7.00161],[110.44354,-7.00144],[110.44331,-7.00134],[110.44305,-7.00126],[110.44283,-7.00118],[110.44116,-7.00049],[110.44068,-7.00028],[110.44067,-7.00031],[110.44046,-7.00061],[110.44053,-7.00185],[110.44061,-7.00227],[110.44082,-7.00409],[110.44095,-7.00493],[110.44111,-7.00621],[110.44117,-7.00674],[110.4412,-7.00705],[110.44132,-7.00753],[110.44141,-7.00832],[110.44148,-7.00866],[110.44161,-7.00894],[110.44163,-7.0093],[110.44145,-7.01004],[110.44128,-7.0106],[110.44136,-7.01062],[110.44155,-7.01069],[110.44183,-7.01076],[110.44198,-7.0108],[110.44201,-7.01081],[110.4426,-7.01101],[110.44289,-7.01108],[110.44327,-7.01113],[110.44329,-7.01113],[110.44335,-7.01113],[110.44412,-7.01117],[110.44418,-7.01118],[110.44433,-7.01124],[110.44451,-7.01132],[110.44497,-7.01155],[110.44521,-7.01169],[110.44525,-7.01171],[110.4453,-7.01164],[110.44623,-7.01081],[110.44798,-7.00951],[110.44876,-7.00882],[110.44952,-7.00798],[110.45015,-7.00719],[110.45028,-7.007],[110.45028,-7.00699],[110.45004,-7.00684],[110.44978,-7.0066],[110.44971,-7.00646],[110.44915,-7.00537],[110.44912,-7.0053],[110.44908,-7.00521],[110.44905,-7.00481],[110.44905,-7.00438],[110.44902,-7.00418],[110.44896,-7.00405],[110.44872,-7.0038],[110.44867,-7.00374],[110.44842,-7.00356],[110.44822,-7.00343],[110.44679,-7.00283],[110.44647,-7.00274],[110.44581,-7.00254],[110.44551,-7.0024],[110.44514,-7.00226],[110.44477,-7.00215],[110.44474,-7.00214],[110.44471,-7.00212],[110.4445,-7.00201],[110.44442,-7.00196]]]}},{"type":"Feature","properties":{"id":"ADM-SEMARANG-SELATAN-MUGASSARI","name":"Mugassari","source_name":"Mugassari","type":"Kelurahan","category":"Administrasi kota","kecamatan":"Semarang Selatan","kabupaten":"Kota Semarang","catatan":"Batas kelurahan dari berkas vektor kota. Serpihan dan wilayah luar kota dibuang. Kecamatan mengikuti daftar resmi, bukan kolom asli berkas.","status":"Batas administrasi"},"geometry":{"type":"Polygon","coordinates":[[[110.42235,-6.98985],[110.42211,-6.98975],[110.42142,-6.98941],[110.4207,-6.98907],[110.42005,-6.98876],[110.41971,-6.98859],[110.41937,-6.98842],[110.41878,-6.98813],[110.4184,-6.98796],[110.41799,-6.98776],[110.41754,-6.9876],[110.41749,-6.98759],[110.4173,-6.98753],[110.41709,-6.98747],[110.41682,-6.98739],[110.41636,-6.98725],[110.41463,-6.98675],[110.41406,-6.98661],[110.41384,-6.98652],[110.41381,-6.98674],[110.41382,-6.98686],[110.41383,-6.98705],[110.41386,-6.98728],[110.4139,-6.98755],[110.4139,-6.9876],[110.41395,-6.98799],[110.41401,-6.9884],[110.41401,-6.98845],[110.41403,-6.98859],[110.41406,-6.98882],[110.41408,-6.98914],[110.41411,-6.98953],[110.41411,-6.98957],[110.41412,-6.99011],[110.41413,-6.99049],[110.41399,-6.99134],[110.41389,-6.99194],[110.41383,-6.99227],[110.4138,-6.99258],[110.41376,-6.99287],[110.41377,-6.99329],[110.4138,-6.99455],[110.41388,-6.99487],[110.41393,-6.99507],[110.41409,-6.99573],[110.41415,-6.99575],[110.41445,-6.99592],[110.41451,-6.99596],[110.41464,-6.99604],[110.41491,-6.99619],[110.41559,-6.99659],[110.41564,-6.99663],[110.41564,-6.99662],[110.41573,-6.99659],[110.41586,-6.99664],[110.41596,-6.99669],[110.41604,-6.99671],[110.41669,-6.99691],[110.41702,-6.99697],[110.41712,-6.99691],[110.41734,-6.99699],[110.41791,-6.99708],[110.4182,-6.99711],[110.41839,-6.99712],[110.41839,-6.99713],[110.41843,-6.99714],[110.41873,-6.99722],[110.41906,-6.9973],[110.41929,-6.99734],[110.4194,-6.99737],[110.41941,-6.99734],[110.41951,-6.99708],[110.41983,-6.99616],[110.41987,-6.99608],[110.42005,-6.99573],[110.42017,-6.99549],[110.42107,-6.99393],[110.42137,-6.99336],[110.42142,-6.99328],[110.42147,-6.99322],[110.4215,-6.99319],[110.4215,-6.99317],[110.42152,-6.99315],[110.42164,-6.99293],[110.42189,-6.99244],[110.42242,-6.99143],[110.4222,-6.99134],[110.42199,-6.99122],[110.4219,-6.99113],[110.42186,-6.99103],[110.42228,-6.98999],[110.42235,-6.98985]]]}},{"type":"Feature","properties":{"id":"ADM-SEMARANG-SELATAN-PETERONGAN","name":"Peterongan","source_name":"Peterongan","type":"Kelurahan","category":"Administrasi kota","kecamatan":"Semarang Selatan","kabupaten":"Kota Semarang","catatan":"Batas kelurahan dari berkas vektor kota. Serpihan dan wilayah luar kota dibuang. Kecamatan mengikuti daftar resmi, bukan kolom asli berkas.","status":"Batas administrasi"},"geometry":{"type":"Polygon","coordinates":[[[110.43387,-6.99502],[110.4326,-6.99451],[110.43214,-6.99432],[110.43198,-6.9943],[110.43197,-6.99472],[110.43199,-6.99552],[110.432,-6.99619],[110.43201,-6.99722],[110.43202,-6.9975],[110.43213,-6.99841],[110.43216,-6.99852],[110.43232,-6.99909],[110.43244,-6.99937],[110.43273,-7],[110.43288,-7.00028],[110.43309,-7.00075],[110.4331,-7.00076],[110.43329,-7.00104],[110.43332,-7.00108],[110.43331,-7.00114],[110.43314,-7.00198],[110.43301,-7.00263],[110.43294,-7.0028],[110.43281,-7.00317],[110.43268,-7.00351],[110.43257,-7.00379],[110.43254,-7.00384],[110.43244,-7.00407],[110.43231,-7.00432],[110.43208,-7.00472],[110.43211,-7.00475],[110.43225,-7.0048],[110.43263,-7.00485],[110.43273,-7.00486],[110.43333,-7.00494],[110.43348,-7.00497],[110.43495,-7.00539],[110.43518,-7.00544],[110.43573,-7.00558],[110.43698,-7.00591],[110.43701,-7.00583],[110.43711,-7.00542],[110.43714,-7.0053],[110.43714,-7.00504],[110.43709,-7.00456],[110.43706,-7.00432],[110.437,-7.00424],[110.43684,-7.00406],[110.43676,-7.00395],[110.43666,-7.0038],[110.43665,-7.00361],[110.43663,-7.0034],[110.43653,-7.00263],[110.43648,-7.00232],[110.43644,-7.00219],[110.43637,-7.00212],[110.43598,-7.00203],[110.43586,-7.00199],[110.43579,-7.0019],[110.43577,-7.00186],[110.43697,-7.0011],[110.43744,-7.00071],[110.43763,-7.00051],[110.43767,-7.00048],[110.43767,-7.00041],[110.43769,-7.00026],[110.4378,-7.00002],[110.4378,-7],[110.4379,-6.99981],[110.43826,-6.99893],[110.43828,-6.99888],[110.43848,-6.99859],[110.43848,-6.99857],[110.43848,-6.99852],[110.43853,-6.99807],[110.4386,-6.99789],[110.43871,-6.99773],[110.4388,-6.99756],[110.43884,-6.99738],[110.43881,-6.99716],[110.43882,-6.99711],[110.43866,-6.99704],[110.43847,-6.99696],[110.43839,-6.99691],[110.43783,-6.99668],[110.43766,-6.99661],[110.43723,-6.99643],[110.43657,-6.99616],[110.43626,-6.99603],[110.43604,-6.99594],[110.43592,-6.99589],[110.43427,-6.99518],[110.43387,-6.99502]]]}},{"type":"Feature","properties":{"id":"ADM-SEMARANG-SELATAN-PLEBURAN","name":"Pleburan","source_name":"Pleburan","type":"Kelurahan","category":"Administrasi kota","kecamatan":"Semarang Selatan","kabupaten":"Kota Semarang","catatan":"Batas kelurahan dari berkas vektor kota. Serpihan dan wilayah luar kota dibuang. Kecamatan mengikuti daftar resmi, bukan kolom asli berkas.","status":"Batas administrasi"},"geometry":{"type":"Polygon","coordinates":[[[110.42402,-6.98982],[110.42397,-6.98973],[110.42388,-6.9896],[110.42365,-6.98948],[110.42329,-6.9893],[110.4229,-6.98915],[110.42276,-6.98918],[110.42267,-6.98926],[110.42255,-6.98943],[110.42235,-6.98985],[110.42228,-6.98999],[110.42186,-6.99103],[110.4219,-6.99113],[110.42199,-6.99122],[110.4222,-6.99134],[110.42242,-6.99143],[110.42189,-6.99244],[110.42164,-6.99293],[110.42152,-6.99315],[110.4215,-6.99317],[110.4215,-6.99319],[110.42147,-6.99322],[110.42142,-6.99328],[110.42137,-6.99336],[110.42107,-6.99393],[110.42017,-6.99549],[110.42005,-6.99573],[110.41987,-6.99608],[110.41983,-6.99616],[110.41951,-6.99708],[110.41941,-6.99734],[110.4194,-6.99737],[110.42023,-6.99757],[110.42133,-6.99802],[110.42153,-6.99816],[110.42173,-6.99833],[110.42183,-6.99837],[110.4219,-6.99845],[110.42257,-6.99933],[110.42303,-6.99979],[110.42322,-7],[110.42329,-7.00022],[110.42352,-7.00047],[110.42367,-7.00065],[110.42367,-7.00079],[110.42367,-7.00083],[110.42364,-7.00092],[110.42377,-7.00107],[110.4243,-7.00168],[110.42459,-7.00139],[110.4255,-7.00087],[110.4261,-7.00067],[110.42677,-7.00053],[110.42732,-7.00045],[110.42789,-7.00042],[110.42833,-7.00041],[110.42881,-7.00047],[110.42927,-7.00047],[110.42957,-7.0004],[110.42976,-7],[110.42979,-6.99979],[110.42984,-6.99931],[110.42983,-6.99893],[110.42979,-6.99863],[110.42978,-6.99857],[110.42969,-6.99814],[110.42949,-6.99749],[110.42927,-6.99699],[110.4291,-6.99598],[110.42857,-6.996],[110.42841,-6.99601],[110.42835,-6.99598],[110.4283,-6.99595],[110.4275,-6.99556],[110.42742,-6.99553],[110.42749,-6.99541],[110.42751,-6.99537],[110.42773,-6.99501],[110.42775,-6.99498],[110.4284,-6.99374],[110.42856,-6.99343],[110.42866,-6.99311],[110.42858,-6.99306],[110.42842,-6.99295],[110.42845,-6.99282],[110.42833,-6.99277],[110.42829,-6.99275],[110.42785,-6.99254],[110.42716,-6.99221],[110.42682,-6.99204],[110.42665,-6.99195],[110.42523,-6.99125],[110.42443,-6.99088],[110.42395,-6.99063],[110.42373,-6.99052],[110.42375,-6.99049],[110.42389,-6.99016],[110.42402,-6.98982]]]}},{"type":"Feature","properties":{"id":"ADM-SEMARANG-SELATAN-RANDUSARI","name":"Randusari","source_name":"Randusari","type":"Kelurahan","category":"Administrasi kota","kecamatan":"Semarang Selatan","kabupaten":"Kota Semarang","catatan":"Batas kelurahan dari berkas vektor kota. Serpihan dan wilayah luar kota dibuang. Kecamatan mengikuti daftar resmi, bukan kolom asli berkas.","status":"Batas administrasi"},"geometry":{"type":"Polygon","coordinates":[[[110.40988,-6.98467],[110.40973,-6.98452],[110.40959,-6.98458],[110.40955,-6.98483],[110.40925,-6.9855],[110.40918,-6.98562],[110.40907,-6.98588],[110.40889,-6.98625],[110.40843,-6.98707],[110.40836,-6.98726],[110.40825,-6.98757],[110.40817,-6.98786],[110.408,-6.98825],[110.40785,-6.9885],[110.40752,-6.98905],[110.40745,-6.98916],[110.40732,-6.98936],[110.40713,-6.98965],[110.40684,-6.99017],[110.40666,-6.99049],[110.40652,-6.99074],[110.40634,-6.99108],[110.40624,-6.99131],[110.40622,-6.99138],[110.40623,-6.99155],[110.40625,-6.99166],[110.40627,-6.99177],[110.40625,-6.99187],[110.40592,-6.99178],[110.40581,-6.99178],[110.40569,-6.99187],[110.40535,-6.9922],[110.40524,-6.99232],[110.40493,-6.9927],[110.40477,-6.99287],[110.40461,-6.99304],[110.40413,-6.99369],[110.404,-6.99387],[110.40395,-6.99389],[110.40403,-6.99418],[110.40406,-6.99434],[110.40413,-6.99467],[110.4042,-6.99507],[110.40425,-6.99532],[110.40437,-6.99595],[110.4044,-6.99601],[110.40441,-6.99602],[110.40461,-6.99603],[110.40467,-6.99603],[110.40493,-6.996],[110.40511,-6.99595],[110.4053,-6.99583],[110.40532,-6.9958],[110.40558,-6.9955],[110.40577,-6.99522],[110.40587,-6.99504],[110.40603,-6.99488],[110.40623,-6.99473],[110.40655,-6.99459],[110.40682,-6.99449],[110.40688,-6.99446],[110.40692,-6.99456],[110.40706,-6.99474],[110.4074,-6.99501],[110.40777,-6.99528],[110.40798,-6.99549],[110.40812,-6.99574],[110.40817,-6.99596],[110.40817,-6.99611],[110.40835,-6.9961],[110.40886,-6.99608],[110.4095,-6.99593],[110.40974,-6.9958],[110.40981,-6.99578],[110.41039,-6.99608],[110.41056,-6.99615],[110.41133,-6.99618],[110.41178,-6.99616],[110.41255,-6.99604],[110.41351,-6.99589],[110.41356,-6.99589],[110.41385,-6.99581],[110.41403,-6.99574],[110.41409,-6.99573],[110.41393,-6.99507],[110.41388,-6.99487],[110.4138,-6.99455],[110.41377,-6.99329],[110.41376,-6.99287],[110.4138,-6.99258],[110.41383,-6.99227],[110.41389,-6.99194],[110.41399,-6.99134],[110.41413,-6.99049],[110.41412,-6.99011],[110.41411,-6.98957],[110.41411,-6.98953],[110.41408,-6.98914],[110.41406,-6.98882],[110.41403,-6.98859],[110.41401,-6.98845],[110.41401,-6.9884],[110.41395,-6.98799],[110.4139,-6.9876],[110.4139,-6.98755],[110.41386,-6.98728],[110.41383,-6.98705],[110.41382,-6.98686],[110.41381,-6.98674],[110.41384,-6.98652],[110.4136,-6.98642],[110.41221,-6.9858],[110.4121,-6.98575],[110.41151,-6.98544],[110.40997,-6.98476],[110.40988,-6.98467]]]}},{"type":"Feature","properties":{"id":"ADM-SEMARANG-SELATAN-WONODRI","name":"Wonodri","source_name":"Wonodri","type":"Kelurahan","category":"Administrasi kota","kecamatan":"Semarang Selatan","kabupaten":"Kota Semarang","catatan":"Batas kelurahan dari berkas vektor kota. Serpihan dan wilayah luar kota dibuang. Kecamatan mengikuti daftar resmi, bukan kolom asli berkas.","status":"Batas administrasi"},"geometry":{"type":"Polygon","coordinates":[[[110.43198,-6.9943],[110.43177,-6.99427],[110.4313,-6.99418],[110.43108,-6.99412],[110.43064,-6.99391],[110.42984,-6.99353],[110.42884,-6.99304],[110.42872,-6.99298],[110.42856,-6.99289],[110.42845,-6.99282],[110.42842,-6.99295],[110.42858,-6.99306],[110.42866,-6.99311],[110.42856,-6.99343],[110.4284,-6.99374],[110.42775,-6.99498],[110.42773,-6.99501],[110.42751,-6.99537],[110.42749,-6.99541],[110.42742,-6.99553],[110.4275,-6.99556],[110.4283,-6.99595],[110.42835,-6.99598],[110.42841,-6.99601],[110.42857,-6.996],[110.4291,-6.99598],[110.42927,-6.99699],[110.42949,-6.99749],[110.42969,-6.99814],[110.42978,-6.99857],[110.42979,-6.99863],[110.42983,-6.99893],[110.42984,-6.99931],[110.42979,-6.99979],[110.42976,-7],[110.42957,-7.0004],[110.42927,-7.00047],[110.42881,-7.00047],[110.42833,-7.00041],[110.42789,-7.00042],[110.42732,-7.00045],[110.42677,-7.00053],[110.4261,-7.00067],[110.4255,-7.00087],[110.42459,-7.00139],[110.4243,-7.00168],[110.42457,-7.00199],[110.42468,-7.00218],[110.42482,-7.00239],[110.42506,-7.00269],[110.42538,-7.00305],[110.42541,-7.00308],[110.42569,-7.00338],[110.42616,-7.00387],[110.42654,-7.00422],[110.42705,-7.00442],[110.42751,-7.00457],[110.42767,-7.00467],[110.42769,-7.00477],[110.42787,-7.00507],[110.42795,-7.00515],[110.42798,-7.00518],[110.4281,-7.00523],[110.42847,-7.0052],[110.42867,-7.0052],[110.42902,-7.00525],[110.42936,-7.00536],[110.42951,-7.0054],[110.42948,-7.00546],[110.42959,-7.00552],[110.42961,-7.00553],[110.42964,-7.00553],[110.42996,-7.00556],[110.43036,-7.00552],[110.43042,-7.00551],[110.43064,-7.00549],[110.43081,-7.00548],[110.43102,-7.00536],[110.43115,-7.00529],[110.4313,-7.00526],[110.43135,-7.00517],[110.43136,-7.00515],[110.43133,-7.00508],[110.43146,-7.005],[110.43163,-7.00492],[110.43166,-7.00491],[110.43178,-7.005],[110.43199,-7.00517],[110.432,-7.00509],[110.43202,-7.0049],[110.43208,-7.00472],[110.43231,-7.00432],[110.43244,-7.00407],[110.43254,-7.00384],[110.43257,-7.00379],[110.43268,-7.00351],[110.43281,-7.00317],[110.43294,-7.0028],[110.43301,-7.00263],[110.43314,-7.00198],[110.43331,-7.00114],[110.43332,-7.00108],[110.43329,-7.00104],[110.4331,-7.00076],[110.43309,-7.00075],[110.43288,-7.00028],[110.43273,-7],[110.43244,-6.99937],[110.43232,-6.99909],[110.43216,-6.99852],[110.43213,-6.99841],[110.43202,-6.9975],[110.43201,-6.99722],[110.432,-6.99619],[110.43199,-6.99552],[110.43197,-6.99472],[110.43198,-6.9943]]]}},{"type":"Feature","properties":{"id":"ADM-SEMARANG-TENGAH-BANGUNHARJO","name":"Bangunharjo","source_name":"Bangunharjo","type":"Kelurahan","category":"Administrasi kota","kecamatan":"Semarang Tengah","kabupaten":"Kota Semarang","catatan":"Batas kelurahan dari berkas vektor kota. Serpihan dan wilayah luar kota dibuang. Kecamatan mengikuti daftar resmi, bukan kolom asli berkas.","status":"Batas administrasi"},"geometry":{"type":"Polygon","coordinates":[[[110.42274,-6.97584],[110.42264,-6.97498],[110.42255,-6.9736],[110.42256,-6.97354],[110.42254,-6.97296],[110.42258,-6.97286],[110.42276,-6.9728],[110.42297,-6.97275],[110.42318,-6.97255],[110.42309,-6.97225],[110.423,-6.97185],[110.42291,-6.97129],[110.42292,-6.97122],[110.42276,-6.97116],[110.42274,-6.97114],[110.42273,-6.97112],[110.42267,-6.97096],[110.42198,-6.97163],[110.42141,-6.97229],[110.41996,-6.97355],[110.42,-6.97377],[110.42002,-6.97387],[110.42005,-6.97398],[110.42012,-6.97439],[110.42041,-6.97571],[110.42046,-6.976],[110.42054,-6.9765],[110.42054,-6.97651],[110.42083,-6.97801],[110.42107,-6.97919],[110.42113,-6.97954],[110.42126,-6.98026],[110.42128,-6.98043],[110.4213,-6.98049],[110.42141,-6.98046],[110.42169,-6.98037],[110.42229,-6.98016],[110.42245,-6.98008],[110.42251,-6.97997],[110.42257,-6.97959],[110.4226,-6.97927],[110.42263,-6.97903],[110.42275,-6.97895],[110.42297,-6.97897],[110.42331,-6.97911],[110.42346,-6.97914],[110.42343,-6.97901],[110.42338,-6.9789],[110.42333,-6.97864],[110.42293,-6.97696],[110.42291,-6.97689],[110.42274,-6.97588],[110.42274,-6.97584]]]}},{"type":"Feature","properties":{"id":"ADM-SEMARANG-TENGAH-BRUMBUNGAN","name":"Brumbungan","source_name":"Brumbungan","type":"Kelurahan","category":"Administrasi kota","kecamatan":"Semarang Tengah","kabupaten":"Kota Semarang","catatan":"Batas kelurahan dari berkas vektor kota. Serpihan dan wilayah luar kota dibuang. Kecamatan mengikuti daftar resmi, bukan kolom asli berkas.","status":"Batas administrasi"},"geometry":{"type":"Polygon","coordinates":[[[110.42892,-6.98082],[110.42877,-6.98082],[110.4285,-6.98089],[110.42761,-6.98119],[110.42679,-6.98145],[110.42557,-6.98168],[110.42552,-6.98167],[110.42538,-6.98165],[110.42514,-6.98163],[110.42486,-6.98164],[110.42469,-6.9817],[110.42431,-6.98182],[110.42416,-6.98187],[110.42363,-6.98207],[110.42359,-6.98208],[110.42351,-6.98211],[110.42352,-6.98214],[110.42363,-6.98242],[110.42366,-6.98248],[110.42373,-6.98281],[110.42375,-6.98294],[110.42351,-6.98303],[110.42327,-6.98307],[110.42274,-6.98319],[110.42236,-6.98327],[110.42187,-6.98339],[110.42198,-6.98392],[110.42205,-6.98436],[110.42227,-6.9856],[110.42231,-6.98582],[110.42233,-6.98592],[110.42236,-6.98604],[110.4224,-6.98604],[110.42337,-6.986],[110.42462,-6.98593],[110.42517,-6.9859],[110.42655,-6.98582],[110.42696,-6.98579],[110.42755,-6.98575],[110.42827,-6.98574],[110.42835,-6.98574],[110.42835,-6.98562],[110.42836,-6.98553],[110.42836,-6.98544],[110.4284,-6.9854],[110.42853,-6.98539],[110.42877,-6.98537],[110.42883,-6.98532],[110.42884,-6.98525],[110.42886,-6.98484],[110.42886,-6.98412],[110.42887,-6.98324],[110.42888,-6.98231],[110.42892,-6.98082]]]}},{"type":"Feature","properties":{"id":"ADM-SEMARANG-TENGAH-GABAHAN","name":"Gabahan","source_name":"Gabahan","type":"Kelurahan","category":"Administrasi kota","kecamatan":"Semarang Tengah","kabupaten":"Kota Semarang","catatan":"Batas kelurahan dari berkas vektor kota. Serpihan dan wilayah luar kota dibuang. Kecamatan mengikuti daftar resmi, bukan kolom asli berkas.","status":"Batas administrasi"},"geometry":{"type":"Polygon","coordinates":[[[110.42892,-6.98082],[110.42897,-6.98077],[110.42911,-6.98063],[110.42911,-6.98024],[110.4291,-6.97969],[110.42909,-6.97953],[110.42905,-6.97924],[110.42893,-6.97881],[110.42881,-6.97839],[110.42868,-6.97812],[110.42826,-6.97734],[110.42825,-6.97732],[110.42823,-6.97727],[110.42819,-6.97722],[110.42764,-6.97773],[110.42719,-6.9781],[110.42676,-6.97826],[110.4261,-6.97867],[110.42574,-6.97883],[110.42546,-6.97889],[110.42523,-6.97893],[110.42512,-6.97898],[110.42505,-6.97906],[110.42497,-6.97921],[110.42493,-6.97955],[110.42486,-6.97976],[110.42477,-6.97984],[110.42457,-6.97992],[110.42442,-6.97991],[110.42429,-6.97989],[110.42422,-6.97983],[110.42407,-6.97967],[110.42387,-6.9794],[110.4237,-6.97926],[110.42346,-6.97914],[110.42331,-6.97911],[110.42297,-6.97897],[110.42275,-6.97895],[110.42263,-6.97903],[110.4226,-6.97927],[110.42257,-6.97959],[110.42251,-6.97997],[110.42245,-6.98008],[110.42229,-6.98016],[110.42169,-6.98037],[110.42141,-6.98046],[110.4213,-6.98049],[110.42132,-6.98059],[110.42134,-6.98073],[110.42136,-6.98086],[110.42137,-6.9809],[110.42138,-6.98096],[110.42166,-6.98231],[110.42166,-6.98234],[110.42176,-6.98282],[110.42179,-6.98295],[110.42187,-6.98339],[110.42236,-6.98327],[110.42274,-6.98319],[110.42327,-6.98307],[110.42351,-6.98303],[110.42375,-6.98294],[110.42373,-6.98281],[110.42366,-6.98248],[110.42363,-6.98242],[110.42352,-6.98214],[110.42351,-6.98211],[110.42359,-6.98208],[110.42363,-6.98207],[110.42416,-6.98187],[110.42431,-6.98182],[110.42469,-6.9817],[110.42486,-6.98164],[110.42514,-6.98163],[110.42538,-6.98165],[110.42552,-6.98167],[110.42557,-6.98168],[110.42679,-6.98145],[110.42761,-6.98119],[110.4285,-6.98089],[110.42877,-6.98082],[110.42892,-6.98082]]]}},{"type":"Feature","properties":{"id":"ADM-SEMARANG-TENGAH-JAGALAN","name":"Jagalan","source_name":"Jagalan","type":"Kelurahan","category":"Administrasi kota","kecamatan":"Semarang Tengah","kabupaten":"Kota Semarang","catatan":"Batas kelurahan dari berkas vektor kota. Serpihan dan wilayah luar kota dibuang. Kecamatan mengikuti daftar resmi, bukan kolom asli berkas.","status":"Batas administrasi"},"geometry":{"type":"Polygon","coordinates":[[[110.43121,-6.97618],[110.4312,-6.97586],[110.43119,-6.97559],[110.43118,-6.97504],[110.43118,-6.97479],[110.43118,-6.97448],[110.43087,-6.9745],[110.42945,-6.97452],[110.42937,-6.97465],[110.42972,-6.97478],[110.42988,-6.97495],[110.4299,-6.97512],[110.42988,-6.97536],[110.42979,-6.9756],[110.42961,-6.97592],[110.42941,-6.97608],[110.42908,-6.97636],[110.42867,-6.97672],[110.42828,-6.97712],[110.42819,-6.97722],[110.42823,-6.97727],[110.42825,-6.97732],[110.42826,-6.97734],[110.42868,-6.97812],[110.42881,-6.97839],[110.42893,-6.97881],[110.42905,-6.97924],[110.42909,-6.97953],[110.4291,-6.97969],[110.42911,-6.98024],[110.42911,-6.98063],[110.42897,-6.98077],[110.42892,-6.98082],[110.42888,-6.98231],[110.42887,-6.98324],[110.42886,-6.98412],[110.42886,-6.98484],[110.42884,-6.98525],[110.42883,-6.98532],[110.42877,-6.98537],[110.42853,-6.98539],[110.4284,-6.9854],[110.42836,-6.98544],[110.42836,-6.98553],[110.42835,-6.98562],[110.42835,-6.98574],[110.42845,-6.98573],[110.42845,-6.9857],[110.42863,-6.9857],[110.42899,-6.98571],[110.42946,-6.98568],[110.4298,-6.98567],[110.43005,-6.98566],[110.43048,-6.98563],[110.43159,-6.98557],[110.43158,-6.98548],[110.43158,-6.98539],[110.43158,-6.98538],[110.43157,-6.98472],[110.43157,-6.98433],[110.43155,-6.98384],[110.43155,-6.98364],[110.43155,-6.98348],[110.43154,-6.98309],[110.43153,-6.98297],[110.43151,-6.98245],[110.43151,-6.98237],[110.43148,-6.98171],[110.43148,-6.98154],[110.43145,-6.981],[110.43143,-6.98058],[110.43142,-6.9803],[110.43139,-6.97969],[110.43137,-6.97931],[110.43135,-6.97906],[110.43131,-6.97844],[110.4313,-6.97837],[110.4313,-6.9782],[110.43128,-6.97788],[110.43125,-6.97737],[110.43123,-6.97684],[110.43121,-6.97659],[110.43121,-6.97643],[110.43121,-6.97618]]]}},{"type":"Feature","properties":{"id":"ADM-SEMARANG-TENGAH-KARANGKIDUL","name":"Karangkidul","source_name":"Karang Kidul","type":"Kelurahan","category":"Administrasi kota","kecamatan":"Semarang Tengah","kabupaten":"Kota Semarang","catatan":"Batas kelurahan dari berkas vektor kota. Serpihan dan wilayah luar kota dibuang. Kecamatan mengikuti daftar resmi, bukan kolom asli berkas.","status":"Batas administrasi"},"geometry":{"type":"Polygon","coordinates":[[[110.43198,-6.9943],[110.43198,-6.99427],[110.43197,-6.99315],[110.43197,-6.99288],[110.43196,-6.99269],[110.43194,-6.99229],[110.43193,-6.99198],[110.4319,-6.99093],[110.43189,-6.99049],[110.43182,-6.9896],[110.43179,-6.98921],[110.43175,-6.98858],[110.4317,-6.98788],[110.43169,-6.98762],[110.43167,-6.98725],[110.43166,-6.98694],[110.43165,-6.9867],[110.43164,-6.98628],[110.43163,-6.98613],[110.43159,-6.98557],[110.43048,-6.98563],[110.43005,-6.98566],[110.4298,-6.98567],[110.42946,-6.98568],[110.42899,-6.98571],[110.42863,-6.9857],[110.42845,-6.9857],[110.42845,-6.98573],[110.42849,-6.98605],[110.42851,-6.98605],[110.42836,-6.98624],[110.42807,-6.98669],[110.42801,-6.98678],[110.428,-6.9868],[110.42793,-6.98688],[110.42768,-6.98721],[110.42744,-6.9875],[110.42723,-6.98778],[110.42714,-6.9879],[110.42693,-6.98815],[110.42687,-6.98823],[110.42658,-6.98851],[110.4265,-6.98856],[110.42633,-6.98869],[110.42598,-6.9889],[110.42517,-6.98939],[110.42488,-6.98953],[110.42487,-6.98953],[110.42473,-6.98959],[110.42451,-6.98968],[110.42402,-6.98982],[110.42389,-6.99016],[110.42375,-6.99049],[110.42373,-6.99052],[110.42395,-6.99063],[110.42443,-6.99088],[110.42523,-6.99125],[110.42665,-6.99195],[110.42682,-6.99204],[110.42716,-6.99221],[110.42785,-6.99254],[110.42829,-6.99275],[110.42833,-6.99277],[110.42845,-6.99282],[110.42856,-6.99289],[110.42872,-6.99298],[110.42884,-6.99304],[110.42984,-6.99353],[110.43064,-6.99391],[110.43108,-6.99412],[110.4313,-6.99418],[110.43177,-6.99427],[110.43198,-6.9943]]]}},{"type":"Feature","properties":{"id":"ADM-SEMARANG-TENGAH-KAUMAN","name":"Kauman","source_name":"Kauman","type":"Kelurahan","category":"Administrasi kota","kecamatan":"Semarang Tengah","kabupaten":"Kota Semarang","catatan":"Batas kelurahan dari berkas vektor kota. Serpihan dan wilayah luar kota dibuang. Kecamatan mengikuti daftar resmi, bukan kolom asli berkas.","status":"Batas administrasi"},"geometry":{"type":"Polygon","coordinates":[[[110.4283,-6.97453],[110.42811,-6.97453],[110.42786,-6.97451],[110.4276,-6.97444],[110.42735,-6.97428],[110.42708,-6.97396],[110.4269,-6.97358],[110.42681,-6.97313],[110.42667,-6.97277],[110.42627,-6.97237],[110.42571,-6.97201],[110.42553,-6.97144],[110.42551,-6.9703],[110.42555,-6.96972],[110.42542,-6.96936],[110.42517,-6.96895],[110.42506,-6.9688],[110.42494,-6.96866],[110.42488,-6.96871],[110.42483,-6.96874],[110.42476,-6.96882],[110.42463,-6.96894],[110.42441,-6.96911],[110.42424,-6.96929],[110.42404,-6.96951],[110.42386,-6.96962],[110.42341,-6.9697],[110.42295,-6.96978],[110.4225,-6.96986],[110.42237,-6.9699],[110.42232,-6.96992],[110.42253,-6.97058],[110.42267,-6.97096],[110.42273,-6.97112],[110.42274,-6.97114],[110.42276,-6.97116],[110.42292,-6.97122],[110.42291,-6.97129],[110.423,-6.97185],[110.42309,-6.97225],[110.42318,-6.97255],[110.42297,-6.97275],[110.42276,-6.9728],[110.42258,-6.97286],[110.42254,-6.97296],[110.42256,-6.97354],[110.42255,-6.9736],[110.42264,-6.97498],[110.42274,-6.97584],[110.42275,-6.97584],[110.42412,-6.97532],[110.42417,-6.9753],[110.42423,-6.97528],[110.42472,-6.97508],[110.42502,-6.97495],[110.42509,-6.97491],[110.42509,-6.9749],[110.42514,-6.97487],[110.42561,-6.97472],[110.42585,-6.97463],[110.42615,-6.97458],[110.42624,-6.97457],[110.42709,-6.97465],[110.42768,-6.97471],[110.42775,-6.97472],[110.42828,-6.97475],[110.42828,-6.97466],[110.42829,-6.9746],[110.4283,-6.97453]]]}},{"type":"Feature","properties":{"id":"ADM-SEMARANG-TENGAH-KEMBANGSARI","name":"Kembangsari","source_name":"Lembangsari","type":"Kelurahan","category":"Administrasi kota","kecamatan":"Semarang Tengah","kabupaten":"Kota Semarang","catatan":"Batas kelurahan dari berkas vektor kota. Serpihan dan wilayah luar kota dibuang. Kecamatan mengikuti daftar resmi, bukan kolom asli berkas.","status":"Batas administrasi"},"geometry":{"type":"Polygon","coordinates":[[[110.4213,-6.98049],[110.42128,-6.98043],[110.42126,-6.98026],[110.42113,-6.97954],[110.42107,-6.97919],[110.42083,-6.97801],[110.42054,-6.97651],[110.42054,-6.9765],[110.42046,-6.976],[110.42041,-6.97571],[110.42012,-6.97439],[110.42005,-6.97398],[110.42002,-6.97387],[110.41891,-6.97497],[110.41813,-6.97576],[110.4179,-6.97601],[110.41753,-6.9764],[110.41742,-6.97651],[110.41652,-6.97743],[110.41661,-6.97782],[110.41663,-6.97785],[110.41663,-6.97786],[110.41695,-6.97906],[110.41706,-6.97951],[110.41719,-6.98014],[110.41749,-6.98178],[110.41752,-6.98195],[110.41752,-6.982],[110.41781,-6.98194],[110.41899,-6.98161],[110.41914,-6.98153],[110.41986,-6.98107],[110.4203,-6.98078],[110.42072,-6.98066],[110.42107,-6.98056],[110.4213,-6.98049]]]}},{"type":"Feature","properties":{"id":"ADM-SEMARANG-TENGAH-KRANGGAN","name":"Kranggan","source_name":"Kranggan","type":"Kelurahan","category":"Administrasi kota","kecamatan":"Semarang Tengah","kabupaten":"Kota Semarang","catatan":"Batas kelurahan dari berkas vektor kota. Serpihan dan wilayah luar kota dibuang. Kecamatan mengikuti daftar resmi, bukan kolom asli berkas.","status":"Batas administrasi"},"geometry":{"type":"Polygon","coordinates":[[[110.42937,-6.97465],[110.42914,-6.97458],[110.42854,-6.97454],[110.4283,-6.97453],[110.42829,-6.9746],[110.42828,-6.97466],[110.42828,-6.97475],[110.42775,-6.97472],[110.42768,-6.97471],[110.42709,-6.97465],[110.42624,-6.97457],[110.42615,-6.97458],[110.42585,-6.97463],[110.42561,-6.97472],[110.42514,-6.97487],[110.42509,-6.9749],[110.42509,-6.97491],[110.42502,-6.97495],[110.42472,-6.97508],[110.42423,-6.97528],[110.42417,-6.9753],[110.42412,-6.97532],[110.42275,-6.97584],[110.42274,-6.97584],[110.42274,-6.97588],[110.42291,-6.97689],[110.42293,-6.97696],[110.42333,-6.97864],[110.42338,-6.9789],[110.42343,-6.97901],[110.42346,-6.97914],[110.4237,-6.97926],[110.42387,-6.9794],[110.42407,-6.97967],[110.42422,-6.97983],[110.42429,-6.97989],[110.42442,-6.97991],[110.42457,-6.97992],[110.42477,-6.97984],[110.42486,-6.97976],[110.42493,-6.97955],[110.42497,-6.97921],[110.42505,-6.97906],[110.42512,-6.97898],[110.42523,-6.97893],[110.42546,-6.97889],[110.42574,-6.97883],[110.4261,-6.97867],[110.42676,-6.97826],[110.42719,-6.9781],[110.42764,-6.97773],[110.42819,-6.97722],[110.42828,-6.97712],[110.42867,-6.97672],[110.42908,-6.97636],[110.42941,-6.97608],[110.42961,-6.97592],[110.42979,-6.9756],[110.42988,-6.97536],[110.4299,-6.97512],[110.42988,-6.97495],[110.42972,-6.97478],[110.42937,-6.97465]]]}},{"type":"Feature","properties":{"id":"ADM-SEMARANG-TENGAH-MIROTO","name":"Miroto","source_name":"Miroto","type":"Kelurahan","category":"Administrasi kota","kecamatan":"Semarang Tengah","kabupaten":"Kota Semarang","catatan":"Batas kelurahan dari berkas vektor kota. Serpihan dan wilayah luar kota dibuang. Kecamatan mengikuti daftar resmi, bukan kolom asli berkas.","status":"Batas administrasi"},"geometry":{"type":"Polygon","coordinates":[[[110.42187,-6.98339],[110.42179,-6.98295],[110.42176,-6.98282],[110.42166,-6.98234],[110.42166,-6.98231],[110.42138,-6.98096],[110.42137,-6.9809],[110.42136,-6.98086],[110.42134,-6.98073],[110.42132,-6.98059],[110.4213,-6.98049],[110.42107,-6.98056],[110.42072,-6.98066],[110.4203,-6.98078],[110.41986,-6.98107],[110.41914,-6.98153],[110.41899,-6.98161],[110.41781,-6.98194],[110.41752,-6.982],[110.41663,-6.98218],[110.41624,-6.9823],[110.41623,-6.9823],[110.41577,-6.98248],[110.41531,-6.98274],[110.4149,-6.98306],[110.41461,-6.98334],[110.41444,-6.98351],[110.41428,-6.98366],[110.41414,-6.98382],[110.41368,-6.98431],[110.41354,-6.98443],[110.41332,-6.98455],[110.41338,-6.98462],[110.41347,-6.98467],[110.41416,-6.98494],[110.41417,-6.98494],[110.41452,-6.98508],[110.41592,-6.9855],[110.41759,-6.98571],[110.41762,-6.98571],[110.41847,-6.98578],[110.42028,-6.98592],[110.42107,-6.986],[110.42149,-6.98604],[110.42236,-6.98604],[110.42233,-6.98592],[110.42231,-6.98582],[110.42227,-6.9856],[110.42205,-6.98436],[110.42198,-6.98392],[110.42187,-6.98339]]]}},{"type":"Feature","properties":{"id":"ADM-SEMARANG-TENGAH-PANDANSARI","name":"Pandansari","source_name":"Pandansari","type":"Kelurahan","category":"Administrasi kota","kecamatan":"Semarang Tengah","kabupaten":"Kota Semarang","catatan":"Batas kelurahan dari berkas vektor kota. Serpihan dan wilayah luar kota dibuang. Kecamatan mengikuti daftar resmi, bukan kolom asli berkas.","status":"Batas administrasi"},"geometry":{"type":"Polygon","coordinates":[[[110.42267,-6.97096],[110.42253,-6.97058],[110.42232,-6.96992],[110.42125,-6.97043],[110.42086,-6.97061],[110.42074,-6.97067],[110.4195,-6.9713],[110.41944,-6.97133],[110.41921,-6.97144],[110.4186,-6.97173],[110.41844,-6.97181],[110.41811,-6.97196],[110.4178,-6.97211],[110.41713,-6.97243],[110.41695,-6.97251],[110.41646,-6.97273],[110.41644,-6.97275],[110.41569,-6.97312],[110.41498,-6.97347],[110.41522,-6.97396],[110.4154,-6.97432],[110.41552,-6.97446],[110.41558,-6.97454],[110.41572,-6.97473],[110.41575,-6.97483],[110.41591,-6.97532],[110.41617,-6.97638],[110.41629,-6.97686],[110.41639,-6.97716],[110.41646,-6.97732],[110.41651,-6.97741],[110.41652,-6.97743],[110.41742,-6.97651],[110.41753,-6.9764],[110.4179,-6.97601],[110.41813,-6.97576],[110.41891,-6.97497],[110.42002,-6.97387],[110.42,-6.97377],[110.41996,-6.97355],[110.42141,-6.97229],[110.42198,-6.97163],[110.42267,-6.97096]]]}},{"type":"Feature","properties":{"id":"ADM-SEMARANG-TENGAH-PEKUNDEN","name":"Pekunden","source_name":"Pekunden","type":"Kelurahan","category":"Administrasi kota","kecamatan":"Semarang Tengah","kabupaten":"Kota Semarang","catatan":"Batas kelurahan dari berkas vektor kota. Serpihan dan wilayah luar kota dibuang. Kecamatan mengikuti daftar resmi, bukan kolom asli berkas.","status":"Batas administrasi"},"geometry":{"type":"Polygon","coordinates":[[[110.41338,-6.98462],[110.41285,-6.9847],[110.41243,-6.98468],[110.41172,-6.98452],[110.41164,-6.98451],[110.41151,-6.9845],[110.41096,-6.98456],[110.4105,-6.98461],[110.4101,-6.98465],[110.40988,-6.98467],[110.40997,-6.98476],[110.41151,-6.98544],[110.4121,-6.98575],[110.41221,-6.9858],[110.4136,-6.98642],[110.41384,-6.98652],[110.41406,-6.98661],[110.41463,-6.98675],[110.41636,-6.98725],[110.41682,-6.98739],[110.41709,-6.98747],[110.4173,-6.98753],[110.41749,-6.98759],[110.41754,-6.9876],[110.41799,-6.98776],[110.4184,-6.98796],[110.41878,-6.98813],[110.41937,-6.98842],[110.41971,-6.98859],[110.42005,-6.98876],[110.4207,-6.98907],[110.42142,-6.98941],[110.42211,-6.98975],[110.42235,-6.98985],[110.42255,-6.98943],[110.42267,-6.98926],[110.42276,-6.98918],[110.4229,-6.98915],[110.42329,-6.9893],[110.42365,-6.98948],[110.42388,-6.9896],[110.42397,-6.98973],[110.42402,-6.98982],[110.42451,-6.98968],[110.42473,-6.98959],[110.42487,-6.98953],[110.42488,-6.98953],[110.42517,-6.98939],[110.42598,-6.9889],[110.42633,-6.98869],[110.4265,-6.98856],[110.42658,-6.98851],[110.42687,-6.98823],[110.42693,-6.98815],[110.42714,-6.9879],[110.42723,-6.98778],[110.42744,-6.9875],[110.42768,-6.98721],[110.42793,-6.98688],[110.428,-6.9868],[110.42801,-6.98678],[110.42807,-6.98669],[110.42836,-6.98624],[110.42851,-6.98605],[110.42849,-6.98605],[110.42845,-6.98573],[110.42835,-6.98574],[110.42827,-6.98574],[110.42755,-6.98575],[110.42696,-6.98579],[110.42655,-6.98582],[110.42517,-6.9859],[110.42462,-6.98593],[110.42337,-6.986],[110.4224,-6.98604],[110.42236,-6.98604],[110.42149,-6.98604],[110.42107,-6.986],[110.42028,-6.98592],[110.41847,-6.98578],[110.41762,-6.98571],[110.41759,-6.98571],[110.41592,-6.9855],[110.41452,-6.98508],[110.41417,-6.98494],[110.41416,-6.98494],[110.41347,-6.98467],[110.41338,-6.98462]]]}},{"type":"Feature","properties":{"id":"ADM-SEMARANG-TENGAH-PENDRIKAN-KIDUL","name":"Pendrikan Kidul","source_name":"Pindrikan Kidul","type":"Kelurahan","category":"Administrasi kota","kecamatan":"Semarang Tengah","kabupaten":"Kota Semarang","catatan":"Batas kelurahan dari berkas vektor kota. Serpihan dan wilayah luar kota dibuang. Kecamatan mengikuti daftar resmi, bukan kolom asli berkas.","status":"Batas administrasi"},"geometry":{"type":"Polygon","coordinates":[[[110.41168,-6.97858],[110.41165,-6.97857],[110.41155,-6.97851],[110.41084,-6.97834],[110.41061,-6.97828],[110.41045,-6.97824],[110.4101,-6.97827],[110.41004,-6.97828],[110.40928,-6.97834],[110.40869,-6.97841],[110.40839,-6.97846],[110.40836,-6.97846],[110.40816,-6.97848],[110.40756,-6.97859],[110.40715,-6.9787],[110.40682,-6.97879],[110.4062,-6.97893],[110.40614,-6.97894],[110.40606,-6.97897],[110.40601,-6.979],[110.40598,-6.97902],[110.40577,-6.97908],[110.40558,-6.97915],[110.4053,-6.97927],[110.40494,-6.97943],[110.40475,-6.97951],[110.40455,-6.97958],[110.40451,-6.97959],[110.40442,-6.97962],[110.40441,-6.97962],[110.40439,-6.97964],[110.40377,-6.98001],[110.40358,-6.98014],[110.40354,-6.98017],[110.40315,-6.98051],[110.40297,-6.98069],[110.40282,-6.98083],[110.40282,-6.98084],[110.40256,-6.98099],[110.40241,-6.98108],[110.40226,-6.98119],[110.40235,-6.98129],[110.40277,-6.98148],[110.40305,-6.98158],[110.4031,-6.9816],[110.40334,-6.9817],[110.40436,-6.98217],[110.40445,-6.98221],[110.40498,-6.98245],[110.40591,-6.9829],[110.4066,-6.98323],[110.40688,-6.98336],[110.40701,-6.98341],[110.4074,-6.98359],[110.4079,-6.98382],[110.40809,-6.9839],[110.40841,-6.98403],[110.40876,-6.9842],[110.40902,-6.98408],[110.40907,-6.98392],[110.40917,-6.98377],[110.40932,-6.98368],[110.40948,-6.98364],[110.40954,-6.98345],[110.40954,-6.98342],[110.40959,-6.98319],[110.40975,-6.98276],[110.40984,-6.98255],[110.41048,-6.98111],[110.41121,-6.97947],[110.41132,-6.97922],[110.41147,-6.97892],[110.41166,-6.97863],[110.41168,-6.97858]]]}},{"type":"Feature","properties":{"id":"ADM-SEMARANG-TENGAH-PENDRIKAN-LOR","name":"Pendrikan Lor","source_name":"Pindrikan Lor","type":"Kelurahan","category":"Administrasi kota","kecamatan":"Semarang Tengah","kabupaten":"Kota Semarang","catatan":"Batas kelurahan dari berkas vektor kota. Serpihan dan wilayah luar kota dibuang. Kecamatan mengikuti daftar resmi, bukan kolom asli berkas.","status":"Batas administrasi"},"geometry":{"type":"Polygon","coordinates":[[[110.41332,-6.97484],[110.41295,-6.97455],[110.41291,-6.97452],[110.41271,-6.97437],[110.41262,-6.97424],[110.41197,-6.97477],[110.41128,-6.97525],[110.41117,-6.97535],[110.4107,-6.97567],[110.41014,-6.97602],[110.40975,-6.97621],[110.40968,-6.97624],[110.40925,-6.97644],[110.40919,-6.97646],[110.40884,-6.97658],[110.40842,-6.97672],[110.4084,-6.97673],[110.40728,-6.97702],[110.40688,-6.97706],[110.4058,-6.97717],[110.40573,-6.97717],[110.40524,-6.97722],[110.4052,-6.97722],[110.40519,-6.97723],[110.40513,-6.97723],[110.4051,-6.97723],[110.4048,-6.97725],[110.40442,-6.97729],[110.40425,-6.9773],[110.40391,-6.97733],[110.403,-6.9774],[110.40245,-6.97745],[110.40203,-6.97748],[110.40201,-6.97748],[110.402,-6.97748],[110.40165,-6.9775],[110.40159,-6.97751],[110.4014,-6.97753],[110.4017,-6.97936],[110.40185,-6.98028],[110.40185,-6.98108],[110.402,-6.98112],[110.40211,-6.98115],[110.40226,-6.98119],[110.40241,-6.98108],[110.40256,-6.98099],[110.40282,-6.98084],[110.40282,-6.98083],[110.40297,-6.98069],[110.40315,-6.98051],[110.40354,-6.98017],[110.40358,-6.98014],[110.40377,-6.98001],[110.40439,-6.97964],[110.40441,-6.97962],[110.40442,-6.97962],[110.40451,-6.97959],[110.40455,-6.97958],[110.40475,-6.97951],[110.40494,-6.97943],[110.4053,-6.97927],[110.40558,-6.97915],[110.40577,-6.97908],[110.40598,-6.97902],[110.40601,-6.979],[110.40606,-6.97897],[110.40614,-6.97894],[110.4062,-6.97893],[110.40682,-6.97879],[110.40715,-6.9787],[110.40756,-6.97859],[110.40816,-6.97848],[110.40836,-6.97846],[110.40839,-6.97846],[110.40869,-6.97841],[110.40928,-6.97834],[110.41004,-6.97828],[110.4101,-6.97827],[110.41045,-6.97824],[110.41061,-6.97828],[110.41084,-6.97834],[110.41155,-6.97851],[110.41165,-6.97857],[110.41168,-6.97858],[110.41197,-6.97786],[110.41218,-6.97737],[110.41237,-6.97695],[110.41245,-6.97677],[110.41256,-6.97655],[110.41284,-6.97595],[110.41297,-6.97568],[110.41308,-6.97545],[110.41322,-6.97514],[110.41332,-6.97484]]]}},{"type":"Feature","properties":{"id":"ADM-SEMARANG-TENGAH-PURWODINATAN","name":"Purwodinatan","source_name":"Purwodinatan","type":"Kelurahan","category":"Administrasi kota","kecamatan":"Semarang Tengah","kabupaten":"Kota Semarang","catatan":"Batas kelurahan dari berkas vektor kota. Serpihan dan wilayah luar kota dibuang. Kecamatan mengikuti daftar resmi, bukan kolom asli berkas.","status":"Batas administrasi"},"geometry":{"type":"Polygon","coordinates":[[[110.43106,-6.9699],[110.43103,-6.96921],[110.43103,-6.96916],[110.431,-6.96808],[110.43099,-6.96781],[110.43095,-6.96717],[110.43094,-6.96717],[110.43044,-6.96746],[110.43025,-6.96758],[110.43008,-6.96768],[110.42976,-6.96784],[110.4292,-6.96807],[110.42872,-6.96826],[110.42862,-6.9683],[110.42804,-6.96836],[110.42754,-6.96841],[110.42683,-6.96848],[110.42658,-6.96853],[110.42639,-6.96856],[110.42616,-6.96861],[110.42526,-6.96878],[110.42525,-6.96875],[110.42512,-6.96854],[110.42498,-6.96864],[110.42494,-6.96866],[110.42506,-6.9688],[110.42517,-6.96895],[110.42542,-6.96936],[110.42555,-6.96972],[110.42551,-6.9703],[110.42553,-6.97144],[110.42571,-6.97201],[110.42627,-6.97237],[110.42667,-6.97277],[110.42681,-6.97313],[110.4269,-6.97358],[110.42708,-6.97396],[110.42735,-6.97428],[110.4276,-6.97444],[110.42786,-6.97451],[110.42811,-6.97453],[110.4283,-6.97453],[110.42854,-6.97454],[110.42914,-6.97458],[110.42937,-6.97465],[110.42945,-6.97452],[110.43087,-6.9745],[110.43118,-6.97448],[110.43117,-6.97356],[110.43116,-6.97335],[110.43113,-6.97284],[110.43112,-6.97231],[110.4311,-6.97178],[110.4311,-6.97172],[110.43109,-6.97127],[110.43108,-6.97076],[110.43106,-6.9699]]]}},{"type":"Feature","properties":{"id":"ADM-SEMARANG-TENGAH-SEKAYU","name":"Sekayu","source_name":"Sekayu","type":"Kelurahan","category":"Administrasi kota","kecamatan":"Semarang Tengah","kabupaten":"Kota Semarang","catatan":"Batas kelurahan dari berkas vektor kota. Serpihan dan wilayah luar kota dibuang. Kecamatan mengikuti daftar resmi, bukan kolom asli berkas.","status":"Batas administrasi"},"geometry":{"type":"Polygon","coordinates":[[[110.41652,-6.97743],[110.41651,-6.97741],[110.41646,-6.97732],[110.41639,-6.97716],[110.41629,-6.97686],[110.41617,-6.97638],[110.41591,-6.97532],[110.41575,-6.97483],[110.41572,-6.97473],[110.41558,-6.97454],[110.41552,-6.97446],[110.4154,-6.97432],[110.41522,-6.97396],[110.41498,-6.97347],[110.41417,-6.97383],[110.4138,-6.97404],[110.41371,-6.97411],[110.4137,-6.97411],[110.41355,-6.97438],[110.41332,-6.97484],[110.41322,-6.97514],[110.41308,-6.97545],[110.41297,-6.97568],[110.41284,-6.97595],[110.41256,-6.97655],[110.41245,-6.97677],[110.41237,-6.97695],[110.41218,-6.97737],[110.41197,-6.97786],[110.41168,-6.97858],[110.41166,-6.97863],[110.41147,-6.97892],[110.41132,-6.97922],[110.41121,-6.97947],[110.41048,-6.98111],[110.40984,-6.98255],[110.40975,-6.98276],[110.40959,-6.98319],[110.40954,-6.98342],[110.40954,-6.98345],[110.40948,-6.98364],[110.40932,-6.98368],[110.40917,-6.98377],[110.40907,-6.98392],[110.40902,-6.98408],[110.40905,-6.98426],[110.40908,-6.98432],[110.40913,-6.98443],[110.40926,-6.98451],[110.40941,-6.98458],[110.40959,-6.98458],[110.40973,-6.98452],[110.40988,-6.98467],[110.4101,-6.98465],[110.4105,-6.98461],[110.41096,-6.98456],[110.41151,-6.9845],[110.41164,-6.98451],[110.41172,-6.98452],[110.41243,-6.98468],[110.41285,-6.9847],[110.41338,-6.98462],[110.41332,-6.98455],[110.41354,-6.98443],[110.41368,-6.98431],[110.41414,-6.98382],[110.41428,-6.98366],[110.41444,-6.98351],[110.41461,-6.98334],[110.4149,-6.98306],[110.41531,-6.98274],[110.41577,-6.98248],[110.41623,-6.9823],[110.41624,-6.9823],[110.41663,-6.98218],[110.41752,-6.982],[110.41752,-6.98195],[110.41749,-6.98178],[110.41719,-6.98014],[110.41706,-6.97951],[110.41695,-6.97906],[110.41663,-6.97786],[110.41663,-6.97785],[110.41661,-6.97782],[110.41652,-6.97743]]]}},{"type":"Feature","properties":{"id":"ADM-SEMARANG-TIMUR-BUGANGAN","name":"Bugangan","source_name":"Bugangan","type":"Kelurahan","category":"Administrasi kota","kecamatan":"Semarang Timur","kabupaten":"Kota Semarang","catatan":"Batas kelurahan dari berkas vektor kota. Serpihan dan wilayah luar kota dibuang. Kecamatan mengikuti daftar resmi, bukan kolom asli berkas.","status":"Batas administrasi"},"geometry":{"type":"Polygon","coordinates":[[[110.4388,-6.97046],[110.43877,-6.97045],[110.43868,-6.97042],[110.43858,-6.97039],[110.4378,-6.97014],[110.43725,-6.97001],[110.43669,-6.9699],[110.43666,-6.9699],[110.43599,-6.9698],[110.43588,-6.96979],[110.43564,-6.96975],[110.43513,-6.9697],[110.43408,-6.96968],[110.43392,-6.96968],[110.43395,-6.9703],[110.43396,-6.97039],[110.43397,-6.97064],[110.43398,-6.97093],[110.434,-6.97148],[110.43411,-6.97219],[110.43418,-6.97266],[110.4342,-6.97277],[110.43434,-6.97324],[110.43435,-6.97327],[110.43455,-6.97412],[110.43464,-6.97458],[110.43468,-6.97472],[110.43481,-6.97526],[110.43487,-6.97555],[110.43497,-6.97606],[110.4353,-6.97593],[110.43575,-6.97576],[110.43586,-6.97573],[110.43702,-6.97528],[110.43732,-6.97523],[110.4374,-6.97521],[110.43748,-6.97519],[110.43747,-6.97518],[110.43755,-6.97514],[110.43778,-6.97507],[110.43834,-6.97483],[110.43844,-6.97479],[110.44002,-6.97421],[110.44008,-6.97438],[110.44013,-6.97448],[110.44016,-6.97453],[110.44021,-6.97466],[110.44024,-6.97478],[110.44029,-6.97509],[110.44032,-6.97523],[110.44035,-6.97543],[110.44077,-6.9754],[110.44135,-6.9754],[110.44167,-6.97548],[110.44239,-6.97561],[110.44246,-6.97492],[110.44261,-6.97396],[110.44279,-6.97309],[110.44299,-6.97248],[110.443,-6.97245],[110.44287,-6.9724],[110.44278,-6.97237],[110.44238,-6.97221],[110.44235,-6.97219],[110.44219,-6.97209],[110.44216,-6.97211],[110.44215,-6.97211],[110.44191,-6.97193],[110.44156,-6.97159],[110.44147,-6.97151],[110.44131,-6.97136],[110.44117,-6.97125],[110.44111,-6.97122],[110.44084,-6.97108],[110.44028,-6.97087],[110.44025,-6.97087],[110.44018,-6.97084],[110.43978,-6.97073],[110.43905,-6.97052],[110.4388,-6.97046]]]}},{"type":"Feature","properties":{"id":"ADM-SEMARANG-TIMUR-KARANGTEMPEL","name":"Karangtempel","source_name":"Karangtempel","type":"Kelurahan","category":"Administrasi kota","kecamatan":"Semarang Timur","kabupaten":"Kota Semarang","catatan":"Batas kelurahan dari berkas vektor kota. Serpihan dan wilayah luar kota dibuang. Kecamatan mengikuti daftar resmi, bukan kolom asli berkas.","status":"Batas administrasi"},"geometry":{"type":"Polygon","coordinates":[[[110.44095,-6.98587],[110.44067,-6.98583],[110.44023,-6.98577],[110.44016,-6.98579],[110.4401,-6.98578],[110.44007,-6.98576],[110.43993,-6.98581],[110.43988,-6.98578],[110.43979,-6.98577],[110.43977,-6.98573],[110.43937,-6.98572],[110.43913,-6.98571],[110.4389,-6.98568],[110.43815,-6.98559],[110.43747,-6.98551],[110.43739,-6.9855],[110.43731,-6.9855],[110.43722,-6.98551],[110.43696,-6.98552],[110.43656,-6.9855],[110.4356,-6.98542],[110.43474,-6.98534],[110.43458,-6.9874],[110.43456,-6.98766],[110.43451,-6.98821],[110.43442,-6.98918],[110.43439,-6.98951],[110.43437,-6.98973],[110.43429,-6.99095],[110.43422,-6.99172],[110.43413,-6.9927],[110.43412,-6.99275],[110.434,-6.99376],[110.434,-6.99383],[110.43398,-6.99395],[110.43395,-6.99427],[110.43394,-6.99432],[110.43389,-6.99476],[110.43387,-6.99502],[110.43427,-6.99518],[110.43592,-6.99589],[110.43604,-6.99594],[110.43626,-6.99603],[110.43657,-6.99616],[110.43723,-6.99643],[110.43766,-6.99661],[110.43783,-6.99668],[110.43839,-6.99691],[110.43847,-6.99696],[110.43866,-6.99704],[110.43882,-6.99711],[110.43883,-6.99698],[110.43894,-6.99663],[110.43903,-6.99649],[110.43925,-6.99623],[110.4393,-6.99607],[110.43935,-6.99586],[110.43938,-6.99546],[110.43945,-6.99519],[110.43956,-6.99493],[110.43968,-6.99468],[110.43974,-6.99443],[110.43976,-6.99416],[110.43974,-6.99318],[110.43963,-6.99264],[110.43966,-6.99235],[110.43976,-6.99202],[110.43993,-6.99165],[110.44003,-6.99133],[110.4401,-6.99095],[110.44022,-6.99018],[110.44025,-6.98999],[110.44033,-6.98945],[110.44041,-6.98892],[110.44059,-6.98756],[110.44084,-6.98631],[110.44095,-6.98587]]]}},{"type":"Feature","properties":{"id":"ADM-SEMARANG-TIMUR-KARANGTURI","name":"Karangturi","source_name":"Karangturi","type":"Kelurahan","category":"Administrasi kota","kecamatan":"Semarang Timur","kabupaten":"Kota Semarang","catatan":"Batas kelurahan dari berkas vektor kota. Serpihan dan wilayah luar kota dibuang. Kecamatan mengikuti daftar resmi, bukan kolom asli berkas.","status":"Batas administrasi"},"geometry":{"type":"Polygon","coordinates":[[[110.43387,-6.99502],[110.43389,-6.99476],[110.43394,-6.99432],[110.43395,-6.99427],[110.43398,-6.99395],[110.434,-6.99383],[110.434,-6.99376],[110.43412,-6.99275],[110.43413,-6.9927],[110.43422,-6.99172],[110.43429,-6.99095],[110.43437,-6.98973],[110.43439,-6.98951],[110.43442,-6.98918],[110.43451,-6.98821],[110.43456,-6.98766],[110.43458,-6.9874],[110.43474,-6.98534],[110.43395,-6.98541],[110.43341,-6.98546],[110.4327,-6.98551],[110.43238,-6.98553],[110.43198,-6.98557],[110.43159,-6.98557],[110.43163,-6.98613],[110.43164,-6.98628],[110.43165,-6.9867],[110.43166,-6.98694],[110.43167,-6.98725],[110.43169,-6.98762],[110.4317,-6.98788],[110.43175,-6.98858],[110.43179,-6.98921],[110.43182,-6.9896],[110.43189,-6.99049],[110.4319,-6.99093],[110.43193,-6.99198],[110.43194,-6.99229],[110.43196,-6.99269],[110.43197,-6.99288],[110.43197,-6.99315],[110.43198,-6.99427],[110.43198,-6.9943],[110.43214,-6.99432],[110.4326,-6.99451],[110.43387,-6.99502]]]}},{"type":"Feature","properties":{"id":"ADM-SEMARANG-TIMUR-KEBONAGUNG","name":"Kebonagung","source_name":"Kebonagung","type":"Kelurahan","category":"Administrasi kota","kecamatan":"Semarang Timur","kabupaten":"Kota Semarang","catatan":"Batas kelurahan dari berkas vektor kota. Serpihan dan wilayah luar kota dibuang. Kecamatan mengikuti daftar resmi, bukan kolom asli berkas.","status":"Batas administrasi"},"geometry":{"type":"Polygon","coordinates":[[[110.43487,-6.97555],[110.43481,-6.97526],[110.43468,-6.97472],[110.43464,-6.97458],[110.43455,-6.97412],[110.43435,-6.97327],[110.43434,-6.97324],[110.4342,-6.97277],[110.43418,-6.97266],[110.43411,-6.97219],[110.434,-6.97148],[110.43398,-6.97093],[110.43397,-6.97064],[110.43396,-6.97039],[110.43395,-6.9703],[110.43392,-6.96968],[110.43324,-6.96968],[110.43244,-6.96973],[110.43223,-6.96975],[110.43184,-6.96978],[110.43122,-6.96988],[110.43106,-6.9699],[110.43108,-6.97076],[110.43109,-6.97127],[110.4311,-6.97172],[110.4311,-6.97178],[110.43112,-6.97231],[110.43113,-6.97284],[110.43116,-6.97335],[110.43117,-6.97356],[110.43118,-6.97448],[110.43118,-6.97479],[110.43118,-6.97504],[110.43119,-6.97559],[110.4312,-6.97586],[110.43121,-6.97618],[110.43131,-6.97618],[110.43255,-6.97606],[110.43337,-6.97589],[110.43388,-6.97579],[110.4341,-6.97573],[110.43436,-6.97567],[110.43475,-6.97558],[110.43487,-6.97555]]]}},{"type":"Feature","properties":{"id":"ADM-SEMARANG-TIMUR-KEMIJEN","name":"Kemijen","source_name":"Kemijen","type":"Kelurahan","category":"Administrasi kota","kecamatan":"Semarang Timur","kabupaten":"Kota Semarang","catatan":"Batas kelurahan dari berkas vektor kota. Serpihan dan wilayah luar kota dibuang. Kecamatan mengikuti daftar resmi, bukan kolom asli berkas.","status":"Batas administrasi"},"geometry":{"type":"Polygon","coordinates":[[[110.44244,-6.95974],[110.44223,-6.95923],[110.44187,-6.95839],[110.44152,-6.95733],[110.44109,-6.95598],[110.44058,-6.95416],[110.44022,-6.95271],[110.44019,-6.95133],[110.44032,-6.94999],[110.44008,-6.95005],[110.43992,-6.95046],[110.43991,-6.95047],[110.43981,-6.95069],[110.43971,-6.95081],[110.43915,-6.9511],[110.43913,-6.95111],[110.43906,-6.95116],[110.43896,-6.95122],[110.43878,-6.95127],[110.43827,-6.95145],[110.43781,-6.95165],[110.43767,-6.95174],[110.43718,-6.95185],[110.43712,-6.95188],[110.43675,-6.95199],[110.43657,-6.95204],[110.43654,-6.95206],[110.43508,-6.95249],[110.43463,-6.95271],[110.43364,-6.95314],[110.43313,-6.95334],[110.43195,-6.95379],[110.4316,-6.95394],[110.4311,-6.95412],[110.43064,-6.95435],[110.4306,-6.95434],[110.43061,-6.95436],[110.43061,-6.95485],[110.43063,-6.95617],[110.43064,-6.95626],[110.43064,-6.95632],[110.43065,-6.95639],[110.43065,-6.95645],[110.43068,-6.95725],[110.43069,-6.95753],[110.43069,-6.95765],[110.43072,-6.95861],[110.43073,-6.95905],[110.43074,-6.9592],[110.43077,-6.96025],[110.43078,-6.96089],[110.43079,-6.96094],[110.43081,-6.96139],[110.43081,-6.96155],[110.43082,-6.96215],[110.43083,-6.96269],[110.43086,-6.96348],[110.43086,-6.96402],[110.43086,-6.96412],[110.43086,-6.96424],[110.43107,-6.96428],[110.43123,-6.96422],[110.43156,-6.96403],[110.43174,-6.96393],[110.43207,-6.96374],[110.43239,-6.96355],[110.43272,-6.96336],[110.43303,-6.96318],[110.43307,-6.96316],[110.43367,-6.96282],[110.43429,-6.96246],[110.43454,-6.96232],[110.43461,-6.96228],[110.43486,-6.96214],[110.43595,-6.96152],[110.43603,-6.96148],[110.43637,-6.96129],[110.4367,-6.96111],[110.43697,-6.96097],[110.43723,-6.96084],[110.4374,-6.96076],[110.4379,-6.9605],[110.43821,-6.96029],[110.43856,-6.96012],[110.43861,-6.96011],[110.43869,-6.96009],[110.43883,-6.96013],[110.439,-6.96026],[110.43949,-6.96064],[110.43965,-6.96077],[110.43978,-6.96067],[110.44002,-6.96053],[110.44072,-6.96027],[110.4408,-6.96024],[110.44097,-6.96019],[110.44109,-6.96016],[110.44121,-6.96012],[110.44128,-6.9601],[110.44175,-6.95996],[110.44198,-6.95987],[110.44232,-6.95978],[110.44244,-6.95974]]]}},{"type":"Feature","properties":{"id":"ADM-SEMARANG-TIMUR-MLATIBARU","name":"Mlatibaru","source_name":"Mlatibaru","type":"Kelurahan","category":"Administrasi kota","kecamatan":"Semarang Timur","kabupaten":"Kota Semarang","catatan":"Batas kelurahan dari berkas vektor kota. Serpihan dan wilayah luar kota dibuang. Kecamatan mengikuti daftar resmi, bukan kolom asli berkas.","status":"Batas administrasi"},"geometry":{"type":"Polygon","coordinates":[[[110.4388,-6.97046],[110.43897,-6.96997],[110.4392,-6.96905],[110.43929,-6.9687],[110.43933,-6.96854],[110.43953,-6.9678],[110.43959,-6.96764],[110.43965,-6.96756],[110.43981,-6.96729],[110.43991,-6.96703],[110.43991,-6.967],[110.43995,-6.96682],[110.43997,-6.96673],[110.44002,-6.96666],[110.4401,-6.96648],[110.4402,-6.96621],[110.44006,-6.96597],[110.44043,-6.96485],[110.44046,-6.96477],[110.44051,-6.96462],[110.44072,-6.9639],[110.44082,-6.96325],[110.44091,-6.96246],[110.44092,-6.96241],[110.44103,-6.96147],[110.44102,-6.96087],[110.44098,-6.96034],[110.44097,-6.96027],[110.44097,-6.96019],[110.4408,-6.96024],[110.44072,-6.96027],[110.44002,-6.96053],[110.43978,-6.96067],[110.43965,-6.96077],[110.43973,-6.96083],[110.43972,-6.96086],[110.43973,-6.96108],[110.43974,-6.96129],[110.43974,-6.96144],[110.43973,-6.96158],[110.4397,-6.96167],[110.43968,-6.96174],[110.43957,-6.96188],[110.43942,-6.96203],[110.43932,-6.96208],[110.43906,-6.96224],[110.43892,-6.96232],[110.43826,-6.9627],[110.43767,-6.96306],[110.43753,-6.96313],[110.43751,-6.96315],[110.43705,-6.96341],[110.43695,-6.96348],[110.43684,-6.96354],[110.43622,-6.96396],[110.43598,-6.96413],[110.43595,-6.96415],[110.43582,-6.96422],[110.43555,-6.96439],[110.43546,-6.96444],[110.43521,-6.9646],[110.43499,-6.96473],[110.43484,-6.96483],[110.43476,-6.96489],[110.43453,-6.96503],[110.4342,-6.9652],[110.43406,-6.96529],[110.43398,-6.96535],[110.43312,-6.96585],[110.43283,-6.96604],[110.43281,-6.96605],[110.43287,-6.96615],[110.43303,-6.96649],[110.43314,-6.96671],[110.43341,-6.96729],[110.43342,-6.96732],[110.43371,-6.9679],[110.43382,-6.96819],[110.43386,-6.9684],[110.43394,-6.96882],[110.43394,-6.96883],[110.43394,-6.96888],[110.43394,-6.96923],[110.43392,-6.96954],[110.43392,-6.96968],[110.43408,-6.96968],[110.43513,-6.9697],[110.43564,-6.96975],[110.43588,-6.96979],[110.43599,-6.9698],[110.43666,-6.9699],[110.43669,-6.9699],[110.43725,-6.97001],[110.4378,-6.97014],[110.43858,-6.97039],[110.43868,-6.97042],[110.43877,-6.97045],[110.4388,-6.97046]]]}},{"type":"Feature","properties":{"id":"ADM-SEMARANG-TIMUR-MLATIHARJO","name":"Mlatiharjo","source_name":"Mlatiharjo","type":"Kelurahan","category":"Administrasi kota","kecamatan":"Semarang Timur","kabupaten":"Kota Semarang","catatan":"Batas kelurahan dari berkas vektor kota. Serpihan dan wilayah luar kota dibuang. Kecamatan mengikuti daftar resmi, bukan kolom asli berkas.","status":"Batas administrasi"},"geometry":{"type":"Polygon","coordinates":[[[110.44385,-6.96652],[110.44407,-6.96488],[110.44407,-6.96404],[110.44394,-6.96343],[110.44371,-6.96289],[110.44351,-6.96254],[110.44313,-6.96209],[110.4429,-6.96174],[110.44266,-6.96098],[110.44255,-6.96042],[110.44252,-6.9599],[110.44244,-6.95974],[110.44232,-6.95978],[110.44198,-6.95987],[110.44175,-6.95996],[110.44128,-6.9601],[110.44121,-6.96012],[110.44109,-6.96016],[110.44097,-6.96019],[110.44097,-6.96027],[110.44098,-6.96034],[110.44102,-6.96087],[110.44103,-6.96147],[110.44092,-6.96241],[110.44091,-6.96246],[110.44082,-6.96325],[110.44072,-6.9639],[110.44051,-6.96462],[110.44046,-6.96477],[110.44043,-6.96485],[110.44006,-6.96597],[110.4402,-6.96621],[110.4401,-6.96648],[110.44002,-6.96666],[110.43997,-6.96673],[110.43995,-6.96682],[110.43991,-6.967],[110.43991,-6.96703],[110.43981,-6.96729],[110.43965,-6.96756],[110.43959,-6.96764],[110.43953,-6.9678],[110.43933,-6.96854],[110.43929,-6.9687],[110.4392,-6.96905],[110.43897,-6.96997],[110.4388,-6.97046],[110.43905,-6.97052],[110.43978,-6.97073],[110.44018,-6.97084],[110.44025,-6.97087],[110.44028,-6.97087],[110.44084,-6.97108],[110.44111,-6.97122],[110.44117,-6.97125],[110.44131,-6.97136],[110.44147,-6.97151],[110.44156,-6.97159],[110.44191,-6.97193],[110.44215,-6.97211],[110.44216,-6.97211],[110.44219,-6.97209],[110.44235,-6.97219],[110.44238,-6.97221],[110.44278,-6.97237],[110.44287,-6.9724],[110.443,-6.97245],[110.44316,-6.97107],[110.44328,-6.97052],[110.44385,-6.96652]]]}},{"type":"Feature","properties":{"id":"ADM-SEMARANG-TIMUR-REJOMULYO","name":"Rejomulyo","source_name":"Rejomulyo","type":"Kelurahan","category":"Administrasi kota","kecamatan":"Semarang Timur","kabupaten":"Kota Semarang","catatan":"Batas kelurahan dari berkas vektor kota. Serpihan dan wilayah luar kota dibuang. Kecamatan mengikuti daftar resmi, bukan kolom asli berkas.","status":"Batas administrasi"},"geometry":{"type":"Polygon","coordinates":[[[110.43965,-6.96077],[110.43949,-6.96064],[110.439,-6.96026],[110.43883,-6.96013],[110.43869,-6.96009],[110.43861,-6.96011],[110.43856,-6.96012],[110.43821,-6.96029],[110.4379,-6.9605],[110.4374,-6.96076],[110.43723,-6.96084],[110.43697,-6.96097],[110.4367,-6.96111],[110.43637,-6.96129],[110.43603,-6.96148],[110.43595,-6.96152],[110.43486,-6.96214],[110.43461,-6.96228],[110.43454,-6.96232],[110.43429,-6.96246],[110.43367,-6.96282],[110.43307,-6.96316],[110.43303,-6.96318],[110.43272,-6.96336],[110.43239,-6.96355],[110.43207,-6.96374],[110.43174,-6.96393],[110.43156,-6.96403],[110.43123,-6.96422],[110.43107,-6.96428],[110.43086,-6.96424],[110.43087,-6.96427],[110.43089,-6.96579],[110.43092,-6.96652],[110.43095,-6.96716],[110.43095,-6.96717],[110.43099,-6.96781],[110.431,-6.96808],[110.43103,-6.96916],[110.43103,-6.96921],[110.43106,-6.9699],[110.43122,-6.96988],[110.43184,-6.96978],[110.43223,-6.96975],[110.43244,-6.96973],[110.43324,-6.96968],[110.43392,-6.96968],[110.43392,-6.96954],[110.43394,-6.96923],[110.43394,-6.96888],[110.43394,-6.96883],[110.43394,-6.96882],[110.43386,-6.9684],[110.43382,-6.96819],[110.43371,-6.9679],[110.43342,-6.96732],[110.43341,-6.96729],[110.43314,-6.96671],[110.43303,-6.96649],[110.43287,-6.96615],[110.43281,-6.96605],[110.43283,-6.96604],[110.43312,-6.96585],[110.43398,-6.96535],[110.43406,-6.96529],[110.4342,-6.9652],[110.43453,-6.96503],[110.43476,-6.96489],[110.43484,-6.96483],[110.43499,-6.96473],[110.43521,-6.9646],[110.43546,-6.96444],[110.43555,-6.96439],[110.43582,-6.96422],[110.43595,-6.96415],[110.43598,-6.96413],[110.43622,-6.96396],[110.43684,-6.96354],[110.43695,-6.96348],[110.43705,-6.96341],[110.43751,-6.96315],[110.43753,-6.96313],[110.43767,-6.96306],[110.43826,-6.9627],[110.43892,-6.96232],[110.43906,-6.96224],[110.43932,-6.96208],[110.43942,-6.96203],[110.43957,-6.96188],[110.43968,-6.96174],[110.4397,-6.96167],[110.43973,-6.96158],[110.43974,-6.96144],[110.43974,-6.96129],[110.43973,-6.96108],[110.43972,-6.96086],[110.43973,-6.96083],[110.43965,-6.96077]]]}},{"type":"Feature","properties":{"id":"ADM-SEMARANG-TIMUR-REJOSARI","name":"Rejosari","source_name":"Rejosari","type":"Kelurahan","category":"Administrasi kota","kecamatan":"Semarang Timur","kabupaten":"Kota Semarang","catatan":"Batas kelurahan dari berkas vektor kota. Serpihan dan wilayah luar kota dibuang. Kecamatan mengikuti daftar resmi, bukan kolom asli berkas.","status":"Batas administrasi"},"geometry":{"type":"Polygon","coordinates":[[[110.44239,-6.97561],[110.44167,-6.97548],[110.44135,-6.9754],[110.44077,-6.9754],[110.44035,-6.97543],[110.44032,-6.97523],[110.44029,-6.97509],[110.44024,-6.97478],[110.44021,-6.97466],[110.44016,-6.97453],[110.44013,-6.97448],[110.44008,-6.97438],[110.44002,-6.97421],[110.43844,-6.97479],[110.43834,-6.97483],[110.43778,-6.97507],[110.43755,-6.97514],[110.43747,-6.97518],[110.43748,-6.97519],[110.4374,-6.97521],[110.43732,-6.97523],[110.43702,-6.97528],[110.43586,-6.97573],[110.43575,-6.97576],[110.4353,-6.97593],[110.43497,-6.97606],[110.4351,-6.97674],[110.43516,-6.97702],[110.43522,-6.9775],[110.43524,-6.97798],[110.43521,-6.97847],[110.43514,-6.97956],[110.43512,-6.97976],[110.43501,-6.98136],[110.43499,-6.98165],[110.43493,-6.98249],[110.43489,-6.98314],[110.43482,-6.98417],[110.43482,-6.98428],[110.4348,-6.98446],[110.43477,-6.98487],[110.43475,-6.98514],[110.43475,-6.98523],[110.43474,-6.98529],[110.43474,-6.98534],[110.4356,-6.98542],[110.43656,-6.9855],[110.43696,-6.98552],[110.43722,-6.98551],[110.43731,-6.9855],[110.43739,-6.9855],[110.43747,-6.98551],[110.43815,-6.98559],[110.4389,-6.98568],[110.43913,-6.98571],[110.43937,-6.98572],[110.43977,-6.98573],[110.43979,-6.98577],[110.43988,-6.98578],[110.43993,-6.98581],[110.44007,-6.98576],[110.4401,-6.98578],[110.44016,-6.98579],[110.44023,-6.98577],[110.44067,-6.98583],[110.44095,-6.98587],[110.44106,-6.9844],[110.44118,-6.98353],[110.44149,-6.98169],[110.44164,-6.98044],[110.44197,-6.97816],[110.44228,-6.9766],[110.44239,-6.97561]]]}},{"type":"Feature","properties":{"id":"ADM-SEMARANG-TIMUR-SARIREJO","name":"Sarirejo","source_name":"Sarirejo","type":"Kelurahan","category":"Administrasi kota","kecamatan":"Semarang Timur","kabupaten":"Kota Semarang","catatan":"Batas kelurahan dari berkas vektor kota. Serpihan dan wilayah luar kota dibuang. Kecamatan mengikuti daftar resmi, bukan kolom asli berkas.","status":"Batas administrasi"},"geometry":{"type":"Polygon","coordinates":[[[110.43497,-6.97606],[110.43487,-6.97555],[110.43475,-6.97558],[110.43436,-6.97567],[110.4341,-6.97573],[110.43388,-6.97579],[110.43337,-6.97589],[110.43255,-6.97606],[110.43131,-6.97618],[110.43121,-6.97618],[110.43121,-6.97643],[110.43121,-6.97659],[110.43123,-6.97684],[110.43125,-6.97737],[110.43128,-6.97788],[110.4313,-6.9782],[110.4313,-6.97837],[110.43131,-6.97844],[110.43135,-6.97906],[110.43137,-6.97931],[110.43139,-6.97969],[110.43142,-6.9803],[110.43143,-6.98058],[110.43145,-6.981],[110.43148,-6.98154],[110.43148,-6.98171],[110.43151,-6.98237],[110.43151,-6.98245],[110.43153,-6.98297],[110.43154,-6.98309],[110.43155,-6.98348],[110.43155,-6.98364],[110.43155,-6.98384],[110.43157,-6.98433],[110.43157,-6.98472],[110.43158,-6.98538],[110.43158,-6.98539],[110.43158,-6.98548],[110.43159,-6.98557],[110.43198,-6.98557],[110.43238,-6.98553],[110.4327,-6.98551],[110.43341,-6.98546],[110.43395,-6.98541],[110.43474,-6.98534],[110.43474,-6.98529],[110.43475,-6.98523],[110.43475,-6.98514],[110.43477,-6.98487],[110.4348,-6.98446],[110.43482,-6.98428],[110.43482,-6.98417],[110.43489,-6.98314],[110.43493,-6.98249],[110.43499,-6.98165],[110.43501,-6.98136],[110.43512,-6.97976],[110.43514,-6.97956],[110.43521,-6.97847],[110.43524,-6.97798],[110.43522,-6.9775],[110.43516,-6.97702],[110.4351,-6.97674],[110.43497,-6.97606]]]}},{"type":"Feature","properties":{"id":"ADM-SEMARANG-UTARA-BANDARHARJO","name":"Bandarharjo","source_name":"Bandarharjo","type":"Kelurahan","category":"Administrasi kota","kecamatan":"Semarang Utara","kabupaten":"Kota Semarang","catatan":"Batas kelurahan dari berkas vektor kota. Serpihan dan wilayah luar kota dibuang. Kecamatan mengikuti daftar resmi, bukan kolom asli berkas.","status":"Batas administrasi"},"geometry":{"type":"MultiPolygon","coordinates":[[[[110.40795,-6.94942],[110.40796,-6.94928],[110.40794,-6.94927],[110.40794,-6.94937],[110.40795,-6.94944],[110.40795,-6.94942]]],[[[110.40747,-6.94964],[110.40746,-6.94932],[110.40742,-6.94914],[110.40743,-6.94938],[110.40746,-6.94961],[110.40749,-6.94971],[110.40747,-6.94964]]],[[[110.40784,-6.9487],[110.40784,-6.94851],[110.40788,-6.94843],[110.40792,-6.94832],[110.40784,-6.94819],[110.40776,-6.94813],[110.40778,-6.94834],[110.40782,-6.94871],[110.40784,-6.9487]]],[[[110.41862,-6.94882],[110.41863,-6.94839],[110.41863,-6.94821],[110.41864,-6.94704],[110.41865,-6.94679],[110.41866,-6.94622],[110.41868,-6.94583],[110.41868,-6.94577],[110.41834,-6.94575],[110.41826,-6.94573],[110.41815,-6.94566],[110.4178,-6.94568],[110.41687,-6.94571],[110.41677,-6.94572],[110.41669,-6.94681],[110.41668,-6.94699],[110.41716,-6.94702],[110.4173,-6.94703],[110.4174,-6.94748],[110.41747,-6.94794],[110.41749,-6.94833],[110.4175,-6.94861],[110.41645,-6.94879],[110.41645,-6.94905],[110.41643,-6.9491],[110.41629,-6.94894],[110.41624,-6.9489],[110.41617,-6.94892],[110.41612,-6.9492],[110.4161,-6.94924],[110.41589,-6.94879],[110.41581,-6.94863],[110.41573,-6.94861],[110.41568,-6.94859],[110.41561,-6.94845],[110.41572,-6.94832],[110.41576,-6.94825],[110.41571,-6.94812],[110.41566,-6.94801],[110.41571,-6.94789],[110.41574,-6.94776],[110.41573,-6.9477],[110.41547,-6.94765],[110.41532,-6.94769],[110.41521,-6.94778],[110.4151,-6.94802],[110.41503,-6.94812],[110.4146,-6.94845],[110.41432,-6.94862],[110.41407,-6.94877],[110.41398,-6.94886],[110.41395,-6.94896],[110.41401,-6.9491],[110.41408,-6.94934],[110.41407,-6.94943],[110.41386,-6.94949],[110.41371,-6.94954],[110.41355,-6.94962],[110.41336,-6.94975],[110.41313,-6.94988],[110.41303,-6.94995],[110.413,-6.95002],[110.41302,-6.95015],[110.41307,-6.95026],[110.41306,-6.95031],[110.41294,-6.9504],[110.41231,-6.95064],[110.41213,-6.95068],[110.41204,-6.95068],[110.41185,-6.95073],[110.41173,-6.95076],[110.41139,-6.95037],[110.41133,-6.95024],[110.4113,-6.95017],[110.41127,-6.95015],[110.41126,-6.95015],[110.4112,-6.95012],[110.41111,-6.95007],[110.411,-6.94992],[110.41089,-6.94979],[110.41077,-6.94974],[110.41045,-6.94983],[110.41043,-6.94983],[110.41042,-6.94983],[110.41032,-6.94989],[110.41026,-6.95],[110.41025,-6.95007],[110.41029,-6.95019],[110.41027,-6.95024],[110.41018,-6.95026],[110.41012,-6.95023],[110.41011,-6.95016],[110.41011,-6.95007],[110.40972,-6.95002],[110.40955,-6.95003],[110.40924,-6.95014],[110.40902,-6.95018],[110.40848,-6.95025],[110.40826,-6.95031],[110.40814,-6.95035],[110.40812,-6.95034],[110.40821,-6.95048],[110.40827,-6.95068],[110.40817,-6.95089],[110.40803,-6.95099],[110.40784,-6.95094],[110.40776,-6.95038],[110.40769,-6.95017],[110.40763,-6.95003],[110.40753,-6.94984],[110.40757,-6.94999],[110.40768,-6.95031],[110.40774,-6.95047],[110.4077,-6.95053],[110.40755,-6.95056],[110.40759,-6.95072],[110.40808,-6.95255],[110.40841,-6.9532],[110.40875,-6.9538],[110.40962,-6.95481],[110.4099,-6.95517],[110.41052,-6.95593],[110.4111,-6.95628],[110.41255,-6.95661],[110.41284,-6.95684],[110.41367,-6.95813],[110.41429,-6.95892],[110.41487,-6.95929],[110.41536,-6.95949],[110.41608,-6.95938],[110.41643,-6.95945],[110.41704,-6.95987],[110.41715,-6.96016],[110.41731,-6.96063],[110.4178,-6.96123],[110.41873,-6.96204],[110.4193,-6.9623],[110.42007,-6.9627],[110.42063,-6.96308],[110.42173,-6.96409],[110.42209,-6.96416],[110.42235,-6.9642],[110.42253,-6.96424],[110.42271,-6.96442],[110.42284,-6.96493],[110.4228,-6.9656],[110.4222,-6.96713],[110.42223,-6.96755],[110.42249,-6.96773],[110.4227,-6.96779],[110.42289,-6.96786],[110.42343,-6.96793],[110.42473,-6.96841],[110.42494,-6.96866],[110.42498,-6.96864],[110.42512,-6.96854],[110.42511,-6.96849],[110.42512,-6.96817],[110.42512,-6.96804],[110.42513,-6.96694],[110.42513,-6.96668],[110.42514,-6.96642],[110.42516,-6.96613],[110.42517,-6.96611],[110.42517,-6.96608],[110.42519,-6.9659],[110.42519,-6.96588],[110.4252,-6.96581],[110.42521,-6.96572],[110.42521,-6.96569],[110.42518,-6.9651],[110.42498,-6.96332],[110.4249,-6.9626],[110.42479,-6.96167],[110.42468,-6.9608],[110.4246,-6.96005],[110.42458,-6.95984],[110.42456,-6.95967],[110.42445,-6.95869],[110.42435,-6.95775],[110.42434,-6.95766],[110.42429,-6.95723],[110.42424,-6.95661],[110.42423,-6.95661],[110.42419,-6.95663],[110.42365,-6.95683],[110.42295,-6.95698],[110.42233,-6.9571],[110.42184,-6.95719],[110.42153,-6.95721],[110.42068,-6.95707],[110.42065,-6.95706],[110.42055,-6.95704],[110.42025,-6.95696],[110.42023,-6.95692],[110.42011,-6.95645],[110.41975,-6.95526],[110.41956,-6.95461],[110.41945,-6.95432],[110.4194,-6.95413],[110.41924,-6.95362],[110.41911,-6.95338],[110.41908,-6.95333],[110.41889,-6.95271],[110.41871,-6.95211],[110.41859,-6.95181],[110.41856,-6.9511],[110.41861,-6.9493],[110.41862,-6.94882]]]]}},{"type":"Feature","properties":{"id":"ADM-SEMARANG-UTARA-BULU-LOR","name":"Bulu Lor","source_name":"Bulu Lor","type":"Kelurahan","category":"Administrasi kota","kecamatan":"Semarang Utara","kabupaten":"Kota Semarang","catatan":"Batas kelurahan dari berkas vektor kota. Serpihan dan wilayah luar kota dibuang. Kecamatan mengikuti daftar resmi, bukan kolom asli berkas.","status":"Batas administrasi"},"geometry":{"type":"Polygon","coordinates":[[[110.40678,-6.96857],[110.40672,-6.96845],[110.40666,-6.96832],[110.40662,-6.96804],[110.40653,-6.96786],[110.40645,-6.9676],[110.40645,-6.96759],[110.40641,-6.9674],[110.40629,-6.96744],[110.40616,-6.96749],[110.40586,-6.9676],[110.40583,-6.96761],[110.40579,-6.96763],[110.40539,-6.96778],[110.40491,-6.96798],[110.40416,-6.96831],[110.40381,-6.96841],[110.40325,-6.96854],[110.40314,-6.96856],[110.40271,-6.96861],[110.40248,-6.96862],[110.40203,-6.96864],[110.40159,-6.96866],[110.40041,-6.96868],[110.40048,-6.96926],[110.40056,-6.96991],[110.4007,-6.97109],[110.40088,-6.97228],[110.40109,-6.97328],[110.4012,-6.97455],[110.40138,-6.97634],[110.4014,-6.97753],[110.40159,-6.97751],[110.40165,-6.9775],[110.402,-6.97748],[110.40201,-6.97748],[110.40203,-6.97748],[110.40245,-6.97745],[110.403,-6.9774],[110.40391,-6.97733],[110.40425,-6.9773],[110.40442,-6.97729],[110.4048,-6.97725],[110.4051,-6.97723],[110.40513,-6.97723],[110.40519,-6.97723],[110.4052,-6.97722],[110.40524,-6.97722],[110.40573,-6.97717],[110.4058,-6.97717],[110.40688,-6.97706],[110.40686,-6.9769],[110.40684,-6.97677],[110.4068,-6.97668],[110.4068,-6.97667],[110.40723,-6.97658],[110.40726,-6.9765],[110.40731,-6.97637],[110.40743,-6.97622],[110.40752,-6.97605],[110.40753,-6.9759],[110.40757,-6.97578],[110.4077,-6.97543],[110.40767,-6.97531],[110.40755,-6.97515],[110.40746,-6.975],[110.40742,-6.97492],[110.40737,-6.97473],[110.40735,-6.97435],[110.40732,-6.97403],[110.40729,-6.97363],[110.40729,-6.97358],[110.40724,-6.97329],[110.40716,-6.97287],[110.40714,-6.97275],[110.40709,-6.97253],[110.40704,-6.9724],[110.40698,-6.97216],[110.40697,-6.97215],[110.40692,-6.97197],[110.4068,-6.9717],[110.40717,-6.97151],[110.40716,-6.97148],[110.40708,-6.9714],[110.40687,-6.97115],[110.40671,-6.97093],[110.40662,-6.9705],[110.40654,-6.97022],[110.40646,-6.96947],[110.40646,-6.96943],[110.40649,-6.9692],[110.40659,-6.96901],[110.40678,-6.9687],[110.40678,-6.96857]]]}},{"type":"Feature","properties":{"id":"ADM-SEMARANG-UTARA-DADAPSARI","name":"Dadapsari","source_name":"Dadapsari","type":"Kelurahan","category":"Administrasi kota","kecamatan":"Semarang Utara","kabupaten":"Kota Semarang","catatan":"Batas kelurahan dari berkas vektor kota. Serpihan dan wilayah luar kota dibuang. Kecamatan mengikuti daftar resmi, bukan kolom asli berkas.","status":"Batas administrasi"},"geometry":{"type":"Polygon","coordinates":[[[110.42494,-6.96866],[110.42473,-6.96841],[110.42343,-6.96793],[110.42289,-6.96786],[110.4227,-6.96779],[110.42249,-6.96773],[110.42223,-6.96755],[110.4222,-6.96713],[110.4228,-6.9656],[110.42284,-6.96493],[110.42271,-6.96442],[110.42253,-6.96424],[110.42235,-6.9642],[110.42232,-6.96432],[110.42232,-6.96436],[110.42231,-6.96437],[110.4223,-6.96441],[110.42227,-6.96444],[110.4222,-6.9645],[110.4219,-6.96464],[110.42164,-6.96477],[110.42161,-6.96467],[110.42156,-6.9645],[110.42152,-6.96445],[110.42106,-6.96454],[110.42105,-6.96454],[110.42103,-6.96455],[110.42101,-6.96455],[110.42098,-6.96455],[110.42095,-6.96456],[110.42091,-6.96457],[110.42034,-6.96471],[110.4201,-6.96477],[110.41971,-6.96488],[110.41961,-6.96492],[110.41938,-6.96501],[110.41924,-6.96505],[110.41871,-6.96523],[110.41838,-6.96535],[110.41812,-6.96544],[110.418,-6.96547],[110.41798,-6.96547],[110.41754,-6.96561],[110.41747,-6.96563],[110.41717,-6.96573],[110.41696,-6.9658],[110.41622,-6.96604],[110.41596,-6.96613],[110.41586,-6.96617],[110.41576,-6.96652],[110.4156,-6.96705],[110.41551,-6.96739],[110.41542,-6.96761],[110.41531,-6.96772],[110.41548,-6.9679],[110.41549,-6.96792],[110.41554,-6.96797],[110.41557,-6.96801],[110.41562,-6.96806],[110.41573,-6.96817],[110.41591,-6.96836],[110.41598,-6.96844],[110.41604,-6.9685],[110.41645,-6.96895],[110.41654,-6.96905],[110.41666,-6.96918],[110.41687,-6.9694],[110.41715,-6.96969],[110.41717,-6.96972],[110.41722,-6.96981],[110.41725,-6.96985],[110.41823,-6.96901],[110.41853,-6.96881],[110.41897,-6.96875],[110.4192,-6.96873],[110.41976,-6.96864],[110.42011,-6.96858],[110.42022,-6.96899],[110.42026,-6.96915],[110.42034,-6.96938],[110.42045,-6.96975],[110.42074,-6.97067],[110.42086,-6.97061],[110.42125,-6.97043],[110.42232,-6.96992],[110.42237,-6.9699],[110.4225,-6.96986],[110.42295,-6.96978],[110.42341,-6.9697],[110.42386,-6.96962],[110.42404,-6.96951],[110.42424,-6.96929],[110.42441,-6.96911],[110.42463,-6.96894],[110.42476,-6.96882],[110.42483,-6.96874],[110.42488,-6.96871],[110.42494,-6.96866]]]}},{"type":"Feature","properties":{"id":"ADM-SEMARANG-UTARA-KUNINGAN","name":"Kuningan","source_name":"Kuningan","type":"Kelurahan","category":"Administrasi kota","kecamatan":"Semarang Utara","kabupaten":"Kota Semarang","catatan":"Batas kelurahan dari berkas vektor kota. Serpihan dan wilayah luar kota dibuang. Kecamatan mengikuti daftar resmi, bukan kolom asli berkas.","status":"Batas administrasi"},"geometry":{"type":"Polygon","coordinates":[[[110.42235,-6.9642],[110.42209,-6.96416],[110.42173,-6.96409],[110.42063,-6.96308],[110.42007,-6.9627],[110.4193,-6.9623],[110.41873,-6.96204],[110.4178,-6.96123],[110.41731,-6.96063],[110.41715,-6.96016],[110.41704,-6.95987],[110.41643,-6.95945],[110.41608,-6.95938],[110.41536,-6.95949],[110.41487,-6.95929],[110.41429,-6.95892],[110.41367,-6.95813],[110.41284,-6.95684],[110.41255,-6.95661],[110.4111,-6.95628],[110.41052,-6.95593],[110.4099,-6.95517],[110.40988,-6.95562],[110.4099,-6.95588],[110.41021,-6.95818],[110.41028,-6.9591],[110.41066,-6.96238],[110.41069,-6.96281],[110.41102,-6.96592],[110.41128,-6.96623],[110.41133,-6.9665],[110.41139,-6.96688],[110.41139,-6.96691],[110.41141,-6.96695],[110.41147,-6.96691],[110.41258,-6.96679],[110.41363,-6.96665],[110.41416,-6.96659],[110.41427,-6.9666],[110.41439,-6.96669],[110.41446,-6.96674],[110.41461,-6.96691],[110.41496,-6.96734],[110.41517,-6.96758],[110.41531,-6.96772],[110.41542,-6.96761],[110.41551,-6.96739],[110.4156,-6.96705],[110.41576,-6.96652],[110.41586,-6.96617],[110.41596,-6.96613],[110.41622,-6.96604],[110.41696,-6.9658],[110.41717,-6.96573],[110.41747,-6.96563],[110.41754,-6.96561],[110.41798,-6.96547],[110.418,-6.96547],[110.41812,-6.96544],[110.41838,-6.96535],[110.41871,-6.96523],[110.41924,-6.96505],[110.41938,-6.96501],[110.41961,-6.96492],[110.41971,-6.96488],[110.4201,-6.96477],[110.42034,-6.96471],[110.42091,-6.96457],[110.42095,-6.96456],[110.42098,-6.96455],[110.42101,-6.96455],[110.42103,-6.96455],[110.42105,-6.96454],[110.42106,-6.96454],[110.42152,-6.96445],[110.42156,-6.9645],[110.42161,-6.96467],[110.42164,-6.96477],[110.4219,-6.96464],[110.4222,-6.9645],[110.42227,-6.96444],[110.4223,-6.96441],[110.42231,-6.96437],[110.42232,-6.96436],[110.42232,-6.96432],[110.42235,-6.9642]]]}},{"type":"Feature","properties":{"id":"ADM-SEMARANG-UTARA-PANGGUNG-KIDUL","name":"Panggung Kidul","source_name":"Panggung Kidul","type":"Kelurahan","category":"Administrasi kota","kecamatan":"Semarang Utara","kabupaten":"Kota Semarang","catatan":"Batas kelurahan dari berkas vektor kota. Serpihan dan wilayah luar kota dibuang. Kecamatan mengikuti daftar resmi, bukan kolom asli berkas.","status":"Batas administrasi"},"geometry":{"type":"Polygon","coordinates":[[[110.41069,-6.96281],[110.41054,-6.96276],[110.41006,-6.96286],[110.41005,-6.96287],[110.40929,-6.96297],[110.40892,-6.96301],[110.40824,-6.96307],[110.40821,-6.96307],[110.40786,-6.96314],[110.40692,-6.96328],[110.40691,-6.96328],[110.40622,-6.96337],[110.40577,-6.96344],[110.40538,-6.96349],[110.40547,-6.96379],[110.40549,-6.9638],[110.40563,-6.9639],[110.40568,-6.96399],[110.40624,-6.96389],[110.40639,-6.96487],[110.40586,-6.96495],[110.40585,-6.96496],[110.40556,-6.965],[110.40517,-6.96511],[110.40381,-6.96548],[110.40371,-6.96551],[110.40224,-6.96566],[110.40216,-6.96566],[110.40182,-6.96569],[110.40181,-6.96569],[110.4017,-6.96567],[110.4016,-6.96566],[110.39997,-6.96576],[110.40021,-6.96702],[110.40041,-6.96868],[110.40159,-6.96866],[110.40203,-6.96864],[110.40248,-6.96862],[110.40271,-6.96861],[110.40314,-6.96856],[110.40325,-6.96854],[110.40381,-6.96841],[110.40416,-6.96831],[110.40491,-6.96798],[110.40539,-6.96778],[110.40579,-6.96763],[110.40583,-6.96761],[110.40586,-6.9676],[110.40616,-6.96749],[110.40629,-6.96744],[110.40641,-6.9674],[110.40645,-6.96759],[110.40645,-6.9676],[110.40653,-6.96786],[110.40662,-6.96804],[110.40666,-6.96832],[110.40672,-6.96845],[110.40678,-6.96857],[110.40702,-6.96856],[110.40717,-6.9685],[110.40716,-6.96826],[110.40715,-6.96791],[110.40722,-6.9679],[110.40742,-6.96786],[110.4076,-6.96778],[110.40835,-6.96752],[110.40859,-6.96744],[110.40875,-6.96739],[110.40923,-6.96725],[110.41016,-6.96704],[110.41053,-6.96696],[110.41083,-6.96703],[110.41122,-6.96702],[110.41123,-6.96702],[110.41141,-6.96695],[110.41139,-6.96691],[110.41139,-6.96688],[110.41133,-6.9665],[110.41128,-6.96623],[110.41102,-6.96592],[110.41069,-6.96281]]]}},{"type":"Feature","properties":{"id":"ADM-SEMARANG-UTARA-PANGGUNG-LOR","name":"Panggung Lor","source_name":"Punggung Lor","type":"Kelurahan","category":"Administrasi kota","kecamatan":"Semarang Utara","kabupaten":"Kota Semarang","catatan":"Batas kelurahan dari berkas vektor kota. Serpihan dan wilayah luar kota dibuang. Kecamatan mengikuti daftar resmi, bukan kolom asli berkas.","status":"Batas administrasi"},"geometry":{"type":"MultiPolygon","coordinates":[[[[110.40712,-6.94967],[110.40713,-6.94958],[110.40716,-6.94947],[110.40713,-6.9494],[110.40708,-6.94937],[110.40707,-6.94955],[110.40712,-6.94969],[110.40713,-6.94971],[110.40712,-6.94967]]],[[[110.39901,-6.94701],[110.39915,-6.94693],[110.39931,-6.94688],[110.39933,-6.94681],[110.39928,-6.94674],[110.39914,-6.94645],[110.39912,-6.94642],[110.39904,-6.94646],[110.39892,-6.94655],[110.39892,-6.94667],[110.39882,-6.94679],[110.39856,-6.94694],[110.39827,-6.94713],[110.3979,-6.94742],[110.39762,-6.94767],[110.39705,-6.94814],[110.39695,-6.94823],[110.39686,-6.9483],[110.39658,-6.94833],[110.39633,-6.94831],[110.39622,-6.94827],[110.39623,-6.94834],[110.39629,-6.94863],[110.39641,-6.94888],[110.39657,-6.94918],[110.39671,-6.94954],[110.39693,-6.94996],[110.39701,-6.95034],[110.39699,-6.95059],[110.39702,-6.95095],[110.39715,-6.95137],[110.39736,-6.95174],[110.39763,-6.9521],[110.39786,-6.95245],[110.39805,-6.95281],[110.39819,-6.9531],[110.39825,-6.95335],[110.39835,-6.95363],[110.39844,-6.95379],[110.39838,-6.95415],[110.39824,-6.9544],[110.39803,-6.95445],[110.39788,-6.95427],[110.39778,-6.95401],[110.39774,-6.95382],[110.3976,-6.95353],[110.39747,-6.95331],[110.3973,-6.9531],[110.3971,-6.95284],[110.39692,-6.95262],[110.39674,-6.95216],[110.39613,-6.95087],[110.39603,-6.9509],[110.39661,-6.95228],[110.3972,-6.95404],[110.39751,-6.95456],[110.39798,-6.955],[110.39805,-6.95509],[110.39833,-6.95552],[110.3989,-6.9567],[110.39916,-6.9576],[110.39934,-6.959],[110.39952,-6.95992],[110.39973,-6.96153],[110.39978,-6.96269],[110.3998,-6.96444],[110.39989,-6.96515],[110.39997,-6.96576],[110.4016,-6.96566],[110.4017,-6.96567],[110.40181,-6.96569],[110.40182,-6.96569],[110.40216,-6.96566],[110.40224,-6.96566],[110.40371,-6.96551],[110.40381,-6.96548],[110.40517,-6.96511],[110.40556,-6.965],[110.40585,-6.96496],[110.40586,-6.96495],[110.40639,-6.96487],[110.40624,-6.96389],[110.40568,-6.96399],[110.40563,-6.9639],[110.40549,-6.9638],[110.40547,-6.96379],[110.40538,-6.96349],[110.40577,-6.96344],[110.40622,-6.96337],[110.40691,-6.96328],[110.40692,-6.96328],[110.40786,-6.96314],[110.40821,-6.96307],[110.40824,-6.96307],[110.40892,-6.96301],[110.40929,-6.96297],[110.41005,-6.96287],[110.41006,-6.96286],[110.41054,-6.96276],[110.41069,-6.96281],[110.41066,-6.96238],[110.41028,-6.9591],[110.41021,-6.95818],[110.4099,-6.95588],[110.40988,-6.95562],[110.4099,-6.95517],[110.40962,-6.95481],[110.40875,-6.9538],[110.40841,-6.9532],[110.40808,-6.95255],[110.40759,-6.95072],[110.40755,-6.95056],[110.40751,-6.95056],[110.40741,-6.95056],[110.40734,-6.95049],[110.40721,-6.95002],[110.40718,-6.95005],[110.407,-6.95013],[110.40652,-6.95023],[110.40635,-6.95025],[110.40623,-6.95009],[110.40614,-6.94985],[110.406,-6.94954],[110.4059,-6.94935],[110.4058,-6.94901],[110.40568,-6.94872],[110.40566,-6.9487],[110.40537,-6.94884],[110.40564,-6.94987],[110.40574,-6.95012],[110.4058,-6.95034],[110.40574,-6.95054],[110.4056,-6.95071],[110.40548,-6.95078],[110.40546,-6.95084],[110.40529,-6.95115],[110.40451,-6.95165],[110.40434,-6.95176],[110.40414,-6.95186],[110.40376,-6.95187],[110.40309,-6.95198],[110.40283,-6.95201],[110.40251,-6.95183],[110.40178,-6.95167],[110.4017,-6.95164],[110.40165,-6.95154],[110.40145,-6.95148],[110.40133,-6.95132],[110.40062,-6.95109],[110.40041,-6.95102],[110.40021,-6.95089],[110.40003,-6.95079],[110.3997,-6.95069],[110.39946,-6.95063],[110.39884,-6.95044],[110.39831,-6.95033],[110.39806,-6.95026],[110.39793,-6.95014],[110.39729,-6.94887],[110.39711,-6.94851],[110.39707,-6.9484],[110.3975,-6.948],[110.39779,-6.94778],[110.39793,-6.94767],[110.39795,-6.94762],[110.39813,-6.94746],[110.3982,-6.94743],[110.39846,-6.9472],[110.39864,-6.9471],[110.3988,-6.94713],[110.39901,-6.94701]]]]}},{"type":"Feature","properties":{"id":"ADM-SEMARANG-UTARA-PLOMBOKAN","name":"Plombokan","source_name":"Plombokan","type":"Kelurahan","category":"Administrasi kota","kecamatan":"Semarang Utara","kabupaten":"Kota Semarang","catatan":"Batas kelurahan dari berkas vektor kota. Serpihan dan wilayah luar kota dibuang. Kecamatan mengikuti daftar resmi, bukan kolom asli berkas.","status":"Batas administrasi"},"geometry":{"type":"Polygon","coordinates":[[[110.41262,-6.97424],[110.4126,-6.97422],[110.41252,-6.97402],[110.41251,-6.97399],[110.41248,-6.97387],[110.41247,-6.97382],[110.41244,-6.97355],[110.41243,-6.97341],[110.41243,-6.97315],[110.41242,-6.97305],[110.41242,-6.97297],[110.41241,-6.97256],[110.41239,-6.97167],[110.41232,-6.97117],[110.41215,-6.96989],[110.41209,-6.96936],[110.41207,-6.96927],[110.41204,-6.96907],[110.41203,-6.96901],[110.41193,-6.96854],[110.41162,-6.96757],[110.4116,-6.9675],[110.41157,-6.96742],[110.41155,-6.96734],[110.41141,-6.96695],[110.41123,-6.96702],[110.41122,-6.96702],[110.41083,-6.96703],[110.41053,-6.96696],[110.41016,-6.96704],[110.40923,-6.96725],[110.40875,-6.96739],[110.40859,-6.96744],[110.40835,-6.96752],[110.4076,-6.96778],[110.40742,-6.96786],[110.40722,-6.9679],[110.40715,-6.96791],[110.40716,-6.96826],[110.40717,-6.9685],[110.40702,-6.96856],[110.40678,-6.96857],[110.40678,-6.9687],[110.40659,-6.96901],[110.40649,-6.9692],[110.40646,-6.96943],[110.40646,-6.96947],[110.40654,-6.97022],[110.40662,-6.9705],[110.40671,-6.97093],[110.40687,-6.97115],[110.40708,-6.9714],[110.40716,-6.97148],[110.40717,-6.97151],[110.4068,-6.9717],[110.40692,-6.97197],[110.40697,-6.97215],[110.40698,-6.97216],[110.40704,-6.9724],[110.40709,-6.97253],[110.40714,-6.97275],[110.40716,-6.97287],[110.40724,-6.97329],[110.40729,-6.97358],[110.40729,-6.97363],[110.40732,-6.97403],[110.40735,-6.97435],[110.40737,-6.97473],[110.40742,-6.97492],[110.40746,-6.975],[110.40755,-6.97515],[110.40767,-6.97531],[110.4077,-6.97543],[110.40757,-6.97578],[110.40753,-6.9759],[110.40752,-6.97605],[110.40743,-6.97622],[110.40731,-6.97637],[110.40726,-6.9765],[110.40723,-6.97658],[110.4068,-6.97667],[110.4068,-6.97668],[110.40684,-6.97677],[110.40686,-6.9769],[110.40688,-6.97706],[110.40728,-6.97702],[110.4084,-6.97673],[110.40842,-6.97672],[110.40884,-6.97658],[110.40919,-6.97646],[110.40925,-6.97644],[110.40968,-6.97624],[110.40975,-6.97621],[110.41014,-6.97602],[110.4107,-6.97567],[110.41117,-6.97535],[110.41128,-6.97525],[110.41197,-6.97477],[110.41262,-6.97424]]]}},{"type":"Feature","properties":{"id":"ADM-SEMARANG-UTARA-PURWOSARI","name":"Purwosari","source_name":"Purwosari","type":"Kelurahan","category":"Administrasi kota","kecamatan":"Semarang Utara","kabupaten":"Kota Semarang","catatan":"Batas kelurahan dari berkas vektor kota. Serpihan dan wilayah luar kota dibuang. Kecamatan mengikuti daftar resmi, bukan kolom asli berkas.","status":"Batas administrasi"},"geometry":{"type":"Polygon","coordinates":[[[110.41531,-6.96772],[110.41517,-6.96758],[110.41496,-6.96734],[110.41461,-6.96691],[110.41446,-6.96674],[110.41439,-6.96669],[110.41427,-6.9666],[110.41416,-6.96659],[110.41363,-6.96665],[110.41258,-6.96679],[110.41147,-6.96691],[110.41141,-6.96695],[110.41155,-6.96734],[110.41157,-6.96742],[110.4116,-6.9675],[110.41162,-6.96757],[110.41193,-6.96854],[110.41203,-6.96901],[110.41204,-6.96907],[110.41207,-6.96927],[110.41209,-6.96936],[110.41215,-6.96989],[110.41232,-6.97117],[110.41239,-6.97167],[110.41241,-6.97256],[110.41242,-6.97297],[110.41242,-6.97305],[110.41243,-6.97315],[110.41243,-6.97341],[110.41244,-6.97355],[110.41247,-6.97382],[110.41248,-6.97387],[110.41251,-6.97399],[110.41252,-6.97402],[110.4126,-6.97422],[110.41262,-6.97424],[110.41271,-6.97437],[110.41291,-6.97452],[110.41295,-6.97455],[110.41332,-6.97484],[110.41355,-6.97438],[110.4137,-6.97411],[110.41371,-6.97411],[110.4138,-6.97404],[110.41417,-6.97383],[110.41498,-6.97347],[110.41569,-6.97312],[110.41644,-6.97275],[110.41646,-6.97273],[110.41695,-6.97251],[110.41713,-6.97243],[110.4178,-6.97211],[110.41811,-6.97196],[110.41844,-6.97181],[110.4186,-6.97173],[110.41921,-6.97144],[110.41944,-6.97133],[110.4195,-6.9713],[110.42074,-6.97067],[110.42045,-6.96975],[110.42034,-6.96938],[110.42026,-6.96915],[110.42022,-6.96899],[110.42011,-6.96858],[110.41976,-6.96864],[110.4192,-6.96873],[110.41897,-6.96875],[110.41853,-6.96881],[110.41823,-6.96901],[110.41725,-6.96985],[110.41722,-6.96981],[110.41717,-6.96972],[110.41715,-6.96969],[110.41687,-6.9694],[110.41666,-6.96918],[110.41654,-6.96905],[110.41645,-6.96895],[110.41604,-6.9685],[110.41598,-6.96844],[110.41591,-6.96836],[110.41573,-6.96817],[110.41562,-6.96806],[110.41557,-6.96801],[110.41554,-6.96797],[110.41549,-6.96792],[110.41548,-6.9679],[110.41531,-6.96772]]]}},{"type":"Feature","properties":{"id":"ADM-SEMARANG-UTARA-TANJUNG-MAS","name":"Tanjung Mas","source_name":"Tanjungmas","type":"Kelurahan","category":"Administrasi kota","kecamatan":"Semarang Utara","kabupaten":"Kota Semarang","catatan":"Batas kelurahan dari berkas vektor kota. Serpihan dan wilayah luar kota dibuang. Kecamatan mengikuti daftar resmi, bukan kolom asli berkas.","status":"Batas administrasi"},"geometry":{"type":"Polygon","coordinates":[[[110.44399,-6.93932],[110.44393,-6.93933],[110.44384,-6.93928],[110.44387,-6.93898],[110.44389,-6.93879],[110.44386,-6.93872],[110.44373,-6.93871],[110.44348,-6.93874],[110.44336,-6.93873],[110.44333,-6.93877],[110.44332,-6.93902],[110.44343,-6.9392],[110.44352,-6.93935],[110.44342,-6.93968],[110.44332,-6.93983],[110.44325,-6.94003],[110.44317,-6.94021],[110.44303,-6.94034],[110.44294,-6.94054],[110.44294,-6.94067],[110.44287,-6.94085],[110.44222,-6.94308],[110.44212,-6.94327],[110.44206,-6.94348],[110.44195,-6.94369],[110.44172,-6.94392],[110.44165,-6.94461],[110.44157,-6.94509],[110.4415,-6.94539],[110.44141,-6.94565],[110.44125,-6.94579],[110.4411,-6.94574],[110.44094,-6.94561],[110.44084,-6.94548],[110.44067,-6.94533],[110.44043,-6.9452],[110.44002,-6.94518],[110.4398,-6.94528],[110.43956,-6.94531],[110.43945,-6.9452],[110.43932,-6.94497],[110.43912,-6.94408],[110.4391,-6.94386],[110.43901,-6.94351],[110.43897,-6.94335],[110.43888,-6.94308],[110.43879,-6.94283],[110.43871,-6.94263],[110.43881,-6.94231],[110.43898,-6.94222],[110.43908,-6.94201],[110.43912,-6.9418],[110.43908,-6.94167],[110.43895,-6.94161],[110.43884,-6.94161],[110.43868,-6.94163],[110.43854,-6.94169],[110.43841,-6.94175],[110.43826,-6.9418],[110.43811,-6.9418],[110.438,-6.94187],[110.43788,-6.94199],[110.43781,-6.94222],[110.43782,-6.9425],[110.43784,-6.94284],[110.43789,-6.94329],[110.43807,-6.94361],[110.43807,-6.94388],[110.43803,-6.94391],[110.43808,-6.94407],[110.43811,-6.94424],[110.43829,-6.94493],[110.43848,-6.94571],[110.43868,-6.94645],[110.4388,-6.94693],[110.43889,-6.94725],[110.4391,-6.94796],[110.4392,-6.94837],[110.43909,-6.94844],[110.43853,-6.94854],[110.43842,-6.94852],[110.43826,-6.94805],[110.43818,-6.94781],[110.438,-6.94743],[110.43792,-6.94717],[110.43784,-6.94691],[110.43775,-6.94656],[110.43763,-6.94603],[110.43755,-6.94566],[110.43746,-6.94541],[110.43739,-6.94524],[110.43738,-6.94511],[110.43738,-6.94504],[110.43735,-6.94495],[110.43737,-6.94482],[110.43744,-6.9447],[110.43749,-6.94463],[110.43749,-6.94455],[110.4372,-6.94451],[110.43715,-6.94448],[110.43706,-6.94414],[110.43692,-6.94382],[110.43677,-6.94369],[110.43671,-6.94358],[110.43662,-6.94326],[110.43657,-6.94307],[110.43655,-6.943],[110.4364,-6.94308],[110.43595,-6.9434],[110.43588,-6.94357],[110.43586,-6.94376],[110.43592,-6.944],[110.43603,-6.94429],[110.43602,-6.9446],[110.43596,-6.94489],[110.43586,-6.94527],[110.43556,-6.94562],[110.43545,-6.94579],[110.43539,-6.94601],[110.4354,-6.94628],[110.4354,-6.94656],[110.43528,-6.9467],[110.43506,-6.94659],[110.43478,-6.94641],[110.43449,-6.94636],[110.43438,-6.94643],[110.43429,-6.9466],[110.43435,-6.94686],[110.43482,-6.94732],[110.43508,-6.94741],[110.43533,-6.9475],[110.4357,-6.94755],[110.43586,-6.94768],[110.436,-6.94807],[110.43613,-6.94836],[110.43636,-6.94849],[110.43669,-6.94863],[110.43689,-6.94883],[110.43707,-6.94907],[110.43719,-6.94944],[110.43717,-6.94974],[110.43709,-6.95004],[110.43698,-6.95032],[110.43679,-6.95053],[110.4366,-6.95061],[110.43639,-6.95052],[110.43626,-6.95038],[110.43613,-6.95023],[110.43592,-6.95],[110.43471,-6.94843],[110.43449,-6.94809],[110.43435,-6.94785],[110.43419,-6.94781],[110.43409,-6.94787],[110.43404,-6.94809],[110.43399,-6.94833],[110.4339,-6.94849],[110.43373,-6.94851],[110.43372,-6.94828],[110.43373,-6.94806],[110.4338,-6.94778],[110.43385,-6.94749],[110.43386,-6.94726],[110.43379,-6.94705],[110.43367,-6.9468],[110.43356,-6.94657],[110.43348,-6.9456],[110.43325,-6.94533],[110.43313,-6.94504],[110.43307,-6.94473],[110.43303,-6.94444],[110.43296,-6.94417],[110.43281,-6.94388],[110.43265,-6.94383],[110.43242,-6.94385],[110.43188,-6.94402],[110.43178,-6.94407],[110.43163,-6.94411],[110.43149,-6.94405],[110.43153,-6.94422],[110.43111,-6.94434],[110.43099,-6.94435],[110.43084,-6.94432],[110.43065,-6.94445],[110.43046,-6.94459],[110.43005,-6.94484],[110.42966,-6.94502],[110.42947,-6.94509],[110.42928,-6.94513],[110.42859,-6.94534],[110.42844,-6.94539],[110.42841,-6.94546],[110.42796,-6.94558],[110.42758,-6.94563],[110.42749,-6.94559],[110.42734,-6.94556],[110.4272,-6.94525],[110.42702,-6.94476],[110.42681,-6.94421],[110.42644,-6.94314],[110.42631,-6.94273],[110.42626,-6.94258],[110.42615,-6.94231],[110.42596,-6.94233],[110.42581,-6.94194],[110.42573,-6.94169],[110.42565,-6.94157],[110.42555,-6.94151],[110.42539,-6.9414],[110.42525,-6.9413],[110.42491,-6.94132],[110.42459,-6.94139],[110.42431,-6.9415],[110.42407,-6.94161],[110.4237,-6.9416],[110.4237,-6.94146],[110.42366,-6.94135],[110.42364,-6.9425],[110.42361,-6.94271],[110.42357,-6.94292],[110.42355,-6.94318],[110.42356,-6.94344],[110.42357,-6.94387],[110.42353,-6.94411],[110.4236,-6.9457],[110.42369,-6.94616],[110.42369,-6.94638],[110.42373,-6.94659],[110.42385,-6.94682],[110.42412,-6.94709],[110.42433,-6.94728],[110.42444,-6.94745],[110.42456,-6.9477],[110.42468,-6.94789],[110.42554,-6.94851],[110.42561,-6.94864],[110.42569,-6.94877],[110.42578,-6.94889],[110.42589,-6.94898],[110.42601,-6.94919],[110.426,-6.94948],[110.42608,-6.94965],[110.42626,-6.94974],[110.42665,-6.94983],[110.42676,-6.95001],[110.42682,-6.95027],[110.42684,-6.95053],[110.42681,-6.95061],[110.42683,-6.95063],[110.42688,-6.95071],[110.4268,-6.95088],[110.42671,-6.95104],[110.42667,-6.95131],[110.42666,-6.95134],[110.4267,-6.95136],[110.42666,-6.95135],[110.42663,-6.95145],[110.42651,-6.95153],[110.42649,-6.95152],[110.42624,-6.95194],[110.42618,-6.95198],[110.42582,-6.95259],[110.4257,-6.95252],[110.42522,-6.95223],[110.42478,-6.95193],[110.42443,-6.95175],[110.42424,-6.95164],[110.4242,-6.95159],[110.4242,-6.95148],[110.4243,-6.95128],[110.42435,-6.95118],[110.42435,-6.95113],[110.42407,-6.9514],[110.42402,-6.95143],[110.42385,-6.95137],[110.42368,-6.95127],[110.42346,-6.95105],[110.42343,-6.95095],[110.4234,-6.95084],[110.4233,-6.95074],[110.42321,-6.95067],[110.4232,-6.95063],[110.42333,-6.95065],[110.42353,-6.95078],[110.4236,-6.95082],[110.42368,-6.95082],[110.42373,-6.95073],[110.42368,-6.95068],[110.4234,-6.95064],[110.42328,-6.95054],[110.42322,-6.95036],[110.42316,-6.95027],[110.42291,-6.95011],[110.42273,-6.94999],[110.42249,-6.94982],[110.42237,-6.94976],[110.42228,-6.94971],[110.42206,-6.94955],[110.42203,-6.94953],[110.42199,-6.9495],[110.42183,-6.94935],[110.42174,-6.9493],[110.42168,-6.94927],[110.42157,-6.94913],[110.42092,-6.94864],[110.4209,-6.94844],[110.42081,-6.94832],[110.42065,-6.94818],[110.42035,-6.94792],[110.42017,-6.94778],[110.42005,-6.94773],[110.41989,-6.94772],[110.41992,-6.94795],[110.42,-6.94834],[110.42009,-6.94869],[110.42022,-6.94903],[110.42057,-6.94913],[110.42078,-6.94928],[110.42084,-6.94948],[110.42081,-6.94969],[110.42092,-6.94977],[110.42098,-6.94984],[110.421,-6.94994],[110.42085,-6.95016],[110.42081,-6.95022],[110.42081,-6.95029],[110.42083,-6.95038],[110.42075,-6.95048],[110.42068,-6.95055],[110.42079,-6.95062],[110.42099,-6.95076],[110.42118,-6.95093],[110.42137,-6.95114],[110.42158,-6.95137],[110.42184,-6.95155],[110.42206,-6.95173],[110.42238,-6.95188],[110.4226,-6.95203],[110.42292,-6.95224],[110.42311,-6.95237],[110.42353,-6.95249],[110.42384,-6.9526],[110.42415,-6.95269],[110.42432,-6.95284],[110.4243,-6.95298],[110.42418,-6.9531],[110.42406,-6.95315],[110.42429,-6.95328],[110.42482,-6.95359],[110.42506,-6.95374],[110.42531,-6.95388],[110.42552,-6.95401],[110.42621,-6.95439],[110.42635,-6.95446],[110.42614,-6.95489],[110.4261,-6.95496],[110.42531,-6.9545],[110.42418,-6.95381],[110.42375,-6.95357],[110.42365,-6.95353],[110.42348,-6.95377],[110.42345,-6.95383],[110.42341,-6.95396],[110.42346,-6.95416],[110.42359,-6.95433],[110.42375,-6.95447],[110.42381,-6.95464],[110.42374,-6.95479],[110.42367,-6.9548],[110.42351,-6.9547],[110.42338,-6.95457],[110.42313,-6.9544],[110.42311,-6.95439],[110.42308,-6.95444],[110.42305,-6.95451],[110.42382,-6.955],[110.42424,-6.95521],[110.42437,-6.95528],[110.42428,-6.95554],[110.42418,-6.9557],[110.42279,-6.95489],[110.42219,-6.95454],[110.42196,-6.95443],[110.42191,-6.95442],[110.42171,-6.95475],[110.42162,-6.95492],[110.42157,-6.95507],[110.4215,-6.95517],[110.42122,-6.95508],[110.42116,-6.95504],[110.42156,-6.9543],[110.42159,-6.9542],[110.42159,-6.95409],[110.4216,-6.95402],[110.42153,-6.95394],[110.42148,-6.9539],[110.42145,-6.95382],[110.42135,-6.9536],[110.42128,-6.95329],[110.4212,-6.95299],[110.42116,-6.95279],[110.42115,-6.95278],[110.42113,-6.9526],[110.42107,-6.95251],[110.42078,-6.95233],[110.42055,-6.95226],[110.42044,-6.95225],[110.42029,-6.95239],[110.42024,-6.95248],[110.42028,-6.95284],[110.42029,-6.95296],[110.42027,-6.95314],[110.42026,-6.95322],[110.42003,-6.95326],[110.41991,-6.95328],[110.41965,-6.95333],[110.41958,-6.95334],[110.41951,-6.95328],[110.41932,-6.95262],[110.41923,-6.95217],[110.4192,-6.95212],[110.41912,-6.95213],[110.41897,-6.95214],[110.4189,-6.95215],[110.41876,-6.95215],[110.41871,-6.95211],[110.41889,-6.95271],[110.41908,-6.95333],[110.41911,-6.95338],[110.41924,-6.95362],[110.4194,-6.95413],[110.41945,-6.95432],[110.41956,-6.95461],[110.41975,-6.95526],[110.42011,-6.95645],[110.42023,-6.95692],[110.42025,-6.95696],[110.42055,-6.95704],[110.42065,-6.95706],[110.42068,-6.95707],[110.42153,-6.95721],[110.42184,-6.95719],[110.42233,-6.9571],[110.42295,-6.95698],[110.42365,-6.95683],[110.42419,-6.95663],[110.42423,-6.95661],[110.42424,-6.95661],[110.42429,-6.95723],[110.42434,-6.95766],[110.42435,-6.95775],[110.42445,-6.95869],[110.42456,-6.95967],[110.42458,-6.95984],[110.4246,-6.96005],[110.42468,-6.9608],[110.42479,-6.96167],[110.4249,-6.9626],[110.42498,-6.96332],[110.42518,-6.9651],[110.42521,-6.96569],[110.42521,-6.96572],[110.4252,-6.96581],[110.42519,-6.96588],[110.42519,-6.9659],[110.42517,-6.96608],[110.42517,-6.96611],[110.42516,-6.96613],[110.42514,-6.96642],[110.42513,-6.96668],[110.42513,-6.96694],[110.42512,-6.96804],[110.42512,-6.96817],[110.42511,-6.96849],[110.42512,-6.96854],[110.42525,-6.96875],[110.42526,-6.96878],[110.42616,-6.96861],[110.42639,-6.96856],[110.42658,-6.96853],[110.42683,-6.96848],[110.42754,-6.96841],[110.42804,-6.96836],[110.42862,-6.9683],[110.42872,-6.96826],[110.4292,-6.96807],[110.42976,-6.96784],[110.43008,-6.96768],[110.43025,-6.96758],[110.43044,-6.96746],[110.43094,-6.96717],[110.43095,-6.96717],[110.43095,-6.96716],[110.43092,-6.96652],[110.43089,-6.96579],[110.43087,-6.96427],[110.43086,-6.96424],[110.43086,-6.96412],[110.43086,-6.96402],[110.43086,-6.96348],[110.43083,-6.96269],[110.43082,-6.96215],[110.43081,-6.96155],[110.43081,-6.96139],[110.43079,-6.96094],[110.43078,-6.96089],[110.43077,-6.96025],[110.43074,-6.9592],[110.43073,-6.95905],[110.43072,-6.95861],[110.43069,-6.95765],[110.43069,-6.95753],[110.43068,-6.95725],[110.43065,-6.95645],[110.43065,-6.95639],[110.43064,-6.95632],[110.43064,-6.95626],[110.43063,-6.95617],[110.43061,-6.95485],[110.43061,-6.95436],[110.4306,-6.95434],[110.43064,-6.95435],[110.4311,-6.95412],[110.4316,-6.95394],[110.43195,-6.95379],[110.43313,-6.95334],[110.43364,-6.95314],[110.43463,-6.95271],[110.43508,-6.95249],[110.43654,-6.95206],[110.43657,-6.95204],[110.43675,-6.95199],[110.43712,-6.95188],[110.43718,-6.95185],[110.43767,-6.95174],[110.43781,-6.95165],[110.43827,-6.95145],[110.43878,-6.95127],[110.43896,-6.95122],[110.43906,-6.95116],[110.43913,-6.95111],[110.43915,-6.9511],[110.43971,-6.95081],[110.43981,-6.95069],[110.43991,-6.95047],[110.43992,-6.95046],[110.44008,-6.95005],[110.44032,-6.94999],[110.44062,-6.94909],[110.44091,-6.94815],[110.44144,-6.94663],[110.44195,-6.94522],[110.44273,-6.94291],[110.4435,-6.94062],[110.44399,-6.93932]]]}},{"type":"Feature","properties":{"id":"ADM-TEMBALANG-BULUSAN","name":"Bulusan","source_name":"Bulusan","type":"Kelurahan","category":"Administrasi kota","kecamatan":"Tembalang","kabupaten":"Kota Semarang","catatan":"Batas kelurahan dari berkas vektor kota. Serpihan dan wilayah luar kota dibuang. Kecamatan mengikuti daftar resmi, bukan kolom asli berkas.","status":"Batas administrasi"},"geometry":{"type":"Polygon","coordinates":[[[110.46474,-7.05215],[110.46323,-7.05197],[110.4624,-7.05183],[110.46119,-7.05152],[110.46035,-7.05132],[110.45926,-7.05104],[110.45842,-7.0508],[110.45769,-7.05053],[110.45675,-7.05022],[110.45614,-7.04998],[110.45548,-7.04977],[110.45473,-7.04937],[110.45415,-7.04922],[110.45359,-7.04929],[110.45265,-7.04941],[110.45191,-7.04953],[110.45118,-7.04961],[110.45021,-7.0498],[110.44876,-7.05019],[110.44824,-7.05033],[110.44823,-7.0505],[110.44817,-7.05071],[110.44802,-7.05096],[110.44801,-7.05121],[110.44795,-7.05128],[110.44786,-7.05134],[110.44777,-7.05139],[110.44766,-7.05157],[110.44766,-7.05158],[110.44763,-7.05159],[110.4475,-7.05169],[110.44749,-7.05177],[110.44747,-7.05195],[110.44741,-7.05199],[110.44729,-7.05197],[110.44713,-7.0519],[110.44681,-7.05174],[110.4467,-7.05176],[110.44664,-7.05182],[110.44664,-7.05188],[110.4467,-7.05197],[110.44678,-7.05209],[110.4468,-7.0522],[110.44677,-7.05237],[110.4467,-7.05242],[110.44662,-7.05243],[110.44651,-7.05237],[110.44646,-7.0523],[110.44637,-7.05211],[110.44624,-7.05207],[110.44608,-7.05208],[110.44595,-7.05214],[110.44584,-7.05225],[110.4458,-7.05236],[110.44575,-7.05243],[110.44567,-7.05245],[110.44558,-7.05242],[110.44546,-7.05233],[110.4454,-7.05222],[110.44541,-7.05213],[110.44542,-7.05199],[110.44538,-7.05193],[110.44532,-7.05192],[110.44521,-7.05197],[110.44516,-7.05204],[110.44516,-7.05213],[110.44526,-7.05251],[110.4453,-7.05276],[110.44532,-7.053],[110.44537,-7.05312],[110.44537,-7.05319],[110.44531,-7.05329],[110.44522,-7.05334],[110.44495,-7.05337],[110.44453,-7.05333],[110.44397,-7.0532],[110.44379,-7.0532],[110.4437,-7.05327],[110.44308,-7.05401],[110.44308,-7.05419],[110.44305,-7.05427],[110.44297,-7.05429],[110.44281,-7.05434],[110.44264,-7.05446],[110.44251,-7.05454],[110.44237,-7.05456],[110.44219,-7.05459],[110.44166,-7.05475],[110.44149,-7.05482],[110.44147,-7.05488],[110.44145,-7.05512],[110.44137,-7.05527],[110.4413,-7.05551],[110.44128,-7.05615],[110.44136,-7.05663],[110.44176,-7.05692],[110.44223,-7.05703],[110.44279,-7.05706],[110.44291,-7.05707],[110.44291,-7.0571],[110.44276,-7.05811],[110.44274,-7.05823],[110.44261,-7.05865],[110.44239,-7.05895],[110.44233,-7.05906],[110.44227,-7.05921],[110.44221,-7.0594],[110.44213,-7.05973],[110.44205,-7.06015],[110.44205,-7.06016],[110.44186,-7.06069],[110.44184,-7.06075],[110.44165,-7.06116],[110.44153,-7.06139],[110.44146,-7.06156],[110.4414,-7.06171],[110.44133,-7.06187],[110.44124,-7.06217],[110.44121,-7.06242],[110.4387,-7.06195],[110.4387,-7.062],[110.43854,-7.06236],[110.43852,-7.06241],[110.43843,-7.06267],[110.43844,-7.0628],[110.43844,-7.06282],[110.43845,-7.06284],[110.43824,-7.06283],[110.43798,-7.06281],[110.43786,-7.06277],[110.43768,-7.06257],[110.43758,-7.06246],[110.43674,-7.06222],[110.436,-7.06208],[110.43576,-7.06203],[110.43578,-7.06242],[110.43587,-7.06271],[110.43598,-7.06291],[110.43612,-7.06305],[110.43617,-7.06311],[110.43634,-7.06322],[110.43665,-7.06332],[110.4373,-7.06351],[110.43775,-7.06364],[110.43803,-7.06373],[110.43808,-7.06378],[110.43811,-7.06383],[110.43813,-7.06393],[110.43815,-7.064],[110.43814,-7.06427],[110.43813,-7.06437],[110.43814,-7.06443],[110.43815,-7.06458],[110.4382,-7.06509],[110.43818,-7.0655],[110.43813,-7.06569],[110.43805,-7.06582],[110.43796,-7.0659],[110.43793,-7.06593],[110.43765,-7.0661],[110.43747,-7.06616],[110.43722,-7.06622],[110.43681,-7.0663],[110.43673,-7.0663],[110.43661,-7.06631],[110.4365,-7.06639],[110.43608,-7.06677],[110.43616,-7.06679],[110.4363,-7.06678],[110.43733,-7.06699],[110.43734,-7.06699],[110.43741,-7.067],[110.43793,-7.0671],[110.43888,-7.06736],[110.43969,-7.06759],[110.43971,-7.06757],[110.43971,-7.0676],[110.43975,-7.06763],[110.43983,-7.06769],[110.44017,-7.06788],[110.44112,-7.06801],[110.4419,-7.06813],[110.44204,-7.06818],[110.44219,-7.06817],[110.44235,-7.06809],[110.44245,-7.06804],[110.44259,-7.06807],[110.44275,-7.06816],[110.44283,-7.06822],[110.44286,-7.06823],[110.44387,-7.0687],[110.44445,-7.06873],[110.44538,-7.0687],[110.44635,-7.06868],[110.44741,-7.06867],[110.44893,-7.06858],[110.45033,-7.06854],[110.45223,-7.06838],[110.45365,-7.0681],[110.45369,-7.06804],[110.45378,-7.06796],[110.45399,-7.06787],[110.45415,-7.06782],[110.45425,-7.06774],[110.45443,-7.06752],[110.45451,-7.06736],[110.45459,-7.06717],[110.45464,-7.0671],[110.45472,-7.06711],[110.4548,-7.06713],[110.45487,-7.06709],[110.4549,-7.06699],[110.45491,-7.06685],[110.45513,-7.06671],[110.45553,-7.06644],[110.45581,-7.06632],[110.45609,-7.06615],[110.45633,-7.06596],[110.45647,-7.06577],[110.45671,-7.06523],[110.45673,-7.06513],[110.45676,-7.06446],[110.45681,-7.06428],[110.45684,-7.06418],[110.45678,-7.06403],[110.45665,-7.06388],[110.45658,-7.06378],[110.45656,-7.06369],[110.45655,-7.0636],[110.45657,-7.06349],[110.45664,-7.06337],[110.45676,-7.06322],[110.45683,-7.06302],[110.45695,-7.06291],[110.45704,-7.06282],[110.45708,-7.06269],[110.45709,-7.06266],[110.4571,-7.06264],[110.45742,-7.06245],[110.45796,-7.06196],[110.45822,-7.06173],[110.45841,-7.0615],[110.4586,-7.06128],[110.45877,-7.06113],[110.45916,-7.06105],[110.45953,-7.06087],[110.45972,-7.06074],[110.45986,-7.06048],[110.45994,-7.06033],[110.45997,-7.06025],[110.46039,-7.05951],[110.46121,-7.05885],[110.46182,-7.05843],[110.46262,-7.05787],[110.46344,-7.05719],[110.46382,-7.05671],[110.46393,-7.05622],[110.464,-7.05557],[110.4641,-7.05511],[110.46418,-7.05472],[110.46423,-7.05414],[110.46437,-7.05316],[110.46451,-7.05265],[110.46474,-7.05215]]]}},{"type":"Feature","properties":{"id":"ADM-TEMBALANG-JANGLI","name":"Jangli","source_name":"Jangli","type":"Kelurahan","category":"Administrasi kota","kecamatan":"Tembalang","kabupaten":"Kota Semarang","catatan":"Batas kelurahan dari berkas vektor kota. Serpihan dan wilayah luar kota dibuang. Kecamatan mengikuti daftar resmi, bukan kolom asli berkas.","status":"Batas administrasi"},"geometry":{"type":"Polygon","coordinates":[[[110.45029,-7.02847],[110.45028,-7.02849],[110.45025,-7.02856],[110.44997,-7.02897],[110.44993,-7.02903],[110.44988,-7.02899],[110.44972,-7.02882],[110.44941,-7.02864],[110.44922,-7.02854],[110.449,-7.02829],[110.44899,-7.02828],[110.44886,-7.02815],[110.44869,-7.02801],[110.44861,-7.02788],[110.44857,-7.02765],[110.44857,-7.02763],[110.44834,-7.02735],[110.44809,-7.02717],[110.44784,-7.02708],[110.44773,-7.02703],[110.4477,-7.027],[110.44763,-7.02691],[110.44761,-7.02688],[110.4476,-7.02682],[110.44688,-7.02636],[110.44635,-7.02609],[110.44613,-7.02595],[110.44592,-7.02583],[110.44577,-7.02575],[110.44576,-7.02575],[110.4456,-7.02554],[110.44551,-7.02544],[110.44548,-7.02542],[110.44541,-7.02539],[110.44538,-7.02538],[110.4452,-7.02542],[110.44487,-7.02543],[110.44476,-7.02538],[110.44455,-7.02522],[110.44427,-7.02496],[110.44411,-7.02487],[110.44392,-7.02482],[110.44363,-7.02477],[110.44357,-7.02474],[110.44354,-7.02467],[110.44348,-7.02465],[110.44313,-7.02461],[110.44287,-7.02454],[110.44288,-7.02448],[110.44294,-7.02418],[110.44297,-7.02407],[110.44297,-7.02404],[110.443,-7.02377],[110.44294,-7.02371],[110.44277,-7.02354],[110.44241,-7.02319],[110.44228,-7.02305],[110.44183,-7.02257],[110.44178,-7.02249],[110.44178,-7.02247],[110.44176,-7.02221],[110.44176,-7.02214],[110.44176,-7.02207],[110.44175,-7.02184],[110.44175,-7.02179],[110.44174,-7.02162],[110.44179,-7.02133],[110.44189,-7.0211],[110.44206,-7.02081],[110.44214,-7.02068],[110.44215,-7.02057],[110.44219,-7.02057],[110.44226,-7.02033],[110.44234,-7.02016],[110.44251,-7.01977],[110.44255,-7.01968],[110.44307,-7.01952],[110.44306,-7.01944],[110.44308,-7.01944],[110.44319,-7.01934],[110.44323,-7.01923],[110.44331,-7.01914],[110.44334,-7.01904],[110.44338,-7.0188],[110.44346,-7.01811],[110.44347,-7.01809],[110.4435,-7.01797],[110.44356,-7.01767],[110.44357,-7.01765],[110.44371,-7.01718],[110.44373,-7.01703],[110.4437,-7.01676],[110.44368,-7.01664],[110.44368,-7.01641],[110.44366,-7.01607],[110.44356,-7.01571],[110.44352,-7.01556],[110.44351,-7.01548],[110.44341,-7.01503],[110.44341,-7.0156],[110.44331,-7.01647],[110.44311,-7.0171],[110.44272,-7.01775],[110.44219,-7.0185],[110.44155,-7.01921],[110.441,-7.01983],[110.43981,-7.02111],[110.43975,-7.02117],[110.43921,-7.02182],[110.43838,-7.02265],[110.43708,-7.0241],[110.43646,-7.02493],[110.43607,-7.02549],[110.43584,-7.02613],[110.43564,-7.02668],[110.43547,-7.02744],[110.43528,-7.0282],[110.43501,-7.02878],[110.43437,-7.02956],[110.43312,-7.03088],[110.43234,-7.03182],[110.43175,-7.03259],[110.43156,-7.03311],[110.43161,-7.03318],[110.43185,-7.03365],[110.43192,-7.03379],[110.4321,-7.03418],[110.43226,-7.03453],[110.43229,-7.03459],[110.43233,-7.03468],[110.43236,-7.03474],[110.43259,-7.03532],[110.43272,-7.03573],[110.43279,-7.03593],[110.4328,-7.03597],[110.43285,-7.03616],[110.43293,-7.03647],[110.43296,-7.0366],[110.43312,-7.03733],[110.43327,-7.03805],[110.43333,-7.03836],[110.43336,-7.03848],[110.4334,-7.03865],[110.43355,-7.03932],[110.43367,-7.03996],[110.43369,-7.04004],[110.43376,-7.04042],[110.43392,-7.04109],[110.43401,-7.04145],[110.4341,-7.0419],[110.43424,-7.04245],[110.43431,-7.04272],[110.43434,-7.04283],[110.43442,-7.0431],[110.43473,-7.04437],[110.43483,-7.04486],[110.4349,-7.04537],[110.43491,-7.04614],[110.43489,-7.04626],[110.43479,-7.04672],[110.43467,-7.04713],[110.4351,-7.04711],[110.43524,-7.04704],[110.43534,-7.04703],[110.43545,-7.04708],[110.43557,-7.04721],[110.43589,-7.04763],[110.43597,-7.04779],[110.4361,-7.04805],[110.43621,-7.04792],[110.43629,-7.04782],[110.43658,-7.04751],[110.43673,-7.04732],[110.43676,-7.04723],[110.43675,-7.04712],[110.4365,-7.04684],[110.43651,-7.04673],[110.4364,-7.04655],[110.43627,-7.04649],[110.43623,-7.04646],[110.43624,-7.04629],[110.43628,-7.04621],[110.43635,-7.04617],[110.43645,-7.04617],[110.43652,-7.04604],[110.43657,-7.04597],[110.43698,-7.04585],[110.43723,-7.04592],[110.43733,-7.04593],[110.43743,-7.04588],[110.43746,-7.04583],[110.43753,-7.04565],[110.43755,-7.04558],[110.4375,-7.04549],[110.43735,-7.04539],[110.43713,-7.04529],[110.43689,-7.04531],[110.43671,-7.04533],[110.43644,-7.04529],[110.43632,-7.04526],[110.43615,-7.04502],[110.43594,-7.04483],[110.43591,-7.04474],[110.43592,-7.04465],[110.43609,-7.0443],[110.43624,-7.04414],[110.43629,-7.04408],[110.43706,-7.04349],[110.43742,-7.04309],[110.43757,-7.0426],[110.43769,-7.04237],[110.4379,-7.04225],[110.43852,-7.04229],[110.43894,-7.04217],[110.43938,-7.04221],[110.43973,-7.04232],[110.4403,-7.04242],[110.44066,-7.04254],[110.44095,-7.04288],[110.4411,-7.04325],[110.4412,-7.04318],[110.4413,-7.04298],[110.44137,-7.04267],[110.44146,-7.04235],[110.44171,-7.04195],[110.44173,-7.04193],[110.44187,-7.04178],[110.44206,-7.04157],[110.44209,-7.04152],[110.44235,-7.04125],[110.44236,-7.04125],[110.44254,-7.04109],[110.44295,-7.0407],[110.44308,-7.04055],[110.44311,-7.04053],[110.44329,-7.04026],[110.44368,-7.03977],[110.44388,-7.03944],[110.44384,-7.03937],[110.44383,-7.03932],[110.44384,-7.03927],[110.44386,-7.03922],[110.44391,-7.03906],[110.44405,-7.03889],[110.44415,-7.03878],[110.44419,-7.03864],[110.4442,-7.03853],[110.44417,-7.03846],[110.44405,-7.0383],[110.44388,-7.03798],[110.44383,-7.03774],[110.44386,-7.03751],[110.44397,-7.03731],[110.4441,-7.03712],[110.44425,-7.03695],[110.44444,-7.03678],[110.44467,-7.03648],[110.44474,-7.03641],[110.44492,-7.03637],[110.44509,-7.0363],[110.44523,-7.03616],[110.44533,-7.03598],[110.44534,-7.0358],[110.44501,-7.03537],[110.44498,-7.03532],[110.44485,-7.03514],[110.44478,-7.03501],[110.44476,-7.03485],[110.44478,-7.03473],[110.44491,-7.03459],[110.44502,-7.0345],[110.44525,-7.03443],[110.44544,-7.03438],[110.44556,-7.03434],[110.44573,-7.03436],[110.44594,-7.03449],[110.44611,-7.03467],[110.4463,-7.03506],[110.44639,-7.03521],[110.44649,-7.03528],[110.44661,-7.03532],[110.44673,-7.03527],[110.44682,-7.03515],[110.44691,-7.03495],[110.44698,-7.03478],[110.44743,-7.03454],[110.4476,-7.03448],[110.44811,-7.03446],[110.44856,-7.03444],[110.44866,-7.03443],[110.44899,-7.03433],[110.44914,-7.0342],[110.44921,-7.03414],[110.44988,-7.03387],[110.45019,-7.03375],[110.45055,-7.03353],[110.4507,-7.0334],[110.45081,-7.03317],[110.4509,-7.03299],[110.45096,-7.03278],[110.45098,-7.03272],[110.45137,-7.032],[110.45148,-7.03173],[110.45152,-7.03162],[110.45158,-7.03141],[110.45157,-7.03129],[110.45127,-7.03083],[110.45116,-7.03067],[110.45112,-7.03055],[110.45112,-7.03053],[110.45092,-7.03053],[110.45088,-7.03051],[110.45069,-7.03038],[110.45066,-7.0303],[110.45063,-7.0302],[110.4506,-7.02994],[110.4506,-7.02971],[110.45055,-7.02942],[110.45057,-7.02938],[110.45065,-7.02924],[110.45073,-7.02911],[110.45076,-7.02891],[110.45074,-7.02876],[110.45073,-7.02872],[110.45068,-7.02869],[110.4506,-7.02861],[110.45049,-7.02854],[110.45029,-7.02847]]]}},{"type":"Feature","properties":{"id":"ADM-TEMBALANG-KEDUNGMUNDU","name":"Kedungmundu","source_name":"Kedungmundu","type":"Kelurahan","category":"Administrasi kota","kecamatan":"Tembalang","kabupaten":"Kota Semarang","catatan":"Batas kelurahan dari berkas vektor kota. Serpihan dan wilayah luar kota dibuang. Kecamatan mengikuti daftar resmi, bukan kolom asli berkas.","status":"Batas administrasi"},"geometry":{"type":"Polygon","coordinates":[[[110.47145,-7.01817],[110.4709,-7.01774],[110.4706,-7.01744],[110.47024,-7.01699],[110.47022,-7.01697],[110.47015,-7.01682],[110.47004,-7.01669],[110.46942,-7.01654],[110.46772,-7.01592],[110.46746,-7.01583],[110.46714,-7.01573],[110.46689,-7.01565],[110.46678,-7.01561],[110.46674,-7.01573],[110.46673,-7.01575],[110.46671,-7.01581],[110.46668,-7.01587],[110.46665,-7.01595],[110.46639,-7.01646],[110.46638,-7.01648],[110.46637,-7.01649],[110.46631,-7.0167],[110.46622,-7.01703],[110.46618,-7.01744],[110.46616,-7.01766],[110.46615,-7.01778],[110.46606,-7.01779],[110.46556,-7.01768],[110.46526,-7.01765],[110.46473,-7.01759],[110.46435,-7.01747],[110.46403,-7.01734],[110.46389,-7.01726],[110.46386,-7.01724],[110.4638,-7.01722],[110.46378,-7.01721],[110.46327,-7.01728],[110.46302,-7.01733],[110.46273,-7.01738],[110.46241,-7.01745],[110.462,-7.01755],[110.46178,-7.01762],[110.46151,-7.01769],[110.4611,-7.01777],[110.46044,-7.01778],[110.46004,-7.01769],[110.45973,-7.01747],[110.45936,-7.01719],[110.45918,-7.01706],[110.45902,-7.01698],[110.45881,-7.01692],[110.45855,-7.01676],[110.45835,-7.01666],[110.45829,-7.01666],[110.45813,-7.01685],[110.45798,-7.01707],[110.45768,-7.01757],[110.45748,-7.01797],[110.4574,-7.01814],[110.45734,-7.0182],[110.45723,-7.01823],[110.4572,-7.01823],[110.45719,-7.01823],[110.45691,-7.01829],[110.45664,-7.01825],[110.45579,-7.01808],[110.45533,-7.01802],[110.45558,-7.01849],[110.45585,-7.01893],[110.45591,-7.01902],[110.45592,-7.01905],[110.45623,-7.01995],[110.45628,-7.02009],[110.45631,-7.02015],[110.45635,-7.02027],[110.45637,-7.02033],[110.45648,-7.02066],[110.45659,-7.02096],[110.4566,-7.02099],[110.45664,-7.02112],[110.45664,-7.02116],[110.4566,-7.02139],[110.45654,-7.02164],[110.45643,-7.02218],[110.45644,-7.02223],[110.45646,-7.02224],[110.45653,-7.0223],[110.45677,-7.02257],[110.45692,-7.02271],[110.45715,-7.02287],[110.45721,-7.0229],[110.45745,-7.02305],[110.45765,-7.02317],[110.45824,-7.02357],[110.45877,-7.02389],[110.459,-7.02408],[110.45903,-7.0241],[110.45907,-7.02414],[110.45929,-7.02432],[110.45954,-7.02454],[110.45969,-7.02467],[110.4598,-7.02483],[110.45984,-7.02493],[110.45993,-7.02495],[110.46055,-7.02504],[110.46093,-7.0251],[110.46095,-7.0251],[110.46098,-7.02507],[110.46134,-7.02464],[110.46177,-7.02402],[110.4618,-7.02398],[110.46213,-7.02356],[110.46223,-7.02343],[110.46267,-7.02287],[110.46289,-7.0226],[110.46297,-7.0226],[110.46311,-7.02268],[110.46391,-7.02318],[110.46427,-7.02339],[110.46433,-7.02344],[110.46463,-7.02364],[110.46465,-7.02365],[110.46518,-7.02396],[110.46547,-7.02412],[110.46548,-7.02413],[110.46566,-7.02423],[110.46569,-7.02424],[110.46588,-7.02435],[110.46609,-7.02445],[110.46613,-7.02446],[110.46638,-7.02455],[110.46645,-7.02458],[110.46675,-7.02467],[110.4675,-7.0249],[110.4681,-7.02506],[110.46852,-7.02531],[110.46874,-7.02558],[110.46966,-7.0267],[110.47061,-7.02752],[110.47124,-7.02775],[110.47173,-7.0278],[110.47239,-7.02783],[110.4729,-7.02794],[110.47357,-7.02789],[110.47367,-7.02761],[110.47377,-7.02707],[110.47405,-7.0266],[110.47437,-7.02613],[110.47473,-7.02565],[110.47505,-7.02516],[110.47534,-7.02437],[110.47557,-7.02388],[110.47577,-7.02347],[110.47621,-7.02271],[110.47632,-7.02239],[110.47626,-7.02219],[110.47615,-7.02211],[110.47606,-7.02207],[110.47582,-7.02195],[110.47556,-7.02178],[110.47552,-7.02175],[110.47543,-7.02162],[110.47535,-7.02139],[110.47534,-7.02105],[110.47529,-7.02088],[110.47517,-7.0207],[110.47499,-7.02051],[110.47461,-7.02028],[110.47435,-7.02016],[110.47414,-7.02013],[110.47395,-7.0201],[110.47384,-7.02001],[110.47374,-7.01989],[110.47326,-7.01919],[110.4732,-7.01915],[110.47282,-7.01893],[110.47276,-7.0189],[110.4727,-7.01888],[110.4723,-7.01871],[110.47214,-7.01864],[110.47145,-7.01817]]]}},{"type":"Feature","properties":{"id":"ADM-TEMBALANG-KRAMAS","name":"Kramas","source_name":"Kramas","type":"Kelurahan","category":"Administrasi kota","kecamatan":"Tembalang","kabupaten":"Kota Semarang","catatan":"Batas kelurahan dari berkas vektor kota. Serpihan dan wilayah luar kota dibuang. Kecamatan mengikuti daftar resmi, bukan kolom asli berkas.","status":"Batas administrasi"},"geometry":{"type":"Polygon","coordinates":[[[110.45365,-7.0681],[110.45223,-7.06838],[110.45033,-7.06854],[110.44893,-7.06858],[110.44741,-7.06867],[110.44635,-7.06868],[110.44538,-7.0687],[110.44445,-7.06873],[110.44387,-7.0687],[110.44286,-7.06823],[110.44283,-7.06822],[110.44275,-7.06816],[110.44259,-7.06807],[110.44245,-7.06804],[110.44235,-7.06809],[110.44219,-7.06817],[110.44204,-7.06818],[110.4419,-7.06813],[110.44112,-7.06801],[110.44017,-7.06788],[110.43983,-7.06769],[110.43975,-7.06763],[110.43971,-7.0676],[110.43971,-7.06757],[110.43969,-7.06759],[110.43888,-7.06736],[110.43793,-7.0671],[110.43741,-7.067],[110.43734,-7.06699],[110.43733,-7.06699],[110.4363,-7.06678],[110.43616,-7.06679],[110.43608,-7.06677],[110.43601,-7.06683],[110.4358,-7.06703],[110.43545,-7.06735],[110.43502,-7.06802],[110.43495,-7.06817],[110.43481,-7.06842],[110.43494,-7.06845],[110.43534,-7.06849],[110.43541,-7.06851],[110.43591,-7.06857],[110.4364,-7.06867],[110.43666,-7.06872],[110.43709,-7.06874],[110.43711,-7.06874],[110.43713,-7.06873],[110.43715,-7.0688],[110.43729,-7.06904],[110.43753,-7.06939],[110.43755,-7.06942],[110.43763,-7.06953],[110.43795,-7.06978],[110.43816,-7.06995],[110.43823,-7.06999],[110.43888,-7.07026],[110.43902,-7.07032],[110.43904,-7.07032],[110.4392,-7.0704],[110.43959,-7.07059],[110.4396,-7.07059],[110.44113,-7.07154],[110.44133,-7.07167],[110.4418,-7.07205],[110.44236,-7.0727],[110.44237,-7.07272],[110.44251,-7.07285],[110.44263,-7.07297],[110.44277,-7.07309],[110.44284,-7.07317],[110.443,-7.07335],[110.44307,-7.07348],[110.44305,-7.07363],[110.44296,-7.07379],[110.44257,-7.07456],[110.44231,-7.07527],[110.44226,-7.07547],[110.44229,-7.07554],[110.4435,-7.07596],[110.44353,-7.07597],[110.44371,-7.07607],[110.44372,-7.07608],[110.44378,-7.07613],[110.44406,-7.0764],[110.44423,-7.07662],[110.44453,-7.07675],[110.44477,-7.07677],[110.44485,-7.07678],[110.44506,-7.07703],[110.44516,-7.07715],[110.44539,-7.0772],[110.44562,-7.07712],[110.44572,-7.0771],[110.44621,-7.07734],[110.44634,-7.0774],[110.44713,-7.07765],[110.44716,-7.07766],[110.44783,-7.07712],[110.44824,-7.07683],[110.44849,-7.07645],[110.44873,-7.07586],[110.44897,-7.07495],[110.44917,-7.0743],[110.44961,-7.07355],[110.45006,-7.07301],[110.45058,-7.07247],[110.45118,-7.07168],[110.45165,-7.07091],[110.45232,-7.07015],[110.4531,-7.06892],[110.45365,-7.0681]]]}},{"type":"Feature","properties":{"id":"ADM-TEMBALANG-MANGUNHARJO","name":"Mangunharjo","source_name":"Mangunharjo","type":"Kelurahan","category":"Administrasi kota","kecamatan":"Tembalang","kabupaten":"Kota Semarang","catatan":"Batas kelurahan dari berkas vektor kota. Serpihan dan wilayah luar kota dibuang. Kecamatan mengikuti daftar resmi, bukan kolom asli berkas.","status":"Batas administrasi"},"geometry":{"type":"Polygon","coordinates":[[[110.47182,-7.05042],[110.4717,-7.05041],[110.47167,-7.05041],[110.47159,-7.05033],[110.47142,-7.04988],[110.47131,-7.04973],[110.47114,-7.04946],[110.47096,-7.04919],[110.47077,-7.04886],[110.47063,-7.04863],[110.47025,-7.04807],[110.47013,-7.04788],[110.47003,-7.0477],[110.46989,-7.04751],[110.4696,-7.04707],[110.4694,-7.04678],[110.46925,-7.04657],[110.46905,-7.04631],[110.4687,-7.04583],[110.46851,-7.04561],[110.46835,-7.04534],[110.46823,-7.04513],[110.46813,-7.04496],[110.4681,-7.0449],[110.4674,-7.04385],[110.46698,-7.04331],[110.46692,-7.04325],[110.46678,-7.04286],[110.46674,-7.04276],[110.46695,-7.04263],[110.46706,-7.04249],[110.46716,-7.0423],[110.46717,-7.04213],[110.46717,-7.04173],[110.46721,-7.04163],[110.46724,-7.04155],[110.46751,-7.04104],[110.46766,-7.04071],[110.46771,-7.04061],[110.468,-7.04001],[110.46807,-7.03987],[110.46811,-7.03977],[110.46813,-7.03974],[110.46819,-7.03955],[110.4682,-7.03944],[110.46819,-7.03924],[110.46825,-7.03894],[110.46822,-7.03876],[110.46821,-7.03873],[110.4682,-7.03847],[110.4682,-7.03788],[110.46817,-7.03763],[110.46816,-7.03759],[110.46791,-7.03763],[110.46777,-7.03765],[110.46762,-7.03766],[110.46738,-7.03762],[110.4673,-7.03759],[110.46711,-7.03752],[110.4671,-7.03751],[110.46713,-7.03741],[110.46717,-7.03727],[110.4672,-7.03712],[110.46722,-7.03704],[110.46725,-7.03697],[110.46727,-7.0369],[110.4673,-7.03685],[110.46731,-7.03681],[110.46733,-7.03672],[110.46736,-7.03658],[110.46739,-7.03641],[110.46743,-7.03629],[110.46739,-7.03549],[110.46739,-7.03548],[110.46738,-7.03512],[110.46738,-7.03367],[110.46738,-7.03348],[110.46716,-7.03349],[110.46709,-7.03345],[110.46701,-7.0334],[110.46682,-7.03342],[110.46668,-7.03336],[110.46656,-7.03328],[110.46658,-7.0331],[110.46658,-7.03304],[110.46639,-7.03297],[110.4663,-7.03294],[110.46625,-7.03288],[110.46632,-7.03268],[110.46636,-7.03253],[110.46635,-7.0324],[110.46631,-7.03232],[110.46622,-7.03223],[110.46621,-7.03217],[110.46642,-7.0318],[110.46654,-7.03157],[110.46658,-7.03141],[110.46655,-7.03125],[110.46659,-7.03062],[110.46661,-7.03009],[110.46661,-7.02981],[110.46654,-7.02925],[110.46644,-7.02895],[110.46639,-7.02871],[110.4664,-7.02843],[110.46639,-7.02834],[110.46638,-7.02834],[110.46609,-7.02836],[110.46581,-7.02837],[110.46559,-7.02831],[110.46558,-7.02831],[110.46553,-7.02848],[110.46569,-7.02894],[110.46591,-7.02896],[110.46605,-7.02913],[110.46606,-7.02925],[110.46593,-7.02935],[110.46589,-7.02981],[110.46586,-7.02992],[110.46579,-7.02999],[110.46578,-7.03053],[110.46583,-7.03093],[110.46581,-7.03136],[110.46587,-7.03158],[110.4659,-7.03186],[110.46586,-7.03198],[110.46504,-7.03213],[110.46486,-7.03164],[110.46469,-7.03145],[110.46438,-7.03141],[110.46412,-7.03146],[110.46402,-7.03184],[110.46405,-7.03217],[110.46407,-7.03244],[110.4638,-7.03259],[110.46363,-7.03265],[110.46348,-7.03296],[110.46349,-7.03356],[110.46352,-7.03408],[110.46355,-7.03478],[110.46335,-7.03494],[110.46324,-7.03524],[110.46328,-7.03591],[110.46332,-7.0367],[110.46315,-7.03731],[110.4628,-7.03786],[110.46249,-7.03834],[110.46215,-7.03875],[110.46158,-7.03918],[110.4612,-7.0395],[110.461,-7.03962],[110.46063,-7.03973],[110.46027,-7.03981],[110.45993,-7.03988],[110.45936,-7.03991],[110.45876,-7.0399],[110.45853,-7.03989],[110.45819,-7.03989],[110.45742,-7.03994],[110.45739,-7.03994],[110.45727,-7.03996],[110.45702,-7.04003],[110.45683,-7.04003],[110.4567,-7.04007],[110.45626,-7.04022],[110.45607,-7.04028],[110.45583,-7.04036],[110.45567,-7.04043],[110.45558,-7.04053],[110.45551,-7.04058],[110.45541,-7.0406],[110.45529,-7.04055],[110.45516,-7.04053],[110.45487,-7.04051],[110.45465,-7.04046],[110.45454,-7.04043],[110.45445,-7.04041],[110.45391,-7.04026],[110.45391,-7.04032],[110.45391,-7.04054],[110.45392,-7.04098],[110.4539,-7.04115],[110.45388,-7.04132],[110.45384,-7.04142],[110.45367,-7.04211],[110.4536,-7.04217],[110.45329,-7.04229],[110.45228,-7.04255],[110.45199,-7.04263],[110.45183,-7.04266],[110.4517,-7.04279],[110.45148,-7.04317],[110.45122,-7.04343],[110.45095,-7.0439],[110.4506,-7.04457],[110.45042,-7.04492],[110.45031,-7.04525],[110.45029,-7.04533],[110.45027,-7.04576],[110.45025,-7.04586],[110.45017,-7.04595],[110.44998,-7.04601],[110.44974,-7.04608],[110.44951,-7.04626],[110.44939,-7.04631],[110.44901,-7.04639],[110.44887,-7.04627],[110.44868,-7.04608],[110.4486,-7.0459],[110.4486,-7.04569],[110.44865,-7.04526],[110.4486,-7.04518],[110.44853,-7.04511],[110.4484,-7.04511],[110.44777,-7.04527],[110.44745,-7.04556],[110.44711,-7.04558],[110.44693,-7.04546],[110.4461,-7.04479],[110.44617,-7.04493],[110.44639,-7.04535],[110.44678,-7.04565],[110.44725,-7.04593],[110.44756,-7.04617],[110.44777,-7.04669],[110.44779,-7.04729],[110.44783,-7.0479],[110.44811,-7.04865],[110.44843,-7.04909],[110.44852,-7.04946],[110.44842,-7.04987],[110.44826,-7.05013],[110.44825,-7.05022],[110.44824,-7.05033],[110.44876,-7.05019],[110.45021,-7.0498],[110.45118,-7.04961],[110.45191,-7.04953],[110.45265,-7.04941],[110.45359,-7.04929],[110.45415,-7.04922],[110.45473,-7.04937],[110.45548,-7.04977],[110.45614,-7.04998],[110.45675,-7.05022],[110.45769,-7.05053],[110.45842,-7.0508],[110.45926,-7.05104],[110.46035,-7.05132],[110.46119,-7.05152],[110.4624,-7.05183],[110.46323,-7.05197],[110.46474,-7.05215],[110.465,-7.05218],[110.46607,-7.05211],[110.46698,-7.05198],[110.46754,-7.05192],[110.46869,-7.05166],[110.46922,-7.05153],[110.47009,-7.05125],[110.47072,-7.05103],[110.47106,-7.0508],[110.4714,-7.05059],[110.47182,-7.05042]]]}},{"type":"Feature","properties":{"id":"ADM-TEMBALANG-METESEH","name":"Meteseh","source_name":"Meteseh","type":"Kelurahan","category":"Administrasi kota","kecamatan":"Tembalang","kabupaten":"Kota Semarang","catatan":"Batas kelurahan dari berkas vektor kota. Serpihan dan wilayah luar kota dibuang. Kecamatan mengikuti daftar resmi, bukan kolom asli berkas.","status":"Batas administrasi"},"geometry":{"type":"Polygon","coordinates":[[[110.48082,-7.05365],[110.47991,-7.05343],[110.47955,-7.05334],[110.47902,-7.05318],[110.47899,-7.05318],[110.47884,-7.05313],[110.47851,-7.053],[110.4784,-7.05298],[110.47836,-7.05296],[110.47792,-7.05282],[110.47741,-7.0527],[110.47732,-7.05267],[110.47663,-7.05247],[110.4762,-7.05233],[110.47544,-7.05206],[110.47509,-7.05197],[110.47466,-7.05187],[110.47419,-7.0517],[110.47383,-7.05158],[110.47376,-7.05158],[110.47364,-7.05153],[110.47351,-7.05141],[110.47331,-7.05103],[110.47325,-7.05093],[110.47321,-7.05085],[110.47313,-7.05068],[110.47302,-7.05065],[110.47269,-7.05056],[110.47264,-7.05055],[110.47196,-7.05044],[110.4719,-7.05043],[110.47182,-7.05042],[110.4714,-7.05059],[110.47106,-7.0508],[110.47072,-7.05103],[110.47009,-7.05125],[110.46922,-7.05153],[110.46869,-7.05166],[110.46754,-7.05192],[110.46698,-7.05198],[110.46607,-7.05211],[110.465,-7.05218],[110.46474,-7.05215],[110.46451,-7.05265],[110.46437,-7.05316],[110.46423,-7.05414],[110.46418,-7.05472],[110.4641,-7.05511],[110.464,-7.05557],[110.46393,-7.05622],[110.46382,-7.05671],[110.46344,-7.05719],[110.46262,-7.05787],[110.46182,-7.05843],[110.46121,-7.05885],[110.46039,-7.05951],[110.45997,-7.06025],[110.45994,-7.06033],[110.45986,-7.06048],[110.45972,-7.06074],[110.45953,-7.06087],[110.45916,-7.06105],[110.45877,-7.06113],[110.4586,-7.06128],[110.45841,-7.0615],[110.45822,-7.06173],[110.45796,-7.06196],[110.45742,-7.06245],[110.4571,-7.06264],[110.45709,-7.06266],[110.45708,-7.06269],[110.45704,-7.06282],[110.45695,-7.06291],[110.45683,-7.06302],[110.45676,-7.06322],[110.45664,-7.06337],[110.45657,-7.06349],[110.45655,-7.0636],[110.45656,-7.06369],[110.45658,-7.06378],[110.45665,-7.06388],[110.45678,-7.06403],[110.45684,-7.06418],[110.45681,-7.06428],[110.45676,-7.06446],[110.45673,-7.06513],[110.45671,-7.06523],[110.45647,-7.06577],[110.45633,-7.06596],[110.45609,-7.06615],[110.45581,-7.06632],[110.45553,-7.06644],[110.45513,-7.06671],[110.45491,-7.06685],[110.4549,-7.06699],[110.45487,-7.06709],[110.4548,-7.06713],[110.45472,-7.06711],[110.45464,-7.0671],[110.45459,-7.06717],[110.45451,-7.06736],[110.45443,-7.06752],[110.45425,-7.06774],[110.45415,-7.06782],[110.45399,-7.06787],[110.45378,-7.06796],[110.45369,-7.06804],[110.45365,-7.0681],[110.4531,-7.06892],[110.45232,-7.07015],[110.45165,-7.07091],[110.45118,-7.07168],[110.45058,-7.07247],[110.45006,-7.07301],[110.44961,-7.07355],[110.44917,-7.0743],[110.44897,-7.07495],[110.44873,-7.07586],[110.44849,-7.07645],[110.44824,-7.07683],[110.44783,-7.07712],[110.44716,-7.07766],[110.44739,-7.07773],[110.4474,-7.07773],[110.44755,-7.07776],[110.44776,-7.07778],[110.44874,-7.07775],[110.44897,-7.07775],[110.44982,-7.07798],[110.45016,-7.07807],[110.45053,-7.0783],[110.45065,-7.07844],[110.45079,-7.07869],[110.45087,-7.07879],[110.45088,-7.07879],[110.45108,-7.0789],[110.45181,-7.07921],[110.45186,-7.07922],[110.45279,-7.07951],[110.45303,-7.07952],[110.45338,-7.07944],[110.45356,-7.07942],[110.45387,-7.07932],[110.45414,-7.07936],[110.45429,-7.07949],[110.45431,-7.07952],[110.45437,-7.07956],[110.45453,-7.07985],[110.45472,-7.07982],[110.45512,-7.07977],[110.45539,-7.07971],[110.4556,-7.07963],[110.45592,-7.07946],[110.45596,-7.07944],[110.45618,-7.07932],[110.45627,-7.07922],[110.45635,-7.07913],[110.45653,-7.07899],[110.45654,-7.07898],[110.45669,-7.07888],[110.45689,-7.07884],[110.45718,-7.07885],[110.45743,-7.07894],[110.45777,-7.07908],[110.45806,-7.07917],[110.45811,-7.07918],[110.45847,-7.07922],[110.45857,-7.07926],[110.45896,-7.07922],[110.45912,-7.07915],[110.45928,-7.07906],[110.45936,-7.07899],[110.45938,-7.07881],[110.45938,-7.07864],[110.45943,-7.07849],[110.45946,-7.07838],[110.45946,-7.07824],[110.45946,-7.07807],[110.45948,-7.07755],[110.45941,-7.0769],[110.45944,-7.07666],[110.45951,-7.07637],[110.4596,-7.07619],[110.45973,-7.07606],[110.46004,-7.07602],[110.4604,-7.07597],[110.46076,-7.07588],[110.46125,-7.07573],[110.46165,-7.0757],[110.46228,-7.07571],[110.46295,-7.07577],[110.46344,-7.07584],[110.46375,-7.07586],[110.4642,-7.07584],[110.4648,-7.07566],[110.46572,-7.07524],[110.46606,-7.07495],[110.46621,-7.07468],[110.46628,-7.0744],[110.4663,-7.07413],[110.46606,-7.07352],[110.46563,-7.07285],[110.46523,-7.07241],[110.46492,-7.07218],[110.46447,-7.07187],[110.46416,-7.0716],[110.46401,-7.07136],[110.46378,-7.07094],[110.46347,-7.0706],[110.46309,-7.07013],[110.46298,-7.06988],[110.46296,-7.0696],[110.463,-7.06937],[110.46316,-7.06926],[110.46343,-7.0692],[110.46378,-7.06915],[110.4645,-7.06917],[110.46508,-7.06915],[110.46555,-7.06909],[110.46602,-7.06893],[110.46653,-7.06871],[110.46682,-7.06846],[110.46705,-7.06817],[110.46732,-7.06788],[110.46755,-7.06754],[110.46766,-7.06729],[110.46782,-7.06686],[110.46802,-7.06644],[110.46825,-7.06603],[110.46847,-7.06561],[110.46872,-7.06528],[110.46889,-7.06515],[110.46907,-7.06506],[110.46921,-7.06506],[110.46934,-7.06509],[110.46952,-7.06518],[110.4696,-7.06528],[110.46962,-7.06544],[110.46962,-7.06573],[110.4696,-7.06613],[110.4696,-7.06642],[110.4696,-7.0666],[110.46965,-7.06674],[110.46973,-7.0669],[110.46993,-7.06713],[110.47028,-7.06744],[110.47047,-7.0676],[110.47062,-7.0677],[110.47073,-7.06776],[110.47085,-7.06779],[110.47104,-7.06776],[110.47139,-7.06774],[110.47176,-7.06772],[110.47213,-7.06773],[110.47256,-7.06776],[110.47317,-7.06788],[110.47385,-7.06793],[110.47424,-7.06793],[110.47478,-7.06786],[110.47541,-7.06772],[110.47601,-7.06753],[110.47648,-7.06736],[110.47686,-7.06718],[110.4771,-7.06701],[110.47731,-7.06669],[110.47741,-7.06636],[110.47748,-7.06604],[110.47745,-7.06579],[110.47737,-7.06565],[110.47718,-7.06542],[110.47667,-7.06504],[110.47637,-7.06478],[110.47599,-7.06439],[110.47579,-7.06413],[110.47569,-7.06398],[110.47565,-7.06384],[110.47564,-7.06374],[110.47567,-7.06364],[110.47582,-7.06341],[110.476,-7.06314],[110.47613,-7.06292],[110.47629,-7.06244],[110.47657,-7.0619],[110.47672,-7.06157],[110.47674,-7.06134],[110.47666,-7.06109],[110.47674,-7.06093],[110.47694,-7.06068],[110.47709,-7.06054],[110.47725,-7.06044],[110.47745,-7.06036],[110.47753,-7.06026],[110.47761,-7.05999],[110.4776,-7.05978],[110.47756,-7.05963],[110.47755,-7.0595],[110.47758,-7.05939],[110.4777,-7.05925],[110.47808,-7.05903],[110.47837,-7.05888],[110.47867,-7.05878],[110.47892,-7.05875],[110.47918,-7.05875],[110.47939,-7.05878],[110.47977,-7.05893],[110.48008,-7.05901],[110.48031,-7.05906],[110.48053,-7.05904],[110.48081,-7.05895],[110.48106,-7.0588],[110.48116,-7.05867],[110.48117,-7.05852],[110.48112,-7.05827],[110.48106,-7.05793],[110.48101,-7.05778],[110.48083,-7.05737],[110.48081,-7.05736],[110.48075,-7.05713],[110.48069,-7.05678],[110.48074,-7.05651],[110.48084,-7.05631],[110.48108,-7.05603],[110.48115,-7.05591],[110.48119,-7.05568],[110.48115,-7.05528],[110.48108,-7.05492],[110.48097,-7.05468],[110.48079,-7.0543],[110.48075,-7.05406],[110.48073,-7.05391],[110.48081,-7.05367],[110.48082,-7.05365]]]}},{"type":"Feature","properties":{"id":"ADM-TEMBALANG-ROWOSARI","name":"Rowosari","source_name":"Rowosari","type":"Kelurahan","category":"Administrasi kota","kecamatan":"Tembalang","kabupaten":"Kota Semarang","catatan":"Batas kelurahan dari berkas vektor kota. Serpihan dan wilayah luar kota dibuang. Kecamatan mengikuti daftar resmi, bukan kolom asli berkas.","status":"Batas administrasi"},"geometry":{"type":"Polygon","coordinates":[[[110.49045,-7.05453],[110.48971,-7.05372],[110.48852,-7.05276],[110.48842,-7.05264],[110.48838,-7.05265],[110.48768,-7.05288],[110.48726,-7.05287],[110.48683,-7.05295],[110.48663,-7.05335],[110.48646,-7.05422],[110.48617,-7.05484],[110.48601,-7.05515],[110.48513,-7.05578],[110.48389,-7.05626],[110.48386,-7.05627],[110.48368,-7.05639],[110.4834,-7.05656],[110.48334,-7.05657],[110.48327,-7.05661],[110.48303,-7.05662],[110.48275,-7.0565],[110.4824,-7.0563],[110.48231,-7.05629],[110.48194,-7.05631],[110.4819,-7.05632],[110.48145,-7.05655],[110.48126,-7.05671],[110.4812,-7.05687],[110.48118,-7.05704],[110.48116,-7.05724],[110.48094,-7.05743],[110.48083,-7.05737],[110.48101,-7.05778],[110.48106,-7.05793],[110.48112,-7.05827],[110.48117,-7.05852],[110.48116,-7.05867],[110.48106,-7.0588],[110.48081,-7.05895],[110.48053,-7.05904],[110.48031,-7.05906],[110.48008,-7.05901],[110.47977,-7.05893],[110.47939,-7.05878],[110.47918,-7.05875],[110.47892,-7.05875],[110.47867,-7.05878],[110.47837,-7.05888],[110.47808,-7.05903],[110.4777,-7.05925],[110.47758,-7.05939],[110.47755,-7.0595],[110.47756,-7.05963],[110.4776,-7.05978],[110.47761,-7.05999],[110.47753,-7.06026],[110.47745,-7.06036],[110.47725,-7.06044],[110.47709,-7.06054],[110.47694,-7.06068],[110.47674,-7.06093],[110.47666,-7.06109],[110.47674,-7.06134],[110.47672,-7.06157],[110.47657,-7.0619],[110.47629,-7.06244],[110.47613,-7.06292],[110.476,-7.06314],[110.47582,-7.06341],[110.47567,-7.06364],[110.47564,-7.06374],[110.47565,-7.06384],[110.47569,-7.06398],[110.47579,-7.06413],[110.47599,-7.06439],[110.47637,-7.06478],[110.47667,-7.06504],[110.47718,-7.06542],[110.47737,-7.06565],[110.47745,-7.06579],[110.47748,-7.06604],[110.47741,-7.06636],[110.47731,-7.06669],[110.4771,-7.06701],[110.47686,-7.06718],[110.47648,-7.06736],[110.47601,-7.06753],[110.47541,-7.06772],[110.47478,-7.06786],[110.47424,-7.06793],[110.47385,-7.06793],[110.47317,-7.06788],[110.47256,-7.06776],[110.47213,-7.06773],[110.47176,-7.06772],[110.47139,-7.06774],[110.47104,-7.06776],[110.47085,-7.06779],[110.47073,-7.06776],[110.47062,-7.0677],[110.47047,-7.0676],[110.47028,-7.06744],[110.46993,-7.06713],[110.46973,-7.0669],[110.46965,-7.06674],[110.4696,-7.0666],[110.4696,-7.06642],[110.4696,-7.06613],[110.46962,-7.06573],[110.46962,-7.06544],[110.4696,-7.06528],[110.46952,-7.06518],[110.46934,-7.06509],[110.46921,-7.06506],[110.46907,-7.06506],[110.46889,-7.06515],[110.46872,-7.06528],[110.46847,-7.06561],[110.46825,-7.06603],[110.46802,-7.06644],[110.46782,-7.06686],[110.46766,-7.06729],[110.46755,-7.06754],[110.46732,-7.06788],[110.46705,-7.06817],[110.46682,-7.06846],[110.46653,-7.06871],[110.46602,-7.06893],[110.46555,-7.06909],[110.46508,-7.06915],[110.4645,-7.06917],[110.46378,-7.06915],[110.46343,-7.0692],[110.46316,-7.06926],[110.463,-7.06937],[110.46296,-7.0696],[110.46298,-7.06988],[110.46309,-7.07013],[110.46347,-7.0706],[110.46378,-7.07094],[110.46401,-7.07136],[110.46416,-7.0716],[110.46447,-7.07187],[110.46492,-7.07218],[110.46523,-7.07241],[110.46563,-7.07285],[110.46606,-7.07352],[110.4663,-7.07413],[110.46628,-7.0744],[110.46621,-7.07468],[110.46606,-7.07495],[110.46572,-7.07524],[110.4648,-7.07566],[110.4642,-7.07584],[110.46375,-7.07586],[110.46344,-7.07584],[110.46295,-7.07577],[110.46228,-7.07571],[110.46165,-7.0757],[110.46125,-7.07573],[110.46076,-7.07588],[110.4604,-7.07597],[110.46004,-7.07602],[110.45973,-7.07606],[110.4596,-7.07619],[110.45951,-7.07637],[110.45944,-7.07666],[110.45941,-7.0769],[110.45948,-7.07755],[110.45946,-7.07807],[110.45946,-7.07824],[110.45946,-7.07838],[110.45943,-7.07849],[110.45938,-7.07864],[110.45938,-7.07881],[110.45936,-7.07899],[110.45928,-7.07906],[110.45912,-7.07915],[110.45896,-7.07922],[110.45857,-7.07926],[110.45865,-7.0793],[110.45867,-7.07934],[110.45869,-7.07939],[110.45917,-7.07946],[110.45989,-7.07947],[110.46022,-7.07941],[110.46042,-7.07936],[110.46065,-7.07935],[110.46126,-7.07932],[110.46129,-7.07931],[110.46188,-7.07918],[110.46207,-7.07925],[110.46215,-7.07926],[110.46217,-7.07925],[110.46219,-7.07924],[110.46223,-7.07925],[110.46238,-7.07929],[110.46243,-7.0793],[110.46247,-7.07932],[110.46256,-7.07937],[110.46318,-7.07963],[110.46325,-7.07966],[110.46326,-7.07969],[110.46327,-7.0797],[110.46334,-7.07972],[110.46398,-7.07984],[110.4649,-7.08002],[110.46491,-7.08002],[110.46519,-7.07987],[110.4652,-7.07986],[110.46527,-7.07975],[110.46528,-7.07969],[110.46529,-7.07963],[110.46529,-7.07948],[110.46528,-7.07922],[110.46534,-7.07901],[110.46538,-7.07899],[110.46555,-7.07899],[110.46591,-7.07901],[110.46616,-7.079],[110.46638,-7.07909],[110.46675,-7.07924],[110.46735,-7.07929],[110.46783,-7.07935],[110.46803,-7.07943],[110.46831,-7.07963],[110.46838,-7.07975],[110.46845,-7.07988],[110.46857,-7.07995],[110.46874,-7.07998],[110.46917,-7.08009],[110.47024,-7.08051],[110.47113,-7.08085],[110.47164,-7.08105],[110.4721,-7.08127],[110.47246,-7.08149],[110.473,-7.0818],[110.47357,-7.08209],[110.47407,-7.08225],[110.4747,-7.08253],[110.47535,-7.08293],[110.47552,-7.08305],[110.47562,-7.08315],[110.47573,-7.08321],[110.47569,-7.08324],[110.47572,-7.0833],[110.47613,-7.08334],[110.4763,-7.08339],[110.47656,-7.08354],[110.47691,-7.08378],[110.47722,-7.0841],[110.47727,-7.08419],[110.47736,-7.08429],[110.4775,-7.0844],[110.47755,-7.08449],[110.47755,-7.08453],[110.47756,-7.08455],[110.47761,-7.08469],[110.47762,-7.08476],[110.47758,-7.08543],[110.47815,-7.08507],[110.47833,-7.08481],[110.47889,-7.08417],[110.47911,-7.08407],[110.47963,-7.08386],[110.48017,-7.08372],[110.48097,-7.08341],[110.48185,-7.08298],[110.482,-7.08289],[110.4827,-7.08246],[110.48363,-7.08197],[110.48468,-7.08128],[110.48514,-7.08082],[110.48543,-7.08056],[110.48588,-7.08015],[110.48603,-7.08002],[110.48636,-7.0797],[110.48736,-7.07878],[110.48737,-7.07871],[110.48741,-7.07841],[110.4875,-7.07816],[110.48771,-7.07759],[110.48775,-7.07749],[110.4879,-7.07741],[110.4883,-7.07737],[110.48915,-7.07734],[110.48923,-7.07732],[110.48948,-7.07685],[110.48967,-7.07642],[110.48985,-7.07611],[110.48998,-7.07599],[110.49015,-7.07593],[110.49042,-7.07588],[110.49057,-7.07581],[110.4909,-7.07538],[110.49103,-7.07518],[110.49119,-7.07444],[110.49124,-7.07416],[110.4914,-7.07402],[110.49157,-7.07395],[110.49213,-7.07333],[110.49278,-7.07281],[110.49335,-7.0723],[110.49357,-7.07188],[110.49372,-7.0716],[110.4939,-7.07132],[110.49416,-7.071],[110.49429,-7.07091],[110.49438,-7.07089],[110.49447,-7.07092],[110.49459,-7.07107],[110.49472,-7.07122],[110.49493,-7.0713],[110.49516,-7.07129],[110.49529,-7.07123],[110.49536,-7.07113],[110.49543,-7.07091],[110.4955,-7.07073],[110.49564,-7.07056],[110.4958,-7.07036],[110.49599,-7.07012],[110.49613,-7.06992],[110.49621,-7.06973],[110.49624,-7.06954],[110.49624,-7.06945],[110.49621,-7.0693],[110.49613,-7.06915],[110.49601,-7.069],[110.49566,-7.06878],[110.49553,-7.06868],[110.49551,-7.06858],[110.49553,-7.06851],[110.49541,-7.06839],[110.49539,-7.06833],[110.49542,-7.06827],[110.49548,-7.06824],[110.49565,-7.06825],[110.49582,-7.06833],[110.49598,-7.06846],[110.49627,-7.06857],[110.49638,-7.06859],[110.49645,-7.06856],[110.49655,-7.06841],[110.49667,-7.06823],[110.49671,-7.06809],[110.49672,-7.06793],[110.49675,-7.06779],[110.49681,-7.06772],[110.49691,-7.06771],[110.49704,-7.06771],[110.49723,-7.06778],[110.49736,-7.06787],[110.49742,-7.06798],[110.49741,-7.06807],[110.49747,-7.06813],[110.4975,-7.0682],[110.49746,-7.06831],[110.49734,-7.06846],[110.497,-7.06876],[110.49699,-7.06884],[110.49699,-7.06899],[110.49703,-7.06909],[110.49704,-7.06911],[110.49722,-7.06923],[110.49749,-7.06935],[110.49777,-7.06939],[110.49818,-7.06941],[110.49839,-7.06938],[110.4985,-7.06931],[110.49852,-7.06928],[110.49849,-7.06917],[110.4984,-7.06905],[110.49833,-7.069],[110.49817,-7.06889],[110.49791,-7.06872],[110.4979,-7.06862],[110.49788,-7.06862],[110.4978,-7.06855],[110.49778,-7.06849],[110.49778,-7.06839],[110.4978,-7.06824],[110.49782,-7.06808],[110.49782,-7.06795],[110.49779,-7.06777],[110.49777,-7.0676],[110.49777,-7.06751],[110.49781,-7.06742],[110.49784,-7.06733],[110.49792,-7.06724],[110.498,-7.06721],[110.4981,-7.06721],[110.49822,-7.06724],[110.49881,-7.06742],[110.49919,-7.06752],[110.49934,-7.06754],[110.49945,-7.06751],[110.49953,-7.06746],[110.49957,-7.06731],[110.49961,-7.06712],[110.49962,-7.06692],[110.49967,-7.06681],[110.49984,-7.06675],[110.49991,-7.06671],[110.5,-7.06671],[110.50005,-7.06674],[110.50015,-7.06682],[110.50029,-7.0671],[110.50029,-7.06711],[110.50041,-7.06732],[110.50048,-7.06734],[110.5006,-7.06735],[110.50068,-7.06733],[110.50079,-7.06728],[110.50082,-7.06727],[110.50087,-7.06721],[110.50089,-7.06716],[110.50092,-7.06704],[110.50092,-7.06685],[110.5009,-7.06661],[110.50088,-7.06658],[110.5007,-7.0665],[110.50037,-7.06634],[110.50003,-7.06612],[110.49991,-7.066],[110.49986,-7.06575],[110.4998,-7.06555],[110.49919,-7.06508],[110.4979,-7.06524],[110.49746,-7.06516],[110.49706,-7.06476],[110.4947,-7.06314],[110.49325,-7.062],[110.4923,-7.06156],[110.49131,-7.06057],[110.49108,-7.06006],[110.49089,-7.05919],[110.49095,-7.05889],[110.49097,-7.0584],[110.49117,-7.05774],[110.49151,-7.057],[110.49143,-7.05642],[110.491,-7.05525],[110.49045,-7.05453]]]}},{"type":"Feature","properties":{"id":"ADM-TEMBALANG-SAMBIROTO","name":"Sambiroto","source_name":"Sambiroto","type":"Kelurahan","category":"Administrasi kota","kecamatan":"Tembalang","kabupaten":"Kota Semarang","catatan":"Batas kelurahan dari berkas vektor kota. Serpihan dan wilayah luar kota dibuang. Kecamatan mengikuti daftar resmi, bukan kolom asli berkas.","status":"Batas administrasi"},"geometry":{"type":"Polygon","coordinates":[[[110.45644,-7.02223],[110.4562,-7.02223],[110.45592,-7.02222],[110.45583,-7.02254],[110.45578,-7.0227],[110.45545,-7.02279],[110.45526,-7.02284],[110.45518,-7.0229],[110.45517,-7.02292],[110.45511,-7.02303],[110.455,-7.02324],[110.45487,-7.02348],[110.45476,-7.02375],[110.45464,-7.02404],[110.4545,-7.02432],[110.45449,-7.02433],[110.45428,-7.02443],[110.45381,-7.02469],[110.45369,-7.02479],[110.45358,-7.0249],[110.45345,-7.02494],[110.45306,-7.02498],[110.45256,-7.02504],[110.45254,-7.02505],[110.4523,-7.02509],[110.45215,-7.02513],[110.45201,-7.0252],[110.45193,-7.02526],[110.4519,-7.0253],[110.45183,-7.02539],[110.4517,-7.02552],[110.45158,-7.0256],[110.45148,-7.02564],[110.45143,-7.02572],[110.4513,-7.02591],[110.45126,-7.02598],[110.45126,-7.02599],[110.45107,-7.02638],[110.45106,-7.02638],[110.45087,-7.02694],[110.45073,-7.02736],[110.45065,-7.02757],[110.45064,-7.02761],[110.45056,-7.02776],[110.4505,-7.0279],[110.45045,-7.028],[110.45032,-7.02827],[110.45029,-7.02844],[110.45029,-7.02847],[110.45049,-7.02854],[110.4506,-7.02861],[110.45068,-7.02869],[110.45073,-7.02872],[110.45074,-7.02876],[110.45076,-7.02891],[110.45073,-7.02911],[110.45065,-7.02924],[110.45057,-7.02938],[110.45055,-7.02942],[110.4506,-7.02971],[110.4506,-7.02994],[110.45063,-7.0302],[110.45066,-7.0303],[110.45069,-7.03038],[110.45088,-7.03051],[110.45092,-7.03053],[110.45112,-7.03053],[110.45112,-7.03055],[110.45116,-7.03067],[110.45127,-7.03083],[110.45157,-7.03129],[110.45158,-7.03141],[110.45152,-7.03162],[110.45148,-7.03173],[110.45137,-7.032],[110.45098,-7.03272],[110.45096,-7.03278],[110.4509,-7.03299],[110.45081,-7.03317],[110.4507,-7.0334],[110.45055,-7.03353],[110.45019,-7.03375],[110.44988,-7.03387],[110.44921,-7.03414],[110.44914,-7.0342],[110.44899,-7.03433],[110.44866,-7.03443],[110.44856,-7.03444],[110.44811,-7.03446],[110.4476,-7.03448],[110.44743,-7.03454],[110.44698,-7.03478],[110.44691,-7.03495],[110.44682,-7.03515],[110.44673,-7.03527],[110.44661,-7.03532],[110.44649,-7.03528],[110.44639,-7.03521],[110.4463,-7.03506],[110.44611,-7.03467],[110.44594,-7.03449],[110.44573,-7.03436],[110.44556,-7.03434],[110.44544,-7.03438],[110.44525,-7.03443],[110.44502,-7.0345],[110.44491,-7.03459],[110.44478,-7.03473],[110.44476,-7.03485],[110.44478,-7.03501],[110.44485,-7.03514],[110.44498,-7.03532],[110.44501,-7.03537],[110.44534,-7.0358],[110.44533,-7.03598],[110.44523,-7.03616],[110.44509,-7.0363],[110.44492,-7.03637],[110.44474,-7.03641],[110.44467,-7.03648],[110.44444,-7.03678],[110.44425,-7.03695],[110.4441,-7.03712],[110.44397,-7.03731],[110.44386,-7.03751],[110.44383,-7.03774],[110.44388,-7.03798],[110.44405,-7.0383],[110.44417,-7.03846],[110.4442,-7.03853],[110.44419,-7.03864],[110.44415,-7.03878],[110.44405,-7.03889],[110.44391,-7.03906],[110.44386,-7.03922],[110.44384,-7.03927],[110.44383,-7.03932],[110.44384,-7.03937],[110.44388,-7.03944],[110.44368,-7.03977],[110.44329,-7.04026],[110.44311,-7.04053],[110.44308,-7.04055],[110.44295,-7.0407],[110.44254,-7.04109],[110.44236,-7.04125],[110.44235,-7.04125],[110.44209,-7.04152],[110.44206,-7.04157],[110.44187,-7.04178],[110.44173,-7.04193],[110.44171,-7.04195],[110.44146,-7.04235],[110.44137,-7.04267],[110.4413,-7.04298],[110.4412,-7.04318],[110.4411,-7.04325],[110.44126,-7.04353],[110.4415,-7.04369],[110.44211,-7.04396],[110.44237,-7.04426],[110.44276,-7.04498],[110.44311,-7.0455],[110.44359,-7.04561],[110.44388,-7.04555],[110.44393,-7.04512],[110.44397,-7.04452],[110.44392,-7.04422],[110.44404,-7.04386],[110.44383,-7.04358],[110.44365,-7.04334],[110.44361,-7.04325],[110.44377,-7.04305],[110.44401,-7.04299],[110.44438,-7.04333],[110.44474,-7.04357],[110.44502,-7.04376],[110.44515,-7.04408],[110.44535,-7.04441],[110.44569,-7.04447],[110.44605,-7.0447],[110.4461,-7.04479],[110.44693,-7.04546],[110.44711,-7.04558],[110.44745,-7.04556],[110.44777,-7.04527],[110.4484,-7.04511],[110.44853,-7.04511],[110.4486,-7.04518],[110.44865,-7.04526],[110.4486,-7.04569],[110.4486,-7.0459],[110.44868,-7.04608],[110.44887,-7.04627],[110.44901,-7.04639],[110.44939,-7.04631],[110.44951,-7.04626],[110.44974,-7.04608],[110.44998,-7.04601],[110.45017,-7.04595],[110.45025,-7.04586],[110.45027,-7.04576],[110.45029,-7.04533],[110.45031,-7.04525],[110.45042,-7.04492],[110.4506,-7.04457],[110.45095,-7.0439],[110.45122,-7.04343],[110.45148,-7.04317],[110.4517,-7.04279],[110.45183,-7.04266],[110.45199,-7.04263],[110.45228,-7.04255],[110.45329,-7.04229],[110.4536,-7.04217],[110.45367,-7.04211],[110.45384,-7.04142],[110.45388,-7.04132],[110.4539,-7.04115],[110.45392,-7.04098],[110.45391,-7.04054],[110.45391,-7.04032],[110.45391,-7.04026],[110.45445,-7.04041],[110.45454,-7.04043],[110.45465,-7.04046],[110.45487,-7.04051],[110.45516,-7.04053],[110.45529,-7.04055],[110.45541,-7.0406],[110.45551,-7.04058],[110.45558,-7.04053],[110.45567,-7.04043],[110.45583,-7.04036],[110.45607,-7.04028],[110.45626,-7.04022],[110.4567,-7.04007],[110.45683,-7.04003],[110.45702,-7.04003],[110.45727,-7.03996],[110.45739,-7.03994],[110.45742,-7.03994],[110.45819,-7.03989],[110.45853,-7.03989],[110.45876,-7.0399],[110.45936,-7.03991],[110.45993,-7.03988],[110.46027,-7.03981],[110.46063,-7.03973],[110.461,-7.03962],[110.4612,-7.0395],[110.46158,-7.03918],[110.46215,-7.03875],[110.46249,-7.03834],[110.4628,-7.03786],[110.46315,-7.03731],[110.46332,-7.0367],[110.46328,-7.03591],[110.46324,-7.03524],[110.46335,-7.03494],[110.46355,-7.03478],[110.46352,-7.03408],[110.46349,-7.03356],[110.46348,-7.03296],[110.46363,-7.03265],[110.4638,-7.03259],[110.46407,-7.03244],[110.46405,-7.03217],[110.46402,-7.03184],[110.46412,-7.03146],[110.46438,-7.03141],[110.46469,-7.03145],[110.46486,-7.03164],[110.46504,-7.03213],[110.46586,-7.03198],[110.4659,-7.03186],[110.46587,-7.03158],[110.46581,-7.03136],[110.46583,-7.03093],[110.46578,-7.03053],[110.46579,-7.02999],[110.46586,-7.02992],[110.46589,-7.02981],[110.46593,-7.02935],[110.46606,-7.02925],[110.46605,-7.02913],[110.46591,-7.02896],[110.46569,-7.02894],[110.46553,-7.02848],[110.46558,-7.02831],[110.46552,-7.02829],[110.46527,-7.0281],[110.46513,-7.028],[110.46498,-7.02795],[110.46462,-7.02788],[110.46437,-7.02779],[110.46419,-7.02771],[110.4643,-7.02757],[110.46431,-7.02747],[110.46435,-7.02738],[110.4645,-7.02728],[110.46461,-7.02714],[110.46468,-7.02714],[110.46479,-7.02722],[110.46498,-7.02734],[110.46506,-7.02732],[110.46512,-7.02726],[110.46518,-7.02715],[110.46519,-7.02708],[110.4652,-7.02699],[110.46517,-7.02679],[110.46516,-7.02658],[110.46523,-7.02649],[110.46539,-7.02626],[110.46541,-7.02606],[110.46539,-7.02588],[110.46534,-7.02579],[110.46525,-7.02575],[110.46517,-7.02575],[110.465,-7.02578],[110.46497,-7.02571],[110.46497,-7.02565],[110.46498,-7.02562],[110.46508,-7.02542],[110.46511,-7.02518],[110.46512,-7.02483],[110.46519,-7.02478],[110.4653,-7.02478],[110.46547,-7.02476],[110.46562,-7.02468],[110.46574,-7.02455],[110.46588,-7.02435],[110.46569,-7.02424],[110.46566,-7.02423],[110.46548,-7.02413],[110.46547,-7.02412],[110.46518,-7.02396],[110.46465,-7.02365],[110.46463,-7.02364],[110.46433,-7.02344],[110.46427,-7.02339],[110.46391,-7.02318],[110.46311,-7.02268],[110.46297,-7.0226],[110.46289,-7.0226],[110.46267,-7.02287],[110.46223,-7.02343],[110.46213,-7.02356],[110.4618,-7.02398],[110.46177,-7.02402],[110.46134,-7.02464],[110.46098,-7.02507],[110.46095,-7.0251],[110.46093,-7.0251],[110.46055,-7.02504],[110.45993,-7.02495],[110.45984,-7.02493],[110.4598,-7.02483],[110.45969,-7.02467],[110.45954,-7.02454],[110.45929,-7.02432],[110.45907,-7.02414],[110.45903,-7.0241],[110.459,-7.02408],[110.45877,-7.02389],[110.45824,-7.02357],[110.45765,-7.02317],[110.45745,-7.02305],[110.45721,-7.0229],[110.45715,-7.02287],[110.45692,-7.02271],[110.45677,-7.02257],[110.45653,-7.0223],[110.45646,-7.02224],[110.45644,-7.02223]]]}},{"type":"Feature","properties":{"id":"ADM-TEMBALANG-SENDANGGUWO","name":"Sendangguwo","source_name":"Sendangguwo","type":"Kelurahan","category":"Administrasi kota","kecamatan":"Tembalang","kabupaten":"Kota Semarang","catatan":"Batas kelurahan dari berkas vektor kota. Serpihan dan wilayah luar kota dibuang. Kecamatan mengikuti daftar resmi, bukan kolom asli berkas.","status":"Batas administrasi"},"geometry":{"type":"Polygon","coordinates":[[[110.46678,-7.01561],[110.46666,-7.01557],[110.46621,-7.01537],[110.46608,-7.01532],[110.46575,-7.01519],[110.46555,-7.01516],[110.46543,-7.01512],[110.46521,-7.01504],[110.46502,-7.01498],[110.46466,-7.01484],[110.46455,-7.01476],[110.46398,-7.01438],[110.46381,-7.01432],[110.4636,-7.01432],[110.46337,-7.01425],[110.46322,-7.0142],[110.46267,-7.01406],[110.46252,-7.01401],[110.46239,-7.0139],[110.46223,-7.01364],[110.46211,-7.01328],[110.46199,-7.01275],[110.46195,-7.01229],[110.46192,-7.0122],[110.46176,-7.01203],[110.46155,-7.01181],[110.4614,-7.01167],[110.46125,-7.01161],[110.46104,-7.01153],[110.46074,-7.01136],[110.46005,-7.0111],[110.45939,-7.01071],[110.45912,-7.01057],[110.45898,-7.01053],[110.45858,-7.01059],[110.45843,-7.01061],[110.45824,-7.01058],[110.45782,-7.01055],[110.45763,-7.01052],[110.45741,-7.0104],[110.45729,-7.01033],[110.45714,-7.00996],[110.45708,-7.00984],[110.45696,-7.00973],[110.4568,-7.00964],[110.45631,-7.00941],[110.45594,-7.0093],[110.45567,-7.00917],[110.4554,-7.00905],[110.45517,-7.009],[110.45499,-7.00898],[110.45488,-7.00896],[110.45478,-7.00894],[110.45461,-7.00892],[110.45401,-7.00855],[110.45337,-7.00811],[110.45318,-7.00798],[110.45301,-7.00791],[110.4522,-7.0079],[110.45197,-7.00791],[110.45178,-7.00787],[110.45165,-7.0078],[110.45144,-7.00768],[110.45028,-7.007],[110.45015,-7.00719],[110.44952,-7.00798],[110.44876,-7.00882],[110.44798,-7.00951],[110.44623,-7.01081],[110.4453,-7.01164],[110.44525,-7.01171],[110.44528,-7.01173],[110.44579,-7.01194],[110.44597,-7.01202],[110.44608,-7.0121],[110.44628,-7.01223],[110.44683,-7.01247],[110.44684,-7.01248],[110.44689,-7.0125],[110.44736,-7.01268],[110.44806,-7.01289],[110.44839,-7.01294],[110.44876,-7.013],[110.44903,-7.01305],[110.44961,-7.0132],[110.45001,-7.01333],[110.45022,-7.0134],[110.4503,-7.01342],[110.45059,-7.01349],[110.45141,-7.01361],[110.45148,-7.01362],[110.45163,-7.01363],[110.4518,-7.01365],[110.45196,-7.01372],[110.45216,-7.01389],[110.45232,-7.01405],[110.4524,-7.01413],[110.45241,-7.01413],[110.45277,-7.01448],[110.45292,-7.01469],[110.45298,-7.01477],[110.45323,-7.01511],[110.45341,-7.01537],[110.45356,-7.01555],[110.4537,-7.01571],[110.45383,-7.01588],[110.4544,-7.01663],[110.45444,-7.01668],[110.45467,-7.01698],[110.45525,-7.0179],[110.45526,-7.01792],[110.45526,-7.01795],[110.45527,-7.01795],[110.45533,-7.01802],[110.45579,-7.01808],[110.45664,-7.01825],[110.45691,-7.01829],[110.45719,-7.01823],[110.4572,-7.01823],[110.45723,-7.01823],[110.45734,-7.0182],[110.4574,-7.01814],[110.45748,-7.01797],[110.45768,-7.01757],[110.45798,-7.01707],[110.45813,-7.01685],[110.45829,-7.01666],[110.45835,-7.01666],[110.45855,-7.01676],[110.45881,-7.01692],[110.45902,-7.01698],[110.45918,-7.01706],[110.45936,-7.01719],[110.45973,-7.01747],[110.46004,-7.01769],[110.46044,-7.01778],[110.4611,-7.01777],[110.46151,-7.01769],[110.46178,-7.01762],[110.462,-7.01755],[110.46241,-7.01745],[110.46273,-7.01738],[110.46302,-7.01733],[110.46327,-7.01728],[110.46378,-7.01721],[110.4638,-7.01722],[110.46386,-7.01724],[110.46389,-7.01726],[110.46403,-7.01734],[110.46435,-7.01747],[110.46473,-7.01759],[110.46526,-7.01765],[110.46556,-7.01768],[110.46606,-7.01779],[110.46615,-7.01778],[110.46616,-7.01766],[110.46618,-7.01744],[110.46622,-7.01703],[110.46631,-7.0167],[110.46637,-7.01649],[110.46638,-7.01648],[110.46639,-7.01646],[110.46665,-7.01595],[110.46668,-7.01587],[110.46671,-7.01581],[110.46673,-7.01575],[110.46674,-7.01573],[110.46678,-7.01561]]]}},{"type":"Feature","properties":{"id":"ADM-TEMBALANG-SENDANGMULYO","name":"Sendangmulyo","source_name":"Sendangmulyo","type":"Kelurahan","category":"Administrasi kota","kecamatan":"Tembalang","kabupaten":"Kota Semarang","catatan":"Batas kelurahan dari berkas vektor kota. Serpihan dan wilayah luar kota dibuang. Kecamatan mengikuti daftar resmi, bukan kolom asli berkas.","status":"Batas administrasi"},"geometry":{"type":"Polygon","coordinates":[[[110.48402,-7.04066],[110.48333,-7.04061],[110.4831,-7.04064],[110.48272,-7.04061],[110.48196,-7.04031],[110.48178,-7.04022],[110.48173,-7.04018],[110.48159,-7.04007],[110.4815,-7.03995],[110.48145,-7.03979],[110.4814,-7.03959],[110.48138,-7.0394],[110.48147,-7.03907],[110.48159,-7.03885],[110.48197,-7.03816],[110.48203,-7.03802],[110.48203,-7.03789],[110.48197,-7.03775],[110.48186,-7.03762],[110.48156,-7.03741],[110.48143,-7.03728],[110.48122,-7.03687],[110.4812,-7.03676],[110.48124,-7.03646],[110.48128,-7.03625],[110.48127,-7.03614],[110.48119,-7.03603],[110.48086,-7.03535],[110.48073,-7.03506],[110.4807,-7.03472],[110.48069,-7.03452],[110.48061,-7.03417],[110.48032,-7.03319],[110.48018,-7.03275],[110.48006,-7.0324],[110.48001,-7.0321],[110.47982,-7.03136],[110.47932,-7.02963],[110.4792,-7.02929],[110.4791,-7.02902],[110.47902,-7.02879],[110.479,-7.02851],[110.47898,-7.02822],[110.47894,-7.02783],[110.4789,-7.02721],[110.47879,-7.02692],[110.47871,-7.02677],[110.47859,-7.02665],[110.47856,-7.02663],[110.47854,-7.02659],[110.47847,-7.02642],[110.47816,-7.02574],[110.47807,-7.02546],[110.47776,-7.02475],[110.47748,-7.02435],[110.47736,-7.02429],[110.47703,-7.02412],[110.47695,-7.02404],[110.47694,-7.024],[110.47648,-7.02288],[110.47637,-7.0226],[110.47632,-7.02239],[110.47621,-7.02271],[110.47577,-7.02347],[110.47557,-7.02388],[110.47534,-7.02437],[110.47505,-7.02516],[110.47473,-7.02565],[110.47437,-7.02613],[110.47405,-7.0266],[110.47377,-7.02707],[110.47367,-7.02761],[110.47357,-7.02789],[110.4729,-7.02794],[110.47239,-7.02783],[110.47173,-7.0278],[110.47124,-7.02775],[110.47061,-7.02752],[110.46966,-7.0267],[110.46874,-7.02558],[110.46852,-7.02531],[110.4681,-7.02506],[110.4675,-7.0249],[110.46675,-7.02467],[110.46645,-7.02458],[110.46638,-7.02455],[110.46613,-7.02446],[110.46609,-7.02445],[110.46588,-7.02435],[110.46574,-7.02455],[110.46562,-7.02468],[110.46547,-7.02476],[110.4653,-7.02478],[110.46519,-7.02478],[110.46512,-7.02483],[110.46511,-7.02518],[110.46508,-7.02542],[110.46498,-7.02562],[110.46497,-7.02565],[110.46497,-7.02571],[110.465,-7.02578],[110.46517,-7.02575],[110.46525,-7.02575],[110.46534,-7.02579],[110.46539,-7.02588],[110.46541,-7.02606],[110.46539,-7.02626],[110.46523,-7.02649],[110.46516,-7.02658],[110.46517,-7.02679],[110.4652,-7.02699],[110.46519,-7.02708],[110.46518,-7.02715],[110.46512,-7.02726],[110.46506,-7.02732],[110.46498,-7.02734],[110.46479,-7.02722],[110.46468,-7.02714],[110.46461,-7.02714],[110.4645,-7.02728],[110.46435,-7.02738],[110.46431,-7.02747],[110.4643,-7.02757],[110.46419,-7.02771],[110.46437,-7.02779],[110.46462,-7.02788],[110.46498,-7.02795],[110.46513,-7.028],[110.46527,-7.0281],[110.46552,-7.02829],[110.46558,-7.02831],[110.46559,-7.02831],[110.46581,-7.02837],[110.46609,-7.02836],[110.46638,-7.02834],[110.46639,-7.02834],[110.4664,-7.02843],[110.46639,-7.02871],[110.46644,-7.02895],[110.46654,-7.02925],[110.46661,-7.02981],[110.46661,-7.03009],[110.46659,-7.03062],[110.46655,-7.03125],[110.46658,-7.03141],[110.46654,-7.03157],[110.46642,-7.0318],[110.46621,-7.03217],[110.46622,-7.03223],[110.46631,-7.03232],[110.46635,-7.0324],[110.46636,-7.03253],[110.46632,-7.03268],[110.46625,-7.03288],[110.4663,-7.03294],[110.46639,-7.03297],[110.46658,-7.03304],[110.46658,-7.0331],[110.46656,-7.03328],[110.46668,-7.03336],[110.46682,-7.03342],[110.46701,-7.0334],[110.46709,-7.03345],[110.46716,-7.03349],[110.46738,-7.03348],[110.46738,-7.03367],[110.46738,-7.03512],[110.46739,-7.03548],[110.46739,-7.03549],[110.46743,-7.03629],[110.46739,-7.03641],[110.46736,-7.03658],[110.46733,-7.03672],[110.46731,-7.03681],[110.4673,-7.03685],[110.46727,-7.0369],[110.46725,-7.03697],[110.46722,-7.03704],[110.4672,-7.03712],[110.46717,-7.03727],[110.46713,-7.03741],[110.4671,-7.03751],[110.46711,-7.03752],[110.4673,-7.03759],[110.46738,-7.03762],[110.46762,-7.03766],[110.46777,-7.03765],[110.46791,-7.03763],[110.46816,-7.03759],[110.46817,-7.03763],[110.4682,-7.03788],[110.4682,-7.03847],[110.46821,-7.03873],[110.46822,-7.03876],[110.46825,-7.03894],[110.46819,-7.03924],[110.4682,-7.03944],[110.46819,-7.03955],[110.46813,-7.03974],[110.46811,-7.03977],[110.46807,-7.03987],[110.468,-7.04001],[110.46771,-7.04061],[110.46766,-7.04071],[110.46751,-7.04104],[110.46724,-7.04155],[110.46721,-7.04163],[110.46717,-7.04173],[110.46717,-7.04213],[110.46716,-7.0423],[110.46706,-7.04249],[110.46695,-7.04263],[110.46674,-7.04276],[110.46678,-7.04286],[110.46692,-7.04325],[110.46698,-7.04331],[110.4674,-7.04385],[110.4681,-7.0449],[110.46813,-7.04496],[110.46823,-7.04513],[110.46835,-7.04534],[110.46851,-7.04561],[110.4687,-7.04583],[110.46905,-7.04631],[110.46925,-7.04657],[110.4694,-7.04678],[110.4696,-7.04707],[110.46989,-7.04751],[110.47003,-7.0477],[110.47013,-7.04788],[110.47025,-7.04807],[110.47063,-7.04863],[110.47077,-7.04886],[110.47096,-7.04919],[110.47114,-7.04946],[110.47131,-7.04973],[110.47142,-7.04988],[110.47159,-7.05033],[110.47167,-7.05041],[110.4717,-7.05041],[110.47182,-7.05042],[110.4719,-7.05043],[110.47196,-7.05044],[110.47264,-7.05055],[110.47269,-7.05056],[110.47302,-7.05065],[110.47313,-7.05068],[110.47321,-7.05085],[110.47325,-7.05093],[110.47331,-7.05103],[110.47351,-7.05141],[110.47364,-7.05153],[110.47376,-7.05158],[110.47383,-7.05158],[110.47419,-7.0517],[110.47466,-7.05187],[110.47509,-7.05197],[110.47544,-7.05206],[110.4762,-7.05233],[110.47663,-7.05247],[110.47732,-7.05267],[110.47741,-7.0527],[110.47792,-7.05282],[110.47836,-7.05296],[110.4784,-7.05298],[110.47851,-7.053],[110.47884,-7.05313],[110.47899,-7.05318],[110.47902,-7.05318],[110.47955,-7.05334],[110.47991,-7.05343],[110.48082,-7.05365],[110.4809,-7.05343],[110.48105,-7.05315],[110.48117,-7.05301],[110.48142,-7.05291],[110.48168,-7.05281],[110.48193,-7.05276],[110.48224,-7.05278],[110.48269,-7.05279],[110.48281,-7.05276],[110.48287,-7.0527],[110.4829,-7.0526],[110.4829,-7.05247],[110.4829,-7.05243],[110.48288,-7.05238],[110.48281,-7.0522],[110.48269,-7.05199],[110.48266,-7.05187],[110.48269,-7.05172],[110.4828,-7.05148],[110.48295,-7.05126],[110.48307,-7.05118],[110.48332,-7.05111],[110.48374,-7.05111],[110.48404,-7.05117],[110.48428,-7.05124],[110.48462,-7.05142],[110.48482,-7.05157],[110.48492,-7.05174],[110.48493,-7.05191],[110.48492,-7.05201],[110.48494,-7.05214],[110.48467,-7.05235],[110.48431,-7.05269],[110.48427,-7.05296],[110.48441,-7.05314],[110.48465,-7.05333],[110.48493,-7.05341],[110.4851,-7.05342],[110.48523,-7.05339],[110.48534,-7.05327],[110.48547,-7.053],[110.48564,-7.05277],[110.48582,-7.05245],[110.48597,-7.0522],[110.48601,-7.05199],[110.48597,-7.05154],[110.48589,-7.05095],[110.48577,-7.05035],[110.4857,-7.05013],[110.48545,-7.04981],[110.48467,-7.04915],[110.4846,-7.0491],[110.48451,-7.04901],[110.48448,-7.04899],[110.48364,-7.04885],[110.48357,-7.0487],[110.48347,-7.04866],[110.48343,-7.04855],[110.48342,-7.04839],[110.48345,-7.04821],[110.48351,-7.04806],[110.48364,-7.04776],[110.48374,-7.04751],[110.48383,-7.04735],[110.48397,-7.0471],[110.48401,-7.04697],[110.48377,-7.0469],[110.48327,-7.04684],[110.48314,-7.04669],[110.48315,-7.04668],[110.48311,-7.04668],[110.48302,-7.0466],[110.48298,-7.04648],[110.483,-7.04633],[110.48305,-7.04621],[110.48313,-7.0461],[110.48325,-7.04607],[110.48374,-7.04607],[110.48402,-7.04604],[110.48414,-7.04597],[110.48421,-7.0459],[110.48429,-7.04579],[110.48429,-7.04565],[110.48416,-7.04555],[110.48349,-7.04557],[110.4829,-7.04557],[110.48221,-7.04527],[110.48186,-7.04498],[110.48172,-7.04471],[110.48171,-7.0447],[110.48161,-7.04454],[110.48159,-7.04435],[110.48165,-7.04414],[110.48172,-7.04401],[110.48194,-7.04387],[110.48213,-7.04376],[110.48235,-7.0437],[110.48262,-7.04371],[110.48288,-7.04373],[110.48329,-7.04379],[110.48383,-7.04385],[110.48436,-7.04394],[110.48475,-7.04394],[110.48497,-7.04388],[110.48506,-7.04383],[110.48512,-7.04374],[110.48512,-7.04358],[110.4851,-7.04352],[110.48503,-7.04341],[110.4849,-7.04329],[110.48474,-7.04317],[110.48438,-7.04301],[110.48382,-7.04275],[110.48356,-7.04262],[110.48352,-7.04241],[110.4835,-7.04239],[110.48339,-7.04225],[110.48341,-7.04212],[110.48351,-7.04187],[110.48361,-7.04168],[110.48383,-7.04149],[110.48395,-7.04134],[110.48396,-7.0412],[110.48395,-7.04099],[110.48395,-7.04082],[110.48402,-7.04066]]]}},{"type":"Feature","properties":{"id":"ADM-TEMBALANG-TANDANG","name":"Tandang","source_name":"Tandang","type":"Kelurahan","category":"Administrasi kota","kecamatan":"Tembalang","kabupaten":"Kota Semarang","catatan":"Batas kelurahan dari berkas vektor kota. Serpihan dan wilayah luar kota dibuang. Kecamatan mengikuti daftar resmi, bukan kolom asli berkas.","status":"Batas administrasi"},"geometry":{"type":"Polygon","coordinates":[[[110.45533,-7.01802],[110.45527,-7.01795],[110.45526,-7.01795],[110.45526,-7.01792],[110.45525,-7.0179],[110.45467,-7.01698],[110.45444,-7.01668],[110.4544,-7.01663],[110.45383,-7.01588],[110.4537,-7.01571],[110.45356,-7.01555],[110.45341,-7.01537],[110.45323,-7.01511],[110.45298,-7.01477],[110.45292,-7.01469],[110.45277,-7.01448],[110.45241,-7.01413],[110.4524,-7.01413],[110.45232,-7.01405],[110.45216,-7.01389],[110.45196,-7.01372],[110.4518,-7.01365],[110.45163,-7.01363],[110.45148,-7.01362],[110.45141,-7.01361],[110.45059,-7.01349],[110.4503,-7.01342],[110.45022,-7.0134],[110.45001,-7.01333],[110.44961,-7.0132],[110.44903,-7.01305],[110.44876,-7.013],[110.44839,-7.01294],[110.44806,-7.01289],[110.44736,-7.01268],[110.44689,-7.0125],[110.44684,-7.01248],[110.44683,-7.01247],[110.44628,-7.01223],[110.44608,-7.0121],[110.44597,-7.01202],[110.44579,-7.01194],[110.44528,-7.01173],[110.44525,-7.01171],[110.44501,-7.01204],[110.44457,-7.01264],[110.44417,-7.01321],[110.44379,-7.01396],[110.44341,-7.01503],[110.44351,-7.01548],[110.44352,-7.01556],[110.44356,-7.01571],[110.44366,-7.01607],[110.44368,-7.01641],[110.44368,-7.01664],[110.4437,-7.01676],[110.44373,-7.01703],[110.44371,-7.01718],[110.44357,-7.01765],[110.44356,-7.01767],[110.4435,-7.01797],[110.44347,-7.01809],[110.44346,-7.01811],[110.44338,-7.0188],[110.44334,-7.01904],[110.44331,-7.01914],[110.44323,-7.01923],[110.44319,-7.01934],[110.44308,-7.01944],[110.44306,-7.01944],[110.44307,-7.01952],[110.44255,-7.01968],[110.44251,-7.01977],[110.44234,-7.02016],[110.44226,-7.02033],[110.44219,-7.02057],[110.44215,-7.02057],[110.44214,-7.02068],[110.44206,-7.02081],[110.44189,-7.0211],[110.44179,-7.02133],[110.44174,-7.02162],[110.44175,-7.02179],[110.44175,-7.02184],[110.44176,-7.02207],[110.44176,-7.02214],[110.44176,-7.02221],[110.44178,-7.02247],[110.44178,-7.02249],[110.44183,-7.02257],[110.44228,-7.02305],[110.44241,-7.02319],[110.44277,-7.02354],[110.44294,-7.02371],[110.443,-7.02377],[110.44297,-7.02404],[110.44297,-7.02407],[110.44294,-7.02418],[110.44288,-7.02448],[110.44287,-7.02454],[110.44313,-7.02461],[110.44348,-7.02465],[110.44354,-7.02467],[110.44357,-7.02474],[110.44363,-7.02477],[110.44392,-7.02482],[110.44411,-7.02487],[110.44427,-7.02496],[110.44455,-7.02522],[110.44476,-7.02538],[110.44487,-7.02543],[110.4452,-7.02542],[110.44538,-7.02538],[110.44541,-7.02539],[110.44548,-7.02542],[110.44551,-7.02544],[110.4456,-7.02554],[110.44576,-7.02575],[110.44577,-7.02575],[110.44592,-7.02583],[110.44613,-7.02595],[110.44635,-7.02609],[110.44688,-7.02636],[110.4476,-7.02682],[110.44761,-7.02688],[110.44763,-7.02691],[110.4477,-7.027],[110.44773,-7.02703],[110.44784,-7.02708],[110.44809,-7.02717],[110.44834,-7.02735],[110.44857,-7.02763],[110.44857,-7.02765],[110.44861,-7.02788],[110.44869,-7.02801],[110.44886,-7.02815],[110.44899,-7.02828],[110.449,-7.02829],[110.44922,-7.02854],[110.44941,-7.02864],[110.44972,-7.02882],[110.44988,-7.02899],[110.44993,-7.02903],[110.44997,-7.02897],[110.45025,-7.02856],[110.45028,-7.02849],[110.45029,-7.02847],[110.45029,-7.02844],[110.45032,-7.02827],[110.45045,-7.028],[110.4505,-7.0279],[110.45056,-7.02776],[110.45064,-7.02761],[110.45065,-7.02757],[110.45073,-7.02736],[110.45087,-7.02694],[110.45106,-7.02638],[110.45107,-7.02638],[110.45126,-7.02599],[110.45126,-7.02598],[110.4513,-7.02591],[110.45143,-7.02572],[110.45148,-7.02564],[110.45158,-7.0256],[110.4517,-7.02552],[110.45183,-7.02539],[110.4519,-7.0253],[110.45193,-7.02526],[110.45201,-7.0252],[110.45215,-7.02513],[110.4523,-7.02509],[110.45254,-7.02505],[110.45256,-7.02504],[110.45306,-7.02498],[110.45345,-7.02494],[110.45358,-7.0249],[110.45369,-7.02479],[110.45381,-7.02469],[110.45428,-7.02443],[110.45449,-7.02433],[110.4545,-7.02432],[110.45464,-7.02404],[110.45476,-7.02375],[110.45487,-7.02348],[110.455,-7.02324],[110.45511,-7.02303],[110.45517,-7.02292],[110.45518,-7.0229],[110.45526,-7.02284],[110.45545,-7.02279],[110.45578,-7.0227],[110.45583,-7.02254],[110.45592,-7.02222],[110.4562,-7.02223],[110.45644,-7.02223],[110.45643,-7.02218],[110.45654,-7.02164],[110.4566,-7.02139],[110.45664,-7.02116],[110.45664,-7.02112],[110.4566,-7.02099],[110.45659,-7.02096],[110.45648,-7.02066],[110.45637,-7.02033],[110.45635,-7.02027],[110.45631,-7.02015],[110.45628,-7.02009],[110.45623,-7.01995],[110.45592,-7.01905],[110.45591,-7.01902],[110.45585,-7.01893],[110.45558,-7.01849],[110.45533,-7.01802]]]}},{"type":"Feature","properties":{"id":"ADM-TEMBALANG-TEMBALANG","name":"Tembalang","source_name":"Tembalang","type":"Kelurahan","category":"Administrasi kota","kecamatan":"Tembalang","kabupaten":"Kota Semarang","catatan":"Batas kelurahan dari berkas vektor kota. Serpihan dan wilayah luar kota dibuang. Kecamatan mengikuti daftar resmi, bukan kolom asli berkas.","status":"Batas administrasi"},"geometry":{"type":"Polygon","coordinates":[[[110.4411,-7.04325],[110.44095,-7.04288],[110.44066,-7.04254],[110.4403,-7.04242],[110.43973,-7.04232],[110.43938,-7.04221],[110.43894,-7.04217],[110.43852,-7.04229],[110.4379,-7.04225],[110.43769,-7.04237],[110.43757,-7.0426],[110.43742,-7.04309],[110.43706,-7.04349],[110.43629,-7.04408],[110.43624,-7.04414],[110.43609,-7.0443],[110.43592,-7.04465],[110.43591,-7.04474],[110.43594,-7.04483],[110.43615,-7.04502],[110.43632,-7.04526],[110.43644,-7.04529],[110.43671,-7.04533],[110.43689,-7.04531],[110.43713,-7.04529],[110.43735,-7.04539],[110.4375,-7.04549],[110.43755,-7.04558],[110.43753,-7.04565],[110.43746,-7.04583],[110.43743,-7.04588],[110.43733,-7.04593],[110.43723,-7.04592],[110.43698,-7.04585],[110.43657,-7.04597],[110.43652,-7.04604],[110.43645,-7.04617],[110.43635,-7.04617],[110.43628,-7.04621],[110.43624,-7.04629],[110.43623,-7.04646],[110.43627,-7.04649],[110.4364,-7.04655],[110.43651,-7.04673],[110.4365,-7.04684],[110.43675,-7.04712],[110.43676,-7.04723],[110.43673,-7.04732],[110.43658,-7.04751],[110.43629,-7.04782],[110.43621,-7.04792],[110.4361,-7.04805],[110.43597,-7.04779],[110.43589,-7.04763],[110.43557,-7.04721],[110.43545,-7.04708],[110.43534,-7.04703],[110.43524,-7.04704],[110.4351,-7.04711],[110.43467,-7.04713],[110.43465,-7.04719],[110.43463,-7.04725],[110.4346,-7.04731],[110.43435,-7.04795],[110.43375,-7.04946],[110.43369,-7.04962],[110.43359,-7.04988],[110.43345,-7.05021],[110.43314,-7.05088],[110.43306,-7.05105],[110.43259,-7.05168],[110.43233,-7.05191],[110.432,-7.05222],[110.43182,-7.05235],[110.43162,-7.05249],[110.43122,-7.05271],[110.43101,-7.05281],[110.4303,-7.05315],[110.43016,-7.05323],[110.43013,-7.05324],[110.42994,-7.05333],[110.43002,-7.05341],[110.43018,-7.05355],[110.43032,-7.05366],[110.43057,-7.05387],[110.43066,-7.05395],[110.43069,-7.05398],[110.43081,-7.05401],[110.43101,-7.05401],[110.43197,-7.05401],[110.43209,-7.05435],[110.43225,-7.05469],[110.4325,-7.0552],[110.43269,-7.05547],[110.43278,-7.05564],[110.43307,-7.05617],[110.43324,-7.05656],[110.43345,-7.05692],[110.43385,-7.05741],[110.43412,-7.05782],[110.43414,-7.05784],[110.43415,-7.05785],[110.43416,-7.05786],[110.43481,-7.05838],[110.43516,-7.05859],[110.43519,-7.05869],[110.43529,-7.05906],[110.43535,-7.05902],[110.43539,-7.0591],[110.43542,-7.0596],[110.43546,-7.05977],[110.43547,-7.05982],[110.43549,-7.06002],[110.43553,-7.06032],[110.43563,-7.06081],[110.43574,-7.06176],[110.43575,-7.06202],[110.43576,-7.06203],[110.436,-7.06208],[110.43674,-7.06222],[110.43758,-7.06246],[110.43768,-7.06257],[110.43786,-7.06277],[110.43798,-7.06281],[110.43824,-7.06283],[110.43845,-7.06284],[110.43844,-7.06282],[110.43844,-7.0628],[110.43843,-7.06267],[110.43852,-7.06241],[110.43854,-7.06236],[110.4387,-7.062],[110.4387,-7.06195],[110.44121,-7.06242],[110.44124,-7.06217],[110.44133,-7.06187],[110.4414,-7.06171],[110.44146,-7.06156],[110.44153,-7.06139],[110.44165,-7.06116],[110.44184,-7.06075],[110.44186,-7.06069],[110.44205,-7.06016],[110.44205,-7.06015],[110.44213,-7.05973],[110.44221,-7.0594],[110.44227,-7.05921],[110.44233,-7.05906],[110.44239,-7.05895],[110.44261,-7.05865],[110.44274,-7.05823],[110.44276,-7.05811],[110.44291,-7.0571],[110.44291,-7.05707],[110.44279,-7.05706],[110.44223,-7.05703],[110.44176,-7.05692],[110.44136,-7.05663],[110.44128,-7.05615],[110.4413,-7.05551],[110.44137,-7.05527],[110.44145,-7.05512],[110.44147,-7.05488],[110.44149,-7.05482],[110.44166,-7.05475],[110.44219,-7.05459],[110.44237,-7.05456],[110.44251,-7.05454],[110.44264,-7.05446],[110.44281,-7.05434],[110.44297,-7.05429],[110.44305,-7.05427],[110.44308,-7.05419],[110.44308,-7.05401],[110.4437,-7.05327],[110.44379,-7.0532],[110.44397,-7.0532],[110.44453,-7.05333],[110.44495,-7.05337],[110.44522,-7.05334],[110.44531,-7.05329],[110.44537,-7.05319],[110.44537,-7.05312],[110.44532,-7.053],[110.4453,-7.05276],[110.44526,-7.05251],[110.44516,-7.05213],[110.44516,-7.05204],[110.44521,-7.05197],[110.44532,-7.05192],[110.44538,-7.05193],[110.44542,-7.05199],[110.44541,-7.05213],[110.4454,-7.05222],[110.44546,-7.05233],[110.44558,-7.05242],[110.44567,-7.05245],[110.44575,-7.05243],[110.4458,-7.05236],[110.44584,-7.05225],[110.44595,-7.05214],[110.44608,-7.05208],[110.44624,-7.05207],[110.44637,-7.05211],[110.44646,-7.0523],[110.44651,-7.05237],[110.44662,-7.05243],[110.4467,-7.05242],[110.44677,-7.05237],[110.4468,-7.0522],[110.44678,-7.05209],[110.4467,-7.05197],[110.44664,-7.05188],[110.44664,-7.05182],[110.4467,-7.05176],[110.44681,-7.05174],[110.44713,-7.0519],[110.44729,-7.05197],[110.44741,-7.05199],[110.44747,-7.05195],[110.44749,-7.05177],[110.4475,-7.05169],[110.44763,-7.05159],[110.44766,-7.05158],[110.44766,-7.05157],[110.44777,-7.05139],[110.44786,-7.05134],[110.44795,-7.05128],[110.44801,-7.05121],[110.44802,-7.05096],[110.44817,-7.05071],[110.44823,-7.0505],[110.44824,-7.05033],[110.44825,-7.05022],[110.44826,-7.05013],[110.44842,-7.04987],[110.44852,-7.04946],[110.44843,-7.04909],[110.44811,-7.04865],[110.44783,-7.0479],[110.44779,-7.04729],[110.44777,-7.04669],[110.44756,-7.04617],[110.44725,-7.04593],[110.44678,-7.04565],[110.44639,-7.04535],[110.44617,-7.04493],[110.4461,-7.04479],[110.44605,-7.0447],[110.44569,-7.04447],[110.44535,-7.04441],[110.44515,-7.04408],[110.44502,-7.04376],[110.44474,-7.04357],[110.44438,-7.04333],[110.44401,-7.04299],[110.44377,-7.04305],[110.44361,-7.04325],[110.44365,-7.04334],[110.44383,-7.04358],[110.44404,-7.04386],[110.44392,-7.04422],[110.44397,-7.04452],[110.44393,-7.04512],[110.44388,-7.04555],[110.44359,-7.04561],[110.44311,-7.0455],[110.44276,-7.04498],[110.44237,-7.04426],[110.44211,-7.04396],[110.4415,-7.04369],[110.44126,-7.04353],[110.4411,-7.04325]]]}},{"type":"Feature","properties":{"id":"ADM-TUGU-JERAKAH","name":"Jerakah","source_name":"Jerakah","type":"Kelurahan","category":"Administrasi kota","kecamatan":"Tugu","kabupaten":"Kota Semarang","catatan":"Batas kelurahan dari berkas vektor kota. Serpihan dan wilayah luar kota dibuang. Kecamatan mengikuti daftar resmi, bukan kolom asli berkas.","status":"Batas administrasi"},"geometry":{"type":"Polygon","coordinates":[[[110.36555,-6.98119],[110.36503,-6.98113],[110.36435,-6.98096],[110.36415,-6.9809],[110.36421,-6.9807],[110.36442,-6.97994],[110.3645,-6.97975],[110.36468,-6.97929],[110.36494,-6.9785],[110.36518,-6.97781],[110.36531,-6.97745],[110.36572,-6.97635],[110.36578,-6.97624],[110.36571,-6.9762],[110.36573,-6.97613],[110.36581,-6.97589],[110.36595,-6.97553],[110.366,-6.97536],[110.36598,-6.97527],[110.36592,-6.97519],[110.36599,-6.97505],[110.36631,-6.97441],[110.36649,-6.97398],[110.36713,-6.97234],[110.36766,-6.97088],[110.36805,-6.96967],[110.36841,-6.96869],[110.36854,-6.96825],[110.36834,-6.96779],[110.36816,-6.96735],[110.36794,-6.96685],[110.36772,-6.96643],[110.3676,-6.96615],[110.36726,-6.96528],[110.36703,-6.96472],[110.36659,-6.96362],[110.36613,-6.96266],[110.36582,-6.96208],[110.36561,-6.96155],[110.36553,-6.9616],[110.36529,-6.96199],[110.36527,-6.96201],[110.36406,-6.96167],[110.36393,-6.96165],[110.36385,-6.96168],[110.36369,-6.9618],[110.36365,-6.96183],[110.3636,-6.96201],[110.36342,-6.96236],[110.363,-6.96297],[110.36289,-6.96316],[110.36284,-6.96364],[110.36268,-6.96394],[110.36254,-6.96418],[110.36243,-6.9644],[110.3624,-6.96455],[110.36257,-6.9651],[110.36267,-6.96539],[110.36269,-6.96543],[110.36274,-6.96579],[110.36279,-6.96608],[110.36287,-6.96641],[110.3629,-6.96682],[110.36283,-6.96754],[110.36282,-6.96756],[110.36342,-6.96771],[110.36337,-6.96794],[110.36312,-6.96894],[110.36284,-6.96981],[110.36267,-6.97063],[110.36266,-6.97065],[110.3625,-6.97117],[110.36228,-6.972],[110.36192,-6.97279],[110.3618,-6.97305],[110.36177,-6.9731],[110.36171,-6.97321],[110.36159,-6.97351],[110.36098,-6.97486],[110.36084,-6.97517],[110.36083,-6.9752],[110.36076,-6.9754],[110.36056,-6.97588],[110.36013,-6.977],[110.35994,-6.97743],[110.35993,-6.97744],[110.35963,-6.978],[110.35905,-6.97934],[110.35891,-6.97965],[110.35828,-6.9811],[110.3581,-6.98436],[110.35767,-6.98589],[110.35786,-6.98608],[110.35809,-6.98619],[110.35816,-6.98621],[110.35845,-6.9863],[110.35851,-6.98631],[110.35946,-6.98646],[110.36018,-6.98658],[110.3607,-6.98664],[110.36102,-6.98668],[110.36115,-6.98669],[110.36146,-6.98672],[110.36206,-6.98678],[110.36229,-6.98683],[110.36245,-6.98687],[110.36264,-6.98691],[110.36321,-6.98705],[110.36322,-6.98699],[110.36336,-6.98646],[110.36364,-6.98597],[110.36379,-6.98559],[110.36406,-6.9847],[110.36413,-6.9845],[110.36414,-6.98445],[110.36417,-6.98442],[110.36481,-6.98421],[110.36506,-6.98419],[110.36509,-6.98416],[110.36508,-6.98399],[110.36508,-6.98371],[110.36512,-6.98356],[110.36554,-6.98367],[110.36556,-6.9836],[110.36557,-6.98341],[110.36548,-6.98335],[110.36522,-6.98316],[110.36521,-6.98309],[110.36524,-6.98293],[110.3654,-6.9823],[110.36547,-6.98195],[110.36555,-6.98119]]]}},{"type":"Feature","properties":{"id":"ADM-TUGU-KARANGANYAR","name":"Karanganyar","source_name":"Karanganyar","type":"Kelurahan","category":"Administrasi kota","kecamatan":"Tugu","kabupaten":"Kota Semarang","catatan":"Batas kelurahan dari berkas vektor kota. Serpihan dan wilayah luar kota dibuang. Kecamatan mengikuti daftar resmi, bukan kolom asli berkas.","status":"Batas administrasi"},"geometry":{"type":"Polygon","coordinates":[[[110.34398,-6.9491],[110.34395,-6.94914],[110.34405,-6.94949],[110.34408,-6.94961],[110.34404,-6.94968],[110.34389,-6.94976],[110.34377,-6.94979],[110.34362,-6.94975],[110.34347,-6.94966],[110.34341,-6.94959],[110.34342,-6.94942],[110.34344,-6.94927],[110.34339,-6.94916],[110.34323,-6.94902],[110.343,-6.94888],[110.34288,-6.94885],[110.34274,-6.94886],[110.34238,-6.94917],[110.34225,-6.94929],[110.34217,-6.94932],[110.34211,-6.94938],[110.342,-6.94945],[110.34161,-6.94978],[110.34136,-6.95003],[110.34108,-6.9505],[110.341,-6.95062],[110.34093,-6.95066],[110.34069,-6.95133],[110.34064,-6.95158],[110.34052,-6.95186],[110.34045,-6.95209],[110.34014,-6.95314],[110.34001,-6.95359],[110.34004,-6.95532],[110.33999,-6.95564],[110.33991,-6.95583],[110.33967,-6.95626],[110.33896,-6.95746],[110.33893,-6.95769],[110.33889,-6.95799],[110.33884,-6.95842],[110.33873,-6.95936],[110.33858,-6.96017],[110.33844,-6.96103],[110.33838,-6.96149],[110.33836,-6.96156],[110.33822,-6.96226],[110.33816,-6.96246],[110.33813,-6.96258],[110.33811,-6.96263],[110.3379,-6.96312],[110.33773,-6.96361],[110.33755,-6.96411],[110.33731,-6.96467],[110.33719,-6.96474],[110.33722,-6.96478],[110.33717,-6.96507],[110.33711,-6.96544],[110.33703,-6.96589],[110.33692,-6.96657],[110.33687,-6.96692],[110.33678,-6.96718],[110.33673,-6.96732],[110.33619,-6.96802],[110.33583,-6.96849],[110.33526,-6.96935],[110.33501,-6.9697],[110.33471,-6.97021],[110.33461,-6.97036],[110.33451,-6.9705],[110.33408,-6.97087],[110.33386,-6.97103],[110.33372,-6.97113],[110.33353,-6.97139],[110.33344,-6.97157],[110.33338,-6.97177],[110.33337,-6.97179],[110.33336,-6.97179],[110.33316,-6.97169],[110.33243,-6.97133],[110.33163,-6.971],[110.33128,-6.97216],[110.33013,-6.97433],[110.32968,-6.97517],[110.32925,-6.97626],[110.32935,-6.97627],[110.32943,-6.97628],[110.33011,-6.97641],[110.33039,-6.97652],[110.33056,-6.97663],[110.33062,-6.97667],[110.33112,-6.97712],[110.3313,-6.97731],[110.33191,-6.97793],[110.33208,-6.97811],[110.33219,-6.9782],[110.3325,-6.97849],[110.33325,-6.97918],[110.33395,-6.98004],[110.33408,-6.9802],[110.33433,-6.98049],[110.33438,-6.98054],[110.33452,-6.98071],[110.33552,-6.98193],[110.33605,-6.98256],[110.33624,-6.98279],[110.33641,-6.98301],[110.33646,-6.98308],[110.33664,-6.98325],[110.33671,-6.98336],[110.33705,-6.98373],[110.33731,-6.98399],[110.33759,-6.98428],[110.33782,-6.98446],[110.3382,-6.98467],[110.33868,-6.98493],[110.33902,-6.98505],[110.33961,-6.98526],[110.3404,-6.98552],[110.34074,-6.98563],[110.34119,-6.98577],[110.34171,-6.98591],[110.34214,-6.98598],[110.34153,-6.98474],[110.34122,-6.9844],[110.34105,-6.98408],[110.341,-6.98357],[110.3411,-6.98301],[110.34139,-6.98229],[110.34223,-6.98157],[110.34222,-6.98148],[110.34222,-6.98133],[110.34258,-6.98041],[110.34264,-6.98026],[110.34273,-6.97998],[110.34277,-6.97982],[110.34298,-6.97908],[110.34304,-6.97883],[110.34314,-6.97851],[110.34322,-6.97813],[110.34329,-6.97779],[110.3433,-6.97766],[110.34319,-6.97743],[110.34311,-6.97727],[110.3433,-6.97694],[110.34341,-6.97677],[110.3435,-6.97646],[110.34353,-6.9761],[110.34355,-6.97584],[110.34356,-6.97575],[110.34363,-6.97538],[110.3437,-6.97506],[110.34369,-6.97501],[110.34351,-6.97498],[110.34336,-6.97496],[110.34332,-6.97493],[110.34335,-6.97484],[110.34336,-6.97481],[110.34338,-6.97469],[110.34354,-6.97412],[110.34363,-6.97347],[110.3438,-6.97287],[110.34383,-6.97279],[110.34399,-6.97183],[110.34403,-6.97142],[110.34401,-6.97096],[110.34397,-6.97041],[110.34397,-6.97028],[110.34462,-6.9701],[110.345,-6.97004],[110.34527,-6.97003],[110.3453,-6.97002],[110.34534,-6.96974],[110.34543,-6.96942],[110.34556,-6.96899],[110.34569,-6.96874],[110.34583,-6.96851],[110.34586,-6.96838],[110.34581,-6.96823],[110.34557,-6.96782],[110.34548,-6.9676],[110.34545,-6.96752],[110.34544,-6.96751],[110.34543,-6.96743],[110.34593,-6.96633],[110.34622,-6.96586],[110.3464,-6.96559],[110.34648,-6.96534],[110.34685,-6.96426],[110.34692,-6.96414],[110.34702,-6.96401],[110.34721,-6.96376],[110.34734,-6.96352],[110.34747,-6.96308],[110.34751,-6.96282],[110.34752,-6.96273],[110.34763,-6.96263],[110.34793,-6.96253],[110.34808,-6.96249],[110.34833,-6.96237],[110.34834,-6.96237],[110.34846,-6.9623],[110.34869,-6.9618],[110.34878,-6.96162],[110.3489,-6.96128],[110.34901,-6.96084],[110.34902,-6.96024],[110.34909,-6.96017],[110.34923,-6.96012],[110.34934,-6.96013],[110.34956,-6.96022],[110.34971,-6.96025],[110.34987,-6.96018],[110.34995,-6.96007],[110.34997,-6.95997],[110.35,-6.95957],[110.35008,-6.95952],[110.3502,-6.95952],[110.35037,-6.95957],[110.35052,-6.95959],[110.35078,-6.95953],[110.3509,-6.95945],[110.35103,-6.95929],[110.35123,-6.95905],[110.35144,-6.95889],[110.35188,-6.95859],[110.35208,-6.95834],[110.35244,-6.95787],[110.35255,-6.95774],[110.35272,-6.95737],[110.35298,-6.95692],[110.35314,-6.95663],[110.35307,-6.95656],[110.35378,-6.95541],[110.35372,-6.95539],[110.3537,-6.95528],[110.35373,-6.95506],[110.35388,-6.95455],[110.35394,-6.95422],[110.35402,-6.95294],[110.35344,-6.95283],[110.35265,-6.95269],[110.35087,-6.95241],[110.35004,-6.95225],[110.34944,-6.95218],[110.34908,-6.95211],[110.34882,-6.95203],[110.3477,-6.95158],[110.34751,-6.9515],[110.34694,-6.95119],[110.34659,-6.95091],[110.34618,-6.95049],[110.3461,-6.95032],[110.34599,-6.95056],[110.34587,-6.95065],[110.34582,-6.95066],[110.34577,-6.95062],[110.34586,-6.9504],[110.3459,-6.95029],[110.34588,-6.95018],[110.34581,-6.95008],[110.34543,-6.94984],[110.34531,-6.94981],[110.3452,-6.94982],[110.34516,-6.94995],[110.34513,-6.95],[110.34506,-6.95002],[110.345,-6.94999],[110.34495,-6.94986],[110.34494,-6.94973],[110.34479,-6.94957],[110.34462,-6.94936],[110.34398,-6.9491]]]}},{"type":"Feature","properties":{"id":"ADM-TUGU-MANGKANG-KULON","name":"Mangkang Kulon","source_name":"Mangkang Kulon","type":"Kelurahan","category":"Administrasi kota","kecamatan":"Tugu","kabupaten":"Kota Semarang","catatan":"Batas kelurahan dari berkas vektor kota. Serpihan dan wilayah luar kota dibuang. Kecamatan mengikuti daftar resmi, bukan kolom asli berkas.","status":"Batas administrasi"},"geometry":{"type":"Polygon","coordinates":[[[110.31448,-6.93764],[110.31408,-6.93765],[110.31347,-6.93755],[110.31286,-6.93738],[110.31262,-6.93729],[110.31224,-6.9372],[110.31108,-6.93696],[110.31076,-6.93691],[110.31005,-6.93678],[110.30924,-6.93668],[110.30901,-6.9367],[110.30871,-6.93677],[110.3085,-6.93681],[110.30805,-6.93693],[110.30708,-6.93711],[110.30708,-6.93721],[110.30709,-6.9376],[110.30704,-6.93778],[110.30697,-6.93787],[110.30683,-6.93792],[110.30658,-6.93781],[110.3063,-6.93774],[110.30608,-6.93763],[110.30588,-6.93759],[110.30575,-6.93764],[110.3056,-6.93786],[110.30516,-6.93828],[110.30505,-6.9384],[110.30496,-6.93844],[110.30483,-6.93848],[110.30467,-6.93849],[110.30456,-6.93849],[110.30438,-6.93848],[110.30426,-6.93844],[110.30409,-6.93841],[110.30398,-6.93836],[110.30386,-6.93835],[110.30371,-6.93834],[110.30357,-6.93835],[110.30337,-6.93841],[110.30326,-6.93846],[110.30313,-6.93851],[110.30303,-6.93856],[110.30293,-6.9386],[110.30278,-6.93869],[110.30269,-6.93871],[110.30254,-6.93877],[110.30239,-6.93884],[110.30227,-6.93889],[110.30217,-6.93894],[110.30202,-6.93898],[110.30184,-6.93903],[110.30177,-6.93907],[110.30171,-6.93916],[110.30165,-6.93923],[110.30158,-6.93934],[110.30154,-6.93941],[110.3015,-6.93947],[110.30142,-6.93964],[110.30134,-6.93979],[110.30128,-6.93992],[110.30124,-6.93999],[110.30116,-6.94011],[110.30111,-6.94017],[110.30105,-6.94021],[110.30099,-6.94023],[110.30085,-6.94021],[110.30061,-6.94016],[110.30047,-6.94015],[110.30033,-6.94014],[110.3002,-6.94015],[110.3001,-6.94015],[110.29994,-6.94017],[110.2998,-6.94027],[110.29965,-6.9404],[110.29946,-6.94054],[110.29931,-6.94069],[110.29924,-6.94077],[110.29909,-6.94091],[110.29902,-6.94102],[110.29894,-6.94115],[110.29886,-6.9413],[110.29874,-6.94157],[110.29866,-6.94172],[110.29861,-6.94185],[110.29852,-6.942],[110.29846,-6.94215],[110.29838,-6.94232],[110.29833,-6.94248],[110.29827,-6.94261],[110.29797,-6.94337],[110.29786,-6.94352],[110.29659,-6.94501],[110.29563,-6.94599],[110.29536,-6.9463],[110.29479,-6.94687],[110.29459,-6.94707],[110.29401,-6.94726],[110.2939,-6.94739],[110.29333,-6.94856],[110.29235,-6.94964],[110.29154,-6.95046],[110.29275,-6.95158],[110.29306,-6.95192],[110.2931,-6.95198],[110.2931,-6.95202],[110.2931,-6.95207],[110.29274,-6.9524],[110.29187,-6.95314],[110.29178,-6.95324],[110.29191,-6.95333],[110.29213,-6.9535],[110.29234,-6.95375],[110.29224,-6.95395],[110.29186,-6.95466],[110.29186,-6.95469],[110.29193,-6.95474],[110.29186,-6.95492],[110.29187,-6.95537],[110.29189,-6.95539],[110.29192,-6.95542],[110.29196,-6.95544],[110.29207,-6.95549],[110.29221,-6.95555],[110.29242,-6.95565],[110.2927,-6.95579],[110.29287,-6.95588],[110.29309,-6.956],[110.29363,-6.95614],[110.29358,-6.95627],[110.2936,-6.95628],[110.29348,-6.95652],[110.29317,-6.9573],[110.29307,-6.95756],[110.2938,-6.95788],[110.29411,-6.95799],[110.29415,-6.958],[110.29427,-6.95805],[110.29569,-6.95851],[110.29616,-6.95869],[110.29682,-6.95892],[110.29685,-6.95893],[110.29686,-6.95894],[110.29772,-6.95925],[110.29941,-6.95984],[110.29966,-6.95994],[110.29962,-6.96],[110.2997,-6.96004],[110.29954,-6.96044],[110.29847,-6.96267],[110.29815,-6.96334],[110.29762,-6.96443],[110.29726,-6.96522],[110.29666,-6.9665],[110.29614,-6.96764],[110.29572,-6.96856],[110.29492,-6.96837],[110.29454,-6.96822],[110.29363,-6.96782],[110.29325,-6.96767],[110.2917,-6.96701],[110.29098,-6.96666],[110.29057,-6.96631],[110.28929,-6.96573],[110.28856,-6.96556],[110.28817,-6.9655],[110.28784,-6.96627],[110.28783,-6.96628],[110.28782,-6.96636],[110.28778,-6.96644],[110.28768,-6.96668],[110.28767,-6.96669],[110.28757,-6.96705],[110.28742,-6.96731],[110.28758,-6.96741],[110.288,-6.96759],[110.28817,-6.96767],[110.28817,-6.96771],[110.28809,-6.96785],[110.28775,-6.96866],[110.28775,-6.96876],[110.28795,-6.96879],[110.28794,-6.96881],[110.28803,-6.96887],[110.28835,-6.96895],[110.28913,-6.96934],[110.28917,-6.96935],[110.2897,-6.96967],[110.29015,-6.96993],[110.29072,-6.97025],[110.29086,-6.97034],[110.29116,-6.97051],[110.2913,-6.97059],[110.29197,-6.97102],[110.29229,-6.97123],[110.29241,-6.97131],[110.29268,-6.97148],[110.29298,-6.97164],[110.2931,-6.97169],[110.29418,-6.9722],[110.29442,-6.97231],[110.29452,-6.97234],[110.29473,-6.97241],[110.29489,-6.97246],[110.29521,-6.97257],[110.29549,-6.97267],[110.2959,-6.9728],[110.29599,-6.97284],[110.29605,-6.97287],[110.29611,-6.97289],[110.29621,-6.97292],[110.29633,-6.97297],[110.29636,-6.97298],[110.29674,-6.97309],[110.29705,-6.97318],[110.29768,-6.97336],[110.29782,-6.9734],[110.29799,-6.97344],[110.29832,-6.9735],[110.29837,-6.97318],[110.29803,-6.97308],[110.29827,-6.97129],[110.29834,-6.97127],[110.29874,-6.97111],[110.29893,-6.97103],[110.29907,-6.97092],[110.29918,-6.97072],[110.29932,-6.97025],[110.2995,-6.96964],[110.29955,-6.96936],[110.29956,-6.96927],[110.29956,-6.9691],[110.29952,-6.96886],[110.29931,-6.96834],[110.29925,-6.96817],[110.29925,-6.96803],[110.29929,-6.96786],[110.29936,-6.96774],[110.29956,-6.96755],[110.29988,-6.9672],[110.30005,-6.96681],[110.30014,-6.96658],[110.30072,-6.96605],[110.30086,-6.96589],[110.30096,-6.96565],[110.30106,-6.96537],[110.30114,-6.96525],[110.30154,-6.96508],[110.30184,-6.96496],[110.30207,-6.96484],[110.30212,-6.96479],[110.30221,-6.96429],[110.30227,-6.96399],[110.30247,-6.96334],[110.30252,-6.96302],[110.30248,-6.96252],[110.30243,-6.96223],[110.30236,-6.96191],[110.30234,-6.96151],[110.3024,-6.96119],[110.30257,-6.96084],[110.30265,-6.96063],[110.3027,-6.96008],[110.30275,-6.95984],[110.30287,-6.95957],[110.30327,-6.95896],[110.30342,-6.95869],[110.30349,-6.95855],[110.30425,-6.95709],[110.3048,-6.95628],[110.30556,-6.95472],[110.30583,-6.95387],[110.30593,-6.95344],[110.3063,-6.95213],[110.30654,-6.95135],[110.30695,-6.94984],[110.30745,-6.9481],[110.30765,-6.9474],[110.30769,-6.94723],[110.30772,-6.94713],[110.30773,-6.94649],[110.30753,-6.94553],[110.30748,-6.94518],[110.30747,-6.94481],[110.30756,-6.94443],[110.30766,-6.94415],[110.3078,-6.94389],[110.30819,-6.94344],[110.30833,-6.94331],[110.30873,-6.94308],[110.30868,-6.94298],[110.30937,-6.9426],[110.30991,-6.94227],[110.31113,-6.94158],[110.31127,-6.94147],[110.31124,-6.9414],[110.31116,-6.94125],[110.31114,-6.94106],[110.31116,-6.94073],[110.31138,-6.94065],[110.3115,-6.94063],[110.31169,-6.94067],[110.31187,-6.94076],[110.31222,-6.94096],[110.31234,-6.94089],[110.31278,-6.94061],[110.31316,-6.94],[110.31334,-6.93959],[110.31358,-6.93906],[110.31387,-6.93839],[110.31399,-6.9382],[110.3141,-6.93803],[110.31448,-6.93764]]]}},{"type":"Feature","properties":{"id":"ADM-TUGU-MANGKANG-WETAN","name":"Mangkang Wetan","source_name":"Mangkang Wetan","type":"Kelurahan","category":"Administrasi kota","kecamatan":"Tugu","kabupaten":"Kota Semarang","catatan":"Batas kelurahan dari berkas vektor kota. Serpihan dan wilayah luar kota dibuang. Kecamatan mengikuti daftar resmi, bukan kolom asli berkas.","status":"Batas administrasi"},"geometry":{"type":"Polygon","coordinates":[[[110.33559,-6.94606],[110.33541,-6.94598],[110.33506,-6.94589],[110.33476,-6.94576],[110.33448,-6.94561],[110.33433,-6.94553],[110.33398,-6.9454],[110.33393,-6.94538],[110.33365,-6.94531],[110.33341,-6.94515],[110.33318,-6.94498],[110.33289,-6.94488],[110.33272,-6.94483],[110.33253,-6.94463],[110.33244,-6.94454],[110.33198,-6.94427],[110.3317,-6.94411],[110.33139,-6.94405],[110.33134,-6.94405],[110.33129,-6.94403],[110.33093,-6.94405],[110.33084,-6.94404],[110.33068,-6.94391],[110.33048,-6.94373],[110.33041,-6.94368],[110.33017,-6.94398],[110.33019,-6.94404],[110.33017,-6.94414],[110.33009,-6.94429],[110.32995,-6.94443],[110.32983,-6.94448],[110.32971,-6.94447],[110.32821,-6.94423],[110.32755,-6.94413],[110.32649,-6.94409],[110.32614,-6.94409],[110.32585,-6.94443],[110.32567,-6.94471],[110.32524,-6.94541],[110.32486,-6.94589],[110.32474,-6.94604],[110.32471,-6.94612],[110.32494,-6.94657],[110.32483,-6.94664],[110.3244,-6.94735],[110.32394,-6.94785],[110.32377,-6.94801],[110.32364,-6.94808],[110.32361,-6.94809],[110.32351,-6.94811],[110.32339,-6.94813],[110.32329,-6.94812],[110.32304,-6.94811],[110.32289,-6.9481],[110.32273,-6.94814],[110.32254,-6.94827],[110.32229,-6.94853],[110.32217,-6.94866],[110.32186,-6.94901],[110.32167,-6.94924],[110.32091,-6.95011],[110.32015,-6.95086],[110.32006,-6.95093],[110.31965,-6.95131],[110.31921,-6.95171],[110.31894,-6.95195],[110.31866,-6.95226],[110.31837,-6.95266],[110.31823,-6.95295],[110.31804,-6.9535],[110.31803,-6.95352],[110.31801,-6.95354],[110.31795,-6.95352],[110.31772,-6.95338],[110.31767,-6.95336],[110.31758,-6.95329],[110.31742,-6.95331],[110.3173,-6.95337],[110.31706,-6.95373],[110.31689,-6.95394],[110.31665,-6.95418],[110.31644,-6.95434],[110.31621,-6.95445],[110.31593,-6.95452],[110.31566,-6.95446],[110.31556,-6.95445],[110.31536,-6.95461],[110.31515,-6.95488],[110.31496,-6.95516],[110.31485,-6.95533],[110.31476,-6.9555],[110.31457,-6.95571],[110.31447,-6.95574],[110.31439,-6.95576],[110.31328,-6.95717],[110.313,-6.95751],[110.31267,-6.95781],[110.31238,-6.9581],[110.31213,-6.95834],[110.31154,-6.95877],[110.31131,-6.95895],[110.31129,-6.95898],[110.31127,-6.95904],[110.3112,-6.95931],[110.31114,-6.9597],[110.31107,-6.96014],[110.31113,-6.96045],[110.31115,-6.96069],[110.31114,-6.96131],[110.31081,-6.96218],[110.31074,-6.96231],[110.31045,-6.96289],[110.30983,-6.9638],[110.30966,-6.96405],[110.30951,-6.96432],[110.30944,-6.96446],[110.30908,-6.96511],[110.30837,-6.96612],[110.30831,-6.96619],[110.3081,-6.96644],[110.30776,-6.96686],[110.30762,-6.96704],[110.30752,-6.96718],[110.30678,-6.9681],[110.3066,-6.96837],[110.30657,-6.96841],[110.30652,-6.96848],[110.30618,-6.969],[110.30598,-6.96932],[110.30575,-6.96969],[110.3053,-6.97032],[110.30529,-6.97033],[110.30525,-6.97038],[110.30501,-6.97071],[110.30471,-6.97118],[110.30469,-6.97122],[110.30461,-6.97135],[110.30451,-6.97149],[110.30421,-6.97192],[110.30382,-6.97248],[110.30365,-6.97283],[110.30364,-6.97302],[110.30365,-6.97322],[110.30375,-6.97321],[110.30382,-6.9732],[110.30387,-6.97319],[110.30389,-6.97319],[110.3042,-6.97316],[110.30465,-6.97307],[110.30522,-6.97298],[110.30528,-6.97298],[110.30582,-6.97294],[110.30599,-6.97293],[110.30638,-6.97288],[110.30669,-6.97283],[110.307,-6.97279],[110.30723,-6.97277],[110.30743,-6.97275],[110.30753,-6.97274],[110.30762,-6.97273],[110.30828,-6.97265],[110.3084,-6.97264],[110.30903,-6.9726],[110.31041,-6.97258],[110.31061,-6.97256],[110.31171,-6.97246],[110.31281,-6.97246],[110.31301,-6.97252],[110.31319,-6.97262],[110.31383,-6.97308],[110.31391,-6.97318],[110.31396,-6.97241],[110.31431,-6.97124],[110.31862,-6.97159],[110.31865,-6.97147],[110.31879,-6.97107],[110.31892,-6.97069],[110.31928,-6.96959],[110.31963,-6.96884],[110.31979,-6.96848],[110.31995,-6.96801],[110.32016,-6.96755],[110.32046,-6.96677],[110.32091,-6.96573],[110.32118,-6.96511],[110.32136,-6.96452],[110.3219,-6.96278],[110.32193,-6.96272],[110.32202,-6.9627],[110.32241,-6.96282],[110.32301,-6.96303],[110.3233,-6.96311],[110.3237,-6.96314],[110.32392,-6.96265],[110.32411,-6.96236],[110.32449,-6.96172],[110.32481,-6.96117],[110.32498,-6.96085],[110.32508,-6.96064],[110.32509,-6.96061],[110.32515,-6.96048],[110.32536,-6.95989],[110.32557,-6.95918],[110.32588,-6.95797],[110.32595,-6.95766],[110.32602,-6.95737],[110.326,-6.95703],[110.32605,-6.95639],[110.32606,-6.95631],[110.32652,-6.95593],[110.32698,-6.95554],[110.32715,-6.95534],[110.32718,-6.95527],[110.32726,-6.95496],[110.32733,-6.95479],[110.32736,-6.95473],[110.32768,-6.95435],[110.32782,-6.95419],[110.32791,-6.95402],[110.32799,-6.95365],[110.32805,-6.95338],[110.32812,-6.95319],[110.32823,-6.95303],[110.32888,-6.9525],[110.32945,-6.95209],[110.32967,-6.95197],[110.33029,-6.95174],[110.33061,-6.95163],[110.3308,-6.95151],[110.33093,-6.95138],[110.33117,-6.95079],[110.3315,-6.95022],[110.33165,-6.95],[110.33189,-6.94977],[110.33239,-6.94938],[110.33321,-6.94878],[110.33368,-6.94842],[110.33406,-6.94812],[110.3343,-6.94783],[110.33436,-6.9477],[110.33436,-6.94764],[110.33415,-6.94736],[110.33559,-6.94606]]]}},{"type":"Feature","properties":{"id":"ADM-TUGU-MANGUNHARJO","name":"Mangunharjo","source_name":"Mangunharjo","type":"Kelurahan","category":"Administrasi kota","kecamatan":"Tugu","kabupaten":"Kota Semarang","catatan":"Batas kelurahan dari berkas vektor kota. Serpihan dan wilayah luar kota dibuang. Kecamatan mengikuti daftar resmi, bukan kolom asli berkas.","status":"Batas administrasi"},"geometry":{"type":"Polygon","coordinates":[[[110.33041,-6.94368],[110.33021,-6.94355],[110.3299,-6.94341],[110.32966,-6.94334],[110.32954,-6.94335],[110.3295,-6.94334],[110.32911,-6.94324],[110.32868,-6.94305],[110.32824,-6.94285],[110.32777,-6.94282],[110.32755,-6.9428],[110.32699,-6.9425],[110.32652,-6.94228],[110.32598,-6.94202],[110.3256,-6.94177],[110.32531,-6.94159],[110.32477,-6.94136],[110.32411,-6.94107],[110.32348,-6.94085],[110.32328,-6.94077],[110.32289,-6.9405],[110.32271,-6.94034],[110.32261,-6.94016],[110.32261,-6.94014],[110.32246,-6.94008],[110.32208,-6.93988],[110.32174,-6.93974],[110.32147,-6.93965],[110.32112,-6.93945],[110.32083,-6.93923],[110.32033,-6.93907],[110.31993,-6.93896],[110.31904,-6.93885],[110.31841,-6.93869],[110.31727,-6.93855],[110.31501,-6.93749],[110.31481,-6.93757],[110.31448,-6.93764],[110.3141,-6.93803],[110.31399,-6.9382],[110.31387,-6.93839],[110.31358,-6.93906],[110.31334,-6.93959],[110.31316,-6.94],[110.31278,-6.94061],[110.31234,-6.94089],[110.31222,-6.94096],[110.31187,-6.94076],[110.31169,-6.94067],[110.3115,-6.94063],[110.31138,-6.94065],[110.31116,-6.94073],[110.31114,-6.94106],[110.31116,-6.94125],[110.31124,-6.9414],[110.31127,-6.94147],[110.31113,-6.94158],[110.30991,-6.94227],[110.30937,-6.9426],[110.30868,-6.94298],[110.30873,-6.94308],[110.30833,-6.94331],[110.30819,-6.94344],[110.3078,-6.94389],[110.30766,-6.94415],[110.30756,-6.94443],[110.30747,-6.94481],[110.30748,-6.94518],[110.30753,-6.94553],[110.30773,-6.94649],[110.30772,-6.94713],[110.30769,-6.94723],[110.30765,-6.9474],[110.30745,-6.9481],[110.30695,-6.94984],[110.30654,-6.95135],[110.3063,-6.95213],[110.30593,-6.95344],[110.30583,-6.95387],[110.30556,-6.95472],[110.3048,-6.95628],[110.30425,-6.95709],[110.30349,-6.95855],[110.30342,-6.95869],[110.30327,-6.95896],[110.30287,-6.95957],[110.30275,-6.95984],[110.3027,-6.96008],[110.30265,-6.96063],[110.30257,-6.96084],[110.3024,-6.96119],[110.30234,-6.96151],[110.30236,-6.96191],[110.30243,-6.96223],[110.30248,-6.96252],[110.30252,-6.96302],[110.30247,-6.96334],[110.30227,-6.96399],[110.30221,-6.96429],[110.30212,-6.96479],[110.30207,-6.96484],[110.30184,-6.96496],[110.30154,-6.96508],[110.30114,-6.96525],[110.30106,-6.96537],[110.30096,-6.96565],[110.30086,-6.96589],[110.30072,-6.96605],[110.30014,-6.96658],[110.30005,-6.96681],[110.29988,-6.9672],[110.29956,-6.96755],[110.29936,-6.96774],[110.29929,-6.96786],[110.29925,-6.96803],[110.29925,-6.96817],[110.29931,-6.96834],[110.29952,-6.96886],[110.29956,-6.9691],[110.29956,-6.96927],[110.29955,-6.96936],[110.2995,-6.96964],[110.29932,-6.97025],[110.29918,-6.97072],[110.29907,-6.97092],[110.29893,-6.97103],[110.29874,-6.97111],[110.29834,-6.97127],[110.29827,-6.97129],[110.29803,-6.97308],[110.29837,-6.97318],[110.29832,-6.9735],[110.2985,-6.97354],[110.29935,-6.97362],[110.29959,-6.97361],[110.29994,-6.97361],[110.30037,-6.9736],[110.30116,-6.97359],[110.3015,-6.97354],[110.302,-6.97347],[110.30301,-6.97333],[110.30316,-6.9733],[110.30336,-6.97326],[110.30365,-6.97322],[110.30364,-6.97302],[110.30365,-6.97283],[110.30382,-6.97248],[110.30421,-6.97192],[110.30451,-6.97149],[110.30461,-6.97135],[110.30469,-6.97122],[110.30471,-6.97118],[110.30501,-6.97071],[110.30525,-6.97038],[110.30529,-6.97033],[110.3053,-6.97032],[110.30575,-6.96969],[110.30598,-6.96932],[110.30618,-6.969],[110.30652,-6.96848],[110.30657,-6.96841],[110.3066,-6.96837],[110.30678,-6.9681],[110.30752,-6.96718],[110.30762,-6.96704],[110.30776,-6.96686],[110.3081,-6.96644],[110.30831,-6.96619],[110.30837,-6.96612],[110.30908,-6.96511],[110.30944,-6.96446],[110.30951,-6.96432],[110.30966,-6.96405],[110.30983,-6.9638],[110.31045,-6.96289],[110.31074,-6.96231],[110.31081,-6.96218],[110.31114,-6.96131],[110.31115,-6.96069],[110.31113,-6.96045],[110.31107,-6.96014],[110.31114,-6.9597],[110.3112,-6.95931],[110.31127,-6.95904],[110.31129,-6.95898],[110.31131,-6.95895],[110.31154,-6.95877],[110.31213,-6.95834],[110.31238,-6.9581],[110.31267,-6.95781],[110.313,-6.95751],[110.31328,-6.95717],[110.31439,-6.95576],[110.31447,-6.95574],[110.31457,-6.95571],[110.31476,-6.9555],[110.31485,-6.95533],[110.31496,-6.95516],[110.31515,-6.95488],[110.31536,-6.95461],[110.31556,-6.95445],[110.31566,-6.95446],[110.31593,-6.95452],[110.31621,-6.95445],[110.31644,-6.95434],[110.31665,-6.95418],[110.31689,-6.95394],[110.31706,-6.95373],[110.3173,-6.95337],[110.31742,-6.95331],[110.31758,-6.95329],[110.31767,-6.95336],[110.31772,-6.95338],[110.31795,-6.95352],[110.31801,-6.95354],[110.31803,-6.95352],[110.31804,-6.9535],[110.31823,-6.95295],[110.31837,-6.95266],[110.31866,-6.95226],[110.31894,-6.95195],[110.31921,-6.95171],[110.31965,-6.95131],[110.32006,-6.95093],[110.32015,-6.95086],[110.32091,-6.95011],[110.32167,-6.94924],[110.32186,-6.94901],[110.32217,-6.94866],[110.32229,-6.94853],[110.32254,-6.94827],[110.32273,-6.94814],[110.32289,-6.9481],[110.32304,-6.94811],[110.32329,-6.94812],[110.32339,-6.94813],[110.32351,-6.94811],[110.32361,-6.94809],[110.32364,-6.94808],[110.32377,-6.94801],[110.32394,-6.94785],[110.3244,-6.94735],[110.32483,-6.94664],[110.32494,-6.94657],[110.32471,-6.94612],[110.32474,-6.94604],[110.32486,-6.94589],[110.32524,-6.94541],[110.32567,-6.94471],[110.32585,-6.94443],[110.32614,-6.94409],[110.32649,-6.94409],[110.32755,-6.94413],[110.32821,-6.94423],[110.32971,-6.94447],[110.32983,-6.94448],[110.32995,-6.94443],[110.33009,-6.94429],[110.33017,-6.94414],[110.33019,-6.94404],[110.33017,-6.94398],[110.33041,-6.94368]]]}},{"type":"Feature","properties":{"id":"ADM-TUGU-RANDU-GARUT","name":"Randu Garut","source_name":"Randugarut","type":"Kelurahan","category":"Administrasi kota","kecamatan":"Tugu","kabupaten":"Kota Semarang","catatan":"Batas kelurahan dari berkas vektor kota. Serpihan dan wilayah luar kota dibuang. Kecamatan mengikuti daftar resmi, bukan kolom asli berkas.","status":"Batas administrasi"},"geometry":{"type":"MultiPolygon","coordinates":[[[[110.34571,-6.9498],[110.34462,-6.94936],[110.34479,-6.94957],[110.34494,-6.94973],[110.34495,-6.94986],[110.345,-6.94999],[110.34506,-6.95002],[110.34513,-6.95],[110.34516,-6.94995],[110.3452,-6.94982],[110.34531,-6.94981],[110.34543,-6.94984],[110.34581,-6.95008],[110.34588,-6.95018],[110.3459,-6.95029],[110.34586,-6.9504],[110.34577,-6.95062],[110.34582,-6.95066],[110.34587,-6.95065],[110.34599,-6.95056],[110.3461,-6.95032],[110.34608,-6.95027],[110.34602,-6.95012],[110.34598,-6.95003],[110.34571,-6.9498]]],[[[110.34345,-6.94882],[110.34318,-6.94869],[110.3428,-6.94855],[110.34223,-6.94845],[110.34161,-6.94832],[110.34033,-6.94802],[110.34015,-6.94791],[110.33997,-6.9478],[110.33968,-6.94767],[110.33942,-6.94757],[110.33911,-6.94746],[110.33878,-6.94738],[110.33848,-6.94725],[110.33805,-6.94715],[110.33559,-6.94606],[110.33415,-6.94736],[110.33436,-6.94764],[110.33436,-6.9477],[110.3343,-6.94783],[110.33406,-6.94812],[110.33368,-6.94842],[110.33321,-6.94878],[110.33239,-6.94938],[110.33189,-6.94977],[110.33165,-6.95],[110.3315,-6.95022],[110.33117,-6.95079],[110.33093,-6.95138],[110.3308,-6.95151],[110.33061,-6.95163],[110.33029,-6.95174],[110.32967,-6.95197],[110.32945,-6.95209],[110.32888,-6.9525],[110.32823,-6.95303],[110.32812,-6.95319],[110.32805,-6.95338],[110.32799,-6.95365],[110.32791,-6.95402],[110.32782,-6.95419],[110.32768,-6.95435],[110.32736,-6.95473],[110.32733,-6.95479],[110.32726,-6.95496],[110.32718,-6.95527],[110.32715,-6.95534],[110.32698,-6.95554],[110.32652,-6.95593],[110.32606,-6.95631],[110.32605,-6.95639],[110.326,-6.95703],[110.32602,-6.95737],[110.32595,-6.95766],[110.32588,-6.95797],[110.32557,-6.95918],[110.32536,-6.95989],[110.32515,-6.96048],[110.32509,-6.96061],[110.32508,-6.96064],[110.32498,-6.96085],[110.32481,-6.96117],[110.32449,-6.96172],[110.32411,-6.96236],[110.32392,-6.96265],[110.3237,-6.96314],[110.3233,-6.96311],[110.32301,-6.96303],[110.32241,-6.96282],[110.32202,-6.9627],[110.32193,-6.96272],[110.3219,-6.96278],[110.32136,-6.96452],[110.32118,-6.96511],[110.32091,-6.96573],[110.32046,-6.96677],[110.32016,-6.96755],[110.31995,-6.96801],[110.31979,-6.96848],[110.31963,-6.96884],[110.31928,-6.96959],[110.31892,-6.97069],[110.31879,-6.97107],[110.31865,-6.97147],[110.31862,-6.97159],[110.31431,-6.97124],[110.31396,-6.97241],[110.31391,-6.97318],[110.31453,-6.97393],[110.3149,-6.97424],[110.31547,-6.97458],[110.3159,-6.97476],[110.31665,-6.97505],[110.31708,-6.97517],[110.31767,-6.97532],[110.31838,-6.97545],[110.31861,-6.9755],[110.31934,-6.97555],[110.3197,-6.97563],[110.32011,-6.97572],[110.32021,-6.97574],[110.32087,-6.97578],[110.321,-6.9758],[110.32156,-6.97585],[110.32172,-6.97586],[110.32204,-6.9759],[110.32208,-6.97591],[110.32268,-6.97598],[110.32275,-6.97599],[110.3243,-6.97602],[110.32498,-6.97601],[110.32518,-6.976],[110.32588,-6.97599],[110.32626,-6.97601],[110.32687,-6.97605],[110.3273,-6.97608],[110.32754,-6.9761],[110.32781,-6.97612],[110.32802,-6.97614],[110.32925,-6.97626],[110.32968,-6.97517],[110.33013,-6.97433],[110.33128,-6.97216],[110.33163,-6.971],[110.33243,-6.97133],[110.33316,-6.97169],[110.33336,-6.97179],[110.33337,-6.97179],[110.33338,-6.97177],[110.33344,-6.97157],[110.33353,-6.97139],[110.33372,-6.97113],[110.33386,-6.97103],[110.33408,-6.97087],[110.33451,-6.9705],[110.33461,-6.97036],[110.33471,-6.97021],[110.33501,-6.9697],[110.33526,-6.96935],[110.33583,-6.96849],[110.33619,-6.96802],[110.33673,-6.96732],[110.33678,-6.96718],[110.33687,-6.96692],[110.33692,-6.96657],[110.33703,-6.96589],[110.33711,-6.96544],[110.33717,-6.96507],[110.33722,-6.96478],[110.33719,-6.96474],[110.33731,-6.96467],[110.33755,-6.96411],[110.33773,-6.96361],[110.3379,-6.96312],[110.33811,-6.96263],[110.33813,-6.96258],[110.33816,-6.96246],[110.33822,-6.96226],[110.33836,-6.96156],[110.33838,-6.96149],[110.33844,-6.96103],[110.33858,-6.96017],[110.33873,-6.95936],[110.33884,-6.95842],[110.33889,-6.95799],[110.33893,-6.95769],[110.33896,-6.95746],[110.33967,-6.95626],[110.33991,-6.95583],[110.33999,-6.95564],[110.34004,-6.95532],[110.34001,-6.95359],[110.34014,-6.95314],[110.34045,-6.95209],[110.34052,-6.95186],[110.34064,-6.95158],[110.34069,-6.95133],[110.34093,-6.95066],[110.341,-6.95062],[110.34108,-6.9505],[110.34136,-6.95003],[110.34161,-6.94978],[110.342,-6.94945],[110.34211,-6.94938],[110.34217,-6.94932],[110.34225,-6.94929],[110.34238,-6.94917],[110.34274,-6.94886],[110.34288,-6.94885],[110.343,-6.94888],[110.34323,-6.94902],[110.34339,-6.94916],[110.34344,-6.94927],[110.34342,-6.94942],[110.34341,-6.94959],[110.34347,-6.94966],[110.34362,-6.94975],[110.34377,-6.94979],[110.34389,-6.94976],[110.34404,-6.94968],[110.34408,-6.94961],[110.34405,-6.94949],[110.34395,-6.94914],[110.34398,-6.9491],[110.34387,-6.94905],[110.34345,-6.94882]]]]}},{"type":"Feature","properties":{"id":"ADM-TUGU-TUGUREJO","name":"Tugurejo","source_name":"Tugurejo","type":"Kelurahan","category":"Administrasi kota","kecamatan":"Tugu","kabupaten":"Kota Semarang","catatan":"Batas kelurahan dari berkas vektor kota. Serpihan dan wilayah luar kota dibuang. Kecamatan mengikuti daftar resmi, bukan kolom asli berkas.","status":"Batas administrasi"},"geometry":{"type":"Polygon","coordinates":[[[110.36689,-6.95453],[110.36645,-6.95451],[110.36553,-6.95446],[110.36415,-6.95439],[110.36361,-6.95434],[110.363,-6.95428],[110.3629,-6.95434],[110.36275,-6.95451],[110.36259,-6.95458],[110.36237,-6.95447],[110.36105,-6.95429],[110.36072,-6.95427],[110.35972,-6.95409],[110.35927,-6.95402],[110.35865,-6.954],[110.35793,-6.95398],[110.35727,-6.95393],[110.3568,-6.95368],[110.35658,-6.9535],[110.35634,-6.95346],[110.35594,-6.95338],[110.35587,-6.95337],[110.35587,-6.95336],[110.3552,-6.95317],[110.35402,-6.95294],[110.35394,-6.95422],[110.35388,-6.95455],[110.35373,-6.95506],[110.3537,-6.95528],[110.35372,-6.95539],[110.35378,-6.95541],[110.35307,-6.95656],[110.35314,-6.95663],[110.35298,-6.95692],[110.35272,-6.95737],[110.35255,-6.95774],[110.35244,-6.95787],[110.35208,-6.95834],[110.35188,-6.95859],[110.35144,-6.95889],[110.35123,-6.95905],[110.35103,-6.95929],[110.3509,-6.95945],[110.35078,-6.95953],[110.35052,-6.95959],[110.35037,-6.95957],[110.3502,-6.95952],[110.35008,-6.95952],[110.35,-6.95957],[110.34997,-6.95997],[110.34995,-6.96007],[110.34987,-6.96018],[110.34971,-6.96025],[110.34956,-6.96022],[110.34934,-6.96013],[110.34923,-6.96012],[110.34909,-6.96017],[110.34902,-6.96024],[110.34901,-6.96084],[110.3489,-6.96128],[110.34878,-6.96162],[110.34869,-6.9618],[110.34846,-6.9623],[110.34834,-6.96237],[110.34833,-6.96237],[110.34808,-6.96249],[110.34793,-6.96253],[110.34763,-6.96263],[110.34752,-6.96273],[110.34751,-6.96282],[110.34747,-6.96308],[110.34734,-6.96352],[110.34721,-6.96376],[110.34702,-6.96401],[110.34692,-6.96414],[110.34685,-6.96426],[110.34648,-6.96534],[110.3464,-6.96559],[110.34622,-6.96586],[110.34593,-6.96633],[110.34543,-6.96743],[110.34544,-6.96751],[110.34545,-6.96752],[110.34548,-6.9676],[110.34557,-6.96782],[110.34581,-6.96823],[110.34586,-6.96838],[110.34583,-6.96851],[110.34569,-6.96874],[110.34556,-6.96899],[110.34543,-6.96942],[110.34534,-6.96974],[110.3453,-6.97002],[110.34527,-6.97003],[110.345,-6.97004],[110.34462,-6.9701],[110.34397,-6.97028],[110.34397,-6.97041],[110.34401,-6.97096],[110.34403,-6.97142],[110.34399,-6.97183],[110.34383,-6.97279],[110.3438,-6.97287],[110.34363,-6.97347],[110.34354,-6.97412],[110.34338,-6.97469],[110.34336,-6.97481],[110.34335,-6.97484],[110.34332,-6.97493],[110.34336,-6.97496],[110.34351,-6.97498],[110.34369,-6.97501],[110.3437,-6.97506],[110.34363,-6.97538],[110.34356,-6.97575],[110.34355,-6.97584],[110.34353,-6.9761],[110.3435,-6.97646],[110.34341,-6.97677],[110.3433,-6.97694],[110.34311,-6.97727],[110.34319,-6.97743],[110.3433,-6.97766],[110.34329,-6.97779],[110.34322,-6.97813],[110.34314,-6.97851],[110.34304,-6.97883],[110.34298,-6.97908],[110.34277,-6.97982],[110.34273,-6.97998],[110.34264,-6.98026],[110.34258,-6.98041],[110.34222,-6.98133],[110.34222,-6.98148],[110.34223,-6.98157],[110.34139,-6.98229],[110.3411,-6.98301],[110.341,-6.98357],[110.34105,-6.98408],[110.34122,-6.9844],[110.34153,-6.98474],[110.34214,-6.98598],[110.3424,-6.98602],[110.34289,-6.986],[110.34409,-6.98594],[110.34444,-6.98591],[110.34453,-6.9859],[110.34476,-6.98586],[110.34498,-6.98583],[110.34522,-6.98578],[110.34563,-6.98575],[110.34588,-6.98575],[110.34591,-6.98575],[110.34641,-6.98573],[110.34668,-6.98569],[110.34688,-6.98565],[110.34712,-6.98562],[110.34759,-6.98548],[110.34781,-6.98538],[110.34796,-6.98532],[110.34804,-6.98528],[110.34828,-6.98518],[110.34861,-6.985],[110.34883,-6.98482],[110.34899,-6.98466],[110.34922,-6.98442],[110.34975,-6.98359],[110.34983,-6.98345],[110.34997,-6.98326],[110.35038,-6.9827],[110.35056,-6.98257],[110.35071,-6.9825],[110.35094,-6.9824],[110.35109,-6.98238],[110.35132,-6.9824],[110.3516,-6.98241],[110.35194,-6.98248],[110.35288,-6.98274],[110.35325,-6.98284],[110.35334,-6.98288],[110.35376,-6.98307],[110.35387,-6.98311],[110.35414,-6.9832],[110.35435,-6.9833],[110.35474,-6.98348],[110.35493,-6.98358],[110.35556,-6.98385],[110.35618,-6.98416],[110.35655,-6.98438],[110.35664,-6.98446],[110.35674,-6.98453],[110.35705,-6.98487],[110.35719,-6.98503],[110.35767,-6.98589],[110.3581,-6.98436],[110.35828,-6.9811],[110.35891,-6.97965],[110.35905,-6.97934],[110.35963,-6.978],[110.35993,-6.97744],[110.35994,-6.97743],[110.36013,-6.977],[110.36056,-6.97588],[110.36076,-6.9754],[110.36083,-6.9752],[110.36084,-6.97517],[110.36098,-6.97486],[110.36159,-6.97351],[110.36171,-6.97321],[110.36177,-6.9731],[110.3618,-6.97305],[110.36192,-6.97279],[110.36228,-6.972],[110.3625,-6.97117],[110.36266,-6.97065],[110.36267,-6.97063],[110.36284,-6.96981],[110.36312,-6.96894],[110.36337,-6.96794],[110.36342,-6.96771],[110.36282,-6.96756],[110.36283,-6.96754],[110.3629,-6.96682],[110.36287,-6.96641],[110.36279,-6.96608],[110.36274,-6.96579],[110.36269,-6.96543],[110.36267,-6.96539],[110.36257,-6.9651],[110.3624,-6.96455],[110.36243,-6.9644],[110.36254,-6.96418],[110.36268,-6.96394],[110.36284,-6.96364],[110.36289,-6.96316],[110.363,-6.96297],[110.36342,-6.96236],[110.3636,-6.96201],[110.36365,-6.96183],[110.36369,-6.9618],[110.36385,-6.96168],[110.36393,-6.96165],[110.36406,-6.96167],[110.36527,-6.96201],[110.36529,-6.96199],[110.36553,-6.9616],[110.36561,-6.96155],[110.36556,-6.96133],[110.36583,-6.96014],[110.36583,-6.96012],[110.36609,-6.95885],[110.36625,-6.95826],[110.36628,-6.95798],[110.36639,-6.95751],[110.3665,-6.95683],[110.36653,-6.9567],[110.36655,-6.95656],[110.36689,-6.95453]]]}}]}