{"type":"FeatureCollection","features":[{"type":"Feature","properties":{"name":"Jalan Simpang Lima","kelas":"primary","link":false},"geometry":{"type":"LineString","coordinates":[[110.42231,-6.9913],[110.42191,-6.99097],[110.42228,-6.99001]]}},{"type":"Feature","properties":{"name":"Jalan Mayor Jenderal Donald Isaac Panjaitan","kelas":"secondary","link":false},"geometry":{"type":"LineString","coordinates":[[110.41762,-6.98555],[110.42235,-6.98585],[110.43129,-6.9854]]}},{"type":"Feature","properties":{"name":"Jalan Pengapon","kelas":"trunk","link":false},"geometry":{"type":"LineString","coordinates":[[110.43498,-6.96209],[110.43843,-6.96016]]}},{"type":"Feature","properties":{"name":"Jalan MT. Haryono","kelas":"primary","link":false},"geometry":{"type":"LineString","coordinates":[[110.43097,-6.96712],[110.431,-6.96879]]}},{"type":"Feature","properties":{"name":"Jalan MT. Haryono","kelas":"primary","link":false},"geometry":{"type":"LineString","coordinates":[[110.43076,-6.96918],[110.431,-6.96879]]}},{"type":"Feature","properties":{"name":"Jalan Cendrawasih","kelas":"secondary","link":false},"geometry":{"type":"LineString","coordinates":[[110.43007,-6.96768],[110.4306,-6.96923]]}},{"type":"Feature","properties":{"name":"Jalan KH. Ahmad Dahlan","kelas":"secondary","link":false},"geometry":{"type":"LineString","coordinates":[[110.42389,-6.98959],[110.42446,-6.98971]]}},{"type":"Feature","properties":{"name":"Jalan Mayor Jenderal Sutoyo","kelas":"secondary","link":false},"geometry":{"type":"LineString","coordinates":[[110.43151,-6.98555],[110.42212,-6.98605],[110.41762,-6.9857]]}},{"type":"Feature","properties":{"name":"Jalan Ahmad Yani","kelas":"primary","link":false},"geometry":{"type":"LineString","coordinates":[[110.42381,-6.99026],[110.424,-6.99059],[110.42471,-6.99093]]}},{"type":"Feature","properties":{"name":"Jalan Letnan Jenderal Suprapto","kelas":"secondary","link":false},"geometry":{"type":"LineString","coordinates":[[110.43007,-6.96768],[110.42836,-6.96836],[110.42526,-6.96875]]}},{"type":"Feature","properties":{"name":"Jalan Empu Tantular","kelas":"primary","link":false},"geometry":{"type":"LineString","coordinates":[[110.42511,-6.96751],[110.42518,-6.9664]]}},{"type":"Feature","properties":{"name":"Jalan Mayor Jenderal M.T. Haryono","kelas":"trunk","link":false},"geometry":{"type":"LineString","coordinates":[[110.43205,-7.00468],[110.4331,-7.00219],[110.43315,-7.00088]]}},{"type":"Feature","properties":{"name":"","kelas":"trunk","link":false},"geometry":{"type":"LineString","coordinates":[[110.40926,-6.98368],[110.40976,-6.98368],[110.40998,-6.984]]}},{"type":"Feature","properties":{"name":"Jalan Pandanaran","kelas":"primary","link":false},"geometry":{"type":"LineString","coordinates":[[110.42228,-6.99001],[110.42179,-6.98958]]}},{"type":"Feature","properties":{"name":"Jalan Widoharjo","kelas":"trunk","link":false},"geometry":{"type":"LineString","coordinates":[[110.43281,-6.96603],[110.4339,-6.96841],[110.43396,-6.96969]]}},{"type":"Feature","properties":{"name":"Jalan Ki Mangunsarkoro","kelas":"secondary","link":false},"geometry":{"type":"LineString","coordinates":[[110.42899,-6.98607],[110.42943,-6.98759],[110.42954,-6.99024],[110.42937,-6.99159],[110.42875,-6.99295]]}},{"type":"Feature","properties":{"name":"Jalan Diponegoro","kelas":"primary","link":false},"geometry":{"type":"LineString","coordinates":[[110.41952,-6.99832],[110.41928,-6.99749]]}},{"type":"Feature","properties":{"name":"Jalan Pahlawan","kelas":"primary","link":false},"geometry":{"type":"LineString","coordinates":[[110.42269,-6.99149],[110.42168,-6.99303]]}},{"type":"Feature","properties":{"name":"Jalan Pahlawan","kelas":"primary","link":false},"geometry":{"type":"LineString","coordinates":[[110.42128,-6.99332],[110.42154,-6.99293]]}},{"type":"Feature","properties":{"name":"Jalan Tol Semarang","kelas":"motorway","link":false},"geometry":{"type":"LineString","coordinates":[[110.44982,-6.97205],[110.44924,-6.96842],[110.44925,-6.9675],[110.45104,-6.96294]]}},{"type":"Feature","properties":{"name":"","kelas":"motorway","link":true},"geometry":{"type":"LineString","coordinates":[[110.4537,-7.00039],[110.4534,-6.99839],[110.45213,-6.99779],[110.44884,-7.00241]]}},{"type":"Feature","properties":{"name":"Jalan Tol Semarang","kelas":"motorway","link":false},"geometry":{"type":"LineString","coordinates":[[110.4284,-7.03118],[110.42628,-7.03115],[110.42044,-7.03154],[110.41851,-7.03138]]}},{"type":"Feature","properties":{"name":"Jalan Citarum","kelas":"primary","link":false},"geometry":{"type":"LineString","coordinates":[[110.43396,-6.96969],[110.43703,-6.96993],[110.43862,-6.97038]]}},{"type":"Feature","properties":{"name":"Jalan MH. Thamrin","kelas":"secondary","link":false},"geometry":{"type":"LineString","coordinates":[[110.41658,-6.97787],[110.41751,-6.982]]}},{"type":"Feature","properties":{"name":"Jalan Pemuda","kelas":"secondary","link":false},"geometry":{"type":"LineString","coordinates":[[110.42526,-6.96875],[110.42519,-6.96877]]}},{"type":"Feature","properties":{"name":"Jalan MGR Soegiyopranoto","kelas":"trunk","link":false},"geometry":{"type":"LineString","coordinates":[[110.40498,-6.98253],[110.40223,-6.98126]]}},{"type":"Feature","properties":{"name":"Jalan Dokter Sutomo","kelas":"trunk","link":false},"geometry":{"type":"LineString","coordinates":[[110.40977,-6.98478],[110.40907,-6.98595]]}},{"type":"Feature","properties":{"name":"Jalan Diponegoro","kelas":"primary","link":false},"geometry":{"type":"LineString","coordinates":[[110.41952,-6.99832],[110.42035,-6.99969],[110.42034,-7.00015],[110.41989,-7.00092],[110.4194,-7.00115],[110.41854,-7.00093],[110.41643,-7.0015],[110.41608,-7.00189],[110.41678,-7.00361],[110.41742,-7.00654],[110.41733,-7.00708]]}},{"type":"Feature","properties":{"name":"Jalan Diponegoro","kelas":"primary","link":false},"geometry":{"type":"LineString","coordinates":[[110.41712,-7.00723],[110.41733,-7.00708]]}},{"type":"Feature","properties":{"name":"Jalan Kaligarang","kelas":"trunk","link":false},"geometry":{"type":"LineString","coordinates":[[110.40231,-6.99574],[110.40299,-6.99601],[110.40506,-6.99586],[110.40544,-6.9956],[110.40603,-6.9948],[110.40682,-6.99442]]}},{"type":"Feature","properties":{"name":"","kelas":"trunk","link":false},"geometry":{"type":"LineString","coordinates":[[110.38356,-6.98458],[110.38397,-6.98438],[110.3842,-6.98458]]}},{"type":"Feature","properties":{"name":"","kelas":"primary","link":true},"geometry":{"type":"LineString","coordinates":[[110.41541,-6.97795],[110.41565,-6.97815],[110.41509,-6.97887]]}},{"type":"Feature","properties":{"name":"Jalan Tanjung","kelas":"secondary","link":false},"geometry":{"type":"LineString","coordinates":[[110.41578,-6.97481],[110.41647,-6.97741]]}},{"type":"Feature","properties":{"name":"Jalan Ronggowarsito","kelas":"trunk","link":false},"geometry":{"type":"LineString","coordinates":[[110.43097,-6.96712],[110.43089,-6.96431]]}},{"type":"Feature","properties":{"name":"Jalan Raden Patah","kelas":"trunk","link":false},"geometry":{"type":"LineString","coordinates":[[110.43914,-6.96216],[110.43532,-6.96449]]}},{"type":"Feature","properties":{"name":"Jalan Pattimura","kelas":"primary","link":false},"geometry":{"type":"LineString","coordinates":[[110.43132,-6.96978],[110.43396,-6.96969]]}},{"type":"Feature","properties":{"name":"","kelas":"primary","link":false},"geometry":{"type":"LineString","coordinates":[[110.43106,-6.96958],[110.43132,-6.96978]]}},{"type":"Feature","properties":{"name":"Jalan Mentri Supeno","kelas":"secondary","link":false},"geometry":{"type":"LineString","coordinates":[[110.42094,-6.99291],[110.41945,-6.99315]]}},{"type":"Feature","properties":{"name":"Jalan Dokter Kariadi","kelas":"secondary","link":false},"geometry":{"type":"LineString","coordinates":[[110.40809,-6.99581],[110.40835,-6.99612]]}},{"type":"Feature","properties":{"name":"Jalan Kyai Saleh","kelas":"secondary","link":false},"geometry":{"type":"LineString","coordinates":[[110.41403,-6.98847],[110.41417,-6.99051],[110.41376,-6.99328]]}},{"type":"Feature","properties":{"name":"Jalan Mayor Jenderal MT. Haryono","kelas":"trunk","link":false},"geometry":{"type":"LineString","coordinates":[[110.43328,-7.0017],[110.43303,-7.00279],[110.43218,-7.00471]]}},{"type":"Feature","properties":{"name":"Jalan Sultan Agung","kelas":"trunk","link":false},"geometry":{"type":"LineString","coordinates":[[110.41954,-7.02476],[110.42011,-7.02383],[110.42025,-7.02302]]}},{"type":"Feature","properties":{"name":"Jalan Gombel Lama","kelas":"trunk","link":false},"geometry":{"type":"LineString","coordinates":[[110.42154,-7.04368],[110.42152,-7.04282],[110.41955,-7.04071],[110.41796,-7.03777]]}},{"type":"Feature","properties":{"name":"Jalan Kaligawe Raya","kelas":"trunk","link":false},"geometry":{"type":"LineString","coordinates":[[110.43991,-6.96067],[110.44033,-6.9605]]}},{"type":"Feature","properties":{"name":"Jalan Kaligawe Raya","kelas":"trunk","link":false},"geometry":{"type":"LineString","coordinates":[[110.44263,-6.95976],[110.44425,-6.95916]]}},{"type":"Feature","properties":{"name":"Jalan Raya Semarang-Demak","kelas":"trunk","link":false},"geometry":{"type":"LineString","coordinates":[[110.48077,-6.95132],[110.48556,-6.94952]]}},{"type":"Feature","properties":{"name":"Jalan Raya Semarang-Demak","kelas":"trunk","link":false},"geometry":{"type":"LineString","coordinates":[[110.50637,-6.94244],[110.49763,-6.9452],[110.48593,-6.94948]]}},{"type":"Feature","properties":{"name":"Jalan Merak","kelas":"primary","link":false},"geometry":{"type":"LineString","coordinates":[[110.42626,-6.96609],[110.42793,-6.96607],[110.4293,-6.96527]]}},{"type":"Feature","properties":{"name":"Jalan Dokter Sutomo","kelas":"trunk","link":false},"geometry":{"type":"LineString","coordinates":[[110.40882,-6.98636],[110.40949,-6.98501],[110.40945,-6.98472]]}},{"type":"Feature","properties":{"name":"Jalan Dokter Sutomo","kelas":"trunk","link":false},"geometry":{"type":"LineString","coordinates":[[110.40833,-6.98727],[110.40806,-6.98815],[110.4063,-6.99113],[110.40625,-6.99144]]}},{"type":"Feature","properties":{"name":"Jalan Gajah Mada","kelas":"secondary","link":false},"geometry":{"type":"LineString","coordinates":[[110.42262,-6.98926],[110.42282,-6.9884]]}},{"type":"Feature","properties":{"name":"Jalan Kawi Raya","kelas":"secondary","link":false},"geometry":{"type":"LineString","coordinates":[[110.41757,-7.00752],[110.41726,-7.00755]]}},{"type":"Feature","properties":{"name":"Jalan Sriwijaya","kelas":"secondary","link":true},"geometry":{"type":"LineString","coordinates":[[110.41979,-6.99764],[110.41942,-6.99805]]}},{"type":"Feature","properties":{"name":"Jalan Sriwijaya","kelas":"secondary","link":false},"geometry":{"type":"LineString","coordinates":[[110.43201,-7.00483],[110.43161,-7.00477]]}},{"type":"Feature","properties":{"name":"Jalan Tentara Pelajar","kelas":"secondary","link":false},"geometry":{"type":"LineString","coordinates":[[110.43252,-7.0085],[110.43391,-7.00918],[110.43648,-7.00928],[110.44061,-7.0104]]}},{"type":"Feature","properties":{"name":"Jalan Setiabudi","kelas":"trunk","link":false},"geometry":{"type":"LineString","coordinates":[[110.41755,-7.03468],[110.41787,-7.03533],[110.41915,-7.03613],[110.42016,-7.03736],[110.42099,-7.03873],[110.42131,-7.0401],[110.42208,-7.04101],[110.42222,-7.04146],[110.42216,-7.04254],[110.42173,-7.0437]]}},{"type":"Feature","properties":{"name":"Jalan Tol Semarang","kelas":"motorway","link":true},"geometry":{"type":"LineString","coordinates":[[110.43153,-7.03318],[110.42992,-7.03156],[110.4284,-7.03118]]}},{"type":"Feature","properties":{"name":"","kelas":"motorway","link":true},"geometry":{"type":"LineString","coordinates":[[110.4214,-7.03151],[110.41821,-7.03157]]}},{"type":"Feature","properties":{"name":"Jalan Untung Suropati","kelas":"secondary","link":false},"geometry":{"type":"LineString","coordinates":[[110.38199,-7.01124],[110.38268,-7.01101]]}},{"type":"Feature","properties":{"name":"","kelas":"motorway","link":true},"geometry":{"type":"LineString","coordinates":[[110.41394,-7.03088],[110.41766,-7.03092]]}},{"type":"Feature","properties":{"name":"Jalan Tol Semarang","kelas":"motorway","link":true},"geometry":{"type":"LineString","coordinates":[[110.42805,-7.03105],[110.43053,-7.03075],[110.43186,-7.02886]]}},{"type":"Feature","properties":{"name":"Jalan Tol Semarang","kelas":"motorway","link":false},"geometry":{"type":"LineString","coordinates":[[110.43343,-7.05021],[110.43471,-7.04707],[110.43491,-7.04551],[110.43305,-7.03695],[110.43235,-7.03472]]}},{"type":"Feature","properties":{"name":"Jalan Pemuda","kelas":"primary","link":false},"geometry":{"type":"LineString","coordinates":[[110.42183,-6.97211],[110.42005,-6.97392]]}},{"type":"Feature","properties":{"name":"Jalan Kolonel Sugiono","kelas":"secondary","link":false},"geometry":{"type":"LineString","coordinates":[[110.42228,-6.96824],[110.42314,-6.96816]]}},{"type":"Feature","properties":{"name":"Jalan Tol Semarang","kelas":"motorway","link":false},"geometry":{"type":"LineString","coordinates":[[110.45003,-6.97253],[110.45094,-6.97881]]}},{"type":"Feature","properties":{"name":"Jalan Tol Semarang","kelas":"motorway","link":true},"geometry":{"type":"LineString","coordinates":[[110.43275,-7.02628],[110.43261,-7.02792],[110.43365,-7.02982],[110.43295,-7.03091],[110.43165,-7.03124]]}},{"type":"Feature","properties":{"name":"","kelas":"motorway","link":true},"geometry":{"type":"LineString","coordinates":[[110.45156,-6.99802],[110.45218,-6.99761],[110.45416,-6.99771],[110.45536,-6.99859],[110.45535,-6.99976],[110.45324,-7.00225]]}},{"type":"Feature","properties":{"name":"","kelas":"motorway","link":true},"geometry":{"type":"LineString","coordinates":[[110.4515,-6.99798],[110.45317,-6.99688],[110.45313,-6.99498]]}},{"type":"Feature","properties":{"name":"","kelas":"motorway","link":true},"geometry":{"type":"LineString","coordinates":[[110.45376,-6.99855],[110.4541,-6.99987],[110.45487,-7.00008],[110.45538,-6.99939],[110.45503,-6.9982],[110.45246,-6.99766],[110.45182,-6.99789],[110.45037,-7.00018]]}},{"type":"Feature","properties":{"name":"Jalan MGR Soegiyopranoto","kelas":"trunk","link":false},"geometry":{"type":"LineString","coordinates":[[110.40297,-6.98128],[110.40223,-6.98126]]}},{"type":"Feature","properties":{"name":"","kelas":"trunk","link":false},"geometry":{"type":"LineString","coordinates":[[110.39057,-6.96241],[110.39078,-6.96222],[110.39101,-6.96238]]}},{"type":"Feature","properties":{"name":"Jalan Dokter Cipto","kelas":"trunk","link":false},"geometry":{"type":"LineString","coordinates":[[110.43461,-6.97428],[110.43523,-6.97769],[110.43504,-6.98095]]}},{"type":"Feature","properties":{"name":"Jalan Citarum","kelas":"primary","link":false},"geometry":{"type":"LineString","coordinates":[[110.43862,-6.97038],[110.43876,-6.97042]]}},{"type":"Feature","properties":{"name":"","kelas":"primary","link":false},"geometry":{"type":"LineString","coordinates":[[110.42922,-6.96514],[110.42951,-6.96502]]}},{"type":"Feature","properties":{"name":"Jalan Batan Selatan","kelas":"secondary","link":false},"geometry":{"type":"LineString","coordinates":[[110.4142,-6.9848],[110.41762,-6.98555]]}},{"type":"Feature","properties":{"name":"Jalan Pekunden Tengah","kelas":"secondary","link":false},"geometry":{"type":"LineString","coordinates":[[110.41762,-6.9857],[110.41417,-6.98497]]}},{"type":"Feature","properties":{"name":"Jalan Pekunden","kelas":"secondary","link":false},"geometry":{"type":"LineString","coordinates":[[110.41386,-6.98645],[110.41417,-6.98497]]}},{"type":"Feature","properties":{"name":"Jalan Brigadir Jenderal Katamso","kelas":"primary","link":false},"geometry":{"type":"LineString","coordinates":[[110.43745,-6.99647],[110.43853,-6.99694]]}},{"type":"Feature","properties":{"name":"Jalan Kompol Maksum","kelas":"trunk","link":false},"geometry":{"type":"LineString","coordinates":[[110.43391,-6.99504],[110.43336,-7.00097]]}},{"type":"Feature","properties":{"name":"Jalan Dokter Kariadi","kelas":"secondary","link":false},"geometry":{"type":"LineString","coordinates":[[110.40988,-6.99563],[110.41143,-6.99381],[110.41376,-6.99328]]}},{"type":"Feature","properties":{"name":"Jalan Dokter Kariadi","kelas":"secondary","link":false},"geometry":{"type":"LineString","coordinates":[[110.40975,-6.9958],[110.40835,-6.99612]]}},{"type":"Feature","properties":{"name":"Jalan Pamularsih","kelas":"trunk","link":false},"geometry":{"type":"LineString","coordinates":[[110.39425,-6.98909],[110.39752,-6.99112],[110.39868,-6.992],[110.39899,-6.99243]]}},{"type":"Feature","properties":{"name":"Jalan Indraprasta","kelas":"primary","link":false},"geometry":{"type":"LineString","coordinates":[[110.40449,-6.97957],[110.40611,-6.97889],[110.40837,-6.9784],[110.41011,-6.97824],[110.41165,-6.97856]]}},{"type":"Feature","properties":{"name":"Jalan MGR Soegiyopranoto","kelas":"trunk","link":false},"geometry":{"type":"LineString","coordinates":[[110.40223,-6.98126],[110.40148,-6.98108]]}},{"type":"Feature","properties":{"name":"Jalan Arteri Utara","kelas":"trunk","link":false},"geometry":{"type":"LineString","coordinates":[[110.39885,-6.95467],[110.40041,-6.95412],[110.40225,-6.95401]]}},{"type":"Feature","properties":{"name":"Jalan Papandayan","kelas":"secondary","link":false},"geometry":{"type":"LineString","coordinates":[[110.39979,-7.01088],[110.39983,-7.00981],[110.40047,-7.00992],[110.40644,-7.01346],[110.40848,-7.01425],[110.40936,-7.0142]]}},{"type":"Feature","properties":{"name":"Jalan Menoreh Raya","kelas":"secondary","link":false},"geometry":{"type":"LineString","coordinates":[[110.39637,-7.00893],[110.39555,-7.00866]]}},{"type":"Feature","properties":{"name":"Jalan Menoreh Raya","kelas":"secondary","link":false},"geometry":{"type":"LineString","coordinates":[[110.38946,-7.01611],[110.38937,-7.01646]]}},{"type":"Feature","properties":{"name":"Jalan Kelud Raya","kelas":"secondary","link":false},"geometry":{"type":"LineString","coordinates":[[110.40236,-6.99578],[110.40155,-6.99857],[110.40164,-6.99917],[110.40243,-7.00014],[110.40232,-7.00097],[110.40085,-7.00282],[110.39771,-7.00449]]}},{"type":"Feature","properties":{"name":"Jalan Kaligarang","kelas":"trunk","link":true},"geometry":{"type":"LineString","coordinates":[[110.40262,-6.996],[110.40216,-6.99626]]}},{"type":"Feature","properties":{"name":"Jalan Gendingan","kelas":"secondary","link":false},"geometry":{"type":"LineString","coordinates":[[110.42002,-6.97381],[110.41955,-6.97125]]}},{"type":"Feature","properties":{"name":"Jalan Sultan Agung","kelas":"trunk","link":true},"geometry":{"type":"LineString","coordinates":[[110.42025,-7.02302],[110.42087,-7.02351]]}},{"type":"Feature","properties":{"name":"Jalan Pandanaran II","kelas":"secondary","link":false},"geometry":{"type":"LineString","coordinates":[[110.41965,-6.98967],[110.42004,-6.99147]]}},{"type":"Feature","properties":{"name":"Jalan Brigadir Jenderal Sudiarto","kelas":"primary","link":false},"geometry":{"type":"LineString","coordinates":[[110.43853,-6.99694],[110.43913,-6.99721]]}},{"type":"Feature","properties":{"name":"","kelas":"primary","link":true},"geometry":{"type":"LineString","coordinates":[[110.42398,-6.96984],[110.42383,-6.96962]]}},{"type":"Feature","properties":{"name":"Jalan Imam Bonjol","kelas":"primary","link":false},"geometry":{"type":"LineString","coordinates":[[110.42241,-6.96991],[110.42383,-6.96962],[110.42469,-6.96886]]}},{"type":"Feature","properties":{"name":"Jalan Pemuda","kelas":"primary","link":false},"geometry":{"type":"LineString","coordinates":[[110.41597,-6.97785],[110.41656,-6.97778]]}},{"type":"Feature","properties":{"name":"Jalan Pemuda","kelas":"primary","link":false},"geometry":{"type":"LineString","coordinates":[[110.41658,-6.97787],[110.41592,-6.97816]]}},{"type":"Feature","properties":{"name":"Jalan Pemuda","kelas":"primary","link":false},"geometry":{"type":"LineString","coordinates":[[110.41509,-6.97887],[110.41422,-6.9797]]}},{"type":"Feature","properties":{"name":"Jalan Woltermonginsidi","kelas":"primary","link":false},"geometry":{"type":"LineString","coordinates":[[110.47056,-7.00584],[110.47063,-7.00358],[110.47247,-7.00034],[110.47249,-6.99871],[110.47288,-6.99705]]}},{"type":"Feature","properties":{"name":"Jalan Gatot Subroto","kelas":"trunk","link":false},"geometry":{"type":"LineString","coordinates":[[110.41227,-7.11839],[110.41304,-7.11666],[110.41321,-7.11587],[110.41295,-7.1142],[110.41232,-7.11214],[110.41279,-7.10976],[110.4126,-7.10878]]}},{"type":"Feature","properties":{"name":"Jalan Walisongo","kelas":"trunk","link":false},"geometry":{"type":"LineString","coordinates":[[110.3324,-6.97833],[110.33409,-6.98016]]}},{"type":"Feature","properties":{"name":"Flyover Ahmad Yani","kelas":"trunk","link":false},"geometry":{"type":"LineString","coordinates":[[110.39274,-6.96231],[110.38649,-6.96305]]}},{"type":"Feature","properties":{"name":"Jalan Wonodri Krajan III","kelas":"secondary","link":false},"geometry":{"type":"LineString","coordinates":[[110.42801,-7.00018],[110.43305,-7.00074]]}},{"type":"Feature","properties":{"name":"Jalan Singosari Raya","kelas":"secondary","link":false},"geometry":{"type":"LineString","coordinates":[[110.42451,-7.00115],[110.42642,-7.0003],[110.42801,-7.00018]]}},{"type":"Feature","properties":{"name":"Jalan Kartini","kelas":"secondary","link":false},"geometry":{"type":"LineString","coordinates":[[110.43159,-6.98539],[110.43166,-6.98539]]}},{"type":"Feature","properties":{"name":"Jalan Taman Siswa","kelas":"secondary","link":false},"geometry":{"type":"LineString","coordinates":[[110.39083,-7.04484],[110.3945,-7.04624],[110.39509,-7.04841]]}},{"type":"Feature","properties":{"name":"","kelas":"trunk","link":true},"geometry":{"type":"LineString","coordinates":[[110.41375,-7.06084],[110.41401,-7.0611]]}},{"type":"Feature","properties":{"name":"Jalan Pandanaran","kelas":"primary","link":true},"geometry":{"type":"LineString","coordinates":[[110.41482,-6.98682],[110.41384,-6.98687]]}},{"type":"Feature","properties":{"name":"Jalan Tol Semarang","kelas":"motorway","link":true},"geometry":{"type":"LineString","coordinates":[[110.42805,-7.03105],[110.43108,-7.03114]]}},{"type":"Feature","properties":{"name":"Jalan Tol Semarang","kelas":"motorway","link":true},"geometry":{"type":"LineString","coordinates":[[110.43165,-7.03124],[110.43108,-7.03123]]}},{"type":"Feature","properties":{"name":"Jalan Tol Semarang","kelas":"motorway","link":true},"geometry":{"type":"LineString","coordinates":[[110.43164,-7.03115],[110.43294,-7.03082],[110.43359,-7.02963],[110.43267,-7.02881],[110.43171,-7.02986]]}},{"type":"Feature","properties":{"name":"Jalan Tol Semarang","kelas":"motorway","link":true},"geometry":{"type":"LineString","coordinates":[[110.43108,-7.03123],[110.4284,-7.03118]]}},{"type":"Feature","properties":{"name":"Jalan Tol Semarang","kelas":"motorway","link":true},"geometry":{"type":"LineString","coordinates":[[110.43108,-7.03114],[110.43164,-7.03115]]}},{"type":"Feature","properties":{"name":"","kelas":"secondary","link":false},"geometry":{"type":"LineString","coordinates":[[110.40391,-7.1196],[110.40405,-7.1194]]}},{"type":"Feature","properties":{"name":"","kelas":"secondary","link":false},"geometry":{"type":"LineString","coordinates":[[110.49998,-7.06392],[110.50063,-7.0634],[110.50148,-7.06344],[110.50273,-7.06156],[110.50384,-7.05978],[110.50575,-7.05483],[110.50809,-7.05056],[110.5095,-7.05038],[110.50993,-7.05003],[110.51056,-7.04847],[110.51074,-7.04702],[110.51186,-7.0471],[110.51289,-7.04588],[110.51421,-7.04564],[110.5146,-7.04456],[110.51578,-7.04468],[110.51594,-7.04249],[110.51477,-7.04064],[110.51218,-7.03024],[110.5125,-7.02705],[110.51308,-7.02535]]}},{"type":"Feature","properties":{"name":"","kelas":"secondary","link":false},"geometry":{"type":"LineString","coordinates":[[110.49843,-7.06741],[110.49843,-7.06716]]}},{"type":"Feature","properties":{"name":"","kelas":"secondary","link":false},"geometry":{"type":"LineString","coordinates":[[110.49963,-7.06393],[110.49998,-7.06392]]}},{"type":"Feature","properties":{"name":"Jalan Sambung Timur Raya","kelas":"secondary","link":false},"geometry":{"type":"LineString","coordinates":[[110.49843,-7.06716],[110.49837,-7.06633],[110.49909,-7.06537],[110.49925,-7.06401],[110.49963,-7.06393]]}},{"type":"Feature","properties":{"name":"Jalan Raya Semarang-Demak","kelas":"trunk","link":false},"geometry":{"type":"LineString","coordinates":[[110.48559,-6.94961],[110.48081,-6.95141]]}},{"type":"Feature","properties":{"name":"Jalan Raya Semarang-Demak","kelas":"trunk","link":false},"geometry":{"type":"LineString","coordinates":[[110.48593,-6.94948],[110.48559,-6.94961]]}},{"type":"Feature","properties":{"name":"","kelas":"secondary","link":false},"geometry":{"type":"LineString","coordinates":[[110.48494,-7.0383],[110.48435,-7.03814]]}},{"type":"Feature","properties":{"name":"Jalan Raya Semarang-Demak","kelas":"trunk","link":false},"geometry":{"type":"LineString","coordinates":[[110.48556,-6.94952],[110.48588,-6.9494]]}},{"type":"Feature","properties":{"name":"","kelas":"secondary","link":false},"geometry":{"type":"LineString","coordinates":[[110.48541,-7.03843],[110.48528,-7.03839]]}},{"type":"Feature","properties":{"name":"Jalan Raya Semarang-Demak","kelas":"trunk","link":false},"geometry":{"type":"LineString","coordinates":[[110.48588,-6.9494],[110.49763,-6.9451],[110.5063,-6.94236]]}},{"type":"Feature","properties":{"name":"Jalan Tol Semarang","kelas":"motorway","link":false},"geometry":{"type":"LineString","coordinates":[[110.45142,-7.00442],[110.45073,-7.0051]]}},{"type":"Feature","properties":{"name":"Jalan Tol Semarang","kelas":"motorway","link":false},"geometry":{"type":"LineString","coordinates":[[110.45104,-6.97963],[110.4525,-6.98974]]}},{"type":"Feature","properties":{"name":"Jalan Tol Semarang","kelas":"motorway","link":false},"geometry":{"type":"LineString","coordinates":[[110.45083,-6.9788],[110.44982,-6.97205]]}},{"type":"Feature","properties":{"name":"Jalan Soekarno-Hatta","kelas":"primary","link":false},"geometry":{"type":"LineString","coordinates":[[110.44397,-6.97415],[110.44127,-6.97137]]}},{"type":"Feature","properties":{"name":"Jalan Tol Semarang","kelas":"motorway","link":false},"geometry":{"type":"LineString","coordinates":[[110.45171,-7.00397],[110.45299,-7.00246],[110.45354,-7.00122],[110.45376,-6.99946],[110.45355,-6.99787]]}},{"type":"Feature","properties":{"name":"Jalan Tol Semarang","kelas":"motorway","link":false},"geometry":{"type":"LineString","coordinates":[[110.45366,-6.99789],[110.45386,-6.99966],[110.45364,-7.00128],[110.45301,-7.00265],[110.45179,-7.00404]]}},{"type":"Feature","properties":{"name":"Jalan Kaligarang","kelas":"trunk","link":false},"geometry":{"type":"LineString","coordinates":[[110.40165,-6.99527],[110.40231,-6.99574]]}},{"type":"Feature","properties":{"name":"Jalan Tol Semarang","kelas":"motorway","link":false},"geometry":{"type":"LineString","coordinates":[[110.4535,-6.99754],[110.45243,-6.99008]]}},{"type":"Feature","properties":{"name":"Jalan Tol Semarang","kelas":"motorway","link":false},"geometry":{"type":"LineString","coordinates":[[110.45134,-7.00435],[110.45171,-7.00397]]}},{"type":"Feature","properties":{"name":"Jalan Tol Semarang","kelas":"motorway","link":false},"geometry":{"type":"LineString","coordinates":[[110.45355,-6.99787],[110.4535,-6.99754]]}},{"type":"Feature","properties":{"name":"Jalan Soekarno-Hatta","kelas":"primary","link":false},"geometry":{"type":"LineString","coordinates":[[110.45799,-6.99104],[110.45623,-6.98881],[110.45195,-6.98015],[110.45117,-6.97936],[110.44397,-6.97415]]}},{"type":"Feature","properties":{"name":"Jalan MGR Soegiyopranoto","kelas":"trunk","link":false},"geometry":{"type":"LineString","coordinates":[[110.40152,-6.98089],[110.40221,-6.98103]]}},{"type":"Feature","properties":{"name":"Jalan Arteri Utara","kelas":"trunk","link":false},"geometry":{"type":"LineString","coordinates":[[110.39727,-6.95527],[110.39885,-6.95467]]}},{"type":"Feature","properties":{"name":"Jalan Tol Semarang","kelas":"motorway","link":false},"geometry":{"type":"LineString","coordinates":[[110.45179,-7.00404],[110.45142,-7.00442]]}},{"type":"Feature","properties":{"name":"Jalan Tol Semarang","kelas":"motorway","link":false},"geometry":{"type":"LineString","coordinates":[[110.45094,-6.97881],[110.45104,-6.97963]]}},{"type":"Feature","properties":{"name":"Jalan Tol Semarang","kelas":"motorway","link":false},"geometry":{"type":"LineString","coordinates":[[110.45096,-6.97962],[110.45083,-6.9788]]}},{"type":"Feature","properties":{"name":"Jalan Tol Semarang","kelas":"motorway","link":false},"geometry":{"type":"LineString","coordinates":[[110.45361,-6.99756],[110.45366,-6.99789]]}},{"type":"Feature","properties":{"name":"Jalan Arteri Utara","kelas":"trunk","link":false},"geometry":{"type":"LineString","coordinates":[[110.40804,-6.95314],[110.40883,-6.95295]]}},{"type":"Feature","properties":{"name":"Jalan Tol Semarang","kelas":"motorway","link":false},"geometry":{"type":"LineString","coordinates":[[110.38668,-7.01445],[110.38191,-7.01078],[110.37547,-7.00376],[110.37474,-7.00327],[110.37238,-7.00253],[110.3716,-7.00193]]}},{"type":"Feature","properties":{"name":"Jalan Tol Semarang","kelas":"motorway","link":false},"geometry":{"type":"LineString","coordinates":[[110.38673,-7.01435],[110.38863,-7.01578]]}},{"type":"Feature","properties":{"name":"Jalan Arteri Utara","kelas":"trunk","link":false},"geometry":{"type":"LineString","coordinates":[[110.3876,-6.97756],[110.38749,-6.97502],[110.38791,-6.97345],[110.38878,-6.97229],[110.39233,-6.96904],[110.39315,-6.96775],[110.3936,-6.96635]]}},{"type":"Feature","properties":{"name":"Jalan Kaligawe Raya","kelas":"trunk","link":false},"geometry":{"type":"LineString","coordinates":[[110.44083,-6.96032],[110.4411,-6.96024]]}},{"type":"Feature","properties":{"name":"Jalan Gajah Mada","kelas":"secondary","link":false},"geometry":{"type":"LineString","coordinates":[[110.4213,-6.9804],[110.42005,-6.97392]]}},{"type":"Feature","properties":{"name":"Jalan Kaligawe Raya","kelas":"trunk","link":false},"geometry":{"type":"LineString","coordinates":[[110.4411,-6.96024],[110.44206,-6.95994]]}},{"type":"Feature","properties":{"name":"Jalan Gajah Mada","kelas":"secondary","link":false},"geometry":{"type":"LineString","coordinates":[[110.42238,-6.98601],[110.42235,-6.98585]]}},{"type":"Feature","properties":{"name":"Jalan K.H. Agus Salim","kelas":"secondary","link":false},"geometry":{"type":"LineString","coordinates":[[110.4256,-6.97146],[110.42538,-6.97145]]}},{"type":"Feature","properties":{"name":"Jalan Kaligawe Raya","kelas":"trunk","link":false},"geometry":{"type":"LineString","coordinates":[[110.44267,-6.95988],[110.44209,-6.96006]]}},{"type":"Feature","properties":{"name":"Jalan M.H. Thamrin","kelas":"secondary","link":false},"geometry":{"type":"LineString","coordinates":[[110.41762,-6.98556],[110.41762,-6.98568]]}},{"type":"Feature","properties":{"name":"Jalan Pemuda","kelas":"primary","link":false},"geometry":{"type":"LineString","coordinates":[[110.42519,-6.96877],[110.42498,-6.96891]]}},{"type":"Feature","properties":{"name":"Jalan Komdor Laut Yos Sudarso","kelas":"trunk","link":false},"geometry":{"type":"LineString","coordinates":[[110.44732,-6.95084],[110.44455,-6.94948],[110.44303,-6.94945]]}},{"type":"Feature","properties":{"name":"Jalan M.H. Thamrin","kelas":"secondary","link":false},"geometry":{"type":"LineString","coordinates":[[110.41764,-6.98623],[110.41751,-6.98692]]}},{"type":"Feature","properties":{"name":"Jalan Komdor Laut Yos Sudarso","kelas":"trunk","link":false},"geometry":{"type":"LineString","coordinates":[[110.44865,-6.95152],[110.44732,-6.95084]]}},{"type":"Feature","properties":{"name":"Jalan Kaligawe Raya","kelas":"trunk","link":false},"geometry":{"type":"LineString","coordinates":[[110.44206,-6.95994],[110.44263,-6.95976]]}},{"type":"Feature","properties":{"name":"Jalan Woltermonginsidi","kelas":"primary","link":false},"geometry":{"type":"LineString","coordinates":[[110.47446,-6.98627],[110.47454,-6.98551],[110.47423,-6.98442],[110.47475,-6.98379]]}},{"type":"Feature","properties":{"name":"Jalan Gajah Mada","kelas":"secondary","link":false},"geometry":{"type":"LineString","coordinates":[[110.42235,-6.98585],[110.42138,-6.98096]]}},{"type":"Feature","properties":{"name":"Jalan K.H. Agus Salim","kelas":"secondary","link":false},"geometry":{"type":"LineString","coordinates":[[110.42404,-6.97136],[110.42279,-6.97114]]}},{"type":"Feature","properties":{"name":"Jalan Kaligawe Raya","kelas":"trunk","link":false},"geometry":{"type":"LineString","coordinates":[[110.44209,-6.96006],[110.44112,-6.96036]]}},{"type":"Feature","properties":{"name":"Jalan Komdor Laut Yos Sudarso","kelas":"trunk","link":false},"geometry":{"type":"LineString","coordinates":[[110.44303,-6.94945],[110.43928,-6.95085]]}},{"type":"Feature","properties":{"name":"Jalan Kaligawe Raya","kelas":"trunk","link":false},"geometry":{"type":"LineString","coordinates":[[110.44112,-6.96036],[110.44087,-6.96044]]}},{"type":"Feature","properties":{"name":"Jalan Imam Bonjol","kelas":"primary","link":false},"geometry":{"type":"LineString","coordinates":[[110.42485,-6.96871],[110.42508,-6.96855]]}},{"type":"Feature","properties":{"name":"Jalan MH. Thamrin","kelas":"secondary","link":false},"geometry":{"type":"LineString","coordinates":[[110.41751,-6.982],[110.41751,-6.98206]]}},{"type":"Feature","properties":{"name":"Jalan Arteri Utara","kelas":"trunk","link":false},"geometry":{"type":"LineString","coordinates":[[110.43928,-6.95085],[110.43684,-6.95187],[110.43573,-6.95265],[110.43248,-6.95381]]}},{"type":"Feature","properties":{"name":"Jalan Tol Semarang","kelas":"motorway","link":false},"geometry":{"type":"LineString","coordinates":[[110.45155,-6.95512],[110.45144,-6.95474]]}},{"type":"Feature","properties":{"name":"Jalan M.H. Thamrin","kelas":"secondary","link":false},"geometry":{"type":"LineString","coordinates":[[110.41751,-6.98206],[110.41762,-6.98555]]}},{"type":"Feature","properties":{"name":"Jalan Kaligawe Raya","kelas":"trunk","link":false},"geometry":{"type":"LineString","coordinates":[[110.44087,-6.96044],[110.43994,-6.96079],[110.43975,-6.96135]]}},{"type":"Feature","properties":{"name":"","kelas":"trunk","link":false},"geometry":{"type":"LineString","coordinates":[[110.43248,-6.95381],[110.42712,-6.95571]]}},{"type":"Feature","properties":{"name":"Jalan Pemuda","kelas":"primary","link":false},"geometry":{"type":"LineString","coordinates":[[110.42498,-6.96891],[110.42385,-6.96994]]}},{"type":"Feature","properties":{"name":"Jalan Gajah Mada","kelas":"secondary","link":false},"geometry":{"type":"LineString","coordinates":[[110.42133,-6.98056],[110.4213,-6.9804]]}},{"type":"Feature","properties":{"name":"Jalan Imam Bonjol","kelas":"primary","link":false},"geometry":{"type":"LineString","coordinates":[[110.42508,-6.96855],[110.42514,-6.96852]]}},{"type":"Feature","properties":{"name":"Jalan Kedungmundu","kelas":"secondary","link":false},"geometry":{"type":"LineString","coordinates":[[110.44505,-7.01156],[110.44759,-7.01272],[110.45197,-7.01368],[110.45496,-7.01729],[110.45639,-7.0202]]}},{"type":"Feature","properties":{"name":"Jalan Kedungmundu","kelas":"secondary","link":false},"geometry":{"type":"LineString","coordinates":[[110.44499,-7.01159],[110.4447,-7.01144]]}},{"type":"Feature","properties":{"name":"Jalan Gajah Raya","kelas":"secondary","link":false},"geometry":{"type":"LineString","coordinates":[[110.44488,-6.99992],[110.44608,-6.99728],[110.44643,-6.99485],[110.44769,-6.99138],[110.44814,-6.98592]]}},{"type":"Feature","properties":{"name":"Jalan Lamper Tengah","kelas":"secondary","link":false},"geometry":{"type":"LineString","coordinates":[[110.44203,-7.01077],[110.44207,-7.00972],[110.44392,-7.00331]]}},{"type":"Feature","properties":{"name":"Jalan Imam Bonjol","kelas":"primary","link":false},"geometry":{"type":"LineString","coordinates":[[110.40926,-6.98368],[110.40962,-6.98308]]}},{"type":"Feature","properties":{"name":"Jalan Kapten Piere Tendean","kelas":"primary","link":false},"geometry":{"type":"LineString","coordinates":[[110.41165,-6.97856],[110.41384,-6.97824]]}},{"type":"Feature","properties":{"name":"Jalan Pandanaran","kelas":"primary","link":false},"geometry":{"type":"LineString","coordinates":[[110.40994,-6.9843],[110.41015,-6.98479]]}},{"type":"Feature","properties":{"name":"Jalan Mentri Supeno","kelas":"secondary","link":true},"geometry":{"type":"LineString","coordinates":[[110.41945,-6.99315],[110.41929,-6.99291]]}},{"type":"Feature","properties":{"name":"Jalan KH. Ahmad Dahlan","kelas":"secondary","link":false},"geometry":{"type":"LineString","coordinates":[[110.42899,-6.98607],[110.42853,-6.98592]]}},{"type":"Feature","properties":{"name":"Jalan Tegalsari Raya","kelas":"secondary","link":false},"geometry":{"type":"LineString","coordinates":[[110.42672,-7.01059],[110.42674,-7.00802],[110.42792,-7.00522]]}},{"type":"Feature","properties":{"name":"Jalan Taman Singosari","kelas":"secondary","link":false},"geometry":{"type":"LineString","coordinates":[[110.42399,-7.00079],[110.42451,-7.00115]]}},{"type":"Feature","properties":{"name":"Jalan Pahlawan","kelas":"primary","link":true},"geometry":{"type":"LineString","coordinates":[[110.41957,-6.99706],[110.41944,-6.99702]]}},{"type":"Feature","properties":{"name":"Jalan Tri Lomba Juang","kelas":"secondary","link":false},"geometry":{"type":"LineString","coordinates":[[110.41747,-6.98761],[110.41729,-6.98813],[110.41695,-6.988]]}},{"type":"Feature","properties":{"name":"Jalan Gajah Mada","kelas":"secondary","link":false},"geometry":{"type":"LineString","coordinates":[[110.42279,-6.98827],[110.42238,-6.98604]]}},{"type":"Feature","properties":{"name":"Jalan Karangrejo Raya","kelas":"secondary","link":false},"geometry":{"type":"LineString","coordinates":[[110.41805,-7.03104],[110.41766,-7.03092]]}},{"type":"Feature","properties":{"name":"Jalan Karangrejo Raya","kelas":"secondary","link":false},"geometry":{"type":"LineString","coordinates":[[110.41766,-7.03092],[110.41808,-7.03065]]}},{"type":"Feature","properties":{"name":"","kelas":"secondary","link":false},"geometry":{"type":"LineString","coordinates":[[110.42469,-6.96886],[110.42481,-6.96904]]}},{"type":"Feature","properties":{"name":"Jalan Ronggowarsito","kelas":"primary","link":false},"geometry":{"type":"LineString","coordinates":[[110.43088,-6.96422],[110.43068,-6.9543]]}},{"type":"Feature","properties":{"name":"Jalan Tumpang","kelas":"secondary","link":false},"geometry":{"type":"LineString","coordinates":[[110.40672,-7.00605],[110.40494,-7.00623],[110.39987,-7.00484],[110.39863,-7.00518]]}},{"type":"Feature","properties":{"name":"Jalan Gajah Mungkur Selatan","kelas":"secondary","link":false},"geometry":{"type":"LineString","coordinates":[[110.40831,-7.00618],[110.40777,-7.00652],[110.40672,-7.00605]]}},{"type":"Feature","properties":{"name":"Jalan Gajah Mungkur","kelas":"secondary","link":false},"geometry":{"type":"LineString","coordinates":[[110.40812,-7.0043],[110.40767,-7.00453],[110.40684,-7.00416],[110.40606,-7.00447],[110.40582,-7.00505],[110.40661,-7.00598]]}},{"type":"Feature","properties":{"name":"Jalan Taman Sudirman","kelas":"secondary","link":false},"geometry":{"type":"LineString","coordinates":[[110.40831,-7.00618],[110.40875,-7.00448]]}},{"type":"Feature","properties":{"name":"","kelas":"secondary","link":false},"geometry":{"type":"LineString","coordinates":[[110.39688,-7.00497],[110.39715,-7.00529]]}},{"type":"Feature","properties":{"name":"Jalan RM. Hadi Soebono","kelas":"primary","link":false},"geometry":{"type":"LineString","coordinates":[[110.32258,-7.04425],[110.3273,-7.0402],[110.32813,-7.04003],[110.3298,-7.04068],[110.33047,-7.0398]]}},{"type":"Feature","properties":{"name":"Jalan Simongan","kelas":"secondary","link":false},"geometry":{"type":"LineString","coordinates":[[110.3874,-7.00858],[110.38885,-7.0058],[110.39139,-7.005],[110.39172,-7.0042]]}},{"type":"Feature","properties":{"name":"Jalan Simongan","kelas":"secondary","link":false},"geometry":{"type":"LineString","coordinates":[[110.39942,-6.99491],[110.39911,-6.99685],[110.39882,-6.99706],[110.39831,-6.99682]]}},{"type":"Feature","properties":{"name":"Jalan WR. Supratman","kelas":"secondary","link":false},"geometry":{"type":"LineString","coordinates":[[110.38923,-6.99573],[110.38579,-6.99296],[110.38534,-6.99179]]}},{"type":"Feature","properties":{"name":"Jalan Durian Raya","kelas":"primary","link":false},"geometry":{"type":"LineString","coordinates":[[110.4147,-7.06077],[110.4167,-7.06145],[110.42069,-7.06237],[110.42313,-7.06348],[110.4264,-7.0645]]}},{"type":"Feature","properties":{"name":"Jalan Tusam Timur Raya","kelas":"secondary","link":false},"geometry":{"type":"LineString","coordinates":[[110.42635,-7.06947],[110.42738,-7.06596],[110.42806,-7.06485]]}},{"type":"Feature","properties":{"name":"Jalan Cemara Raya","kelas":"secondary","link":false},"geometry":{"type":"LineString","coordinates":[[110.42429,-7.07037],[110.4232,-7.07175],[110.42103,-7.07602]]}},{"type":"Feature","properties":{"name":"Jalan Kolonel RW Sugiarto","kelas":"secondary","link":false},"geometry":{"type":"LineString","coordinates":[[110.36083,-7.05753],[110.3608,-7.05537],[110.35914,-7.05323],[110.35899,-7.05159],[110.35948,-7.0488],[110.36013,-7.04692],[110.36077,-7.04625],[110.36028,-7.04519],[110.36063,-7.04153]]}},{"type":"Feature","properties":{"name":"Jalan RM Soebagiyono Tjondro Koesoemo","kelas":"primary","link":false},"geometry":{"type":"LineString","coordinates":[[110.34923,-7.09421],[110.34907,-7.09238],[110.35004,-7.09212],[110.35081,-7.09224]]}},{"type":"Feature","properties":{"name":"Jalan Kelud Raya","kelas":"secondary","link":true},"geometry":{"type":"LineString","coordinates":[[110.39598,-7.00882],[110.39628,-7.00861]]}},{"type":"Feature","properties":{"name":"Jalan Tol Semarang–Solo","kelas":"motorway","link":false},"geometry":{"type":"LineString","coordinates":[[110.42629,-7.05521],[110.42448,-7.05641],[110.42417,-7.05711],[110.42421,-7.05776]]}},{"type":"Feature","properties":{"name":"","kelas":"motorway","link":true},"geometry":{"type":"LineString","coordinates":[[110.43204,-7.05232],[110.43018,-7.05359]]}},{"type":"Feature","properties":{"name":"","kelas":"motorway","link":true},"geometry":{"type":"LineString","coordinates":[[110.43103,-7.05269],[110.43259,-7.05153],[110.43391,-7.04905]]}},{"type":"Feature","properties":{"name":"Jalan Tol Semarang","kelas":"motorway","link":false},"geometry":{"type":"LineString","coordinates":[[110.43243,-7.03469],[110.43315,-7.03693],[110.43502,-7.0457],[110.43484,-7.04699],[110.43358,-7.05028],[110.43293,-7.05139],[110.43204,-7.05232]]}},{"type":"Feature","properties":{"name":"Jalan Profesor Soedarto","kelas":"secondary","link":false},"geometry":{"type":"LineString","coordinates":[[110.432,-7.05405],[110.43073,-7.05402],[110.43009,-7.05343]]}},{"type":"Feature","properties":{"name":"Jalan Sultan Agung","kelas":"trunk","link":false},"geometry":{"type":"LineString","coordinates":[[110.41613,-7.00842],[110.41607,-7.0081]]}},{"type":"Feature","properties":{"name":"Jalan Kawi Raya","kelas":"secondary","link":false},"geometry":{"type":"LineString","coordinates":[[110.41757,-7.00752],[110.41948,-7.00887],[110.42523,-7.00934],[110.42672,-7.01059]]}},{"type":"Feature","properties":{"name":"Jalan S. Parman","kelas":"trunk","link":false},"geometry":{"type":"LineString","coordinates":[[110.40884,-7.0045],[110.40784,-7.00411],[110.40752,-7.00305],[110.40698,-7.00218],[110.40622,-6.9999],[110.40608,-6.99899],[110.40552,-6.99807]]}},{"type":"Feature","properties":{"name":"Jalan Sultan Agung","kelas":"trunk","link":false},"geometry":{"type":"LineString","coordinates":[[110.41612,-7.01182],[110.41647,-7.01232],[110.41706,-7.01259],[110.41756,-7.0131],[110.41807,-7.01472]]}},{"type":"Feature","properties":{"name":"Jalan Taman Diponegoro","kelas":"trunk","link":false},"geometry":{"type":"LineString","coordinates":[[110.41726,-7.00755],[110.41684,-7.00782]]}},{"type":"Feature","properties":{"name":"Jalan Kawi Raya","kelas":"secondary","link":false},"geometry":{"type":"LineString","coordinates":[[110.41733,-7.00737],[110.41757,-7.00752]]}},{"type":"Feature","properties":{"name":"Jalan Pandanaran","kelas":"primary","link":false},"geometry":{"type":"LineString","coordinates":[[110.41329,-6.98632],[110.41,-6.98482]]}},{"type":"Feature","properties":{"name":"Jalan KH. Ahmad Dahlan","kelas":"secondary","link":false},"geometry":{"type":"LineString","coordinates":[[110.42489,-6.98955],[110.42691,-6.98815],[110.42844,-6.98615]]}},{"type":"Feature","properties":{"name":"Jalan Kartini","kelas":"secondary","link":false},"geometry":{"type":"LineString","coordinates":[[110.43837,-6.98565],[110.43727,-6.98553]]}},{"type":"Feature","properties":{"name":"Jalan MT. Haryono","kelas":"primary","link":false},"geometry":{"type":"LineString","coordinates":[[110.431,-6.96879],[110.43102,-6.96937]]}},{"type":"Feature","properties":{"name":"Jalan Tanjung","kelas":"secondary","link":false},"geometry":{"type":"LineString","coordinates":[[110.41578,-6.97481],[110.41517,-6.97394]]}},{"type":"Feature","properties":{"name":"Jalan Kartini","kelas":"secondary","link":false},"geometry":{"type":"LineString","coordinates":[[110.43848,-6.98561],[110.43837,-6.98565]]}},{"type":"Feature","properties":{"name":"Jalan MT. Haryono","kelas":"primary","link":false},"geometry":{"type":"LineString","coordinates":[[110.43159,-6.98523],[110.43159,-6.9852]]}},{"type":"Feature","properties":{"name":"Jalan Tlogosari Raya","kelas":"secondary","link":false},"geometry":{"type":"LineString","coordinates":[[110.46071,-6.97942],[110.46133,-6.97729]]}},{"type":"Feature","properties":{"name":"Tlogosari Raya I","kelas":"secondary","link":false},"geometry":{"type":"LineString","coordinates":[[110.46133,-6.97729],[110.46246,-6.97327],[110.4623,-6.97283]]}},{"type":"Feature","properties":{"name":"Jalan Tlogosari Raya","kelas":"secondary","link":false},"geometry":{"type":"LineString","coordinates":[[110.4609,-6.97948],[110.45874,-6.98715],[110.45869,-6.98865]]}},{"type":"Feature","properties":{"name":"Jalan Tlogosari Raya","kelas":"secondary","link":false},"geometry":{"type":"LineString","coordinates":[[110.4615,-6.97733],[110.4609,-6.97948]]}},{"type":"Feature","properties":{"name":"Jalan Supriyadi","kelas":"secondary","link":false},"geometry":{"type":"LineString","coordinates":[[110.45799,-6.99104],[110.45446,-7.00575]]}},{"type":"Feature","properties":{"name":"Jalan Supriyadi","kelas":"secondary","link":false},"geometry":{"type":"LineString","coordinates":[[110.45439,-7.00573],[110.45794,-6.99097]]}},{"type":"Feature","properties":{"name":"Jalan Pemuda","kelas":"primary","link":false},"geometry":{"type":"LineString","coordinates":[[110.4168,-6.97708],[110.41831,-6.97557]]}},{"type":"Feature","properties":{"name":"Jalan Tol Semarang–Solo","kelas":"motorway","link":false},"geometry":{"type":"LineString","coordinates":[[110.42458,-7.05556],[110.42522,-7.05509],[110.42709,-7.05456],[110.42938,-7.0536]]}},{"type":"Feature","properties":{"name":"","kelas":"motorway","link":true},"geometry":{"type":"LineString","coordinates":[[110.42705,-7.06141],[110.42803,-7.06318]]}},{"type":"Feature","properties":{"name":"","kelas":"trunk","link":true},"geometry":{"type":"LineString","coordinates":[[110.41416,-7.0611],[110.41306,-7.0625]]}},{"type":"Feature","properties":{"name":"Jalan Dokter Wahidin","kelas":"trunk","link":false},"geometry":{"type":"LineString","coordinates":[[110.4323,-7.0094],[110.43177,-7.01008],[110.43168,-7.01065],[110.43182,-7.01273],[110.43103,-7.01446],[110.43084,-7.01587],[110.43047,-7.01611],[110.4292,-7.01627]]}},{"type":"Feature","properties":{"name":"Jalan Dokter Wahidin","kelas":"trunk","link":false},"geometry":{"type":"LineString","coordinates":[[110.4292,-7.01627],[110.42845,-7.01668]]}},{"type":"Feature","properties":{"name":"Jalan Mayor Jenderal MT. Haryono","kelas":"trunk","link":false},"geometry":{"type":"LineString","coordinates":[[110.43214,-7.00482],[110.432,-7.00637],[110.43252,-7.0085]]}},{"type":"Feature","properties":{"name":"Jalan Mayor Jenderal M.T. Haryono","kelas":"trunk","link":true},"geometry":{"type":"LineString","coordinates":[[110.4332,-7.00132],[110.43336,-7.00097]]}},{"type":"Feature","properties":{"name":"Jalan Yos Sudarso","kelas":"trunk","link":false},"geometry":{"type":"LineString","coordinates":[[110.38701,-6.98094],[110.38762,-6.97925],[110.3876,-6.97756]]}},{"type":"Feature","properties":{"name":"Jalan Tambak Dalam Raya","kelas":"secondary","link":false},"geometry":{"type":"LineString","coordinates":[[110.44868,-6.97727],[110.44876,-6.97536],[110.44791,-6.97344],[110.44453,-6.97277]]}},{"type":"Feature","properties":{"name":"Jalan Karang Ingas","kelas":"secondary","link":false},"geometry":{"type":"LineString","coordinates":[[110.44907,-6.97626],[110.45037,-6.97644]]}},{"type":"Feature","properties":{"name":"Jalan Tlogosari Raya","kelas":"secondary","link":false},"geometry":{"type":"LineString","coordinates":[[110.45854,-6.98854],[110.45861,-6.98701],[110.46071,-6.97942]]}},{"type":"Feature","properties":{"name":"Jalan Tol Semarang–Solo","kelas":"motorway","link":false},"geometry":{"type":"LineString","coordinates":[[110.42667,-7.06183],[110.42417,-7.05796]]}},{"type":"Feature","properties":{"name":"Jalan Tol Semarang","kelas":"motorway","link":false},"geometry":{"type":"LineString","coordinates":[[110.42938,-7.0536],[110.42984,-7.05339]]}},{"type":"Feature","properties":{"name":"Jalan Tol Semarang","kelas":"motorway","link":false},"geometry":{"type":"LineString","coordinates":[[110.42984,-7.05339],[110.43016,-7.05324]]}},{"type":"Feature","properties":{"name":"Jalan Tol Semarang","kelas":"motorway","link":false},"geometry":{"type":"LineString","coordinates":[[110.43021,-7.05333],[110.42993,-7.05346]]}},{"type":"Feature","properties":{"name":"Jalan Tol Semarang","kelas":"motorway","link":false},"geometry":{"type":"LineString","coordinates":[[110.42993,-7.05346],[110.42629,-7.05521]]}},{"type":"Feature","properties":{"name":"","kelas":"motorway","link":true},"geometry":{"type":"LineString","coordinates":[[110.4278,-7.06345],[110.42675,-7.06228]]}},{"type":"Feature","properties":{"name":"Jalan Tol Semarang–Solo","kelas":"motorway","link":false},"geometry":{"type":"LineString","coordinates":[[110.42398,-7.05691],[110.42416,-7.05615],[110.42458,-7.05556]]}},{"type":"Feature","properties":{"name":"Jalan Tol Semarang","kelas":"motorway","link":false},"geometry":{"type":"LineString","coordinates":[[110.43016,-7.05324],[110.4316,-7.0525],[110.43241,-7.05186],[110.4331,-7.05097],[110.43343,-7.05021]]}},{"type":"Feature","properties":{"name":"Jalan Menoreh Raya","kelas":"secondary","link":false},"geometry":{"type":"LineString","coordinates":[[110.38937,-7.01646],[110.38911,-7.01754],[110.38934,-7.01919]]}},{"type":"Feature","properties":{"name":"","kelas":"motorway","link":true},"geometry":{"type":"LineString","coordinates":[[110.37874,-7.00665],[110.37697,-7.0046],[110.37785,-7.00623]]}},{"type":"Feature","properties":{"name":"Jalan Tol Semarang","kelas":"motorway","link":false},"geometry":{"type":"LineString","coordinates":[[110.38863,-7.01578],[110.39015,-7.01646],[110.39539,-7.01709],[110.39665,-7.0175],[110.40122,-7.02026],[110.40393,-7.02347],[110.40788,-7.02765],[110.40989,-7.02931],[110.41131,-7.03007],[110.41295,-7.03066],[110.41453,-7.03096],[110.41787,-7.03123]]}},{"type":"Feature","properties":{"name":"Jalan Tol Semarang","kelas":"motorway","link":false},"geometry":{"type":"LineString","coordinates":[[110.38855,-7.01589],[110.38668,-7.01445]]}},{"type":"Feature","properties":{"name":"","kelas":"motorway","link":true},"geometry":{"type":"LineString","coordinates":[[110.39799,-7.0184],[110.39302,-7.01691]]}},{"type":"Feature","properties":{"name":"Jalan Komdor Laut Yos Sudarso","kelas":"trunk","link":false},"geometry":{"type":"LineString","coordinates":[[110.44873,-6.95121],[110.45062,-6.95242]]}},{"type":"Feature","properties":{"name":"Jalan Komdor Laut Yos Sudarso","kelas":"trunk","link":false},"geometry":{"type":"LineString","coordinates":[[110.44704,-6.95036],[110.44873,-6.95121]]}},{"type":"Feature","properties":{"name":"Jalan Arteri Utara","kelas":"trunk","link":false},"geometry":{"type":"LineString","coordinates":[[110.41106,-6.95313],[110.41463,-6.9554],[110.42005,-6.95678]]}},{"type":"Feature","properties":{"name":"Jalan Komdor Laut Yos Sudarso","kelas":"trunk","link":false},"geometry":{"type":"LineString","coordinates":[[110.43928,-6.95059],[110.44291,-6.94919]]}},{"type":"Feature","properties":{"name":"Jalan Komdor Laut Yos Sudarso","kelas":"trunk","link":false},"geometry":{"type":"LineString","coordinates":[[110.44291,-6.94919],[110.44463,-6.94923],[110.44654,-6.95042],[110.44704,-6.95036]]}},{"type":"Feature","properties":{"name":"Jalan Arteri Utara","kelas":"trunk","link":false},"geometry":{"type":"LineString","coordinates":[[110.43244,-6.95372],[110.43559,-6.95239],[110.43757,-6.95128],[110.43885,-6.95076]]}},{"type":"Feature","properties":{"name":"","kelas":"trunk","link":false},"geometry":{"type":"LineString","coordinates":[[110.42075,-6.95695],[110.42154,-6.95709],[110.4227,-6.95694]]}},{"type":"Feature","properties":{"name":"","kelas":"motorway","link":true},"geometry":{"type":"LineString","coordinates":[[110.45145,-6.9598],[110.45133,-6.95746]]}},{"type":"Feature","properties":{"name":"Jalan Tol Semarang","kelas":"motorway","link":false},"geometry":{"type":"LineString","coordinates":[[110.44989,-7.00593],[110.44935,-7.00646]]}},{"type":"Feature","properties":{"name":"Jalan Tol Semarang","kelas":"motorway","link":false},"geometry":{"type":"LineString","coordinates":[[110.44927,-7.00639],[110.44981,-7.00585]]}},{"type":"Feature","properties":{"name":"Jalan Tol Semarang","kelas":"motorway","link":false},"geometry":{"type":"LineString","coordinates":[[110.44981,-7.00585],[110.45045,-7.0052]]}},{"type":"Feature","properties":{"name":"Jalan Tol Semarang","kelas":"motorway","link":false},"geometry":{"type":"LineString","coordinates":[[110.4525,-6.98974],[110.45254,-6.99008]]}},{"type":"Feature","properties":{"name":"","kelas":"secondary","link":false},"geometry":{"type":"LineString","coordinates":[[110.45037,-6.97644],[110.45066,-6.97645]]}},{"type":"Feature","properties":{"name":"Jalan Tol Semarang","kelas":"motorway","link":false},"geometry":{"type":"LineString","coordinates":[[110.45243,-6.99008],[110.45238,-6.98974]]}},{"type":"Feature","properties":{"name":"Jalan Tol Semarang","kelas":"motorway","link":false},"geometry":{"type":"LineString","coordinates":[[110.44392,-7.01417],[110.44282,-7.01728],[110.44236,-7.01812],[110.43965,-7.02046],[110.43728,-7.02111],[110.43626,-7.02167],[110.43343,-7.02479],[110.43275,-7.02628]]}},{"type":"Feature","properties":{"name":"Jalan Tol Semarang","kelas":"motorway","link":false},"geometry":{"type":"LineString","coordinates":[[110.45254,-6.99008],[110.45361,-6.99756]]}},{"type":"Feature","properties":{"name":"Jalan Tol Semarang","kelas":"motorway","link":false},"geometry":{"type":"LineString","coordinates":[[110.45104,-6.96294],[110.45134,-6.962]]}},{"type":"Feature","properties":{"name":"Jalan Tol Semarang","kelas":"motorway","link":false},"geometry":{"type":"LineString","coordinates":[[110.45146,-6.962],[110.45113,-6.963]]}},{"type":"Feature","properties":{"name":"Jalan Tol Semarang","kelas":"motorway","link":false},"geometry":{"type":"LineString","coordinates":[[110.45238,-6.98974],[110.45096,-6.97962]]}},{"type":"Feature","properties":{"name":"","kelas":"trunk","link":true},"geometry":{"type":"LineString","coordinates":[[110.43605,-6.95243],[110.43588,-6.95224]]}},{"type":"Feature","properties":{"name":"","kelas":"trunk","link":true},"geometry":{"type":"LineString","coordinates":[[110.45041,-6.95263],[110.45062,-6.95242]]}},{"type":"Feature","properties":{"name":"","kelas":"motorway","link":true},"geometry":{"type":"LineString","coordinates":[[110.45179,-6.95738],[110.4516,-6.95979]]}},{"type":"Feature","properties":{"name":"Jalan Tol Semarang","kelas":"motorway","link":false},"geometry":{"type":"LineString","coordinates":[[110.45113,-6.963],[110.44951,-6.96691],[110.44936,-6.96763],[110.44935,-6.96842],[110.45003,-6.97253]]}},{"type":"Feature","properties":{"name":"Jalan Tol Semarang","kelas":"motorway","link":false},"geometry":{"type":"LineString","coordinates":[[110.45134,-6.962],[110.45145,-6.9598]]}},{"type":"Feature","properties":{"name":"Jalan Komdor Laut Yos Sudarso","kelas":"trunk","link":false},"geometry":{"type":"LineString","coordinates":[[110.45163,-6.95421],[110.45174,-6.95475]]}},{"type":"Feature","properties":{"name":"Jalan Tol Semarang","kelas":"motorway","link":false},"geometry":{"type":"LineString","coordinates":[[110.45148,-6.95914],[110.45155,-6.95512]]}},{"type":"Feature","properties":{"name":"Jalan Tol Semarang","kelas":"motorway","link":false},"geometry":{"type":"LineString","coordinates":[[110.45165,-6.95523],[110.45158,-6.95912]]}},{"type":"Feature","properties":{"name":"Jalan Tol Semarang","kelas":"motorway","link":false},"geometry":{"type":"LineString","coordinates":[[110.4516,-6.95979],[110.45146,-6.962]]}},{"type":"Feature","properties":{"name":"Jalan Durian Raya","kelas":"primary","link":false},"geometry":{"type":"LineString","coordinates":[[110.4277,-7.06475],[110.42946,-7.06561],[110.43035,-7.0668]]}},{"type":"Feature","properties":{"name":"Jalan Tol Semarang–Solo","kelas":"motorway","link":false},"geometry":{"type":"LineString","coordinates":[[110.42669,-7.06168],[110.427,-7.06212]]}},{"type":"Feature","properties":{"name":"Jalan Tol Semarang–Solo","kelas":"motorway","link":false},"geometry":{"type":"LineString","coordinates":[[110.43188,-7.06566],[110.43372,-7.06661],[110.43498,-7.06773],[110.43607,-7.06972],[110.43636,-7.0709],[110.43638,-7.07177]]}},{"type":"Feature","properties":{"name":"Jalan Tol Semarang–Solo","kelas":"motorway","link":false},"geometry":{"type":"LineString","coordinates":[[110.42698,-7.06227],[110.42667,-7.06183]]}},{"type":"Feature","properties":{"name":"Jalan Tol Semarang–Solo","kelas":"motorway","link":false},"geometry":{"type":"LineString","coordinates":[[110.41986,-7.11729],[110.419,-7.11141],[110.41875,-7.10705]]}},{"type":"Feature","properties":{"name":"Jalan Hasyim Asyari","kelas":"secondary","link":false},"geometry":{"type":"LineString","coordinates":[[110.40696,-7.11962],[110.40759,-7.11959],[110.40797,-7.12036],[110.40847,-7.12056],[110.4086,-7.12152]]}},{"type":"Feature","properties":{"name":"","kelas":"secondary","link":false},"geometry":{"type":"LineString","coordinates":[[110.41247,-7.10909],[110.41278,-7.10911]]}},{"type":"Feature","properties":{"name":"Jalan Hasyim Asyari","kelas":"secondary","link":false},"geometry":{"type":"LineString","coordinates":[[110.40391,-7.1196],[110.40508,-7.12005],[110.40683,-7.11965]]}},{"type":"Feature","properties":{"name":"","kelas":"motorway","link":true},"geometry":{"type":"LineString","coordinates":[[110.41799,-7.03162],[110.41418,-7.031]]}},{"type":"Feature","properties":{"name":"Jalan Tol Semarang","kelas":"motorway","link":false},"geometry":{"type":"LineString","coordinates":[[110.43186,-7.02886],[110.43284,-7.02561],[110.43336,-7.02467],[110.4363,-7.02149],[110.4373,-7.02098],[110.43953,-7.02038],[110.44201,-7.01831],[110.4427,-7.01724],[110.44378,-7.01414]]}},{"type":"Feature","properties":{"name":"Jalan S. Parman","kelas":"trunk","link":false},"geometry":{"type":"LineString","coordinates":[[110.41601,-7.00789],[110.41583,-7.00763]]}},{"type":"Feature","properties":{"name":"Jalan Pahlawan","kelas":"primary","link":true},"geometry":{"type":"LineString","coordinates":[[110.42225,-6.99157],[110.42245,-6.99165]]}},{"type":"Feature","properties":{"name":"Jalan Ahmad Yani","kelas":"primary","link":false},"geometry":{"type":"LineString","coordinates":[[110.42467,-6.99101],[110.42361,-6.99068]]}},{"type":"Feature","properties":{"name":"Jalan Imam Bonjol","kelas":"primary","link":false},"geometry":{"type":"LineString","coordinates":[[110.40962,-6.98308],[110.40987,-6.98252]]}},{"type":"Feature","properties":{"name":"Jalan Pemuda","kelas":"primary","link":false},"geometry":{"type":"LineString","coordinates":[[110.4102,-6.98351],[110.40998,-6.984]]}},{"type":"Feature","properties":{"name":"","kelas":"primary","link":true},"geometry":{"type":"LineString","coordinates":[[110.41955,-6.99711],[110.41985,-6.99752]]}},{"type":"Feature","properties":{"name":"Jalan Kapten Piere Tendean","kelas":"primary","link":false},"geometry":{"type":"LineString","coordinates":[[110.41541,-6.97795],[110.4158,-6.97789]]}},{"type":"Feature","properties":{"name":"","kelas":"primary","link":false},"geometry":{"type":"LineString","coordinates":[[110.43053,-6.96979],[110.43049,-6.96939],[110.43076,-6.96918]]}},{"type":"Feature","properties":{"name":"","kelas":"motorway","link":true},"geometry":{"type":"LineString","coordinates":[[110.41827,-7.03106],[110.42212,-7.03135]]}},{"type":"Feature","properties":{"name":"Jalan R.E. Martadinata","kelas":"trunk","link":false},"geometry":{"type":"LineString","coordinates":[[110.38397,-6.98438],[110.38501,-6.98338],[110.38701,-6.98094]]}},{"type":"Feature","properties":{"name":"Jalan Sisingamangaraja","kelas":"secondary","link":false},"geometry":{"type":"LineString","coordinates":[[110.42861,-7.01645],[110.42226,-7.01572],[110.41829,-7.0157]]}},{"type":"Feature","properties":{"name":"Jalan Sisingamangaraja","kelas":"secondary","link":false},"geometry":{"type":"LineString","coordinates":[[110.41827,-7.01559],[110.422,-7.01558],[110.42879,-7.01637]]}},{"type":"Feature","properties":{"name":"Jalan MGR Soegiyopranoto","kelas":"trunk","link":false},"geometry":{"type":"LineString","coordinates":[[110.40221,-6.98103],[110.40286,-6.98093],[110.40312,-6.98153],[110.40468,-6.98226]]}},{"type":"Feature","properties":{"name":"Jalan Siliwangi","kelas":"trunk","link":false},"geometry":{"type":"LineString","coordinates":[[110.38361,-6.98496],[110.38065,-6.98543]]}},{"type":"Feature","properties":{"name":"Jalan Jendral Sudirman","kelas":"trunk","link":false},"geometry":{"type":"LineString","coordinates":[[110.39749,-6.9811],[110.40046,-6.98063],[110.40152,-6.98089]]}},{"type":"Feature","properties":{"name":"Jalan Tol Semarang","kelas":"motorway","link":true},"geometry":{"type":"LineString","coordinates":[[110.36861,-6.98775],[110.36837,-6.98823]]}},{"type":"Feature","properties":{"name":"Jalan Jendral Sudirman","kelas":"trunk","link":false},"geometry":{"type":"LineString","coordinates":[[110.40148,-6.98108],[110.40086,-6.98132],[110.39966,-6.9809],[110.39753,-6.98122]]}},{"type":"Feature","properties":{"name":"Jalan Arteri Utara","kelas":"trunk","link":false},"geometry":{"type":"LineString","coordinates":[[110.39888,-6.95476],[110.39732,-6.95537]]}},{"type":"Feature","properties":{"name":"Jalan Yos Sudarso","kelas":"trunk","link":false},"geometry":{"type":"LineString","coordinates":[[110.38771,-6.97772],[110.38769,-6.97943],[110.3871,-6.981]]}},{"type":"Feature","properties":{"name":"Jalan R.E. Martadinata","kelas":"trunk","link":false},"geometry":{"type":"LineString","coordinates":[[110.3871,-6.981],[110.38588,-6.98259]]}},{"type":"Feature","properties":{"name":"Jalan Arteri Utara","kelas":"trunk","link":false},"geometry":{"type":"LineString","coordinates":[[110.42003,-6.95687],[110.41486,-6.9556],[110.41366,-6.95499],[110.41176,-6.95361],[110.4108,-6.95313],[110.40976,-6.95295],[110.40884,-6.95306]]}},{"type":"Feature","properties":{"name":"Jalan Arteri Utara","kelas":"trunk","link":false},"geometry":{"type":"LineString","coordinates":[[110.40884,-6.95306],[110.40808,-6.95321]]}},{"type":"Feature","properties":{"name":"Jalan Arteri Utara","kelas":"trunk","link":false},"geometry":{"type":"LineString","coordinates":[[110.40808,-6.95321],[110.40383,-6.95405]]}},{"type":"Feature","properties":{"name":"","kelas":"trunk","link":true},"geometry":{"type":"LineString","coordinates":[[110.45191,-6.95711],[110.45154,-6.95705]]}},{"type":"Feature","properties":{"name":"Jalan Raden Patah","kelas":"trunk","link":true},"geometry":{"type":"LineString","coordinates":[[110.45092,-6.95709],[110.45138,-6.95677]]}},{"type":"Feature","properties":{"name":"Jalan Tol Semarang","kelas":"motorway","link":false},"geometry":{"type":"LineString","coordinates":[[110.41464,-7.0607],[110.42352,-7.05643]]}},{"type":"Feature","properties":{"name":"Jalan Tol Semarang","kelas":"motorway","link":false},"geometry":{"type":"LineString","coordinates":[[110.42629,-7.05521],[110.4147,-7.06077]]}},{"type":"Feature","properties":{"name":"","kelas":"secondary","link":false},"geometry":{"type":"LineString","coordinates":[[110.41247,-7.10909],[110.4126,-7.10878]]}},{"type":"Feature","properties":{"name":"Jalan Gatot Subroto","kelas":"trunk","link":false},"geometry":{"type":"LineString","coordinates":[[110.41274,-7.11059],[110.41245,-7.11144],[110.4124,-7.1122],[110.41302,-7.11417],[110.41327,-7.11553]]}},{"type":"Feature","properties":{"name":"Jalan Brigadir Jenderal Katamso","kelas":"primary","link":false},"geometry":{"type":"LineString","coordinates":[[110.43851,-6.99701],[110.43735,-6.99649]]}},{"type":"Feature","properties":{"name":"Jalan Brigadir Jenderal Katamso","kelas":"primary","link":false},"geometry":{"type":"LineString","coordinates":[[110.43543,-6.99567],[110.43391,-6.99504]]}},{"type":"Feature","properties":{"name":"Jalan Lamper Tengah","kelas":"primary","link":true},"geometry":{"type":"LineString","coordinates":[[110.44489,-7.00034],[110.44473,-6.99983]]}},{"type":"Feature","properties":{"name":"Gayamsari","kelas":"motorway","link":true},"geometry":{"type":"LineString","coordinates":[[110.44864,-7.00217],[110.44898,-7.00201]]}},{"type":"Feature","properties":{"name":"Jalan Gajah Raya","kelas":"primary","link":true},"geometry":{"type":"LineString","coordinates":[[110.4445,-6.9996],[110.44508,-6.9996]]}},{"type":"Feature","properties":{"name":"Jalan Lamper Tengah","kelas":"primary","link":true},"geometry":{"type":"LineString","coordinates":[[110.44525,-7.00013],[110.44489,-7.00034]]}},{"type":"Feature","properties":{"name":"Jalan Brigadir Jenderal Sudiarto","kelas":"primary","link":true},"geometry":{"type":"LineString","coordinates":[[110.44228,-6.99858],[110.44225,-6.99866]]}},{"type":"Feature","properties":{"name":"Jalan Brigadir Jenderal Sudiarto","kelas":"primary","link":false},"geometry":{"type":"LineString","coordinates":[[110.4391,-6.99727],[110.43851,-6.99701]]}},{"type":"Feature","properties":{"name":"Gayamsari","kelas":"motorway","link":true},"geometry":{"type":"LineString","coordinates":[[110.44902,-7.00211],[110.44897,-7.00238]]}},{"type":"Feature","properties":{"name":"Jalan Majapahit","kelas":"primary","link":true},"geometry":{"type":"LineString","coordinates":[[110.44634,-7.00071],[110.44632,-7.00079]]}},{"type":"Feature","properties":{"name":"Jalan Majapahit","kelas":"primary","link":false},"geometry":{"type":"LineString","coordinates":[[110.4542,-7.00572],[110.44945,-7.00281]]}},{"type":"Feature","properties":{"name":"Jalan Brigadir Jenderal Sudiarto","kelas":"primary","link":false},"geometry":{"type":"LineString","coordinates":[[110.44473,-6.99983],[110.44194,-6.99853]]}},{"type":"Feature","properties":{"name":"Jalan Brigadir Jenderal Sudiarto","kelas":"primary","link":false},"geometry":{"type":"LineString","coordinates":[[110.44071,-6.9979],[110.44414,-6.99942]]}},{"type":"Feature","properties":{"name":"Jalan Mayor Jenderal MT. Haryono","kelas":"trunk","link":false},"geometry":{"type":"LineString","coordinates":[[110.4324,-7.00845],[110.4319,-7.00642],[110.43201,-7.00483]]}},{"type":"Feature","properties":{"name":"Jalan Mayor Jenderal M.T. Haryono","kelas":"trunk","link":true},"geometry":{"type":"LineString","coordinates":[[110.43336,-7.00097],[110.43275,-6.99999]]}},{"type":"Feature","properties":{"name":"Jalan Mayor Jenderal M.T. Haryono","kelas":"primary","link":false},"geometry":{"type":"LineString","coordinates":[[110.43275,-6.99999],[110.43208,-6.99813],[110.43196,-6.99428]]}},{"type":"Feature","properties":{"name":"Jalan Pamularsih","kelas":"trunk","link":false},"geometry":{"type":"LineString","coordinates":[[110.39889,-6.99242],[110.3988,-6.99221],[110.3969,-6.99081],[110.39242,-6.98814],[110.39142,-6.98771],[110.39012,-6.98761]]}},{"type":"Feature","properties":{"name":"Jalan Kaligarang","kelas":"trunk","link":false},"geometry":{"type":"LineString","coordinates":[[110.40686,-6.9945],[110.40624,-6.99473],[110.40537,-6.9958],[110.40499,-6.99597],[110.40301,-6.99609],[110.40229,-6.99581]]}},{"type":"Feature","properties":{"name":"Jalan Kaligarang","kelas":"trunk","link":false},"geometry":{"type":"LineString","coordinates":[[110.40229,-6.99581],[110.4016,-6.99534]]}},{"type":"Feature","properties":{"name":"Jalan Hasyim Asyari","kelas":"secondary","link":false},"geometry":{"type":"LineString","coordinates":[[110.40683,-7.11965],[110.40696,-7.11962]]}},{"type":"Feature","properties":{"name":"Jalan Mr. Wuryanto","kelas":"primary","link":false},"geometry":{"type":"LineString","coordinates":[[110.40213,-7.11671],[110.40264,-7.1171]]}},{"type":"Feature","properties":{"name":"","kelas":"secondary","link":false},"geometry":{"type":"LineString","coordinates":[[110.40627,-7.11801],[110.40632,-7.11789]]}},{"type":"Feature","properties":{"name":"","kelas":"secondary","link":false},"geometry":{"type":"LineString","coordinates":[[110.40632,-7.11789],[110.40742,-7.11731],[110.40935,-7.11117],[110.412,-7.11015],[110.41247,-7.10909]]}},{"type":"Feature","properties":{"name":"Jalan Pattimura","kelas":"primary","link":false},"geometry":{"type":"LineString","coordinates":[[110.40264,-7.1171],[110.40373,-7.11863],[110.40391,-7.1196]]}},{"type":"Feature","properties":{"name":"","kelas":"primary","link":true},"geometry":{"type":"LineString","coordinates":[[110.28068,-6.96683],[110.28076,-6.96656]]}},{"type":"Feature","properties":{"name":"","kelas":"motorway","link":true},"geometry":{"type":"LineString","coordinates":[[110.36828,-6.98839],[110.36781,-6.98786]]}},{"type":"Feature","properties":{"name":"","kelas":"primary","link":false},"geometry":{"type":"LineString","coordinates":[[110.28365,-6.96787],[110.28077,-6.96686]]}},{"type":"Feature","properties":{"name":"Jalan Jenderal Urip Sumoharjo","kelas":"primary","link":false},"geometry":{"type":"LineString","coordinates":[[110.28094,-6.96657],[110.2815,-6.96659],[110.28384,-6.96783]]}},{"type":"Feature","properties":{"name":"Jalan Citarum","kelas":"primary","link":false},"geometry":{"type":"LineString","coordinates":[[110.43876,-6.97042],[110.4402,-6.97086]]}},{"type":"Feature","properties":{"name":"Jalan Kartini","kelas":"secondary","link":false},"geometry":{"type":"LineString","coordinates":[[110.43839,-6.98553],[110.43848,-6.98561]]}},{"type":"Feature","properties":{"name":"Jalan Kartini","kelas":"secondary","link":false},"geometry":{"type":"LineString","coordinates":[[110.43727,-6.9854],[110.43839,-6.98553]]}},{"type":"Feature","properties":{"name":"Jalan Kartini","kelas":"secondary","link":false},"geometry":{"type":"LineString","coordinates":[[110.43727,-6.98553],[110.43718,-6.98553]]}},{"type":"Feature","properties":{"name":"Jalan Kartini","kelas":"secondary","link":false},"geometry":{"type":"LineString","coordinates":[[110.43719,-6.98539],[110.43727,-6.9854]]}},{"type":"Feature","properties":{"name":"Jalan Kartini","kelas":"secondary","link":false},"geometry":{"type":"LineString","coordinates":[[110.43476,-6.98531],[110.43228,-6.9855]]}},{"type":"Feature","properties":{"name":"Jalan Kartini","kelas":"secondary","link":false},"geometry":{"type":"LineString","coordinates":[[110.43839,-6.98553],[110.43981,-6.98568]]}},{"type":"Feature","properties":{"name":"Jalan Kartini","kelas":"secondary","link":false},"geometry":{"type":"LineString","coordinates":[[110.43993,-6.98585],[110.43837,-6.98565]]}},{"type":"Feature","properties":{"name":"Jalan Arteri Utara","kelas":"trunk","link":true},"geometry":{"type":"LineString","coordinates":[[110.43075,-6.9536],[110.43158,-6.95383]]}},{"type":"Feature","properties":{"name":"","kelas":"trunk","link":true},"geometry":{"type":"LineString","coordinates":[[110.44003,-6.95024],[110.4398,-6.95079],[110.43797,-6.95155]]}},{"type":"Feature","properties":{"name":"Jalan Arteri Utara","kelas":"trunk","link":true},"geometry":{"type":"LineString","coordinates":[[110.42853,-6.95511],[110.4302,-6.95437]]}},{"type":"Feature","properties":{"name":"Jalan Lamper Tengah","kelas":"secondary","link":false},"geometry":{"type":"LineString","coordinates":[[110.44431,-7.00212],[110.44449,-7.00162]]}},{"type":"Feature","properties":{"name":"Jalan Lamper Tengah","kelas":"secondary","link":false},"geometry":{"type":"LineString","coordinates":[[110.44449,-7.00162],[110.44509,-6.99993]]}},{"type":"Feature","properties":{"name":"Jalan Tol Semarang","kelas":"motorway","link":false},"geometry":{"type":"LineString","coordinates":[[110.41787,-7.03123],[110.41855,-7.0313]]}},{"type":"Feature","properties":{"name":"Jalan Tol Semarang","kelas":"motorway","link":false},"geometry":{"type":"LineString","coordinates":[[110.41855,-7.0313],[110.42182,-7.03141],[110.42672,-7.03103]]}},{"type":"Feature","properties":{"name":"Jalan Dokter Wahidin","kelas":"trunk","link":false},"geometry":{"type":"LineString","coordinates":[[110.42046,-7.02382],[110.42111,-7.02336]]}},{"type":"Feature","properties":{"name":"Jalan Tol Semarang","kelas":"motorway","link":false},"geometry":{"type":"LineString","coordinates":[[110.4179,-7.03133],[110.4132,-7.03082],[110.41163,-7.03033],[110.40983,-7.0294],[110.40784,-7.02776],[110.404,-7.02371],[110.40112,-7.02032],[110.40034,-7.01972],[110.39663,-7.01762],[110.39541,-7.0172],[110.38982,-7.01652],[110.38855,-7.01589]]}},{"type":"Feature","properties":{"name":"Jalan Teuku Umar","kelas":"trunk","link":false},"geometry":{"type":"LineString","coordinates":[[110.41823,-7.02927],[110.41846,-7.02768]]}},{"type":"Feature","properties":{"name":"Jalan Tol Semarang","kelas":"motorway","link":false},"geometry":{"type":"LineString","coordinates":[[110.41851,-7.03138],[110.4179,-7.03133]]}},{"type":"Feature","properties":{"name":"Jalan Teuku Umar","kelas":"trunk","link":false},"geometry":{"type":"LineString","coordinates":[[110.42048,-7.02395],[110.41972,-7.02473],[110.41911,-7.02575],[110.41863,-7.02754]]}},{"type":"Feature","properties":{"name":"Jalan Fatmawati","kelas":"primary","link":false},"geometry":{"type":"LineString","coordinates":[[110.47153,-7.01805],[110.47216,-7.01629],[110.472,-7.01383]]}},{"type":"Feature","properties":{"name":"Jalan Ketileng Raya","kelas":"primary","link":false},"geometry":{"type":"LineString","coordinates":[[110.46802,-7.02873],[110.46813,-7.0294],[110.46746,-7.033],[110.46747,-7.03522]]}},{"type":"Feature","properties":{"name":"Jalan Kompol R. Soekanto","kelas":"secondary","link":false},"geometry":{"type":"LineString","coordinates":[[110.45905,-7.03911],[110.46098,-7.04152],[110.46089,-7.0453],[110.46297,-7.04618],[110.46382,-7.04822],[110.46486,-7.04903],[110.46558,-7.05173]]}},{"type":"Feature","properties":{"name":"Jalan Meteseh Raya","kelas":"primary","link":false},"geometry":{"type":"LineString","coordinates":[[110.47133,-7.054],[110.47125,-7.05325],[110.47163,-7.05209],[110.47174,-7.05078],[110.47134,-7.04969]]}},{"type":"Feature","properties":{"name":"Jalan Sawah Besar","kelas":"secondary","link":false},"geometry":{"type":"LineString","coordinates":[[110.44275,-6.95986],[110.44364,-6.96166],[110.44462,-6.96542]]}},{"type":"Feature","properties":{"name":"Jalan Sawah Besar","kelas":"secondary","link":false},"geometry":{"type":"LineString","coordinates":[[110.44462,-6.96542],[110.4435,-6.97268]]}},{"type":"Feature","properties":{"name":"","kelas":"secondary","link":false},"geometry":{"type":"LineString","coordinates":[[110.4435,-6.97268],[110.44363,-6.9727]]}},{"type":"Feature","properties":{"name":"Jalan Tentara Pelajar","kelas":"secondary","link":false},"geometry":{"type":"LineString","coordinates":[[110.4413,-7.01065],[110.44122,-7.01063]]}},{"type":"Feature","properties":{"name":"Jalan Kedungmundu","kelas":"secondary","link":false},"geometry":{"type":"LineString","coordinates":[[110.44413,-7.0112],[110.44204,-7.01085]]}},{"type":"Feature","properties":{"name":"Jalan Sriwijaya","kelas":"secondary","link":false},"geometry":{"type":"LineString","coordinates":[[110.42776,-7.00455],[110.42663,-7.0041],[110.42433,-7.00151]]}},{"type":"Feature","properties":{"name":"Jalan Mentri Supeno","kelas":"secondary","link":false},"geometry":{"type":"LineString","coordinates":[[110.42128,-6.99332],[110.42094,-6.99291]]}},{"type":"Feature","properties":{"name":"Jalan Ampel Gading Raya","kelas":"secondary","link":false},"geometry":{"type":"LineString","coordinates":[[110.38602,-7.07438],[110.38657,-7.0703],[110.38609,-7.06843],[110.38661,-7.06361],[110.38875,-7.06059],[110.39121,-7.05865],[110.39278,-7.05811]]}},{"type":"Feature","properties":{"name":"Jalan Imam Bonjol","kelas":"primary","link":false},"geometry":{"type":"LineString","coordinates":[[110.42469,-6.96886],[110.42485,-6.96871]]}},{"type":"Feature","properties":{"name":"","kelas":"trunk","link":false},"geometry":{"type":"LineString","coordinates":[[110.45177,-6.95657],[110.45191,-6.95681],[110.45259,-6.95688]]}},{"type":"Feature","properties":{"name":"Jalan Grafika Raya","kelas":"secondary","link":false},"geometry":{"type":"LineString","coordinates":[[110.41785,-7.08478],[110.41842,-7.0835],[110.42007,-7.08156],[110.42156,-7.07729],[110.42129,-7.0769]]}},{"type":"Feature","properties":{"name":"Jalan Dempel Lor","kelas":"secondary","link":false},"geometry":{"type":"LineString","coordinates":[[110.45201,-6.97668],[110.45228,-6.97061],[110.45292,-6.96827]]}},{"type":"Feature","properties":{"name":"Jalan Pramuka","kelas":"secondary","link":false},"geometry":{"type":"LineString","coordinates":[[110.40907,-7.10264],[110.4076,-7.10217],[110.40684,-7.1042],[110.40696,-7.10684],[110.40598,-7.10707],[110.40529,-7.10887],[110.40402,-7.11018],[110.40201,-7.10878]]}},{"type":"Feature","properties":{"name":"Jalan Jenderal Urip Sumoharjo","kelas":"trunk","link":false},"geometry":{"type":"LineString","coordinates":[[110.31869,-6.97556],[110.31601,-6.97492],[110.31495,-6.9744],[110.31427,-6.97374]]}},{"type":"Feature","properties":{"name":"Jalan Lingkar Luar Kaliwungu","kelas":"trunk","link":false},"geometry":{"type":"LineString","coordinates":[[110.28144,-6.96445],[110.28318,-6.96059],[110.28328,-6.95916],[110.28122,-6.95421],[110.28075,-6.95367],[110.2795,-6.95309]]}},{"type":"Feature","properties":{"name":"Jalan Lingkar Luar Kaliwungu","kelas":"trunk","link":false},"geometry":{"type":"LineString","coordinates":[[110.28116,-6.96534],[110.28107,-6.96606]]}},{"type":"Feature","properties":{"name":"Jalan Lingkar Luar Kaliwungu","kelas":"trunk","link":false},"geometry":{"type":"LineString","coordinates":[[110.28346,-6.9678],[110.28181,-6.96717],[110.2812,-6.96666]]}},{"type":"Feature","properties":{"name":"Jalan Siliwangi","kelas":"trunk","link":false},"geometry":{"type":"LineString","coordinates":[[110.36664,-6.98802],[110.36466,-6.98761]]}},{"type":"Feature","properties":{"name":"Jalan Siliwangi","kelas":"trunk","link":false},"geometry":{"type":"LineString","coordinates":[[110.37187,-6.98719],[110.3747,-6.98652]]}},{"type":"Feature","properties":{"name":"","kelas":"trunk","link":true},"geometry":{"type":"LineString","coordinates":[[110.28659,-6.96854],[110.28853,-6.96885],[110.28999,-6.9697]]}},{"type":"Feature","properties":{"name":"","kelas":"trunk","link":false},"geometry":{"type":"LineString","coordinates":[[110.42712,-6.95571],[110.42406,-6.95676],[110.4227,-6.95702]]}},{"type":"Feature","properties":{"name":"","kelas":"trunk","link":false},"geometry":{"type":"LineString","coordinates":[[110.42853,-6.95511],[110.43244,-6.95372]]}},{"type":"Feature","properties":{"name":"Jalan Mentri Supeno","kelas":"secondary","link":true},"geometry":{"type":"LineString","coordinates":[[110.4207,-6.99256],[110.42059,-6.99277]]}},{"type":"Feature","properties":{"name":"Jalan Arteri Utara","kelas":"trunk","link":true},"geometry":{"type":"LineString","coordinates":[[110.4302,-6.95437],[110.43047,-6.95354]]}},{"type":"Feature","properties":{"name":"","kelas":"trunk","link":true},"geometry":{"type":"LineString","coordinates":[[110.43028,-6.95473],[110.43013,-6.95473]]}},{"type":"Feature","properties":{"name":"Jalan Arteri Utara","kelas":"trunk","link":true},"geometry":{"type":"LineString","coordinates":[[110.43068,-6.9543],[110.43158,-6.95383]]}},{"type":"Feature","properties":{"name":"","kelas":"primary","link":true},"geometry":{"type":"LineString","coordinates":[[110.47027,-7.00539],[110.47053,-7.00523]]}},{"type":"Feature","properties":{"name":"Jalan Karangrejo Raya","kelas":"secondary","link":false},"geometry":{"type":"LineString","coordinates":[[110.42103,-7.07602],[110.41815,-7.07517],[110.41652,-7.07517],[110.41122,-7.07326]]}},{"type":"Feature","properties":{"name":"Jalan Profesor Soedarto","kelas":"secondary","link":false},"geometry":{"type":"LineString","coordinates":[[110.43202,-7.05398],[110.43637,-7.05535]]}},{"type":"Feature","properties":{"name":"","kelas":"trunk","link":false},"geometry":{"type":"LineString","coordinates":[[110.3875,-6.98384],[110.38307,-6.98487]]}},{"type":"Feature","properties":{"name":"","kelas":"trunk","link":false},"geometry":{"type":"LineString","coordinates":[[110.38629,-6.982],[110.384,-6.98449],[110.38307,-6.98487],[110.38065,-6.98543]]}},{"type":"Feature","properties":{"name":"Jalan K.H. Sirojuddin","kelas":"secondary","link":false},"geometry":{"type":"LineString","coordinates":[[110.43521,-7.05852],[110.43634,-7.05545]]}},{"type":"Feature","properties":{"name":"Jalan Mulawarman Raya","kelas":"primary","link":false},"geometry":{"type":"LineString","coordinates":[[110.43507,-7.06844],[110.43578,-7.06855]]}},{"type":"Feature","properties":{"name":"Jalan Mulawarman Raya","kelas":"primary","link":false},"geometry":{"type":"LineString","coordinates":[[110.43578,-7.06855],[110.43711,-7.0687],[110.43748,-7.06659],[110.43812,-7.06573],[110.43814,-7.06382]]}},{"type":"Feature","properties":{"name":"","kelas":"trunk","link":false},"geometry":{"type":"LineString","coordinates":[[110.40994,-6.9843],[110.40977,-6.98478]]}},{"type":"Feature","properties":{"name":"Jalan Menoreh Raya","kelas":"secondary","link":false},"geometry":{"type":"LineString","coordinates":[[110.39555,-7.00866],[110.39545,-7.00863]]}},{"type":"Feature","properties":{"name":"Jalan Menoreh Raya","kelas":"secondary","link":false},"geometry":{"type":"LineString","coordinates":[[110.39545,-7.00863],[110.39328,-7.00914],[110.39228,-7.00972],[110.39033,-7.01291],[110.38946,-7.01611]]}},{"type":"Feature","properties":{"name":"Jalan Jolotundo","kelas":"secondary","link":false},"geometry":{"type":"LineString","coordinates":[[110.44758,-6.98588],[110.44545,-6.98563]]}},{"type":"Feature","properties":{"name":"","kelas":"trunk","link":true},"geometry":{"type":"LineString","coordinates":[[110.28765,-6.96876],[110.28759,-6.96891]]}},{"type":"Feature","properties":{"name":"Jalan Pawiyatan Luhur","kelas":"secondary","link":false},"geometry":{"type":"LineString","coordinates":[[110.40974,-7.02904],[110.40954,-7.02931]]}},{"type":"Feature","properties":{"name":"","kelas":"trunk","link":true},"geometry":{"type":"LineString","coordinates":[[110.38446,-6.98424],[110.38459,-6.98445]]}},{"type":"Feature","properties":{"name":"Jalan Hanoman Raya","kelas":"trunk","link":true},"geometry":{"type":"LineString","coordinates":[[110.37453,-6.98628],[110.37505,-6.98646]]}},{"type":"Feature","properties":{"name":"Jalan Hanoman Raya","kelas":"trunk","link":true},"geometry":{"type":"LineString","coordinates":[[110.3743,-6.98663],[110.37432,-6.98628]]}},{"type":"Feature","properties":{"name":"Jalan Raya Semarang - Demak","kelas":"trunk","link":false},"geometry":{"type":"LineString","coordinates":[[110.50673,-6.94223],[110.52133,-6.93755]]}},{"type":"Feature","properties":{"name":"Jalan Perintis Kemerdekaan","kelas":"trunk","link":false},"geometry":{"type":"LineString","coordinates":[[110.41256,-7.10866],[110.41098,-7.10652],[110.40959,-7.1042],[110.40917,-7.10312]]}},{"type":"Feature","properties":{"name":"Jalan Setiabudi","kelas":"trunk","link":false},"geometry":{"type":"LineString","coordinates":[[110.41752,-7.05161],[110.41586,-7.05464],[110.41435,-7.05903]]}},{"type":"Feature","properties":{"name":"Jalan Siliwangi","kelas":"trunk","link":false},"geometry":{"type":"LineString","coordinates":[[110.3608,-6.98661],[110.36287,-6.98683],[110.36451,-6.98735]]}},{"type":"Feature","properties":{"name":"Jalan Pemuda","kelas":"primary","link":false},"geometry":{"type":"LineString","coordinates":[[110.41647,-6.97741],[110.41671,-6.97716]]}},{"type":"Feature","properties":{"name":"Jalan MH. Thamrin","kelas":"primary","link":false},"geometry":{"type":"LineString","coordinates":[[110.41647,-6.97741],[110.41652,-6.9776]]}},{"type":"Feature","properties":{"name":"Jalan Kelud Raya","kelas":"secondary","link":false},"geometry":{"type":"LineString","coordinates":[[110.3975,-7.00457],[110.39652,-7.00547],[110.39621,-7.00707]]}},{"type":"Feature","properties":{"name":"Jalan Kelud Raya","kelas":"secondary","link":false},"geometry":{"type":"LineString","coordinates":[[110.39771,-7.00449],[110.3975,-7.00457]]}},{"type":"Feature","properties":{"name":"Jalan Tumpang Raya","kelas":"secondary","link":false},"geometry":{"type":"LineString","coordinates":[[110.39863,-7.00518],[110.39849,-7.00525]]}},{"type":"Feature","properties":{"name":"Jalan Tumpang Raya","kelas":"secondary","link":false},"geometry":{"type":"LineString","coordinates":[[110.39849,-7.00525],[110.39658,-7.00536]]}},{"type":"Feature","properties":{"name":"Jalan Raya Semarang - Demak","kelas":"trunk","link":false},"geometry":{"type":"LineString","coordinates":[[110.52135,-6.93762],[110.50683,-6.94229]]}},{"type":"Feature","properties":{"name":"Jalan Raya Semarang - Demak","kelas":"trunk","link":false},"geometry":{"type":"LineString","coordinates":[[110.50683,-6.94229],[110.50637,-6.94244]]}},{"type":"Feature","properties":{"name":"Jalan Kaligawe Raya","kelas":"trunk","link":true},"geometry":{"type":"LineString","coordinates":[[110.45259,-6.95688],[110.45562,-6.95664]]}},{"type":"Feature","properties":{"name":"Jalan Kaligawe Raya","kelas":"trunk","link":true},"geometry":{"type":"LineString","coordinates":[[110.46028,-6.95643],[110.45563,-6.95686]]}},{"type":"Feature","properties":{"name":"Wolter Monginsidi","kelas":"primary","link":false},"geometry":{"type":"LineString","coordinates":[[110.48087,-6.95155],[110.48077,-6.95132]]}},{"type":"Feature","properties":{"name":"Wolter Monginsidi","kelas":"primary","link":false},"geometry":{"type":"LineString","coordinates":[[110.48086,-6.95128],[110.48096,-6.95151]]}},{"type":"Feature","properties":{"name":"Jalan Siliwangi","kelas":"trunk","link":false},"geometry":{"type":"LineString","coordinates":[[110.37562,-6.98635],[110.37627,-6.98623]]}},{"type":"Feature","properties":{"name":"Jalan Siliwangi","kelas":"trunk","link":false},"geometry":{"type":"LineString","coordinates":[[110.37539,-6.98639],[110.37562,-6.98635]]}},{"type":"Feature","properties":{"name":"Jalan Siliwangi","kelas":"trunk","link":false},"geometry":{"type":"LineString","coordinates":[[110.37563,-6.98646],[110.37539,-6.98651]]}},{"type":"Feature","properties":{"name":"Jalan Siliwangi","kelas":"trunk","link":false},"geometry":{"type":"LineString","coordinates":[[110.37473,-6.98664],[110.37185,-6.98731]]}},{"type":"Feature","properties":{"name":"Jalan Gajah Raya","kelas":"primary","link":true},"geometry":{"type":"LineString","coordinates":[[110.44508,-6.9996],[110.44517,-6.99998]]}},{"type":"Feature","properties":{"name":"Jalan Majapahit","kelas":"primary","link":false},"geometry":{"type":"LineString","coordinates":[[110.44665,-7.00091],[110.44979,-7.00291]]}},{"type":"Feature","properties":{"name":"Jalan Soekarno-Hatta","kelas":"primary","link":false},"geometry":{"type":"LineString","coordinates":[[110.4402,-6.97086],[110.44131,-6.97129]]}},{"type":"Feature","properties":{"name":"Jalan Soekarno-Hatta","kelas":"primary","link":false},"geometry":{"type":"LineString","coordinates":[[110.44131,-6.97129],[110.44401,-6.97408]]}},{"type":"Feature","properties":{"name":"Jalan Soekarno-Hatta","kelas":"primary","link":false},"geometry":{"type":"LineString","coordinates":[[110.44127,-6.97137],[110.4402,-6.97086]]}},{"type":"Feature","properties":{"name":"Jalan Soekarno-Hatta","kelas":"primary","link":false},"geometry":{"type":"LineString","coordinates":[[110.45802,-6.99092],[110.4599,-6.99315],[110.46035,-6.99408],[110.46535,-6.99934],[110.47252,-7.00792],[110.47188,-7.01077]]}},{"type":"Feature","properties":{"name":"Jalan Soekarno Hatta","kelas":"primary","link":false},"geometry":{"type":"LineString","coordinates":[[110.47172,-7.0108],[110.47174,-7.01074]]}},{"type":"Feature","properties":{"name":"Jalan Brigadir Jenderal Sudiarto","kelas":"primary","link":false},"geometry":{"type":"LineString","coordinates":[[110.45986,-7.00732],[110.46483,-7.00877]]}},{"type":"Feature","properties":{"name":"","kelas":"secondary","link":false},"geometry":{"type":"LineString","coordinates":[[110.47445,-6.98632],[110.47444,-6.98539],[110.47391,-6.98422]]}},{"type":"Feature","properties":{"name":"","kelas":"secondary","link":false},"geometry":{"type":"LineString","coordinates":[[110.47391,-6.98422],[110.47427,-6.98439],[110.4746,-6.9855],[110.47445,-6.98632]]}},{"type":"Feature","properties":{"name":"","kelas":"secondary","link":false},"geometry":{"type":"LineString","coordinates":[[110.47391,-6.98422],[110.47335,-6.98365],[110.47422,-6.98258]]}},{"type":"Feature","properties":{"name":"","kelas":"secondary","link":false},"geometry":{"type":"LineString","coordinates":[[110.47774,-6.98259],[110.47539,-6.98332]]}},{"type":"Feature","properties":{"name":"","kelas":"secondary","link":false},"geometry":{"type":"LineString","coordinates":[[110.47518,-6.98313],[110.47682,-6.98254]]}},{"type":"Feature","properties":{"name":"Jalan Woltermonginsidi","kelas":"primary","link":false},"geometry":{"type":"LineString","coordinates":[[110.47734,-6.98255],[110.47832,-6.98261],[110.47917,-6.98181],[110.47994,-6.98154],[110.4802,-6.97989],[110.48057,-6.97924],[110.48037,-6.97853],[110.48087,-6.97752],[110.48086,-6.97649],[110.48115,-6.9759]]}},{"type":"Feature","properties":{"name":"Jalan Raya Semarang - Demak","kelas":"trunk","link":false},"geometry":{"type":"LineString","coordinates":[[110.5063,-6.94236],[110.50673,-6.94223]]}},{"type":"Feature","properties":{"name":"Jalan Siliwangi","kelas":"trunk","link":false},"geometry":{"type":"LineString","coordinates":[[110.37762,-6.98608],[110.37752,-6.98609]]}},{"type":"Feature","properties":{"name":"Jalan Siliwangi","kelas":"trunk","link":false},"geometry":{"type":"LineString","coordinates":[[110.37752,-6.98609],[110.37627,-6.98635]]}},{"type":"Feature","properties":{"name":"Jalan Siliwangi","kelas":"trunk","link":false},"geometry":{"type":"LineString","coordinates":[[110.37751,-6.98599],[110.37762,-6.98597]]}},{"type":"Feature","properties":{"name":"Jalan Siliwangi","kelas":"trunk","link":false},"geometry":{"type":"LineString","coordinates":[[110.38009,-6.98544],[110.38356,-6.98458]]}},{"type":"Feature","properties":{"name":"Jalan Karangrejo Raya","kelas":"secondary","link":false},"geometry":{"type":"LineString","coordinates":[[110.41766,-7.03092],[110.41103,-7.02973],[110.40976,-7.02901]]}},{"type":"Feature","properties":{"name":"Jalan Profesor Soedarto","kelas":"secondary","link":false},"geometry":{"type":"LineString","coordinates":[[110.43634,-7.05545],[110.43204,-7.05405]]}},{"type":"Feature","properties":{"name":"Jalan Tol Semarang–Solo","kelas":"motorway","link":false},"geometry":{"type":"LineString","coordinates":[[110.42421,-7.05776],[110.42434,-7.05807]]}},{"type":"Feature","properties":{"name":"Jalan Tol Semarang–Solo","kelas":"motorway","link":false},"geometry":{"type":"LineString","coordinates":[[110.42434,-7.05807],[110.42669,-7.06168]]}},{"type":"Feature","properties":{"name":"Jalan Tol Semarang–Solo","kelas":"motorway","link":false},"geometry":{"type":"LineString","coordinates":[[110.42405,-7.05762],[110.42398,-7.05691]]}},{"type":"Feature","properties":{"name":"Jalan Tol Semarang–Solo","kelas":"motorway","link":false},"geometry":{"type":"LineString","coordinates":[[110.42417,-7.05796],[110.42405,-7.05762]]}},{"type":"Feature","properties":{"name":"Jalan Untung Suropati","kelas":"secondary","link":false},"geometry":{"type":"LineString","coordinates":[[110.35725,-7.01696],[110.35834,-7.01714],[110.359,-7.01688],[110.35961,-7.01551],[110.36223,-7.01461],[110.36304,-7.01335],[110.36433,-7.01247],[110.36633,-7.01249],[110.36883,-7.01188],[110.36969,-7.01196],[110.37359,-7.01452],[110.37759,-7.01174]]}},{"type":"Feature","properties":{"name":"Jalan K.H. Agus Salim","kelas":"secondary","link":false},"geometry":{"type":"LineString","coordinates":[[110.43084,-6.96997],[110.42691,-6.97113]]}},{"type":"Feature","properties":{"name":"Jalan KH Agus Salim","kelas":"secondary","link":false},"geometry":{"type":"LineString","coordinates":[[110.42561,-6.97137],[110.43041,-6.96997],[110.43049,-6.96972]]}},{"type":"Feature","properties":{"name":"Jalan Sriwijaya","kelas":"secondary","link":false},"geometry":{"type":"LineString","coordinates":[[110.42136,-6.99798],[110.42323,-6.99995]]}},{"type":"Feature","properties":{"name":"Jalan Sriwijaya","kelas":"secondary","link":false},"geometry":{"type":"LineString","coordinates":[[110.42323,-6.99995],[110.42399,-7.00079]]}},{"type":"Feature","properties":{"name":"Flyover Ahmad Yani","kelas":"trunk","link":false},"geometry":{"type":"LineString","coordinates":[[110.38646,-6.96284],[110.39271,-6.96209]]}},{"type":"Feature","properties":{"name":"","kelas":"secondary","link":false},"geometry":{"type":"LineString","coordinates":[[110.38935,-7.01935],[110.38925,-7.01981]]}},{"type":"Feature","properties":{"name":"Jalan Taman Siswa","kelas":"secondary","link":false},"geometry":{"type":"LineString","coordinates":[[110.39509,-7.04841],[110.39512,-7.04851]]}},{"type":"Feature","properties":{"name":"Jalan Mr. Koesbiyono Tjondrobirowo","kelas":"secondary","link":false},"geometry":{"type":"LineString","coordinates":[[110.38717,-7.08283],[110.38727,-7.08603],[110.38883,-7.08948],[110.38965,-7.0965],[110.38953,-7.09849],[110.38998,-7.0995],[110.38884,-7.10362],[110.3882,-7.1044]]}},{"type":"Feature","properties":{"name":"Jalan Taman Siswa","kelas":"secondary","link":false},"geometry":{"type":"LineString","coordinates":[[110.39504,-7.04942],[110.39494,-7.04859]]}},{"type":"Feature","properties":{"name":"Jalan Taman Siswa","kelas":"secondary","link":false},"geometry":{"type":"LineString","coordinates":[[110.3953,-7.04936],[110.39511,-7.04978]]}},{"type":"Feature","properties":{"name":"Jalan Taman Siswa","kelas":"secondary","link":false},"geometry":{"type":"LineString","coordinates":[[110.39511,-7.04978],[110.39504,-7.04942]]}},{"type":"Feature","properties":{"name":"Jalan Taman Siswa","kelas":"secondary","link":false},"geometry":{"type":"LineString","coordinates":[[110.39498,-7.04858],[110.39509,-7.04841]]}},{"type":"Feature","properties":{"name":"","kelas":"trunk","link":true},"geometry":{"type":"LineString","coordinates":[[110.43801,-6.95138],[110.43797,-6.95155]]}},{"type":"Feature","properties":{"name":"","kelas":"trunk","link":true},"geometry":{"type":"LineString","coordinates":[[110.43797,-6.95155],[110.43737,-6.95164]]}},{"type":"Feature","properties":{"name":"Jalan Arteri Utara","kelas":"trunk","link":true},"geometry":{"type":"LineString","coordinates":[[110.43433,-6.95315],[110.43067,-6.95455]]}},{"type":"Feature","properties":{"name":"Jalan Perintis Kemerdekaan","kelas":"trunk","link":false},"geometry":{"type":"LineString","coordinates":[[110.41094,-7.0821],[110.41066,-7.08311],[110.40902,-7.08566],[110.40877,-7.08633],[110.40901,-7.0918]]}},{"type":"Feature","properties":{"name":"Jalan Raya Kaliwungu-Boja","kelas":"secondary","link":false},"geometry":{"type":"LineString","coordinates":[[110.26437,-7.08581],[110.26239,-7.0836],[110.25968,-7.07922],[110.25763,-7.07416],[110.2563,-7.06925],[110.25718,-7.06675],[110.25648,-7.06376],[110.25768,-7.05758],[110.2584,-7.05636],[110.2595,-7.0516],[110.26269,-7.04753]]}},{"type":"Feature","properties":{"name":"Jalan Raya Kaliwungu-Boja","kelas":"secondary","link":false},"geometry":{"type":"LineString","coordinates":[[110.2649,-7.0151],[110.26493,-7.01482]]}},{"type":"Feature","properties":{"name":"","kelas":"primary","link":false},"geometry":{"type":"LineString","coordinates":[[110.27977,-7.1046],[110.28396,-7.10719]]}},{"type":"Feature","properties":{"name":"","kelas":"trunk","link":false},"geometry":{"type":"LineString","coordinates":[[110.3735,-6.96383],[110.37598,-6.96367],[110.37672,-6.96392],[110.38362,-6.96313]]}},{"type":"Feature","properties":{"name":"Wolter Monginsidi","kelas":"primary","link":false},"geometry":{"type":"LineString","coordinates":[[110.47986,-6.9666],[110.47912,-6.96525],[110.47864,-6.9635],[110.47864,-6.96255],[110.47892,-6.96027],[110.48023,-6.95589],[110.48078,-6.95215]]}},{"type":"Feature","properties":{"name":"Jalan Kaligawe Raya","kelas":"trunk","link":false},"geometry":{"type":"LineString","coordinates":[[110.48081,-6.95141],[110.4735,-6.95425]]}},{"type":"Feature","properties":{"name":"Jalan Kaligawe Raya","kelas":"trunk","link":false},"geometry":{"type":"LineString","coordinates":[[110.47067,-6.9551],[110.4687,-6.95555],[110.46558,-6.95582]]}},{"type":"Feature","properties":{"name":"Jalan Lingkar Luar Kaliwungu","kelas":"trunk","link":false},"geometry":{"type":"LineString","coordinates":[[110.26677,-6.9486],[110.26553,-6.94792]]}},{"type":"Feature","properties":{"name":"Jalan Lingkar Luar Kaliwungu","kelas":"trunk","link":false},"geometry":{"type":"LineString","coordinates":[[110.27976,-6.95308],[110.2808,-6.95359],[110.2813,-6.95418],[110.28338,-6.95915],[110.28342,-6.95989],[110.28321,-6.9608],[110.28154,-6.96447]]}},{"type":"Feature","properties":{"name":"Jalan Lingkar Luar Kaliwungu","kelas":"trunk","link":false},"geometry":{"type":"LineString","coordinates":[[110.2656,-6.94786],[110.26685,-6.94852]]}},{"type":"Feature","properties":{"name":"Jalan Tirto Agung","kelas":"secondary","link":false},"geometry":{"type":"LineString","coordinates":[[110.4264,-7.0645],[110.42682,-7.06177],[110.42743,-7.06091],[110.42805,-7.05864],[110.42855,-7.05868],[110.42911,-7.05651],[110.43042,-7.05449]]}},{"type":"Feature","properties":{"name":"Jalan Jendral Sudirman","kelas":"trunk","link":false},"geometry":{"type":"LineString","coordinates":[[110.38972,-6.98314],[110.38988,-6.9831]]}},{"type":"Feature","properties":{"name":"Jalan Jendral Sudirman","kelas":"trunk","link":false},"geometry":{"type":"LineString","coordinates":[[110.38993,-6.98326],[110.38977,-6.98331]]}},{"type":"Feature","properties":{"name":"Jalan Jendral Sudirman","kelas":"trunk","link":false},"geometry":{"type":"LineString","coordinates":[[110.3842,-6.98458],[110.38869,-6.98344]]}},{"type":"Feature","properties":{"name":"Jalan Jendral Sudirman","kelas":"trunk","link":false},"geometry":{"type":"LineString","coordinates":[[110.38871,-6.98355],[110.38422,-6.98483]]}},{"type":"Feature","properties":{"name":"Jalan Tri Lomba Juang","kelas":"secondary","link":false},"geometry":{"type":"LineString","coordinates":[[110.41959,-6.98962],[110.41789,-6.9891],[110.41729,-6.98813]]}},{"type":"Feature","properties":{"name":"Jalan Muntal Raya","kelas":"secondary","link":false},"geometry":{"type":"LineString","coordinates":[[110.38215,-7.07618],[110.38277,-7.0745],[110.38334,-7.07399],[110.38602,-7.07438]]}},{"type":"Feature","properties":{"name":"Jalan Raya Tampingan","kelas":"primary","link":false},"geometry":{"type":"LineString","coordinates":[[110.2891,-7.101],[110.2865,-7.10409],[110.28481,-7.10704],[110.28396,-7.10719]]}},{"type":"Feature","properties":{"name":"Jalan Kaligawe Raya","kelas":"trunk","link":false},"geometry":{"type":"LineString","coordinates":[[110.46284,-6.95609],[110.45242,-6.95707]]}},{"type":"Feature","properties":{"name":"Jalan Arteri Utara","kelas":"trunk","link":true},"geometry":{"type":"LineString","coordinates":[[110.43067,-6.95455],[110.42896,-6.95525],[110.42853,-6.95506]]}},{"type":"Feature","properties":{"name":"","kelas":"trunk","link":true},"geometry":{"type":"LineString","coordinates":[[110.43994,-6.96079],[110.43991,-6.96067]]}},{"type":"Feature","properties":{"name":"Jalan Cepoko Raya","kelas":"secondary","link":false},"geometry":{"type":"LineString","coordinates":[[110.35974,-7.074],[110.35201,-7.07299]]}},{"type":"Feature","properties":{"name":"Jalan Cepoko Raya I","kelas":"secondary","link":false},"geometry":{"type":"LineString","coordinates":[[110.35201,-7.07299],[110.34782,-7.07027],[110.3462,-7.06982],[110.34474,-7.06973],[110.34383,-7.07041],[110.34349,-7.07111],[110.34242,-7.07117]]}},{"type":"Feature","properties":{"name":"Jalan Setiabudi","kelas":"trunk","link":false},"geometry":{"type":"LineString","coordinates":[[110.41741,-7.03454],[110.41794,-7.03204]]}},{"type":"Feature","properties":{"name":"Jalan Sisingamangaraja","kelas":"trunk","link":true},"geometry":{"type":"LineString","coordinates":[[110.42814,-7.01623],[110.42911,-7.01628]]}},{"type":"Feature","properties":{"name":"Jalan Dokter Wahidin","kelas":"trunk","link":true},"geometry":{"type":"LineString","coordinates":[[110.42845,-7.01668],[110.4292,-7.01627]]}},{"type":"Feature","properties":{"name":"Jalan Dokter Wahidin","kelas":"trunk","link":false},"geometry":{"type":"LineString","coordinates":[[110.42722,-7.01768],[110.42402,-7.02046],[110.42111,-7.02336]]}},{"type":"Feature","properties":{"name":"Jalan Sisingamangaraja","kelas":"trunk","link":true},"geometry":{"type":"LineString","coordinates":[[110.42849,-7.01658],[110.42836,-7.01638]]}},{"type":"Feature","properties":{"name":"Jalan Imam Bonjol","kelas":"primary","link":true},"geometry":{"type":"LineString","coordinates":[[110.40975,-6.98354],[110.40962,-6.98308]]}},{"type":"Feature","properties":{"name":"Jalan Tol Semarang–Solo","kelas":"motorway","link":false},"geometry":{"type":"LineString","coordinates":[[110.43627,-7.07176],[110.43608,-7.07013],[110.43559,-7.06885],[110.43509,-7.06803],[110.43377,-7.06677],[110.43179,-7.06588]]}},{"type":"Feature","properties":{"name":"Jalan Tol Semarang–Solo","kelas":"motorway","link":false},"geometry":{"type":"LineString","coordinates":[[110.43638,-7.07177],[110.43617,-7.07335]]}},{"type":"Feature","properties":{"name":"Jalan Tol Semarang–Solo","kelas":"motorway","link":false},"geometry":{"type":"LineString","coordinates":[[110.43617,-7.07335],[110.43611,-7.07369]]}},{"type":"Feature","properties":{"name":"Jalan Tol Semarang–Solo","kelas":"motorway","link":false},"geometry":{"type":"LineString","coordinates":[[110.43607,-7.07333],[110.43627,-7.07176]]}},{"type":"Feature","properties":{"name":"Jalan Tol Semarang–Solo","kelas":"motorway","link":false},"geometry":{"type":"LineString","coordinates":[[110.43601,-7.07367],[110.43607,-7.07333]]}},{"type":"Feature","properties":{"name":"Jalan Tol Semarang–Solo","kelas":"motorway","link":false},"geometry":{"type":"LineString","coordinates":[[110.43611,-7.07369],[110.43552,-7.07712]]}},{"type":"Feature","properties":{"name":"Jalan Tol Semarang–Solo","kelas":"motorway","link":false},"geometry":{"type":"LineString","coordinates":[[110.43366,-7.08184],[110.43229,-7.08321],[110.43017,-7.08481],[110.42926,-7.0857],[110.42837,-7.08692],[110.427,-7.08984],[110.42623,-7.09106],[110.42247,-7.09533],[110.42187,-7.09694],[110.42189,-7.09936],[110.42171,-7.1003],[110.42118,-7.10131],[110.41968,-7.10299]]}},{"type":"Feature","properties":{"name":"Jalan Tol Semarang–Solo","kelas":"motorway","link":false},"geometry":{"type":"LineString","coordinates":[[110.43542,-7.07708],[110.43601,-7.07367]]}},{"type":"Feature","properties":{"name":"Jalan Tol Semarang","kelas":"motorway","link":false},"geometry":{"type":"LineString","coordinates":[[110.42672,-7.03103],[110.42805,-7.03105]]}},{"type":"Feature","properties":{"name":"Jalan Muktiharjo Raya","kelas":"secondary","link":false},"geometry":{"type":"LineString","coordinates":[[110.46256,-6.97246],[110.4514,-6.96252]]}},{"type":"Feature","properties":{"name":"","kelas":"secondary","link":false},"geometry":{"type":"LineString","coordinates":[[110.47888,-7.04833],[110.47888,-7.04833]]}},{"type":"Feature","properties":{"name":"Jalan Klipang Raya","kelas":"secondary","link":false},"geometry":{"type":"LineString","coordinates":[[110.47958,-7.03776],[110.47191,-7.03712]]}},{"type":"Feature","properties":{"name":"Jalan Klipang Raya","kelas":"secondary","link":false},"geometry":{"type":"LineString","coordinates":[[110.47188,-7.03709],[110.47184,-7.03613]]}},{"type":"Feature","properties":{"name":"Jalan Klipang Raya","kelas":"secondary","link":false},"geometry":{"type":"LineString","coordinates":[[110.47192,-7.03613],[110.47191,-7.03709]]}},{"type":"Feature","properties":{"name":"","kelas":"secondary","link":false},"geometry":{"type":"LineString","coordinates":[[110.47188,-7.03613],[110.47188,-7.03613]]}},{"type":"Feature","properties":{"name":"Jalan Tulus Harapan","kelas":"secondary","link":false},"geometry":{"type":"LineString","coordinates":[[110.46747,-7.03514],[110.47173,-7.03589]]}},{"type":"Feature","properties":{"name":"Jalan Tulus Harapan","kelas":"secondary","link":false},"geometry":{"type":"LineString","coordinates":[[110.47172,-7.036],[110.46747,-7.03522]]}},{"type":"Feature","properties":{"name":"","kelas":"secondary","link":false},"geometry":{"type":"LineString","coordinates":[[110.47888,-7.04833],[110.47865,-7.05088]]}},{"type":"Feature","properties":{"name":"","kelas":"secondary","link":false},"geometry":{"type":"LineString","coordinates":[[110.47865,-7.05088],[110.47874,-7.04832]]}},{"type":"Feature","properties":{"name":"","kelas":"secondary","link":false},"geometry":{"type":"LineString","coordinates":[[110.49739,-7.04132],[110.49157,-7.03883],[110.48992,-7.0362],[110.4878,-7.03526]]}},{"type":"Feature","properties":{"name":"","kelas":"secondary","link":false},"geometry":{"type":"LineString","coordinates":[[110.4878,-7.03526],[110.48748,-7.03516]]}},{"type":"Feature","properties":{"name":"Jalan Letnan Jenderal Sarwo Edi","kelas":"secondary","link":false},"geometry":{"type":"LineString","coordinates":[[110.48765,-7.02909],[110.48767,-7.02756],[110.48836,-7.02515],[110.48769,-7.02117],[110.48965,-7.01798]]}},{"type":"Feature","properties":{"name":"Jalan Komdor Laut Yos Sudarso","kelas":"trunk","link":false},"geometry":{"type":"LineString","coordinates":[[110.45041,-6.95263],[110.44865,-6.95152]]}},{"type":"Feature","properties":{"name":"Jalan Kaligawe Raya","kelas":"trunk","link":false},"geometry":{"type":"LineString","coordinates":[[110.46558,-6.95577],[110.46875,-6.95546],[110.47067,-6.95501]]}},{"type":"Feature","properties":{"name":"","kelas":"trunk","link":true},"geometry":{"type":"LineString","coordinates":[[110.45177,-6.95657],[110.45154,-6.95705]]}},{"type":"Feature","properties":{"name":"Jalan Kaligawe Raya","kelas":"trunk","link":false},"geometry":{"type":"LineString","coordinates":[[110.44603,-6.9586],[110.44318,-6.95972]]}},{"type":"Feature","properties":{"name":"Jalan Komdor Laut Yos Sudarso","kelas":"trunk","link":false},"geometry":{"type":"LineString","coordinates":[[110.45138,-6.95677],[110.45144,-6.95474]]}},{"type":"Feature","properties":{"name":"","kelas":"trunk","link":true},"geometry":{"type":"LineString","coordinates":[[110.45154,-6.95705],[110.45127,-6.95713]]}},{"type":"Feature","properties":{"name":"","kelas":"trunk","link":true},"geometry":{"type":"LineString","coordinates":[[110.45154,-6.95705],[110.45138,-6.95677]]}},{"type":"Feature","properties":{"name":"Jalan Pandanaran","kelas":"primary","link":false},"geometry":{"type":"LineString","coordinates":[[110.42187,-6.98952],[110.42243,-6.98968]]}},{"type":"Feature","properties":{"name":"Jalan Pahlawan","kelas":"primary","link":false},"geometry":{"type":"LineString","coordinates":[[110.42011,-6.99569],[110.41941,-6.99746]]}},{"type":"Feature","properties":{"name":"","kelas":"secondary","link":false},"geometry":{"type":"LineString","coordinates":[[110.28418,-7.13117],[110.28343,-7.13037],[110.28216,-7.13002],[110.27878,-7.12646],[110.27846,-7.11811],[110.27868,-7.11657],[110.27763,-7.10642]]}},{"type":"Feature","properties":{"name":"","kelas":"secondary","link":false},"geometry":{"type":"LineString","coordinates":[[110.27763,-7.10642],[110.2776,-7.10626]]}},{"type":"Feature","properties":{"name":"","kelas":"secondary","link":false},"geometry":{"type":"LineString","coordinates":[[110.2776,-7.10626],[110.279,-7.10414]]}},{"type":"Feature","properties":{"name":"Jalan Mulawarman Raya","kelas":"primary","link":false},"geometry":{"type":"LineString","coordinates":[[110.43507,-7.06844],[110.43216,-7.06805],[110.43149,-7.06731],[110.43035,-7.0668]]}},{"type":"Feature","properties":{"name":"Jalan Banjarsari Selatan","kelas":"primary","link":false},"geometry":{"type":"LineString","coordinates":[[110.43814,-7.06382],[110.43652,-7.0632],[110.43588,-7.06266],[110.43539,-7.05908]]}},{"type":"Feature","properties":{"name":"Jalan Raya Kendal-Semarang","kelas":"trunk","link":false},"geometry":{"type":"LineString","coordinates":[[110.28365,-6.96787],[110.28346,-6.9678]]}},{"type":"Feature","properties":{"name":"Jalan Banjarsari Raya","kelas":"primary","link":false},"geometry":{"type":"LineString","coordinates":[[110.44196,-7.06013],[110.43736,-7.05921],[110.43539,-7.05908]]}},{"type":"Feature","properties":{"name":"Jalan Kolonel Haji Imam Soeparto","kelas":"primary","link":false},"geometry":{"type":"LineString","coordinates":[[110.46373,-7.05704],[110.46304,-7.05732],[110.45837,-7.05791],[110.45642,-7.05844],[110.45188,-7.05744],[110.45135,-7.05811],[110.45101,-7.05924],[110.44999,-7.06047],[110.44532,-7.0607]]}},{"type":"Feature","properties":{"name":"Jalan Profesor Soedarto, SH","kelas":"secondary","link":false},"geometry":{"type":"LineString","coordinates":[[110.43009,-7.05343],[110.41977,-7.04857]]}},{"type":"Feature","properties":{"name":"Jalan Tol Semarang","kelas":"motorway","link":false},"geometry":{"type":"LineString","coordinates":[[110.43235,-7.03472],[110.4322,-7.03441]]}},{"type":"Feature","properties":{"name":"Jalan Tol Semarang","kelas":"motorway","link":false},"geometry":{"type":"LineString","coordinates":[[110.4322,-7.03441],[110.43176,-7.03354]]}},{"type":"Feature","properties":{"name":"Jalan Tol Semarang","kelas":"motorway","link":false},"geometry":{"type":"LineString","coordinates":[[110.43228,-7.03438],[110.43243,-7.03469]]}},{"type":"Feature","properties":{"name":"Jalan Tol Semarang","kelas":"motorway","link":false},"geometry":{"type":"LineString","coordinates":[[110.43144,-7.0318],[110.43173,-7.03312]]}},{"type":"Feature","properties":{"name":"Jalan Untung Suropati","kelas":"secondary","link":false},"geometry":{"type":"LineString","coordinates":[[110.33733,-7.0415],[110.33902,-7.03944],[110.34158,-7.03455],[110.34795,-7.02427],[110.35133,-7.02268],[110.35352,-7.02243],[110.35568,-7.01949],[110.35579,-7.01854],[110.35627,-7.01822],[110.35632,-7.01764],[110.35725,-7.01696]]}},{"type":"Feature","properties":{"name":"Jalan Pemuda","kelas":"primary","link":true},"geometry":{"type":"LineString","coordinates":[[110.41592,-6.97816],[110.4158,-6.97789]]}},{"type":"Feature","properties":{"name":"Jalan Pemuda","kelas":"primary","link":true},"geometry":{"type":"LineString","coordinates":[[110.4102,-6.98351],[110.40975,-6.98354]]}},{"type":"Feature","properties":{"name":"Jalan Imam Bonjol","kelas":"primary","link":false},"geometry":{"type":"LineString","coordinates":[[110.417,-6.9725],[110.4215,-6.97032]]}},{"type":"Feature","properties":{"name":"Jalan Mentri Supeno","kelas":"secondary","link":false},"geometry":{"type":"LineString","coordinates":[[110.42095,-6.99279],[110.4214,-6.993]]}},{"type":"Feature","properties":{"name":"Jalan Mentri Supeno","kelas":"secondary","link":false},"geometry":{"type":"LineString","coordinates":[[110.41376,-6.99328],[110.41518,-6.99308],[110.41773,-6.9935],[110.4189,-6.99337],[110.42004,-6.99147]]}},{"type":"Feature","properties":{"name":"Jalan Veteran","kelas":"secondary","link":false},"geometry":{"type":"LineString","coordinates":[[110.41563,-6.9966],[110.41415,-6.99573]]}},{"type":"Feature","properties":{"name":"Jalan Mayor Jenderal M.T. Haryono","kelas":"primary","link":false},"geometry":{"type":"LineString","coordinates":[[110.43305,-7.00074],[110.43275,-6.99999]]}},{"type":"Feature","properties":{"name":"","kelas":"motorway","link":true},"geometry":{"type":"LineString","coordinates":[[110.42715,-7.06273],[110.42667,-7.06285]]}},{"type":"Feature","properties":{"name":"Entry Tol Tembalang","kelas":"motorway","link":true},"geometry":{"type":"LineString","coordinates":[[110.42685,-7.06169],[110.42718,-7.06183]]}},{"type":"Feature","properties":{"name":"","kelas":"trunk","link":false},"geometry":{"type":"LineString","coordinates":[[110.37321,-6.96367],[110.37321,-6.96367]]}},{"type":"Feature","properties":{"name":"","kelas":"trunk","link":true},"geometry":{"type":"LineString","coordinates":[[110.37587,-6.96389],[110.37598,-6.96367]]}},{"type":"Feature","properties":{"name":"","kelas":"trunk","link":true},"geometry":{"type":"LineString","coordinates":[[110.38943,-6.96255],[110.38943,-6.96269]]}},{"type":"Feature","properties":{"name":"","kelas":"trunk","link":false},"geometry":{"type":"LineString","coordinates":[[110.38365,-6.96342],[110.37661,-6.96422]]}},{"type":"Feature","properties":{"name":"","kelas":"motorway","link":true},"geometry":{"type":"LineString","coordinates":[[110.36499,-6.9992],[110.36744,-6.99812]]}},{"type":"Feature","properties":{"name":"Jalan Tol Semarang–Batang","kelas":"motorway","link":true},"geometry":{"type":"LineString","coordinates":[[110.3716,-7.00193],[110.37012,-6.99848],[110.36927,-6.99814],[110.36734,-6.99877]]}},{"type":"Feature","properties":{"name":"","kelas":"motorway","link":true},"geometry":{"type":"LineString","coordinates":[[110.36916,-6.99396],[110.36928,-6.99467],[110.37033,-6.99573],[110.36985,-6.99701]]}},{"type":"Feature","properties":{"name":"Jalan Mr. Koesbiyono Tjondrowibowo","kelas":"secondary","link":false},"geometry":{"type":"LineString","coordinates":[[110.39464,-7.0569],[110.3973,-7.05786],[110.3972,-7.0607],[110.3962,-7.06393],[110.39614,-7.06528],[110.39756,-7.06756],[110.39754,-7.06848]]}},{"type":"Feature","properties":{"name":"Jalan Taman Siswa","kelas":"secondary","link":false},"geometry":{"type":"LineString","coordinates":[[110.39511,-7.04978],[110.39495,-7.0504],[110.39548,-7.05087],[110.39499,-7.05255],[110.39464,-7.0569]]}},{"type":"Feature","properties":{"name":"","kelas":"secondary","link":false},"geometry":{"type":"LineString","coordinates":[[110.3929,-7.05807],[110.39278,-7.05811]]}},{"type":"Feature","properties":{"name":"","kelas":"secondary","link":false},"geometry":{"type":"LineString","coordinates":[[110.3929,-7.05807],[110.39311,-7.05743]]}},{"type":"Feature","properties":{"name":"Jalan Mr. Koesbiyono Tjondrobirowo","kelas":"secondary","link":false},"geometry":{"type":"LineString","coordinates":[[110.39703,-7.06914],[110.39621,-7.07091],[110.39388,-7.07325],[110.3902,-7.0744],[110.38894,-7.0742]]}},{"type":"Feature","properties":{"name":"Jalan Patemon Raya","kelas":"secondary","link":false},"geometry":{"type":"LineString","coordinates":[[110.39754,-7.06848],[110.39703,-7.06914]]}},{"type":"Feature","properties":{"name":"","kelas":"secondary","link":false},"geometry":{"type":"LineString","coordinates":[[110.49692,-7.04112],[110.49713,-7.04055]]}},{"type":"Feature","properties":{"name":"","kelas":"secondary","link":false},"geometry":{"type":"LineString","coordinates":[[110.49757,-7.04078],[110.49712,-7.04059]]}},{"type":"Feature","properties":{"name":"Jalan Candi Penataran Raya","kelas":"secondary","link":false},"geometry":{"type":"LineString","coordinates":[[110.37519,-7.02056],[110.37541,-7.01941],[110.37395,-7.01797],[110.3757,-7.01293]]}},{"type":"Feature","properties":{"name":"Jalan Pawiyatan Luhur","kelas":"secondary","link":false},"geometry":{"type":"LineString","coordinates":[[110.40954,-7.02931],[110.40768,-7.02907],[110.40662,-7.02842],[110.40406,-7.02503],[110.40019,-7.02268],[110.39939,-7.02254],[110.39617,-7.01988]]}},{"type":"Feature","properties":{"name":"Jalan Untung Suropati","kelas":"secondary","link":false},"geometry":{"type":"LineString","coordinates":[[110.38268,-7.01101],[110.3862,-7.00871],[110.3874,-7.00858]]}},{"type":"Feature","properties":{"name":"Jalan WR. Supratman","kelas":"secondary","link":false},"geometry":{"type":"LineString","coordinates":[[110.38945,-6.9991],[110.39067,-7.00031],[110.39233,-7.00295]]}},{"type":"Feature","properties":{"name":"Jalan Simongan","kelas":"secondary","link":false},"geometry":{"type":"LineString","coordinates":[[110.39837,-6.99683],[110.39885,-6.99686],[110.39913,-6.99654],[110.3993,-6.99479]]}},{"type":"Feature","properties":{"name":"Jalan KH. Agus Salim","kelas":"secondary","link":false},"geometry":{"type":"LineString","coordinates":[[110.42542,-6.97136],[110.42561,-6.97137]]}},{"type":"Feature","properties":{"name":"Jalan KH Agus Salim","kelas":"secondary","link":false},"geometry":{"type":"LineString","coordinates":[[110.42287,-6.97105],[110.42542,-6.97136]]}},{"type":"Feature","properties":{"name":"Jalan Sultan Agung","kelas":"trunk","link":false},"geometry":{"type":"LineString","coordinates":[[110.42025,-7.02302],[110.42048,-7.02395]]}},{"type":"Feature","properties":{"name":"Jalan Teuku Umar","kelas":"trunk","link":false},"geometry":{"type":"LineString","coordinates":[[110.41825,-7.0298],[110.41847,-7.02787]]}},{"type":"Feature","properties":{"name":"Jalan Teuku Umar","kelas":"trunk","link":false},"geometry":{"type":"LineString","coordinates":[[110.41855,-7.02787],[110.41819,-7.03114]]}},{"type":"Feature","properties":{"name":"Jalan Setiabudi","kelas":"trunk","link":true},"geometry":{"type":"LineString","coordinates":[[110.41794,-7.03312],[110.41771,-7.03368],[110.41771,-7.03312]]}},{"type":"Feature","properties":{"name":"Jalan Setiabudi","kelas":"trunk","link":false},"geometry":{"type":"LineString","coordinates":[[110.41819,-7.03114],[110.41758,-7.03432]]}},{"type":"Feature","properties":{"name":"Jalan Setiabudi","kelas":"trunk","link":false},"geometry":{"type":"LineString","coordinates":[[110.41751,-7.03429],[110.41797,-7.03222],[110.41825,-7.0298]]}},{"type":"Feature","properties":{"name":"Jalan Teuku Umar","kelas":"trunk","link":false},"geometry":{"type":"LineString","coordinates":[[110.41841,-7.02979],[110.41825,-7.03118]]}},{"type":"Feature","properties":{"name":"Jalan Teuku Umar","kelas":"trunk","link":true},"geometry":{"type":"LineString","coordinates":[[110.41849,-7.02911],[110.41825,-7.02911]]}},{"type":"Feature","properties":{"name":"","kelas":"secondary","link":false},"geometry":{"type":"LineString","coordinates":[[110.50077,-7.03754],[110.50437,-7.0298],[110.50578,-7.02911],[110.51075,-7.02465]]}},{"type":"Feature","properties":{"name":"Jalan Banjarsari Raya","kelas":"secondary","link":false},"geometry":{"type":"LineString","coordinates":[[110.43533,-7.05892],[110.43521,-7.05852]]}},{"type":"Feature","properties":{"name":"Jalan Banjarsari Raya","kelas":"secondary","link":false},"geometry":{"type":"LineString","coordinates":[[110.43537,-7.05903],[110.43533,-7.05892]]}},{"type":"Feature","properties":{"name":"Jalan Tol Semarang","kelas":"motorway","link":false},"geometry":{"type":"LineString","coordinates":[[110.36907,-6.99345],[110.36923,-6.99233],[110.36913,-6.99129],[110.3681,-6.98782]]}},{"type":"Feature","properties":{"name":"Jalan Tol Semarang","kelas":"motorway","link":false},"geometry":{"type":"LineString","coordinates":[[110.36893,-6.99389],[110.36907,-6.99345]]}},{"type":"Feature","properties":{"name":"Jalan Tol Semarang","kelas":"motorway","link":false},"geometry":{"type":"LineString","coordinates":[[110.36916,-6.99347],[110.36901,-6.99391]]}},{"type":"Feature","properties":{"name":"Jalan Tol Semarang","kelas":"motorway","link":false},"geometry":{"type":"LineString","coordinates":[[110.36826,-6.9878],[110.36928,-6.9916],[110.36931,-6.99274],[110.36916,-6.99347]]}},{"type":"Feature","properties":{"name":"Jalan Pamularsih","kelas":"trunk","link":false},"geometry":{"type":"LineString","coordinates":[[110.38997,-6.98751],[110.39013,-6.98752]]}},{"type":"Feature","properties":{"name":"Jalan Pamularsih","kelas":"trunk","link":false},"geometry":{"type":"LineString","coordinates":[[110.39012,-6.98761],[110.3899,-6.9876]]}},{"type":"Feature","properties":{"name":"Jalan Pamularsih","kelas":"trunk","link":false},"geometry":{"type":"LineString","coordinates":[[110.3899,-6.9876],[110.38726,-6.98747],[110.38634,-6.98727],[110.38531,-6.98675],[110.38403,-6.98505]]}},{"type":"Feature","properties":{"name":"Jalan Pamularsih","kelas":"trunk","link":false},"geometry":{"type":"LineString","coordinates":[[110.38412,-6.98499],[110.38515,-6.98646],[110.38639,-6.9872],[110.38723,-6.98738],[110.38997,-6.98751]]}},{"type":"Feature","properties":{"name":"Jalan Raden Patah","kelas":"trunk","link":false},"geometry":{"type":"LineString","coordinates":[[110.45093,-6.95715],[110.44938,-6.95746]]}},{"type":"Feature","properties":{"name":"Jalan Raden Patah","kelas":"trunk","link":false},"geometry":{"type":"LineString","coordinates":[[110.45013,-6.9572],[110.45083,-6.9571]]}},{"type":"Feature","properties":{"name":"Jalan Muktiharjo Raya","kelas":"secondary","link":false},"geometry":{"type":"LineString","coordinates":[[110.44959,-6.96095],[110.44704,-6.95825]]}},{"type":"Feature","properties":{"name":"Jalan Muktiharjo Raya","kelas":"secondary","link":false},"geometry":{"type":"LineString","coordinates":[[110.44985,-6.96117],[110.44959,-6.96095]]}},{"type":"Feature","properties":{"name":"Jalan Durian Raya","kelas":"primary","link":false},"geometry":{"type":"LineString","coordinates":[[110.42756,-7.06473],[110.4277,-7.06475]]}},{"type":"Feature","properties":{"name":"","kelas":"motorway","link":true},"geometry":{"type":"LineString","coordinates":[[110.42795,-7.06359],[110.4278,-7.06345]]}},{"type":"Feature","properties":{"name":"Jalan Tol Semarang–Solo","kelas":"motorway","link":false},"geometry":{"type":"LineString","coordinates":[[110.428,-7.06348],[110.42789,-7.06336]]}},{"type":"Feature","properties":{"name":"Jalan Tol Semarang–Solo","kelas":"motorway","link":false},"geometry":{"type":"LineString","coordinates":[[110.42794,-7.06326],[110.42807,-7.06338]]}},{"type":"Feature","properties":{"name":"","kelas":"motorway","link":true},"geometry":{"type":"LineString","coordinates":[[110.42803,-7.06318],[110.42816,-7.06333]]}},{"type":"Feature","properties":{"name":"","kelas":"motorway","link":true},"geometry":{"type":"LineString","coordinates":[[110.42816,-7.06333],[110.42862,-7.06388]]}},{"type":"Feature","properties":{"name":"Jalan Tol Semarang–Solo","kelas":"motorway","link":false},"geometry":{"type":"LineString","coordinates":[[110.427,-7.06212],[110.42794,-7.06326]]}},{"type":"Feature","properties":{"name":"Jalan Tol Semarang–Solo","kelas":"motorway","link":false},"geometry":{"type":"LineString","coordinates":[[110.42789,-7.06336],[110.42698,-7.06227]]}},{"type":"Feature","properties":{"name":"","kelas":"motorway","link":true},"geometry":{"type":"LineString","coordinates":[[110.42874,-7.06416],[110.42795,-7.06359]]}},{"type":"Feature","properties":{"name":"","kelas":"secondary","link":false},"geometry":{"type":"LineString","coordinates":[[110.37498,-7.02093],[110.37519,-7.02056]]}},{"type":"Feature","properties":{"name":"Jalan Madukoro Raya","kelas":"trunk","link":false},"geometry":{"type":"LineString","coordinates":[[110.39176,-6.96251],[110.39099,-6.96258]]}},{"type":"Feature","properties":{"name":"Jalan Arteri Utara","kelas":"trunk","link":false},"geometry":{"type":"LineString","coordinates":[[110.39563,-6.95633],[110.39503,-6.95709],[110.39467,-6.95807]]}},{"type":"Feature","properties":{"name":"Jalan Madukoro Raya","kelas":"trunk","link":false},"geometry":{"type":"LineString","coordinates":[[110.39385,-6.96195],[110.39405,-6.96193]]}},{"type":"Feature","properties":{"name":"Jalan Madukoro Raya","kelas":"trunk","link":false},"geometry":{"type":"LineString","coordinates":[[110.39405,-6.96193],[110.39409,-6.96193]]}},{"type":"Feature","properties":{"name":"Jalan Diponegoro","kelas":"trunk","link":false},"geometry":{"type":"LineString","coordinates":[[110.40434,-7.13527],[110.4037,-7.1326],[110.40415,-7.12965]]}},{"type":"Feature","properties":{"name":"Jalan Haji Oemar Said Cokroaminoto","kelas":"primary","link":false},"geometry":{"type":"LineString","coordinates":[[110.40362,-7.12696],[110.40383,-7.12069]]}},{"type":"Feature","properties":{"name":"","kelas":"secondary","link":false},"geometry":{"type":"LineString","coordinates":[[110.46136,-6.9773],[110.46147,-6.97732]]}},{"type":"Feature","properties":{"name":"Jalan Diponegoro","kelas":"trunk","link":false},"geometry":{"type":"LineString","coordinates":[[110.40425,-7.1295],[110.40378,-7.13258],[110.40427,-7.13474]]}},{"type":"Feature","properties":{"name":"Jalan Gatot Subroto","kelas":"trunk","link":false},"geometry":{"type":"LineString","coordinates":[[110.40571,-7.12591],[110.40559,-7.12604]]}},{"type":"Feature","properties":{"name":"Jalan Gatot Subroto","kelas":"trunk","link":false},"geometry":{"type":"LineString","coordinates":[[110.40575,-7.12577],[110.40617,-7.12517],[110.40651,-7.12375],[110.40692,-7.12292],[110.40762,-7.12218],[110.4086,-7.12152]]}},{"type":"Feature","properties":{"name":"Jalan Gatot Subroto","kelas":"trunk","link":false},"geometry":{"type":"LineString","coordinates":[[110.40555,-7.12599],[110.40575,-7.12577]]}},{"type":"Feature","properties":{"name":"Jalan KH. Ahmad Dahlan","kelas":"secondary","link":false},"geometry":{"type":"LineString","coordinates":[[110.42446,-6.98971],[110.42461,-6.98965]]}},{"type":"Feature","properties":{"name":"Jalan Setiabudi","kelas":"trunk","link":false},"geometry":{"type":"LineString","coordinates":[[110.42028,-7.04761],[110.41922,-7.04945]]}},{"type":"Feature","properties":{"name":"Jalan Jolotundo","kelas":"secondary","link":false},"geometry":{"type":"LineString","coordinates":[[110.44545,-6.98563],[110.44339,-6.98588]]}},{"type":"Feature","properties":{"name":"Jalan Kartini","kelas":"secondary","link":false},"geometry":{"type":"LineString","coordinates":[[110.44135,-6.98598],[110.43849,-6.98561]]}},{"type":"Feature","properties":{"name":"Jalan Kartini","kelas":"secondary","link":false},"geometry":{"type":"LineString","coordinates":[[110.44272,-6.98597],[110.44135,-6.98598]]}},{"type":"Feature","properties":{"name":"Jalan Palir","kelas":"secondary","link":false},"geometry":{"type":"LineString","coordinates":[[110.30495,-7.00926],[110.3062,-7.00439],[110.30611,-7.00365],[110.30548,-7.00305]]}},{"type":"Feature","properties":{"name":"Jalan Pesantren","kelas":"secondary","link":false},"geometry":{"type":"LineString","coordinates":[[110.31088,-7.02318],[110.31294,-7.02695],[110.31414,-7.03002],[110.31519,-7.03474]]}},{"type":"Feature","properties":{"name":"Jalan MGR. Sugiopranoto","kelas":"trunk","link":false},"geometry":{"type":"LineString","coordinates":[[110.4092,-6.98447],[110.40851,-6.98414]]}},{"type":"Feature","properties":{"name":"Jalan Gatot Subroto","kelas":"trunk","link":false},"geometry":{"type":"LineString","coordinates":[[110.40862,-7.12158],[110.40768,-7.12223],[110.40687,-7.12314],[110.40611,-7.1254]]}},{"type":"Feature","properties":{"name":"Jalan Pramuka","kelas":"secondary","link":false},"geometry":{"type":"LineString","coordinates":[[110.40137,-7.10899],[110.40074,-7.10849],[110.40066,-7.10954],[110.39975,-7.11037],[110.39821,-7.11004],[110.39664,-7.11066]]}},{"type":"Feature","properties":{"name":"Jalan Pramuka","kelas":"secondary","link":false},"geometry":{"type":"LineString","coordinates":[[110.40201,-7.10878],[110.40137,-7.10899]]}},{"type":"Feature","properties":{"name":"Jalan Jendral Sudirman","kelas":"trunk","link":false},"geometry":{"type":"LineString","coordinates":[[110.39993,-6.98096],[110.39993,-6.98071]]}},{"type":"Feature","properties":{"name":"Jalan Raya Kaliwungu","kelas":"primary","link":false},"geometry":{"type":"LineString","coordinates":[[110.27996,-6.96653],[110.27694,-6.96629],[110.27436,-6.96577]]}},{"type":"Feature","properties":{"name":"Jalan Raden Patah","kelas":"trunk","link":false},"geometry":{"type":"LineString","coordinates":[[110.44823,-6.95785],[110.44704,-6.95825]]}},{"type":"Feature","properties":{"name":"Jalan Raden Patah","kelas":"trunk","link":false},"geometry":{"type":"LineString","coordinates":[[110.44819,-6.95777],[110.44844,-6.95769]]}},{"type":"Feature","properties":{"name":"Jalan Raden Patah","kelas":"trunk","link":false},"geometry":{"type":"LineString","coordinates":[[110.44848,-6.95775],[110.44823,-6.95785]]}},{"type":"Feature","properties":{"name":"Jalan Raden Patah","kelas":"trunk","link":false},"geometry":{"type":"LineString","coordinates":[[110.44686,-6.95823],[110.44819,-6.95777]]}},{"type":"Feature","properties":{"name":"Jalan Raden Patah","kelas":"trunk","link":false},"geometry":{"type":"LineString","coordinates":[[110.44844,-6.95769],[110.44946,-6.95735]]}},{"type":"Feature","properties":{"name":"Jalan Dokter Cipto","kelas":"trunk","link":false},"geometry":{"type":"LineString","coordinates":[[110.43442,-6.98952],[110.43391,-6.99504]]}},{"type":"Feature","properties":{"name":"Jalan Dokter Cipto","kelas":"trunk","link":false},"geometry":{"type":"LineString","coordinates":[[110.43476,-6.98531],[110.43442,-6.98952]]}},{"type":"Feature","properties":{"name":"Jalan Kolonel Sugiono","kelas":"secondary","link":false},"geometry":{"type":"LineString","coordinates":[[110.42314,-6.96816],[110.42469,-6.96886]]}},{"type":"Feature","properties":{"name":"Jalan Kolonel Sugiono","kelas":"secondary","link":false},"geometry":{"type":"LineString","coordinates":[[110.42235,-6.96993],[110.42195,-6.96853],[110.42214,-6.96832]]}},{"type":"Feature","properties":{"name":"Jalan Imam Bonjol","kelas":"primary","link":false},"geometry":{"type":"LineString","coordinates":[[110.4124,-6.97685],[110.41328,-6.97496]]}},{"type":"Feature","properties":{"name":"Jalan Fatmawati","kelas":"primary","link":false},"geometry":{"type":"LineString","coordinates":[[110.46805,-7.02512],[110.46858,-7.0234],[110.46953,-7.02158],[110.47024,-7.02095],[110.47133,-7.01833]]}},{"type":"Feature","properties":{"name":"Jalan Tol Semarang","kelas":"motorway","link":false},"geometry":{"type":"LineString","coordinates":[[110.44378,-7.01414],[110.44392,-7.0138]]}},{"type":"Feature","properties":{"name":"Jalan Tol Semarang","kelas":"motorway","link":false},"geometry":{"type":"LineString","coordinates":[[110.44403,-7.01387],[110.44392,-7.01417]]}},{"type":"Feature","properties":{"name":"Jalan Tol Semarang","kelas":"motorway","link":false},"geometry":{"type":"LineString","coordinates":[[110.44935,-7.00646],[110.44598,-7.00979],[110.4449,-7.01141]]}},{"type":"Feature","properties":{"name":"Jalan Tol Semarang","kelas":"motorway","link":false},"geometry":{"type":"LineString","coordinates":[[110.4448,-7.01136],[110.44582,-7.00981],[110.44927,-7.00639]]}},{"type":"Feature","properties":{"name":"Jalan Teuku Umar","kelas":"trunk","link":false},"geometry":{"type":"LineString","coordinates":[[110.41846,-7.02768],[110.41894,-7.02583],[110.41954,-7.02476]]}},{"type":"Feature","properties":{"name":"Jalan Teuku Umar","kelas":"trunk","link":false},"geometry":{"type":"LineString","coordinates":[[110.41863,-7.02754],[110.41849,-7.02911]]}},{"type":"Feature","properties":{"name":"Jalan Dokter Sutomo","kelas":"trunk","link":false},"geometry":{"type":"LineString","coordinates":[[110.408,-6.99622],[110.40798,-6.99547],[110.40682,-6.99442]]}},{"type":"Feature","properties":{"name":"Jalan Tumpang Raya","kelas":"secondary","link":false},"geometry":{"type":"LineString","coordinates":[[110.40661,-7.00598],[110.40655,-7.00608]]}},{"type":"Feature","properties":{"name":"Jalan Brigadir Jenderal Sudiarto","kelas":"primary","link":false},"geometry":{"type":"LineString","coordinates":[[110.43913,-6.99721],[110.44071,-6.9979]]}},{"type":"Feature","properties":{"name":"Jalan Brigadir Jenderal Sudiarto","kelas":"primary","link":false},"geometry":{"type":"LineString","coordinates":[[110.4404,-6.99786],[110.4391,-6.99727]]}},{"type":"Feature","properties":{"name":"Jalan Pamularsih","kelas":"trunk","link":false},"geometry":{"type":"LineString","coordinates":[[110.39942,-6.99491],[110.39882,-6.99478],[110.39846,-6.99435],[110.39889,-6.99242]]}},{"type":"Feature","properties":{"name":"Jalan Pamularsih","kelas":"trunk","link":false},"geometry":{"type":"LineString","coordinates":[[110.39899,-6.99243],[110.39857,-6.99436],[110.39891,-6.99472],[110.3993,-6.99479]]}},{"type":"Feature","properties":{"name":"Jalan Kaligarang","kelas":"trunk","link":true},"geometry":{"type":"LineString","coordinates":[[110.40573,-6.99536],[110.40566,-6.9953]]}},{"type":"Feature","properties":{"name":"Jalan Kaligarang","kelas":"trunk","link":true},"geometry":{"type":"LineString","coordinates":[[110.40335,-6.99608],[110.40334,-6.996]]}},{"type":"Feature","properties":{"name":"Jalan Pawiyatan Luhur","kelas":"secondary","link":false},"geometry":{"type":"LineString","coordinates":[[110.40974,-7.02904],[110.40976,-7.02901]]}},{"type":"Feature","properties":{"name":"Jalan Sisingamangaraja","kelas":"secondary","link":true},"geometry":{"type":"LineString","coordinates":[[110.42038,-7.0155],[110.42039,-7.01563]]}},{"type":"Feature","properties":{"name":"Jalan Sisingamangaraja","kelas":"secondary","link":true},"geometry":{"type":"LineString","coordinates":[[110.42794,-7.01621],[110.42794,-7.01634]]}},{"type":"Feature","properties":{"name":"Jalan Karang Ingas","kelas":"secondary","link":false},"geometry":{"type":"LineString","coordinates":[[110.44877,-6.97622],[110.44907,-6.97626]]}},{"type":"Feature","properties":{"name":"Jalan Sultan Agung","kelas":"trunk","link":true},"geometry":{"type":"LineString","coordinates":[[110.42015,-7.02366],[110.42044,-7.02371]]}},{"type":"Feature","properties":{"name":"Jalan Pahlawan","kelas":"primary","link":false},"geometry":{"type":"LineString","coordinates":[[110.42168,-6.99303],[110.42148,-6.99332]]}},{"type":"Feature","properties":{"name":"","kelas":"trunk","link":false},"geometry":{"type":"LineString","coordinates":[[110.38362,-6.96313],[110.38646,-6.96284]]}},{"type":"Feature","properties":{"name":"Jalan Tol Semarang–Batang","kelas":"motorway","link":true},"geometry":{"type":"LineString","coordinates":[[110.36734,-6.99877],[110.36589,-6.99918]]}},{"type":"Feature","properties":{"name":"Jalan Tol Semarang–Batang","kelas":"motorway","link":false},"geometry":{"type":"LineString","coordinates":[[110.3646,-6.99921],[110.36499,-6.9992]]}},{"type":"Feature","properties":{"name":"Jalan Tol Semarang","kelas":"motorway","link":false},"geometry":{"type":"LineString","coordinates":[[110.45054,-7.00528],[110.44989,-7.00593]]}},{"type":"Feature","properties":{"name":"Jalan Tol Semarang","kelas":"motorway","link":false},"geometry":{"type":"LineString","coordinates":[[110.45073,-7.0051],[110.45054,-7.00528]]}},{"type":"Feature","properties":{"name":"Jalan Tol Semarang","kelas":"motorway","link":false},"geometry":{"type":"LineString","coordinates":[[110.45064,-7.00503],[110.45134,-7.00435]]}},{"type":"Feature","properties":{"name":"Jalan Tol Semarang","kelas":"motorway","link":false},"geometry":{"type":"LineString","coordinates":[[110.45045,-7.0052],[110.45064,-7.00503]]}},{"type":"Feature","properties":{"name":"Jalan Jendral Sudirman","kelas":"trunk","link":false},"geometry":{"type":"LineString","coordinates":[[110.39429,-6.98184],[110.39307,-6.98221]]}},{"type":"Feature","properties":{"name":"Jalan Jendral Sudirman","kelas":"trunk","link":false},"geometry":{"type":"LineString","coordinates":[[110.3954,-6.98161],[110.39527,-6.98163]]}},{"type":"Feature","properties":{"name":"Jalan Jendral Sudirman","kelas":"trunk","link":false},"geometry":{"type":"LineString","coordinates":[[110.39529,-6.98152],[110.39544,-6.9815]]}},{"type":"Feature","properties":{"name":"Jalan Jendral Sudirman","kelas":"trunk","link":false},"geometry":{"type":"LineString","coordinates":[[110.39197,-6.98247],[110.39444,-6.98169]]}},{"type":"Feature","properties":{"name":"Jalan Dokter Sutomo","kelas":"trunk","link":false},"geometry":{"type":"LineString","coordinates":[[110.40629,-6.99163],[110.4066,-6.99331]]}},{"type":"Feature","properties":{"name":"Jalan Dokter Sutomo","kelas":"trunk","link":false},"geometry":{"type":"LineString","coordinates":[[110.40625,-6.99144],[110.40629,-6.99163]]}},{"type":"Feature","properties":{"name":"Jalan Veteran","kelas":"secondary","link":false},"geometry":{"type":"LineString","coordinates":[[110.41048,-6.99606],[110.40988,-6.99563]]}},{"type":"Feature","properties":{"name":"Jalan Taman Sudirman","kelas":"secondary","link":false},"geometry":{"type":"LineString","coordinates":[[110.40907,-7.00455],[110.40864,-7.00622]]}},{"type":"Feature","properties":{"name":"Jalan Tol Semarang","kelas":"motorway","link":false},"geometry":{"type":"LineString","coordinates":[[110.43148,-7.03076],[110.43145,-7.03111]]}},{"type":"Feature","properties":{"name":"Jalan Tol Semarang","kelas":"motorway","link":false},"geometry":{"type":"LineString","coordinates":[[110.43171,-7.02986],[110.43148,-7.03076]]}},{"type":"Feature","properties":{"name":"Jalan Tol Semarang","kelas":"motorway","link":false},"geometry":{"type":"LineString","coordinates":[[110.4313,-7.03161],[110.43131,-7.03127]]}},{"type":"Feature","properties":{"name":"Jalan Tol Semarang","kelas":"motorway","link":false},"geometry":{"type":"LineString","coordinates":[[110.43152,-7.0329],[110.4313,-7.03161]]}},{"type":"Feature","properties":{"name":"Jalan Pemuda","kelas":"primary","link":false},"geometry":{"type":"LineString","coordinates":[[110.42385,-6.96994],[110.42322,-6.97061]]}},{"type":"Feature","properties":{"name":"Jalan Tambak Dalam Raya","kelas":"secondary","link":false},"geometry":{"type":"LineString","coordinates":[[110.44373,-6.97271],[110.44453,-6.97277]]}},{"type":"Feature","properties":{"name":"Jalan Mentri Supeno","kelas":"secondary","link":true},"geometry":{"type":"LineString","coordinates":[[110.41945,-6.99315],[110.41913,-6.99327]]}},{"type":"Feature","properties":{"name":"Jalan Diponegoro","kelas":"primary","link":false},"geometry":{"type":"LineString","coordinates":[[110.4194,-6.99752],[110.41952,-6.99832]]}},{"type":"Feature","properties":{"name":"Jalan Mayor Jenderal M.T. Haryono","kelas":"trunk","link":false},"geometry":{"type":"LineString","coordinates":[[110.43336,-7.00097],[110.43328,-7.0017]]}},{"type":"Feature","properties":{"name":"","kelas":"motorway","link":true},"geometry":{"type":"LineString","coordinates":[[110.27624,-6.97275],[110.27791,-6.97243],[110.28105,-6.97097]]}},{"type":"Feature","properties":{"name":"","kelas":"motorway","link":true},"geometry":{"type":"LineString","coordinates":[[110.28105,-6.97097],[110.28431,-6.97021],[110.28523,-6.96882]]}},{"type":"Feature","properties":{"name":"","kelas":"motorway","link":true},"geometry":{"type":"LineString","coordinates":[[110.28534,-6.96878],[110.28453,-6.9702],[110.28196,-6.97084]]}},{"type":"Feature","properties":{"name":"","kelas":"motorway","link":true},"geometry":{"type":"LineString","coordinates":[[110.28196,-6.97084],[110.28029,-6.97155],[110.28011,-6.97243],[110.28358,-6.9739]]}},{"type":"Feature","properties":{"name":"","kelas":"motorway","link":true},"geometry":{"type":"LineString","coordinates":[[110.28586,-6.96851],[110.28534,-6.96878]]}},{"type":"Feature","properties":{"name":"","kelas":"motorway","link":true},"geometry":{"type":"LineString","coordinates":[[110.28196,-6.97084],[110.27985,-6.97148],[110.27861,-6.97254],[110.27888,-6.97401],[110.28036,-6.97424],[110.28035,-6.97339],[110.27876,-6.97314]]}},{"type":"Feature","properties":{"name":"","kelas":"motorway","link":true},"geometry":{"type":"LineString","coordinates":[[110.28523,-6.96882],[110.28496,-6.96831]]}},{"type":"Feature","properties":{"name":"Jalan Tol Semarang–Batang","kelas":"motorway","link":false},"geometry":{"type":"LineString","coordinates":[[110.29501,-6.98135],[110.29311,-6.98015],[110.28785,-6.97623],[110.28597,-6.97509],[110.28385,-6.97413],[110.28197,-6.97352],[110.27877,-6.97303]]}},{"type":"Feature","properties":{"name":"Jalan Tol Semarang","kelas":"motorway","link":false},"geometry":{"type":"LineString","coordinates":[[110.37117,-7.00079],[110.3715,-7.00163],[110.37216,-7.00228],[110.37476,-7.00317],[110.37553,-7.00368],[110.38147,-7.01019],[110.38673,-7.01435]]}},{"type":"Feature","properties":{"name":"Jalan Tol Semarang–Batang","kelas":"motorway","link":false},"geometry":{"type":"LineString","coordinates":[[110.33516,-6.99487],[110.33917,-6.9957],[110.34116,-6.99588],[110.34305,-6.99571],[110.34643,-6.99479],[110.34802,-6.99456],[110.35008,-6.9947],[110.35188,-6.99526]]}},{"type":"Feature","properties":{"name":"Jalan Sriwijaya","kelas":"secondary","link":false},"geometry":{"type":"LineString","coordinates":[[110.42062,-6.99777],[110.42092,-6.99781]]}},{"type":"Feature","properties":{"name":"Jalan Sriwijaya","kelas":"secondary","link":false},"geometry":{"type":"LineString","coordinates":[[110.41985,-6.99752],[110.42062,-6.99777]]}},{"type":"Feature","properties":{"name":"","kelas":"secondary","link":false},"geometry":{"type":"LineString","coordinates":[[110.47865,-7.05088],[110.47894,-7.05231],[110.47856,-7.05301]]}},{"type":"Feature","properties":{"name":"Jalan Klipang Raya","kelas":"secondary","link":false},"geometry":{"type":"LineString","coordinates":[[110.47169,-7.05042],[110.473,-7.05057],[110.47383,-7.0516],[110.47856,-7.05301]]}},{"type":"Feature","properties":{"name":"Jalan Tegalsari Raya","kelas":"secondary","link":true},"geometry":{"type":"LineString","coordinates":[[110.42799,-7.00492],[110.42776,-7.00455]]}},{"type":"Feature","properties":{"name":"Jalan Talangsari Raya","kelas":"secondary","link":false},"geometry":{"type":"LineString","coordinates":[[110.39071,-7.01978],[110.38931,-7.01925]]}},{"type":"Feature","properties":{"name":"Jalan Kolonel HR Hardijanto","kelas":"secondary","link":false},"geometry":{"type":"LineString","coordinates":[[110.38881,-7.02276],[110.38879,-7.02354],[110.38928,-7.02473],[110.38895,-7.02638],[110.3895,-7.02754],[110.38944,-7.02921],[110.38883,-7.03029],[110.39113,-7.0332],[110.39081,-7.03749],[110.39194,-7.04148],[110.39083,-7.04484]]}},{"type":"Feature","properties":{"name":"Jalan Sriwijaya","kelas":"trunk","link":true},"geometry":{"type":"LineString","coordinates":[[110.43173,-7.00471],[110.43221,-7.00441]]}},{"type":"Feature","properties":{"name":"Jalan Mayor Jenderal MT. Haryono","kelas":"trunk","link":false},"geometry":{"type":"LineString","coordinates":[[110.43243,-7.00925],[110.4323,-7.0094]]}},{"type":"Feature","properties":{"name":"","kelas":"primary","link":false},"geometry":{"type":"LineString","coordinates":[[110.42514,-6.96852],[110.4251,-6.96818]]}},{"type":"Feature","properties":{"name":"Jalan Papandayan Raya","kelas":"secondary","link":false},"geometry":{"type":"LineString","coordinates":[[110.39652,-7.00893],[110.39887,-7.0098]]}},{"type":"Feature","properties":{"name":"Jalan Papandayan Raya","kelas":"secondary","link":false},"geometry":{"type":"LineString","coordinates":[[110.39879,-7.00988],[110.39651,-7.009]]}},{"type":"Feature","properties":{"name":"","kelas":"trunk","link":false},"geometry":{"type":"LineString","coordinates":[[110.38649,-6.96305],[110.38377,-6.96337]]}},{"type":"Feature","properties":{"name":"Jalan Kaligawe Raya","kelas":"trunk","link":false},"geometry":{"type":"LineString","coordinates":[[110.47089,-6.95505],[110.47067,-6.9551]]}},{"type":"Feature","properties":{"name":"Jalan Kaligawe Raya","kelas":"trunk","link":false},"geometry":{"type":"LineString","coordinates":[[110.4735,-6.95425],[110.47089,-6.95505]]}},{"type":"Feature","properties":{"name":"Jalan Raya Kaligawe","kelas":"trunk","link":false},"geometry":{"type":"LineString","coordinates":[[110.47067,-6.95501],[110.47081,-6.95498]]}},{"type":"Feature","properties":{"name":"Jalan Raya Kaligawe","kelas":"trunk","link":false},"geometry":{"type":"LineString","coordinates":[[110.47081,-6.95498],[110.47319,-6.95427],[110.48077,-6.95132]]}},{"type":"Feature","properties":{"name":"Jalan Koptu Suyono","kelas":"secondary","link":false},"geometry":{"type":"LineString","coordinates":[[110.30052,-6.9797],[110.30227,-6.97743],[110.30233,-6.97583],[110.30299,-6.97335]]}},{"type":"Feature","properties":{"name":"Jalan Kyai H. Nasir","kelas":"secondary","link":false},"geometry":{"type":"LineString","coordinates":[[110.48914,-7.03386],[110.49414,-7.03601]]}},{"type":"Feature","properties":{"name":"Jalan Mr. Wuryanto","kelas":"primary","link":false},"geometry":{"type":"LineString","coordinates":[[110.37268,-7.08713],[110.37357,-7.08735],[110.37464,-7.08859],[110.37686,-7.08975],[110.38,-7.09195],[110.38032,-7.09238],[110.38045,-7.09338]]}},{"type":"Feature","properties":{"name":"Jalan Letnan Jenderal Suprapto","kelas":"secondary","link":false},"geometry":{"type":"LineString","coordinates":[[110.43097,-6.96712],[110.43007,-6.96768]]}},{"type":"Feature","properties":{"name":"Jalan WR. Supratman","kelas":"secondary","link":false},"geometry":{"type":"LineString","coordinates":[[110.38545,-6.9867],[110.38542,-6.99182]]}},{"type":"Feature","properties":{"name":"Jalan Tentara Pelajar","kelas":"secondary","link":false},"geometry":{"type":"LineString","coordinates":[[110.44204,-7.01085],[110.44147,-7.0107]]}},{"type":"Feature","properties":{"name":"Jalan WR. Supratman","kelas":"secondary","link":false},"geometry":{"type":"LineString","coordinates":[[110.38534,-6.99179],[110.38535,-6.98664]]}},{"type":"Feature","properties":{"name":"Jalan Pemuda","kelas":"primary","link":false},"geometry":{"type":"LineString","coordinates":[[110.41592,-6.97816],[110.41509,-6.97887]]}},{"type":"Feature","properties":{"name":"Jalan Lamper Tengah","kelas":"secondary","link":false},"geometry":{"type":"LineString","coordinates":[[110.44395,-7.00324],[110.44431,-7.00212]]}},{"type":"Feature","properties":{"name":"Jalan Lamper Tengah","kelas":"secondary","link":false},"geometry":{"type":"LineString","coordinates":[[110.44392,-7.00331],[110.44393,-7.00329]]}},{"type":"Feature","properties":{"name":"Jalan Kolonel Soegiono","kelas":"secondary","link":false},"geometry":{"type":"LineString","coordinates":[[110.4227,-6.97096],[110.42243,-6.97017]]}},{"type":"Feature","properties":{"name":"Jalan Tanjung","kelas":"primary","link":true},"geometry":{"type":"LineString","coordinates":[[110.4152,-6.97338],[110.41511,-6.97367]]}},{"type":"Feature","properties":{"name":"Jalan Pemuda","kelas":"primary","link":false},"geometry":{"type":"LineString","coordinates":[[110.41597,-6.97785],[110.41647,-6.97741]]}},{"type":"Feature","properties":{"name":"Jalan Pemuda","kelas":"primary","link":false},"geometry":{"type":"LineString","coordinates":[[110.41684,-6.97715],[110.41652,-6.9776]]}},{"type":"Feature","properties":{"name":"Jalan Tegalsari Raya","kelas":"secondary","link":false},"geometry":{"type":"LineString","coordinates":[[110.42808,-7.00464],[110.42799,-7.00492]]}},{"type":"Feature","properties":{"name":"Jalan Tegalsari Raya","kelas":"secondary","link":false},"geometry":{"type":"LineString","coordinates":[[110.42792,-7.00522],[110.42795,-7.00511]]}},{"type":"Feature","properties":{"name":"Jalan Dewi Sartika Raya","kelas":"secondary","link":false},"geometry":{"type":"LineString","coordinates":[[110.38916,-7.02002],[110.38874,-7.02222]]}},{"type":"Feature","properties":{"name":"Jalan Kolonel Sugiono","kelas":"secondary","link":false},"geometry":{"type":"LineString","coordinates":[[110.42243,-6.97017],[110.42235,-6.96993]]}},{"type":"Feature","properties":{"name":"","kelas":"trunk","link":false},"geometry":{"type":"LineString","coordinates":[[110.42074,-6.95704],[110.42003,-6.95687]]}},{"type":"Feature","properties":{"name":"","kelas":"trunk","link":false},"geometry":{"type":"LineString","coordinates":[[110.42005,-6.95678],[110.42075,-6.95695]]}},{"type":"Feature","properties":{"name":"","kelas":"trunk","link":false},"geometry":{"type":"LineString","coordinates":[[110.4227,-6.95702],[110.42155,-6.95718],[110.42074,-6.95704]]}},{"type":"Feature","properties":{"name":"","kelas":"trunk","link":false},"geometry":{"type":"LineString","coordinates":[[110.4227,-6.95694],[110.42448,-6.95654],[110.42853,-6.95511]]}},{"type":"Feature","properties":{"name":"Jalan Arteri Utara","kelas":"trunk","link":false},"geometry":{"type":"LineString","coordinates":[[110.40886,-6.95294],[110.40998,-6.95286],[110.41106,-6.95313]]}},{"type":"Feature","properties":{"name":"Jalan Arteri Utara","kelas":"trunk","link":false},"geometry":{"type":"LineString","coordinates":[[110.40883,-6.95295],[110.40886,-6.95294]]}},{"type":"Feature","properties":{"name":"Jalan Arteri Utara","kelas":"trunk","link":false},"geometry":{"type":"LineString","coordinates":[[110.40675,-6.95342],[110.40771,-6.95322]]}},{"type":"Feature","properties":{"name":"Jalan Arteri Utara","kelas":"trunk","link":false},"geometry":{"type":"LineString","coordinates":[[110.40771,-6.95322],[110.40804,-6.95314]]}},{"type":"Feature","properties":{"name":"Jalan Arteri Utara","kelas":"trunk","link":false},"geometry":{"type":"LineString","coordinates":[[110.403,-6.95399],[110.40383,-6.95395]]}},{"type":"Feature","properties":{"name":"Jalan Arteri Utara","kelas":"trunk","link":false},"geometry":{"type":"LineString","coordinates":[[110.40383,-6.95405],[110.40303,-6.95409]]}},{"type":"Feature","properties":{"name":"Jalan Arteri Utara","kelas":"trunk","link":false},"geometry":{"type":"LineString","coordinates":[[110.40303,-6.95409],[110.40297,-6.9541]]}},{"type":"Feature","properties":{"name":"Jalan Arteri Utara","kelas":"trunk","link":false},"geometry":{"type":"LineString","coordinates":[[110.40383,-6.95395],[110.40675,-6.95342]]}},{"type":"Feature","properties":{"name":"Jalan Arteri Utara","kelas":"trunk","link":false},"geometry":{"type":"LineString","coordinates":[[110.40272,-6.95411],[110.40162,-6.95413]]}},{"type":"Feature","properties":{"name":"Jalan Arteri Utara","kelas":"trunk","link":false},"geometry":{"type":"LineString","coordinates":[[110.40162,-6.95413],[110.40043,-6.95422],[110.39888,-6.95476]]}},{"type":"Feature","properties":{"name":"Jalan Arteri Utara","kelas":"trunk","link":false},"geometry":{"type":"LineString","coordinates":[[110.40225,-6.95401],[110.40274,-6.95399]]}},{"type":"Feature","properties":{"name":"Jalan Arteri Utara","kelas":"trunk","link":false},"geometry":{"type":"LineString","coordinates":[[110.40274,-6.95399],[110.40297,-6.95399]]}},{"type":"Feature","properties":{"name":"","kelas":"secondary","link":false},"geometry":{"type":"LineString","coordinates":[[110.34242,-7.07117],[110.342,-7.07113]]}},{"type":"Feature","properties":{"name":"","kelas":"trunk","link":true},"geometry":{"type":"LineString","coordinates":[[110.38418,-6.98526],[110.38359,-6.98527]]}},{"type":"Feature","properties":{"name":"","kelas":"trunk","link":true},"geometry":{"type":"LineString","coordinates":[[110.38452,-6.98466],[110.38425,-6.98518]]}},{"type":"Feature","properties":{"name":"","kelas":"trunk","link":true},"geometry":{"type":"LineString","coordinates":[[110.38321,-6.9847],[110.38335,-6.98413]]}},{"type":"Feature","properties":{"name":"","kelas":"trunk","link":true},"geometry":{"type":"LineString","coordinates":[[110.3836,-6.98525],[110.38327,-6.98495]]}},{"type":"Feature","properties":{"name":"Jalan Muktiharjo Raya","kelas":"secondary","link":false},"geometry":{"type":"LineString","coordinates":[[110.4514,-6.96252],[110.44985,-6.96117]]}},{"type":"Feature","properties":{"name":"Jalan Muktiharjo Raya","kelas":"secondary","link":false},"geometry":{"type":"LineString","coordinates":[[110.47422,-6.98258],[110.46256,-6.97246]]}},{"type":"Feature","properties":{"name":"Jalan Jenderal Urip Sumoharjo","kelas":"trunk","link":false},"geometry":{"type":"LineString","coordinates":[[110.30732,-6.97283],[110.3071,-6.97284]]}},{"type":"Feature","properties":{"name":"Jalan Raya Kendal-Semarang","kelas":"trunk","link":false},"geometry":{"type":"LineString","coordinates":[[110.30714,-6.97275],[110.30734,-6.97273]]}},{"type":"Feature","properties":{"name":"Jalan Jenderal Urip Sumoharjo","kelas":"trunk","link":false},"geometry":{"type":"LineString","coordinates":[[110.28659,-6.96854],[110.28853,-6.96896],[110.29064,-6.97019]]}},{"type":"Feature","properties":{"name":"Jalan Jenderal Urip Sumoharjo","kelas":"trunk","link":false},"geometry":{"type":"LineString","coordinates":[[110.29066,-6.97028],[110.28959,-6.9697],[110.28721,-6.96878]]}},{"type":"Feature","properties":{"name":"Jalan WR. Supratman","kelas":"secondary","link":false},"geometry":{"type":"LineString","coordinates":[[110.39006,-6.99762],[110.38943,-6.99906]]}},{"type":"Feature","properties":{"name":"Jalan R.E. Martadinata","kelas":"trunk","link":false},"geometry":{"type":"LineString","coordinates":[[110.38588,-6.98259],[110.38419,-6.98456]]}},{"type":"Feature","properties":{"name":"Jalan Muntal Raya","kelas":"secondary","link":false},"geometry":{"type":"LineString","coordinates":[[110.38602,-7.07438],[110.38849,-7.0752]]}},{"type":"Feature","properties":{"name":"Jalan Siliwangi","kelas":"trunk","link":false},"geometry":{"type":"LineString","coordinates":[[110.37627,-6.98623],[110.37728,-6.98602]]}},{"type":"Feature","properties":{"name":"Jalan Siliwangi","kelas":"trunk","link":false},"geometry":{"type":"LineString","coordinates":[[110.38065,-6.98543],[110.37907,-6.98579]]}},{"type":"Feature","properties":{"name":"Jalan Siliwangi","kelas":"trunk","link":false},"geometry":{"type":"LineString","coordinates":[[110.37627,-6.98635],[110.37601,-6.98638]]}},{"type":"Feature","properties":{"name":"Jalan Siliwangi","kelas":"trunk","link":false},"geometry":{"type":"LineString","coordinates":[[110.37907,-6.98579],[110.37762,-6.98608]]}},{"type":"Feature","properties":{"name":"Jalan RM Soebagiyono","kelas":"primary","link":false},"geometry":{"type":"LineString","coordinates":[[110.32738,-7.09251],[110.3286,-7.09164],[110.32908,-7.09161],[110.32959,-7.09208],[110.33043,-7.09188]]}},{"type":"Feature","properties":{"name":"Jalan RM Soebagiyono","kelas":"primary","link":false},"geometry":{"type":"LineString","coordinates":[[110.33627,-7.09575],[110.33636,-7.09579]]}},{"type":"Feature","properties":{"name":"Jalan RM Soebagiyono","kelas":"primary","link":false},"geometry":{"type":"LineString","coordinates":[[110.3272,-7.09258],[110.32738,-7.09251]]}},{"type":"Feature","properties":{"name":"Jalan RM Soebagiyono","kelas":"primary","link":false},"geometry":{"type":"LineString","coordinates":[[110.33149,-7.09255],[110.33235,-7.09282],[110.33562,-7.09485],[110.33627,-7.09575]]}},{"type":"Feature","properties":{"name":"Jalan RM Soebagiyono","kelas":"primary","link":false},"geometry":{"type":"LineString","coordinates":[[110.33043,-7.09188],[110.33048,-7.09186]]}},{"type":"Feature","properties":{"name":"Jalan RM Soebagiyono","kelas":"primary","link":false},"geometry":{"type":"LineString","coordinates":[[110.30988,-7.08546],[110.31091,-7.08602],[110.31295,-7.08846],[110.31474,-7.08983],[110.31576,-7.09035],[110.31679,-7.09121],[110.31826,-7.09103],[110.31947,-7.09148],[110.32113,-7.09282],[110.32183,-7.09385]]}},{"type":"Feature","properties":{"name":"Jalan Sekaran Raya","kelas":"secondary","link":false},"geometry":{"type":"LineString","coordinates":[[110.39311,-7.05743],[110.39096,-7.05387],[110.39129,-7.05262],[110.39078,-7.05192],[110.39069,-7.05086],[110.38957,-7.05016]]}},{"type":"Feature","properties":{"name":"Jalan Timoho Raya","kelas":"primary","link":false},"geometry":{"type":"LineString","coordinates":[[110.44532,-7.0607],[110.44392,-7.06063],[110.44211,-7.06016]]}},{"type":"Feature","properties":{"name":"Jalan Klipang Raya","kelas":"secondary","link":false},"geometry":{"type":"LineString","coordinates":[[110.47958,-7.03776],[110.48182,-7.03794]]}},{"type":"Feature","properties":{"name":"","kelas":"secondary","link":false},"geometry":{"type":"LineString","coordinates":[[110.47422,-6.98258],[110.47518,-6.98313]]}},{"type":"Feature","properties":{"name":"","kelas":"secondary","link":false},"geometry":{"type":"LineString","coordinates":[[110.37233,-7.08108],[110.37244,-7.08105]]}},{"type":"Feature","properties":{"name":"Jalan Muntal Raya","kelas":"secondary","link":false},"geometry":{"type":"LineString","coordinates":[[110.36759,-7.08619],[110.3681,-7.08484],[110.36944,-7.08397],[110.37018,-7.0829],[110.37233,-7.08108]]}},{"type":"Feature","properties":{"name":"","kelas":"primary","link":false},"geometry":{"type":"LineString","coordinates":[[110.27879,-7.10393],[110.27917,-7.10424]]}},{"type":"Feature","properties":{"name":"Jalan Raya Campurejo","kelas":"primary","link":false},"geometry":{"type":"LineString","coordinates":[[110.30147,-7.09151],[110.29801,-7.09362],[110.29743,-7.09476]]}},{"type":"Feature","properties":{"name":"Jalan Raya Campurejo","kelas":"primary","link":false},"geometry":{"type":"LineString","coordinates":[[110.30162,-7.09142],[110.30147,-7.09151]]}},{"type":"Feature","properties":{"name":"Jalan RM. Hadi Soebono","kelas":"primary","link":false},"geometry":{"type":"LineString","coordinates":[[110.30982,-7.08566],[110.30941,-7.0868],[110.30846,-7.08786],[110.30518,-7.08923]]}},{"type":"Feature","properties":{"name":"Jalan RM. Hadi Soebono","kelas":"primary","link":false},"geometry":{"type":"LineString","coordinates":[[110.30986,-7.08555],[110.30982,-7.08566]]}},{"type":"Feature","properties":{"name":"Jalan Raya Campurejo","kelas":"primary","link":false},"geometry":{"type":"LineString","coordinates":[[110.30506,-7.0893],[110.30162,-7.09142]]}},{"type":"Feature","properties":{"name":"Jalan RM Soebagiyono","kelas":"primary","link":false},"geometry":{"type":"LineString","coordinates":[[110.34061,-7.09618],[110.34072,-7.09634]]}},{"type":"Feature","properties":{"name":"Jalan RM Soebagiyono","kelas":"primary","link":false},"geometry":{"type":"LineString","coordinates":[[110.3389,-7.09515],[110.34018,-7.0951],[110.34048,-7.09541],[110.34061,-7.09618]]}},{"type":"Feature","properties":{"name":"Jalan Gendong Raya","kelas":"primary","link":false},"geometry":{"type":"LineString","coordinates":[[110.46746,-7.03606],[110.46825,-7.03633],[110.46826,-7.03897],[110.46811,-7.03983],[110.4672,-7.0417],[110.46717,-7.04236],[110.46683,-7.04282]]}},{"type":"Feature","properties":{"name":"Jalan RM Soebagiyono","kelas":"primary","link":false},"geometry":{"type":"LineString","coordinates":[[110.33878,-7.09518],[110.3389,-7.09515]]}},{"type":"Feature","properties":{"name":"Jalan RM Soebagiyono","kelas":"primary","link":false},"geometry":{"type":"LineString","coordinates":[[110.33636,-7.09579],[110.33672,-7.09585],[110.33878,-7.09518]]}},{"type":"Feature","properties":{"name":"Jalan Raya Puntan","kelas":"secondary","link":false},"geometry":{"type":"LineString","coordinates":[[110.37704,-7.07947],[110.37763,-7.0793],[110.37934,-7.07727]]}},{"type":"Feature","properties":{"name":"Jalan Kompol R. Soekanto","kelas":"secondary","link":false},"geometry":{"type":"LineString","coordinates":[[110.46528,-7.05236],[110.46461,-7.05266],[110.46412,-7.05344],[110.46369,-7.05624],[110.46387,-7.05698]]}},{"type":"Feature","properties":{"name":"Jalan Ketileng Raya","kelas":"primary","link":false},"geometry":{"type":"LineString","coordinates":[[110.46747,-7.03522],[110.46746,-7.03606]]}},{"type":"Feature","properties":{"name":"Jalan RM. Hadi Soebono","kelas":"primary","link":true},"geometry":{"type":"LineString","coordinates":[[110.33442,-7.02971],[110.33415,-7.02968]]}},{"type":"Feature","properties":{"name":"Jalan RM. Hadi Soebono","kelas":"primary","link":false},"geometry":{"type":"LineString","coordinates":[[110.33537,-7.02339],[110.33424,-7.03145]]}},{"type":"Feature","properties":{"name":"Jalan RM Soebagiyono","kelas":"primary","link":false},"geometry":{"type":"LineString","coordinates":[[110.32202,-7.09388],[110.32365,-7.09408],[110.32451,-7.09355],[110.3272,-7.09258]]}},{"type":"Feature","properties":{"name":"Jalan RM Soebagiyono","kelas":"primary","link":false},"geometry":{"type":"LineString","coordinates":[[110.32183,-7.09385],[110.32202,-7.09388]]}},{"type":"Feature","properties":{"name":"Jalan Mr. Wuryanto","kelas":"primary","link":false},"geometry":{"type":"LineString","coordinates":[[110.38045,-7.09338],[110.38047,-7.09448],[110.38141,-7.09559]]}},{"type":"Feature","properties":{"name":"Jalan RM Soebagiyono","kelas":"primary","link":false},"geometry":{"type":"LineString","coordinates":[[110.34487,-7.09714],[110.34496,-7.09711]]}},{"type":"Feature","properties":{"name":"Jalan RM Soebagiyono","kelas":"primary","link":false},"geometry":{"type":"LineString","coordinates":[[110.34072,-7.09634],[110.34109,-7.09642],[110.34186,-7.09569],[110.34207,-7.09509],[110.34182,-7.09431],[110.34235,-7.09409],[110.34277,-7.09438],[110.34452,-7.09705],[110.34487,-7.09714]]}},{"type":"Feature","properties":{"name":"Jalan Indraprasta","kelas":"primary","link":false},"geometry":{"type":"LineString","coordinates":[[110.40447,-6.97958],[110.40449,-6.97957]]}},{"type":"Feature","properties":{"name":"Jalan Indraprasta","kelas":"primary","link":false},"geometry":{"type":"LineString","coordinates":[[110.40266,-6.98093],[110.40447,-6.97958]]}},{"type":"Feature","properties":{"name":"Jalan Perintis Kemerdekaan","kelas":"secondary","link":false},"geometry":{"type":"LineString","coordinates":[[110.41073,-7.08257],[110.41083,-7.0826]]}},{"type":"Feature","properties":{"name":"Jalan Perintis Kemerdekaan","kelas":"trunk","link":true},"geometry":{"type":"LineString","coordinates":[[110.40869,-7.08806],[110.40877,-7.08806]]}},{"type":"Feature","properties":{"name":"Jalan Perintis Kemerdekaan","kelas":"trunk","link":true},"geometry":{"type":"LineString","coordinates":[[110.40909,-7.1003],[110.40917,-7.10031]]}},{"type":"Feature","properties":{"name":"Jalan Perintis Kemerdekaan","kelas":"trunk","link":true},"geometry":{"type":"LineString","coordinates":[[110.40901,-7.10116],[110.40909,-7.10116]]}},{"type":"Feature","properties":{"name":"Jalan Perintis Kemerdekaan","kelas":"trunk","link":true},"geometry":{"type":"LineString","coordinates":[[110.40955,-7.10374],[110.4094,-7.10381]]}},{"type":"Feature","properties":{"name":"Jalan Perintis Kemerdekaan","kelas":"trunk","link":true},"geometry":{"type":"LineString","coordinates":[[110.4095,-7.10403],[110.40964,-7.10394]]}},{"type":"Feature","properties":{"name":"Jalan Soekarno-Hatta","kelas":"primary","link":false},"geometry":{"type":"LineString","coordinates":[[110.44401,-6.97408],[110.45121,-6.9793],[110.45206,-6.98018],[110.45276,-6.98128],[110.4562,-6.9886],[110.45802,-6.99092]]}},{"type":"Feature","properties":{"name":"Jalan Empu Sendok Raya","kelas":"secondary","link":false},"geometry":{"type":"LineString","coordinates":[[110.41577,-7.0841],[110.4159,-7.08415]]}},{"type":"Feature","properties":{"name":"Jalan Empu Sendok Raya","kelas":"secondary","link":false},"geometry":{"type":"LineString","coordinates":[[110.41083,-7.0826],[110.41577,-7.0841]]}},{"type":"Feature","properties":{"name":"Jalan Kompol R. Soekanto","kelas":"secondary","link":false},"geometry":{"type":"LineString","coordinates":[[110.46539,-7.05213],[110.46528,-7.05236]]}},{"type":"Feature","properties":{"name":"Jalan Kompol R. Soekanto","kelas":"secondary","link":false},"geometry":{"type":"LineString","coordinates":[[110.46558,-7.05173],[110.46539,-7.05213]]}},{"type":"Feature","properties":{"name":"Kaligawe","kelas":"motorway","link":true},"geometry":{"type":"LineString","coordinates":[[110.45193,-6.95721],[110.45179,-6.95738]]}},{"type":"Feature","properties":{"name":"Kaligawe","kelas":"motorway","link":true},"geometry":{"type":"LineString","coordinates":[[110.45227,-6.95709],[110.45193,-6.95721]]}},{"type":"Feature","properties":{"name":"","kelas":"motorway","link":true},"geometry":{"type":"LineString","coordinates":[[110.45116,-6.95725],[110.45093,-6.95715]]}},{"type":"Feature","properties":{"name":"","kelas":"motorway","link":true},"geometry":{"type":"LineString","coordinates":[[110.45133,-6.95746],[110.45116,-6.95725]]}},{"type":"Feature","properties":{"name":"Jalan Profesor Soeharso","kelas":"primary","link":false},"geometry":{"type":"LineString","coordinates":[[110.46387,-7.05698],[110.46671,-7.05697]]}},{"type":"Feature","properties":{"name":"","kelas":"secondary","link":false},"geometry":{"type":"LineString","coordinates":[[110.38929,-6.99916],[110.38929,-6.99916]]}},{"type":"Feature","properties":{"name":"Jalan Ahmad Yani","kelas":"primary","link":false},"geometry":{"type":"LineString","coordinates":[[110.42738,-6.99226],[110.42875,-6.99295]]}},{"type":"Feature","properties":{"name":"Jalan Walisongo","kelas":"trunk","link":false},"geometry":{"type":"LineString","coordinates":[[110.34618,-6.98566],[110.34767,-6.98541],[110.3486,-6.98493],[110.34901,-6.98457],[110.35012,-6.98289],[110.35065,-6.98245],[110.35152,-6.98232],[110.35308,-6.98269]]}},{"type":"Feature","properties":{"name":"Jalan Tol Semarang–Batang","kelas":"motorway","link":false},"geometry":{"type":"LineString","coordinates":[[110.30782,-6.98227],[110.31059,-6.98331]]}},{"type":"Feature","properties":{"name":"Jalan Tol Semarang–Batang","kelas":"motorway","link":false},"geometry":{"type":"LineString","coordinates":[[110.31055,-6.98342],[110.30938,-6.98287],[110.30778,-6.98237]]}},{"type":"Feature","properties":{"name":"Jalan Tol Semarang–Batang","kelas":"motorway","link":false},"geometry":{"type":"LineString","coordinates":[[110.29579,-6.98156],[110.29833,-6.98214],[110.30061,-6.98214]]}},{"type":"Feature","properties":{"name":"Jalan Tol Semarang–Batang","kelas":"motorway","link":false},"geometry":{"type":"LineString","coordinates":[[110.30061,-6.98224],[110.29831,-6.98224],[110.29576,-6.98166]]}},{"type":"Feature","properties":{"name":"Jalan Tol Semarang–Batang","kelas":"motorway","link":false},"geometry":{"type":"LineString","coordinates":[[110.29508,-6.98126],[110.29579,-6.98156]]}},{"type":"Feature","properties":{"name":"Jalan Tol Semarang–Batang","kelas":"motorway","link":false},"geometry":{"type":"LineString","coordinates":[[110.27877,-6.97293],[110.28178,-6.97336],[110.28358,-6.9739],[110.28574,-6.97486],[110.2879,-6.97615],[110.29316,-6.98008],[110.29508,-6.98126]]}},{"type":"Feature","properties":{"name":"Jalan Tol Semarang–Batang","kelas":"motorway","link":false},"geometry":{"type":"LineString","coordinates":[[110.29576,-6.98166],[110.29501,-6.98135]]}},{"type":"Feature","properties":{"name":"Jalan Koptu Suyono","kelas":"secondary","link":false},"geometry":{"type":"LineString","coordinates":[[110.29836,-6.98178],[110.29804,-6.98255]]}},{"type":"Feature","properties":{"name":"Jalan Simongan","kelas":"secondary","link":false},"geometry":{"type":"LineString","coordinates":[[110.39493,-7.00326],[110.39563,-7.00307],[110.39684,-7.00183],[110.39725,-6.99837],[110.39778,-6.99703],[110.39831,-6.99682]]}},{"type":"Feature","properties":{"name":"Jalan Jenderal Urip Sumoharjo","kelas":"trunk","link":false},"geometry":{"type":"LineString","coordinates":[[110.30394,-6.97321],[110.30123,-6.97362],[110.2997,-6.97368],[110.29719,-6.97329]]}},{"type":"Feature","properties":{"name":"Jalan Walisongo","kelas":"trunk","link":false},"geometry":{"type":"LineString","coordinates":[[110.2972,-6.97323],[110.29952,-6.97361],[110.30178,-6.97348],[110.30367,-6.97317]]}},{"type":"Feature","properties":{"name":"Jalan Tlogosari Raya","kelas":"secondary","link":false},"geometry":{"type":"LineString","coordinates":[[110.45795,-6.99084],[110.45854,-6.98854]]}},{"type":"Feature","properties":{"name":"Jalan Tlogosari Raya","kelas":"secondary","link":false},"geometry":{"type":"LineString","coordinates":[[110.45869,-6.98865],[110.45805,-6.9908]]}},{"type":"Feature","properties":{"name":"Jalan Profesor Dokter Hamka","kelas":"primary","link":false},"geometry":{"type":"LineString","coordinates":[[110.3608,-6.98674],[110.36029,-6.9875],[110.35909,-6.98825],[110.35659,-6.98921],[110.35422,-6.99201],[110.3515,-6.99278],[110.35086,-6.99376],[110.34984,-6.99452]]}},{"type":"Feature","properties":{"name":"Jalan Mr. Wuryanto","kelas":"primary","link":false},"geometry":{"type":"LineString","coordinates":[[110.38882,-7.10512],[110.389,-7.10532]]}},{"type":"Feature","properties":{"name":"Jalan Mr. Wuryanto","kelas":"primary","link":false},"geometry":{"type":"LineString","coordinates":[[110.38141,-7.09559],[110.38215,-7.09688],[110.38318,-7.09784],[110.38363,-7.09941],[110.38374,-7.10136]]}},{"type":"Feature","properties":{"name":"Jalan Mr. Wuryanto","kelas":"primary","link":false},"geometry":{"type":"LineString","coordinates":[[110.39861,-7.11255],[110.40056,-7.11543],[110.40148,-7.11619]]}},{"type":"Feature","properties":{"name":"Jalan Mr. Wuryanto","kelas":"primary","link":false},"geometry":{"type":"LineString","coordinates":[[110.39855,-7.11248],[110.39861,-7.11255]]}},{"type":"Feature","properties":{"name":"Jalan Mr. Wuryanto","kelas":"primary","link":false},"geometry":{"type":"LineString","coordinates":[[110.389,-7.10532],[110.38975,-7.10657],[110.3912,-7.10769],[110.39263,-7.108],[110.39382,-7.10854],[110.39779,-7.11166]]}},{"type":"Feature","properties":{"name":"Jalan Meteseh Raya","kelas":"primary","link":false},"geometry":{"type":"LineString","coordinates":[[110.47135,-7.05432],[110.47133,-7.054]]}},{"type":"Feature","properties":{"name":"Jalan Tunggu Raya","kelas":"primary","link":false},"geometry":{"type":"LineString","coordinates":[[110.47091,-7.05778],[110.4714,-7.05648]]}},{"type":"Feature","properties":{"name":"Jalan Profesor Soeharso","kelas":"primary","link":false},"geometry":{"type":"LineString","coordinates":[[110.46671,-7.05697],[110.46827,-7.05711],[110.46996,-7.0578],[110.47056,-7.05782]]}},{"type":"Feature","properties":{"name":"Jalan Meteseh Raya","kelas":"primary","link":false},"geometry":{"type":"LineString","coordinates":[[110.46693,-7.04308],[110.47134,-7.04969]]}},{"type":"Feature","properties":{"name":"Jalan Tusam Raya","kelas":"secondary","link":false},"geometry":{"type":"LineString","coordinates":[[110.42521,-7.06921],[110.42429,-7.07037]]}},{"type":"Feature","properties":{"name":"Jalan Kolonel RW Sugiarto","kelas":"secondary","link":false},"geometry":{"type":"LineString","coordinates":[[110.36265,-7.04046],[110.36494,-7.03974],[110.36635,-7.03812],[110.36758,-7.03787],[110.36946,-7.0353],[110.37001,-7.03333],[110.37131,-7.03123]]}},{"type":"Feature","properties":{"name":"Jalan Kolonel RW Sugiarto","kelas":"secondary","link":false},"geometry":{"type":"LineString","coordinates":[[110.37131,-7.03123],[110.37232,-7.0305],[110.37291,-7.02874],[110.37255,-7.0277]]}},{"type":"Feature","properties":{"name":"Jalan Kolonel RW Sugiarto","kelas":"secondary","link":false},"geometry":{"type":"LineString","coordinates":[[110.37255,-7.0277],[110.37126,-7.02698],[110.37153,-7.02448],[110.37193,-7.02373],[110.37315,-7.02371],[110.37498,-7.02093]]}},{"type":"Feature","properties":{"name":"Jalan Walisongo","kelas":"trunk","link":false},"geometry":{"type":"LineString","coordinates":[[110.35528,-6.98368],[110.35304,-6.98282]]}},{"type":"Feature","properties":{"name":"Jalan Walisongo","kelas":"trunk","link":false},"geometry":{"type":"LineString","coordinates":[[110.35663,-6.98436],[110.35765,-6.98578],[110.35814,-6.98614]]}},{"type":"Feature","properties":{"name":"Jalan Walisongo","kelas":"trunk","link":false},"geometry":{"type":"LineString","coordinates":[[110.35795,-6.98616],[110.35754,-6.98579],[110.35702,-6.98489],[110.35641,-6.98432]]}},{"type":"Feature","properties":{"name":"Jalan Walisongo","kelas":"trunk","link":false},"geometry":{"type":"LineString","coordinates":[[110.35814,-6.98614],[110.36069,-6.9866]]}},{"type":"Feature","properties":{"name":"Jalan Walisongo","kelas":"trunk","link":false},"geometry":{"type":"LineString","coordinates":[[110.36067,-6.98674],[110.35795,-6.98616]]}},{"type":"Feature","properties":{"name":"Jalan Mochammad Ichsan","kelas":"primary","link":false},"geometry":{"type":"LineString","coordinates":[[110.33926,-7.00441],[110.33886,-7.00637],[110.33772,-7.0084],[110.33781,-7.01165],[110.33846,-7.01386],[110.33846,-7.01697],[110.3382,-7.01802],[110.33728,-7.01938],[110.33628,-7.02152]]}},{"type":"Feature","properties":{"name":"Jalan Mochammad Ichsan","kelas":"primary","link":false},"geometry":{"type":"LineString","coordinates":[[110.33657,-7.02074],[110.33835,-7.01723],[110.33842,-7.01463],[110.33772,-7.01161],[110.33765,-7.00828],[110.33868,-7.00657],[110.33916,-7.00441]]}},{"type":"Feature","properties":{"name":"Jalan Jenderal Urip Sumoharjo","kelas":"trunk","link":false},"geometry":{"type":"LineString","coordinates":[[110.29635,-6.97302],[110.29603,-6.97292]]}},{"type":"Feature","properties":{"name":"Jalan Walisongo","kelas":"trunk","link":false},"geometry":{"type":"LineString","coordinates":[[110.29606,-6.97283],[110.29637,-6.97294]]}},{"type":"Feature","properties":{"name":"Jalan Profesor Soedarto","kelas":"secondary","link":false},"geometry":{"type":"LineString","coordinates":[[110.43204,-7.05405],[110.432,-7.05405]]}},{"type":"Feature","properties":{"name":"Jalan Profesor Soedarto","kelas":"secondary","link":false},"geometry":{"type":"LineString","coordinates":[[110.43197,-7.05398],[110.43202,-7.05398]]}},{"type":"Feature","properties":{"name":"Jalan Profesor Soedarto","kelas":"secondary","link":false},"geometry":{"type":"LineString","coordinates":[[110.43009,-7.05343],[110.43073,-7.05393],[110.43197,-7.05398]]}},{"type":"Feature","properties":{"name":"Jalan Tirto Agung","kelas":"secondary","link":false},"geometry":{"type":"LineString","coordinates":[[110.43045,-7.05443],[110.43073,-7.05402]]}},{"type":"Feature","properties":{"name":"Jalan Tirto Agung","kelas":"secondary","link":false},"geometry":{"type":"LineString","coordinates":[[110.43042,-7.05449],[110.43045,-7.05443]]}},{"type":"Feature","properties":{"name":"Jalan Profesor Dokter Hamka","kelas":"primary","link":false},"geometry":{"type":"LineString","coordinates":[[110.34411,-6.99855],[110.3439,-6.99863]]}},{"type":"Feature","properties":{"name":"Jalan Profesor Dokter Hamka","kelas":"primary","link":false},"geometry":{"type":"LineString","coordinates":[[110.34386,-6.99854],[110.3441,-6.99845]]}},{"type":"Feature","properties":{"name":"Jalan Kedungmundu","kelas":"secondary","link":false},"geometry":{"type":"LineString","coordinates":[[110.45981,-7.02472],[110.46099,-7.02503],[110.46295,-7.02257],[110.46575,-7.02422]]}},{"type":"Feature","properties":{"name":"Jalan Kedungmundu","kelas":"secondary","link":false},"geometry":{"type":"LineString","coordinates":[[110.46746,-7.02491],[110.46598,-7.02443]]}},{"type":"Feature","properties":{"name":"Jalan Raya Kaligetas","kelas":"secondary","link":false},"geometry":{"type":"LineString","coordinates":[[110.342,-7.07113],[110.34135,-7.07141],[110.34063,-7.07055],[110.33788,-7.07004],[110.33781,-7.0697],[110.33612,-7.06893],[110.33475,-7.06865],[110.33498,-7.06368]]}},{"type":"Feature","properties":{"name":"Jalan Mr. Wuryanto","kelas":"primary","link":false},"geometry":{"type":"LineString","coordinates":[[110.36407,-7.08706],[110.36415,-7.08701]]}},{"type":"Feature","properties":{"name":"Jalan Mr. Wuryanto","kelas":"primary","link":false},"geometry":{"type":"LineString","coordinates":[[110.37249,-7.08705],[110.37268,-7.08713]]}},{"type":"Feature","properties":{"name":"Jalan Profesor Dokter Hamka","kelas":"trunk","link":true},"geometry":{"type":"LineString","coordinates":[[110.36112,-6.98677],[110.36066,-6.98705]]}},{"type":"Feature","properties":{"name":"Jalan Profesor Dokter Hamka","kelas":"trunk","link":true},"geometry":{"type":"LineString","coordinates":[[110.36045,-6.98715],[110.36039,-6.9867]]}},{"type":"Feature","properties":{"name":"Jalan Setiabudi","kelas":"trunk","link":false},"geometry":{"type":"LineString","coordinates":[[110.42144,-7.04437],[110.4215,-7.04387]]}},{"type":"Feature","properties":{"name":"Jalan Mr. Wuryanto","kelas":"primary","link":false},"geometry":{"type":"LineString","coordinates":[[110.36415,-7.08701],[110.36548,-7.08629],[110.36714,-7.08616],[110.36833,-7.08624],[110.36951,-7.08671],[110.37249,-7.08705]]}},{"type":"Feature","properties":{"name":"Jalan Mr. Wuryanto","kelas":"primary","link":false},"geometry":{"type":"LineString","coordinates":[[110.36208,-7.08801],[110.36407,-7.08706]]}},{"type":"Feature","properties":{"name":"","kelas":"primary","link":false},"geometry":{"type":"LineString","coordinates":[[110.34914,-7.09436],[110.34923,-7.09421]]}},{"type":"Feature","properties":{"name":"Jembatan Njetis","kelas":"primary","link":false},"geometry":{"type":"LineString","coordinates":[[110.35081,-7.09224],[110.35096,-7.09221]]}},{"type":"Feature","properties":{"name":"Jalan RM Soebagiyono Tjondro Koesoemo","kelas":"primary","link":false},"geometry":{"type":"LineString","coordinates":[[110.353,-7.09145],[110.3543,-7.09111],[110.3571,-7.09129],[110.35878,-7.09118],[110.35963,-7.09089],[110.36039,-7.09042],[110.36138,-7.08934],[110.36161,-7.08826],[110.36208,-7.08801]]}},{"type":"Feature","properties":{"name":"Jalan RM Soebagiyono","kelas":"primary","link":false},"geometry":{"type":"LineString","coordinates":[[110.34496,-7.09711],[110.34616,-7.09571],[110.34865,-7.09499],[110.34914,-7.09436]]}},{"type":"Feature","properties":{"name":"Jalan Kolonel RW Sugiarto","kelas":"secondary","link":false},"geometry":{"type":"LineString","coordinates":[[110.36097,-7.08255],[110.35974,-7.074]]}},{"type":"Feature","properties":{"name":"Jalan Semarang-Boja","kelas":"primary","link":true},"geometry":{"type":"LineString","coordinates":[[110.33495,-7.02466],[110.33519,-7.02459]]}},{"type":"Feature","properties":{"name":"Jalan RM. Hadi Soebono","kelas":"primary","link":false},"geometry":{"type":"LineString","coordinates":[[110.33378,-7.03131],[110.33529,-7.02335]]}},{"type":"Feature","properties":{"name":"Jalan RM. Hadi Soebono","kelas":"primary","link":false},"geometry":{"type":"LineString","coordinates":[[110.33415,-7.03136],[110.33415,-7.03136]]}},{"type":"Feature","properties":{"name":"Jalan RM. Hadi Soebono","kelas":"primary","link":false},"geometry":{"type":"LineString","coordinates":[[110.32861,-7.04253],[110.32008,-7.05031]]}},{"type":"Feature","properties":{"name":"Jalan RM. Hadi Soebono","kelas":"primary","link":true},"geometry":{"type":"LineString","coordinates":[[110.32862,-7.04021],[110.32922,-7.04095],[110.32916,-7.04198]]}},{"type":"Feature","properties":{"name":"Jalan RM. Hadi Soebono","kelas":"primary","link":false},"geometry":{"type":"LineString","coordinates":[[110.31146,-7.06496],[110.31179,-7.06735],[110.31037,-7.07105],[110.30999,-7.07562],[110.30871,-7.07976],[110.30922,-7.08211],[110.31008,-7.08372],[110.30986,-7.08555]]}},{"type":"Feature","properties":{"name":"Jalan RM. Hadi Soebono","kelas":"primary","link":true},"geometry":{"type":"LineString","coordinates":[[110.32305,-7.04764],[110.3216,-7.04748]]}},{"type":"Feature","properties":{"name":"","kelas":"secondary","link":false},"geometry":{"type":"LineString","coordinates":[[110.47518,-6.98313],[110.47539,-6.98332]]}},{"type":"Feature","properties":{"name":"Jalan Jenderal Anton Sujarwo","kelas":"trunk","link":false},"geometry":{"type":"LineString","coordinates":[[110.41248,-7.06431],[110.4117,-7.06861]]}},{"type":"Feature","properties":{"name":"Jalan Jenderal Anton Sujarwo","kelas":"trunk","link":false},"geometry":{"type":"LineString","coordinates":[[110.41163,-7.06863],[110.41241,-7.06428]]}},{"type":"Feature","properties":{"name":"Jalan Perintis Kemerdekaan","kelas":"trunk","link":true},"geometry":{"type":"LineString","coordinates":[[110.41121,-7.07547],[110.4113,-7.07546]]}},{"type":"Feature","properties":{"name":"Jalan Setiabudi","kelas":"trunk","link":false},"geometry":{"type":"LineString","coordinates":[[110.41354,-7.06132],[110.41265,-7.06366]]}},{"type":"Feature","properties":{"name":"Jalan Setiabudi","kelas":"trunk","link":false},"geometry":{"type":"LineString","coordinates":[[110.41264,-7.06345],[110.41344,-7.06139]]}},{"type":"Feature","properties":{"name":"","kelas":"secondary","link":false},"geometry":{"type":"LineString","coordinates":[[110.47682,-6.98254],[110.47774,-6.98259]]}},{"type":"Feature","properties":{"name":"Jalan Grafika Raya","kelas":"secondary","link":false},"geometry":{"type":"LineString","coordinates":[[110.42119,-7.07684],[110.42092,-7.07666],[110.42103,-7.07602]]}},{"type":"Feature","properties":{"name":"Jalan Grafika Raya","kelas":"secondary","link":false},"geometry":{"type":"LineString","coordinates":[[110.42129,-7.0769],[110.42119,-7.07684]]}},{"type":"Feature","properties":{"name":"Jalan Klipang Golf Raya","kelas":"secondary","link":false},"geometry":{"type":"LineString","coordinates":[[110.47941,-7.04072],[110.47889,-7.04806]]}},{"type":"Feature","properties":{"name":"Jalan Klipang Golf Raya","kelas":"secondary","link":false},"geometry":{"type":"LineString","coordinates":[[110.47879,-7.04805],[110.47935,-7.04068]]}},{"type":"Feature","properties":{"name":"","kelas":"secondary","link":false},"geometry":{"type":"LineString","coordinates":[[110.48335,-7.038],[110.48315,-7.03805]]}},{"type":"Feature","properties":{"name":"","kelas":"secondary","link":false},"geometry":{"type":"LineString","coordinates":[[110.48435,-7.03814],[110.48341,-7.03799]]}},{"type":"Feature","properties":{"name":"Jalan Brigadir Jenderal Sudiarto","kelas":"primary","link":false},"geometry":{"type":"LineString","coordinates":[[110.49888,-7.02114],[110.49382,-7.01945]]}},{"type":"Feature","properties":{"name":"Jalan Brigadir Jenderal Sudiarto","kelas":"primary","link":false},"geometry":{"type":"LineString","coordinates":[[110.49917,-7.02125],[110.49888,-7.02114]]}},{"type":"Feature","properties":{"name":"Jalan Letnan Jenderal Sarwo Edi","kelas":"secondary","link":false},"geometry":{"type":"LineString","coordinates":[[110.48748,-7.03516],[110.48663,-7.03493]]}},{"type":"Feature","properties":{"name":"Jalan Brigadir Jenderal Sudiarto","kelas":"primary","link":false},"geometry":{"type":"LineString","coordinates":[[110.48541,-7.01614],[110.48823,-7.01744]]}},{"type":"Feature","properties":{"name":"Jalan Muktiharjo Dalam IV","kelas":"secondary","link":false},"geometry":{"type":"LineString","coordinates":[[110.45663,-6.97006],[110.46039,-6.97105]]}},{"type":"Feature","properties":{"name":"Jalan Kompol R. Soekanto","kelas":"secondary","link":false},"geometry":{"type":"LineString","coordinates":[[110.45809,-7.03632],[110.45811,-7.03641]]}},{"type":"Feature","properties":{"name":"Jalan Kompol R. Soekanto","kelas":"secondary","link":false},"geometry":{"type":"LineString","coordinates":[[110.45811,-7.03641],[110.45829,-7.03831]]}},{"type":"Feature","properties":{"name":"Jalan Kedungmundu","kelas":"secondary","link":false},"geometry":{"type":"LineString","coordinates":[[110.4657,-7.02428],[110.46292,-7.02265],[110.46106,-7.0251],[110.45981,-7.02472]]}},{"type":"Feature","properties":{"name":"Jalan Kompol R. Soekanto","kelas":"secondary","link":false},"geometry":{"type":"LineString","coordinates":[[110.45939,-7.02797],[110.45935,-7.0282]]}},{"type":"Feature","properties":{"name":"Jalan Kompol R. Soekanto","kelas":"secondary","link":false},"geometry":{"type":"LineString","coordinates":[[110.46001,-7.02486],[110.45939,-7.02797]]}},{"type":"Feature","properties":{"name":"Jalan Kompol R. Soekanto","kelas":"secondary","link":false},"geometry":{"type":"LineString","coordinates":[[110.45831,-7.03275],[110.45925,-7.02818]]}},{"type":"Feature","properties":{"name":"Jalan Kompol R. Soekanto","kelas":"secondary","link":false},"geometry":{"type":"LineString","coordinates":[[110.45935,-7.0282],[110.45914,-7.03008],[110.45831,-7.03275]]}},{"type":"Feature","properties":{"name":"Jalan Elang Raya","kelas":"secondary","link":false},"geometry":{"type":"LineString","coordinates":[[110.46,-7.03404],[110.46009,-7.0341]]}},{"type":"Feature","properties":{"name":"Jalan Elang Raya","kelas":"secondary","link":false},"geometry":{"type":"LineString","coordinates":[[110.45831,-7.03275],[110.46,-7.03404]]}},{"type":"Feature","properties":{"name":"Jalan Muktiharjo Dalam","kelas":"secondary","link":false},"geometry":{"type":"LineString","coordinates":[[110.4623,-6.97283],[110.46039,-6.97105]]}},{"type":"Feature","properties":{"name":"Jalan Elang Raya","kelas":"secondary","link":false},"geometry":{"type":"LineString","coordinates":[[110.46009,-7.0341],[110.46105,-7.03522]]}},{"type":"Feature","properties":{"name":"Jalan Kompol R. Soekanto","kelas":"secondary","link":false},"geometry":{"type":"LineString","coordinates":[[110.45789,-7.03476],[110.45809,-7.03632]]}},{"type":"Feature","properties":{"name":"Jalan Brigadir Jenderal Sudiarto","kelas":"primary","link":false},"geometry":{"type":"LineString","coordinates":[[110.48881,-7.01775],[110.48821,-7.01751]]}},{"type":"Feature","properties":{"name":"Jalan Brigadir Jenderal Sudiarto","kelas":"primary","link":false},"geometry":{"type":"LineString","coordinates":[[110.48996,-7.01816],[110.48881,-7.01775]]}},{"type":"Feature","properties":{"name":"Jalan Brigadir Jenderal Sudiarto","kelas":"primary","link":false},"geometry":{"type":"LineString","coordinates":[[110.49385,-7.01937],[110.4989,-7.02107]]}},{"type":"Feature","properties":{"name":"Jalan Brigadir Jenderal Sudiarto","kelas":"primary","link":false},"geometry":{"type":"LineString","coordinates":[[110.48823,-7.01744],[110.48882,-7.01767]]}},{"type":"Feature","properties":{"name":"Jalan Meteseh Raya","kelas":"primary","link":false},"geometry":{"type":"LineString","coordinates":[[110.47144,-7.05511],[110.47135,-7.05432]]}},{"type":"Feature","properties":{"name":"Jalan Mr. Wuryanto","kelas":"primary","link":false},"geometry":{"type":"LineString","coordinates":[[110.39797,-7.1118],[110.39855,-7.11248]]}},{"type":"Feature","properties":{"name":"Jalan Mr. Wuryanto","kelas":"primary","link":false},"geometry":{"type":"LineString","coordinates":[[110.39779,-7.11166],[110.39797,-7.1118]]}},{"type":"Feature","properties":{"name":"Jalan Kedungmundu","kelas":"secondary","link":false},"geometry":{"type":"LineString","coordinates":[[110.46598,-7.02443],[110.4657,-7.02428]]}},{"type":"Feature","properties":{"name":"Jalan Kedungmundu","kelas":"secondary","link":false},"geometry":{"type":"LineString","coordinates":[[110.46602,-7.02437],[110.46748,-7.02483]]}},{"type":"Feature","properties":{"name":"Jalan Kedungmundu","kelas":"secondary","link":false},"geometry":{"type":"LineString","coordinates":[[110.46575,-7.02422],[110.46602,-7.02437]]}},{"type":"Feature","properties":{"name":"Jalan MH. Thamrin","kelas":"primary","link":false},"geometry":{"type":"LineString","coordinates":[[110.41652,-6.9776],[110.41658,-6.97787]]}},{"type":"Feature","properties":{"name":"Jalan Brigadir Jenderal Sudiarto","kelas":"primary","link":false},"geometry":{"type":"LineString","coordinates":[[110.47174,-7.01074],[110.47188,-7.01077]]}},{"type":"Feature","properties":{"name":"Jalan Arteri Soekarno Hatta","kelas":"primary","link":false},"geometry":{"type":"LineString","coordinates":[[110.47188,-7.01077],[110.47186,-7.01084]]}},{"type":"Feature","properties":{"name":"Jalan Brigadir Jenderal Sudiarto","kelas":"primary","link":false},"geometry":{"type":"LineString","coordinates":[[110.46479,-7.00882],[110.46078,-7.00767]]}},{"type":"Feature","properties":{"name":"Jalan Soekarno-Hatta","kelas":"primary","link":false},"geometry":{"type":"LineString","coordinates":[[110.47174,-7.01074],[110.47245,-7.00796],[110.4654,-6.9995],[110.46035,-6.99421],[110.45988,-6.99327],[110.45799,-6.99104]]}},{"type":"Feature","properties":{"name":"Jalan Brigadir Jenderal Sudiarto","kelas":"primary","link":false},"geometry":{"type":"LineString","coordinates":[[110.47188,-7.01077],[110.47444,-7.01144],[110.47715,-7.0126]]}},{"type":"Feature","properties":{"name":"Jalan Jatibarang","kelas":"secondary","link":false},"geometry":{"type":"LineString","coordinates":[[110.33498,-7.06368],[110.33584,-7.05847],[110.33704,-7.05594],[110.33702,-7.05127]]}},{"type":"Feature","properties":{"name":"Jalan Palir","kelas":"secondary","link":false},"geometry":{"type":"LineString","coordinates":[[110.30942,-7.01991],[110.30846,-7.01835],[110.30639,-7.01612],[110.30516,-7.01351],[110.30473,-7.01195],[110.30495,-7.00926]]}},{"type":"Feature","properties":{"name":"Jalan Pandanaran","kelas":"primary","link":false},"geometry":{"type":"LineString","coordinates":[[110.40977,-6.98478],[110.40945,-6.98472]]}},{"type":"Feature","properties":{"name":"Jalan RM Hadi Soebeno","kelas":"primary","link":false},"geometry":{"type":"LineString","coordinates":[[110.33529,-7.02335],[110.33619,-7.02145]]}},{"type":"Feature","properties":{"name":"Jalan RM Hadi Soebeno","kelas":"primary","link":false},"geometry":{"type":"LineString","coordinates":[[110.33628,-7.02152],[110.33537,-7.02339]]}},{"type":"Feature","properties":{"name":"Jalan Palir","kelas":"secondary","link":false},"geometry":{"type":"LineString","coordinates":[[110.30548,-7.00305],[110.30191,-6.99958]]}},{"type":"Feature","properties":{"name":"Jalan Anyar Gondoriyo Wates","kelas":"secondary","link":false},"geometry":{"type":"LineString","coordinates":[[110.29804,-6.98255],[110.29738,-6.98686],[110.29759,-6.98916],[110.30107,-6.99523],[110.30186,-6.99955]]}},{"type":"Feature","properties":{"name":"Jalan Raden Ajeng Kartini","kelas":"primary","link":false},"geometry":{"type":"LineString","coordinates":[[110.4036,-7.12752],[110.4036,-7.12732]]}},{"type":"Feature","properties":{"name":"Jalan Raden Ajeng Kartini","kelas":"primary","link":false},"geometry":{"type":"LineString","coordinates":[[110.40263,-7.13303],[110.4026,-7.13214],[110.4031,-7.13127],[110.40291,-7.13044],[110.40299,-7.12928],[110.40343,-7.12857],[110.40359,-7.12764]]}},{"type":"Feature","properties":{"name":"Jalan Walisongo","kelas":"trunk","link":false},"geometry":{"type":"LineString","coordinates":[[110.34007,-6.98535],[110.3423,-6.98599],[110.34516,-6.98577]]}},{"type":"Feature","properties":{"name":"Jalan Koptu Suyono","kelas":"secondary","link":false},"geometry":{"type":"LineString","coordinates":[[110.30052,-6.9797],[110.29836,-6.98178]]}},{"type":"Feature","properties":{"name":"Jalan Kedungmundu","kelas":"secondary","link":false},"geometry":{"type":"LineString","coordinates":[[110.45634,-7.02021],[110.45485,-7.01722],[110.45192,-7.01374],[110.44751,-7.01274],[110.44503,-7.01161]]}},{"type":"Feature","properties":{"name":"Jalan RM. Hadi Soebono","kelas":"primary","link":false},"geometry":{"type":"LineString","coordinates":[[110.31958,-7.05063],[110.31949,-7.05066]]}},{"type":"Feature","properties":{"name":"Jalan RM. Hadi Soebono","kelas":"primary","link":false},"geometry":{"type":"LineString","coordinates":[[110.31996,-7.0504],[110.31958,-7.05063]]}},{"type":"Feature","properties":{"name":"Jalan Elang Raya","kelas":"secondary","link":false},"geometry":{"type":"LineString","coordinates":[[110.46683,-7.04282],[110.4659,-7.03997],[110.46451,-7.03845]]}},{"type":"Feature","properties":{"name":"Jalan Karanganyar","kelas":"secondary","link":false},"geometry":{"type":"LineString","coordinates":[[110.45302,-6.96797],[110.45441,-6.9684],[110.45663,-6.97006]]}},{"type":"Feature","properties":{"name":"Jalan Waru Raya","kelas":"secondary","link":false},"geometry":{"type":"LineString","coordinates":[[110.42521,-7.06921],[110.42635,-7.06947]]}},{"type":"Feature","properties":{"name":"Jalan Durian Raya","kelas":"primary","link":false},"geometry":{"type":"LineString","coordinates":[[110.4264,-7.0645],[110.42756,-7.06473]]}},{"type":"Feature","properties":{"name":"Jalan Jenderal Urip Sumoharjo","kelas":"trunk","link":false},"geometry":{"type":"LineString","coordinates":[[110.32581,-6.97595],[110.32798,-6.97607]]}},{"type":"Feature","properties":{"name":"Jalan Jenderal Urip Sumoharjo","kelas":"trunk","link":false},"geometry":{"type":"LineString","coordinates":[[110.30886,-6.97257],[110.31261,-6.97238],[110.3137,-6.97286],[110.31446,-6.97377]]}},{"type":"Feature","properties":{"name":"Jalan Jenderal Urip Sumoharjo","kelas":"trunk","link":false},"geometry":{"type":"LineString","coordinates":[[110.32788,-6.97615],[110.32551,-6.97603]]}},{"type":"Feature","properties":{"name":"Jalan Jenderal Urip Sumoharjo","kelas":"trunk","link":false},"geometry":{"type":"LineString","coordinates":[[110.32195,-6.97587],[110.32473,-6.97595]]}},{"type":"Feature","properties":{"name":"Jalan Jenderal Urip Sumoharjo","kelas":"trunk","link":false},"geometry":{"type":"LineString","coordinates":[[110.32475,-6.97604],[110.32279,-6.97604]]}},{"type":"Feature","properties":{"name":"Jalan Jenderal Urip Sumoharjo","kelas":"trunk","link":false},"geometry":{"type":"LineString","coordinates":[[110.32933,-6.97621],[110.33039,-6.9765],[110.3313,-6.9773]]}},{"type":"Feature","properties":{"name":"Jalan Klipang Raya","kelas":"secondary","link":false},"geometry":{"type":"LineString","coordinates":[[110.48182,-7.03794],[110.48241,-7.03804]]}},{"type":"Feature","properties":{"name":"Jalan Klipang Raya","kelas":"secondary","link":false},"geometry":{"type":"LineString","coordinates":[[110.48241,-7.03804],[110.48308,-7.03806]]}},{"type":"Feature","properties":{"name":"Jalan Kolonel RW Sugiarto","kelas":"secondary","link":false},"geometry":{"type":"LineString","coordinates":[[110.36072,-7.04142],[110.36265,-7.04046]]}},{"type":"Feature","properties":{"name":"Jalan Kolonel RW Sugiarto","kelas":"secondary","link":false},"geometry":{"type":"LineString","coordinates":[[110.36063,-7.04153],[110.3607,-7.04144]]}},{"type":"Feature","properties":{"name":"","kelas":"secondary","link":false},"geometry":{"type":"LineString","coordinates":[[110.49831,-7.07784],[110.49837,-7.07723]]}},{"type":"Feature","properties":{"name":"","kelas":"secondary","link":false},"geometry":{"type":"LineString","coordinates":[[110.49837,-7.07723],[110.49856,-7.0749]]}},{"type":"Feature","properties":{"name":"Jalan Setiabudi","kelas":"trunk","link":false},"geometry":{"type":"LineString","coordinates":[[110.41351,-7.06141],[110.41343,-7.06143]]}},{"type":"Feature","properties":{"name":"Jalan Setiabudi","kelas":"trunk","link":false},"geometry":{"type":"LineString","coordinates":[[110.41344,-7.06139],[110.41354,-7.06132]]}},{"type":"Feature","properties":{"name":"Entry Tol Banyumanik","kelas":"primary","link":false},"geometry":{"type":"LineString","coordinates":[[110.41464,-7.0607],[110.4147,-7.06077]]}},{"type":"Feature","properties":{"name":"Jalan Kyai H. Nasir","kelas":"secondary","link":false},"geometry":{"type":"LineString","coordinates":[[110.48886,-7.03378],[110.48914,-7.03386]]}},{"type":"Feature","properties":{"name":"Jalan Kyai H. Nasir","kelas":"secondary","link":false},"geometry":{"type":"LineString","coordinates":[[110.48711,-7.03323],[110.48886,-7.03378]]}},{"type":"Feature","properties":{"name":"Jalan Jenderal Anton Sujarwo","kelas":"trunk","link":true},"geometry":{"type":"LineString","coordinates":[[110.41199,-7.06639],[110.41207,-7.0664]]}},{"type":"Feature","properties":{"name":"","kelas":"trunk","link":true},"geometry":{"type":"LineString","coordinates":[[110.4117,-7.06859],[110.41163,-7.06858]]}},{"type":"Feature","properties":{"name":"Jalan Jenderal Anton Sujarwo","kelas":"trunk","link":false},"geometry":{"type":"LineString","coordinates":[[110.41161,-7.06871],[110.41163,-7.06863]]}},{"type":"Feature","properties":{"name":"Jalan Jenderal Anton Sujarwo","kelas":"trunk","link":false},"geometry":{"type":"LineString","coordinates":[[110.41114,-7.07324],[110.4111,-7.07197],[110.41161,-7.06871]]}},{"type":"Feature","properties":{"name":"Jalan Jenderal Anton Sujarwo","kelas":"trunk","link":false},"geometry":{"type":"LineString","coordinates":[[110.41169,-7.06867],[110.41125,-7.07142],[110.41122,-7.07323]]}},{"type":"Feature","properties":{"name":"Jalan Jenderal Anton Sujarwo","kelas":"trunk","link":false},"geometry":{"type":"LineString","coordinates":[[110.4117,-7.06861],[110.41169,-7.06867]]}},{"type":"Feature","properties":{"name":"Jalan Setiabudi","kelas":"trunk","link":false},"geometry":{"type":"LineString","coordinates":[[110.41344,-7.06139],[110.41401,-7.05994]]}},{"type":"Feature","properties":{"name":"Jalan Setiabudi","kelas":"trunk","link":false},"geometry":{"type":"LineString","coordinates":[[110.41408,-7.05996],[110.41354,-7.06132]]}},{"type":"Feature","properties":{"name":"Jalan Setiabudi","kelas":"trunk","link":false},"geometry":{"type":"LineString","coordinates":[[110.4181,-7.03219],[110.41785,-7.03362]]}},{"type":"Feature","properties":{"name":"Jalan Setiabudi","kelas":"trunk","link":false},"geometry":{"type":"LineString","coordinates":[[110.42173,-7.0437],[110.42151,-7.04419]]}},{"type":"Feature","properties":{"name":"Jalan Setiabudi","kelas":"trunk","link":true},"geometry":{"type":"LineString","coordinates":[[110.42173,-7.0437],[110.42154,-7.04368]]}},{"type":"Feature","properties":{"name":"Jalan Setiabudi","kelas":"trunk","link":false},"geometry":{"type":"LineString","coordinates":[[110.42032,-7.04754],[110.421,-7.04628],[110.42144,-7.04437]]}},{"type":"Feature","properties":{"name":"Jalan Setiabudi","kelas":"trunk","link":false},"geometry":{"type":"LineString","coordinates":[[110.41916,-7.0494],[110.42028,-7.04761]]}},{"type":"Feature","properties":{"name":"Jalan Setiabudi","kelas":"secondary","link":false},"geometry":{"type":"LineString","coordinates":[[110.41977,-7.04857],[110.41968,-7.04852]]}},{"type":"Feature","properties":{"name":"Jalan Setiabudi","kelas":"trunk","link":false},"geometry":{"type":"LineString","coordinates":[[110.41801,-7.03145],[110.41803,-7.0312]]}},{"type":"Feature","properties":{"name":"Jalan Setiabudi","kelas":"trunk","link":false},"geometry":{"type":"LineString","coordinates":[[110.41825,-7.03118],[110.41823,-7.0314]]}},{"type":"Feature","properties":{"name":"Jalan Setiabudi","kelas":"trunk","link":false},"geometry":{"type":"LineString","coordinates":[[110.41785,-7.03362],[110.41755,-7.03468]]}},{"type":"Feature","properties":{"name":"Jalan Jenderal Urip Sumoharjo","kelas":"trunk","link":false},"geometry":{"type":"LineString","coordinates":[[110.30901,-6.97266],[110.30732,-6.97283]]}},{"type":"Feature","properties":{"name":"","kelas":"trunk","link":true},"geometry":{"type":"LineString","coordinates":[[110.43891,-6.95066],[110.44003,-6.95024]]}},{"type":"Feature","properties":{"name":"Jalan Arteri Utara","kelas":"trunk","link":true},"geometry":{"type":"LineString","coordinates":[[110.43158,-6.95383],[110.4352,-6.95256]]}},{"type":"Feature","properties":{"name":"Jalan Walisongo","kelas":"trunk","link":false},"geometry":{"type":"LineString","coordinates":[[110.33638,-6.98302],[110.33412,-6.98032]]}},{"type":"Feature","properties":{"name":"Jalan Jenderal Urip Sumoharjo","kelas":"trunk","link":false},"geometry":{"type":"LineString","coordinates":[[110.33126,-6.97737],[110.33009,-6.97645]]}},{"type":"Feature","properties":{"name":"","kelas":"primary","link":false},"geometry":{"type":"LineString","coordinates":[[110.47475,-6.98379],[110.47571,-6.98296],[110.47734,-6.98255]]}},{"type":"Feature","properties":{"name":"Jalan Mr. Koesbiyono Tjondrobirowo","kelas":"secondary","link":false},"geometry":{"type":"LineString","coordinates":[[110.38849,-7.0752],[110.38757,-7.07777],[110.38781,-7.0804],[110.38717,-7.08283]]}},{"type":"Feature","properties":{"name":"","kelas":"secondary","link":false},"geometry":{"type":"LineString","coordinates":[[110.46292,-7.127],[110.46347,-7.12726],[110.46434,-7.12675],[110.46645,-7.12635],[110.4666,-7.12519],[110.46867,-7.12209],[110.47087,-7.11666],[110.4711,-7.11388],[110.47148,-7.11294],[110.47033,-7.11211],[110.47056,-7.1104],[110.47172,-7.1096],[110.4745,-7.10855],[110.4769,-7.10646],[110.47702,-7.10492],[110.47676,-7.10395],[110.47617,-7.10333],[110.47682,-7.10273],[110.47763,-7.10076],[110.48206,-7.10253],[110.48386,-7.10292],[110.48419,-7.10109],[110.48582,-7.09762],[110.48591,-7.0956],[110.48663,-7.09428],[110.48619,-7.09135],[110.48727,-7.08872],[110.48915,-7.08657],[110.49151,-7.08596],[110.49155,-7.08452],[110.49239,-7.08283],[110.49362,-7.08166],[110.49418,-7.08052],[110.49538,-7.07993]]}},{"type":"Feature","properties":{"name":"Jalan Gatot Subroto","kelas":"trunk","link":false},"geometry":{"type":"LineString","coordinates":[[110.41212,-7.11873],[110.41006,-7.12072]]}},{"type":"Feature","properties":{"name":"Jalan Gatot Subroto","kelas":"trunk","link":false},"geometry":{"type":"LineString","coordinates":[[110.41235,-7.11839],[110.41212,-7.11873]]}},{"type":"Feature","properties":{"name":"Jalan Gatot Subroto","kelas":"trunk","link":false},"geometry":{"type":"LineString","coordinates":[[110.41206,-7.11868],[110.41227,-7.11839]]}},{"type":"Feature","properties":{"name":"Jalan Gatot Subroto","kelas":"trunk","link":false},"geometry":{"type":"LineString","coordinates":[[110.41001,-7.12068],[110.41206,-7.11868]]}},{"type":"Feature","properties":{"name":"Jalan RM. Hadi Soebono","kelas":"primary","link":false},"geometry":{"type":"LineString","coordinates":[[110.32248,-7.04434],[110.32258,-7.04425]]}},{"type":"Feature","properties":{"name":"Jalan RM. Hadi Soebono","kelas":"primary","link":false},"geometry":{"type":"LineString","coordinates":[[110.32008,-7.05031],[110.32171,-7.04863],[110.32176,-7.04788],[110.32102,-7.04662],[110.32099,-7.04599],[110.32136,-7.04534],[110.32248,-7.04434]]}},{"type":"Feature","properties":{"name":"Jalan Untung Suropati","kelas":"secondary","link":false},"geometry":{"type":"LineString","coordinates":[[110.33667,-7.04269],[110.33733,-7.0415]]}},{"type":"Feature","properties":{"name":"Jalan Jatibarang","kelas":"secondary","link":false},"geometry":{"type":"LineString","coordinates":[[110.33702,-7.05127],[110.33582,-7.04615],[110.33667,-7.04269]]}},{"type":"Feature","properties":{"name":"Jalan RM. Hadi Soebono","kelas":"primary","link":false},"geometry":{"type":"LineString","coordinates":[[110.32872,-7.04243],[110.32861,-7.04253]]}},{"type":"Feature","properties":{"name":"Jalan RM. Hadi Soebono","kelas":"primary","link":false},"geometry":{"type":"LineString","coordinates":[[110.32989,-7.04114],[110.32872,-7.04243]]}},{"type":"Feature","properties":{"name":"Jalan RM. Hadi Soebono","kelas":"primary","link":false},"geometry":{"type":"LineString","coordinates":[[110.33403,-7.0321],[110.33245,-7.03625],[110.32989,-7.04114]]}},{"type":"Feature","properties":{"name":"Jalan RM. Hadi Soebono","kelas":"primary","link":false},"geometry":{"type":"LineString","coordinates":[[110.31637,-7.05336],[110.31163,-7.06108],[110.31121,-7.06335],[110.31146,-7.06496]]}},{"type":"Feature","properties":{"name":"Jalan RM. Hadi Soebono","kelas":"primary","link":false},"geometry":{"type":"LineString","coordinates":[[110.31949,-7.05066],[110.31739,-7.05128],[110.31656,-7.05297]]}},{"type":"Feature","properties":{"name":"Jalan RM Soebagiyono","kelas":"primary","link":false},"geometry":{"type":"LineString","coordinates":[[110.33143,-7.09249],[110.33149,-7.09255]]}},{"type":"Feature","properties":{"name":"Jalan RM Soebagiyono","kelas":"primary","link":false},"geometry":{"type":"LineString","coordinates":[[110.33048,-7.09186],[110.33084,-7.0919],[110.33143,-7.09249]]}},{"type":"Feature","properties":{"name":"Jalan RM. Hadi Soebono","kelas":"primary","link":false},"geometry":{"type":"LineString","coordinates":[[110.31656,-7.05297],[110.31637,-7.05336]]}},{"type":"Feature","properties":{"name":"Jalan Empu Sendok Raya","kelas":"secondary","link":false},"geometry":{"type":"LineString","coordinates":[[110.4159,-7.08415],[110.41785,-7.08478]]}},{"type":"Feature","properties":{"name":"","kelas":"secondary","link":false},"geometry":{"type":"LineString","coordinates":[[110.49856,-7.0749],[110.49878,-7.07277],[110.49746,-7.07264],[110.49809,-7.07033],[110.49889,-7.06969],[110.49843,-7.06741]]}},{"type":"Feature","properties":{"name":"","kelas":"primary","link":false},"geometry":{"type":"LineString","coordinates":[[110.25497,-7.10652],[110.25829,-7.1066],[110.26505,-7.10476],[110.26931,-7.10395],[110.27856,-7.10384]]}},{"type":"Feature","properties":{"name":"Jalan Brigadir Jenderal Sudiarto","kelas":"primary","link":false},"geometry":{"type":"LineString","coordinates":[[110.49954,-7.02129],[110.50215,-7.02214]]}},{"type":"Feature","properties":{"name":"Jalan Profesor Dokter Hamka","kelas":"primary","link":false},"geometry":{"type":"LineString","coordinates":[[110.34904,-6.99478],[110.3497,-6.99448]]}},{"type":"Feature","properties":{"name":"Jalan Profesor Dokter Hamka","kelas":"primary","link":false},"geometry":{"type":"LineString","coordinates":[[110.3441,-6.99845],[110.34581,-6.99753],[110.34904,-6.99478]]}},{"type":"Feature","properties":{"name":"Jalan Profesor Dokter Hamka","kelas":"primary","link":false},"geometry":{"type":"LineString","coordinates":[[110.34908,-6.99486],[110.34591,-6.99756],[110.34411,-6.99855]]}},{"type":"Feature","properties":{"name":"Jalan Profesor Dokter Hamka","kelas":"primary","link":false},"geometry":{"type":"LineString","coordinates":[[110.34984,-6.99452],[110.34908,-6.99486]]}},{"type":"Feature","properties":{"name":"","kelas":"motorway","link":true},"geometry":{"type":"LineString","coordinates":[[110.2753,-6.97288],[110.27624,-6.97275]]}},{"type":"Feature","properties":{"name":"","kelas":"motorway","link":true},"geometry":{"type":"LineString","coordinates":[[110.27303,-6.97325],[110.2753,-6.97288]]}},{"type":"Feature","properties":{"name":"Jalan Tol Semarang–Batang","kelas":"motorway","link":false},"geometry":{"type":"LineString","coordinates":[[110.27642,-6.97306],[110.27529,-6.97315]]}},{"type":"Feature","properties":{"name":"Jalan Tol Semarang–Batang","kelas":"motorway","link":false},"geometry":{"type":"LineString","coordinates":[[110.27813,-6.97302],[110.27642,-6.97306]]}},{"type":"Feature","properties":{"name":"Jalan Tol Semarang–Batang","kelas":"motorway","link":false},"geometry":{"type":"LineString","coordinates":[[110.27641,-6.97296],[110.27813,-6.97291]]}},{"type":"Feature","properties":{"name":"Jalan Tol Semarang–Batang","kelas":"motorway","link":false},"geometry":{"type":"LineString","coordinates":[[110.27529,-6.97304],[110.27641,-6.97296]]}},{"type":"Feature","properties":{"name":"Jalan Tol Semarang–Batang","kelas":"motorway","link":false},"geometry":{"type":"LineString","coordinates":[[110.27813,-6.97291],[110.27877,-6.97293]]}},{"type":"Feature","properties":{"name":"Jalan Tol Semarang–Batang","kelas":"motorway","link":false},"geometry":{"type":"LineString","coordinates":[[110.26557,-6.9735],[110.26955,-6.97356],[110.27529,-6.97304]]}},{"type":"Feature","properties":{"name":"Jalan Tol Semarang–Batang","kelas":"motorway","link":false},"geometry":{"type":"LineString","coordinates":[[110.27529,-6.97315],[110.26955,-6.97366],[110.26557,-6.9736]]}},{"type":"Feature","properties":{"name":"Jalan Tol Semarang–Batang","kelas":"motorway","link":false},"geometry":{"type":"LineString","coordinates":[[110.27877,-6.97303],[110.27813,-6.97302]]}},{"type":"Feature","properties":{"name":"Jalan Tol Semarang–Batang","kelas":"motorway","link":false},"geometry":{"type":"LineString","coordinates":[[110.26507,-6.97348],[110.26557,-6.9735]]}},{"type":"Feature","properties":{"name":"Jalan Tol Semarang–Batang","kelas":"motorway","link":false},"geometry":{"type":"LineString","coordinates":[[110.26557,-6.9736],[110.26507,-6.97359]]}},{"type":"Feature","properties":{"name":"Jalan Tol Semarang–Batang","kelas":"motorway","link":false},"geometry":{"type":"LineString","coordinates":[[110.24975,-6.97504],[110.25296,-6.97382],[110.25569,-6.97329],[110.25769,-6.97322],[110.26507,-6.97348]]}},{"type":"Feature","properties":{"name":"Jalan Tol Semarang–Batang","kelas":"motorway","link":false},"geometry":{"type":"LineString","coordinates":[[110.26507,-6.97359],[110.25775,-6.97333],[110.2552,-6.97344],[110.253,-6.97392],[110.24977,-6.97513]]}},{"type":"Feature","properties":{"name":"","kelas":"secondary","link":false},"geometry":{"type":"LineString","coordinates":[[110.48528,-7.03839],[110.48494,-7.0383]]}},{"type":"Feature","properties":{"name":"Jalan Klipang Raya","kelas":"secondary","link":false},"geometry":{"type":"LineString","coordinates":[[110.47939,-7.04063],[110.47958,-7.03776]]}},{"type":"Feature","properties":{"name":"Gang Gading Mas","kelas":"secondary","link":false},"geometry":{"type":"LineString","coordinates":[[110.48548,-7.03846],[110.48662,-7.03498]]}},{"type":"Feature","properties":{"name":"","kelas":"primary","link":true},"geometry":{"type":"LineString","coordinates":[[110.50996,-7.02438],[110.50994,-7.02443]]}},{"type":"Feature","properties":{"name":"Jalan Raya Bandungrejo","kelas":"primary","link":false},"geometry":{"type":"LineString","coordinates":[[110.50215,-7.02214],[110.50783,-7.02379]]}},{"type":"Feature","properties":{"name":"Jalan Brigadir Jenderal Sudiarto","kelas":"primary","link":false},"geometry":{"type":"LineString","coordinates":[[110.4989,-7.02107],[110.49921,-7.02117]]}},{"type":"Feature","properties":{"name":"Jalan Brigadir Jenderal Sudiarto","kelas":"primary","link":false},"geometry":{"type":"LineString","coordinates":[[110.49921,-7.02117],[110.49954,-7.02129]]}},{"type":"Feature","properties":{"name":"Jalan Brigadir Jenderal Sudiarto","kelas":"primary","link":false},"geometry":{"type":"LineString","coordinates":[[110.49952,-7.02138],[110.49917,-7.02125]]}},{"type":"Feature","properties":{"name":"Jalan Lingkar Luar Kaliwungu","kelas":"trunk","link":false},"geometry":{"type":"LineString","coordinates":[[110.27875,-6.95266],[110.27976,-6.95308]]}},{"type":"Feature","properties":{"name":"Jalan Lingkar Luar Kaliwungu","kelas":"trunk","link":false},"geometry":{"type":"LineString","coordinates":[[110.26685,-6.94852],[110.2754,-6.95138]]}},{"type":"Feature","properties":{"name":"Jalan Lingkar Luar Kaliwungu","kelas":"trunk","link":false},"geometry":{"type":"LineString","coordinates":[[110.2795,-6.95309],[110.27875,-6.95278]]}},{"type":"Feature","properties":{"name":"Jalan Lingkar Luar Kaliwungu","kelas":"trunk","link":false},"geometry":{"type":"LineString","coordinates":[[110.27535,-6.95146],[110.26677,-6.9486]]}},{"type":"Feature","properties":{"name":"","kelas":"trunk","link":true},"geometry":{"type":"LineString","coordinates":[[110.29534,-6.97268],[110.29084,-6.97039]]}},{"type":"Feature","properties":{"name":"Jalan Simpang Lima","kelas":"primary","link":false},"geometry":{"type":"LineString","coordinates":[[110.42228,-6.99001],[110.42243,-6.98968]]}},{"type":"Feature","properties":{"name":"Jalan Jolotundo","kelas":"secondary","link":false},"geometry":{"type":"LineString","coordinates":[[110.44316,-6.9859],[110.44281,-6.98598]]}},{"type":"Feature","properties":{"name":"","kelas":"secondary","link":false},"geometry":{"type":"LineString","coordinates":[[110.44281,-6.98598],[110.44272,-6.98597]]}},{"type":"Feature","properties":{"name":"","kelas":"trunk","link":true},"geometry":{"type":"LineString","coordinates":[[110.40061,-6.99502],[110.40063,-6.99493]]}},{"type":"Feature","properties":{"name":"","kelas":"trunk","link":true},"geometry":{"type":"LineString","coordinates":[[110.38942,-6.96245],[110.38943,-6.96255]]}},{"type":"Feature","properties":{"name":"","kelas":"trunk","link":true},"geometry":{"type":"LineString","coordinates":[[110.38944,-6.96276],[110.38943,-6.96269]]}},{"type":"Feature","properties":{"name":"","kelas":"trunk","link":true},"geometry":{"type":"LineString","coordinates":[[110.33442,-6.98068],[110.3345,-6.98065]]}},{"type":"Feature","properties":{"name":"Jalan Veteran","kelas":"secondary","link":false},"geometry":{"type":"LineString","coordinates":[[110.41048,-6.99606],[110.40975,-6.9958]]}},{"type":"Feature","properties":{"name":"","kelas":"trunk","link":true},"geometry":{"type":"LineString","coordinates":[[110.35308,-6.98269],[110.35304,-6.98282]]}},{"type":"Feature","properties":{"name":"Jalan Walisongo","kelas":"trunk","link":false},"geometry":{"type":"LineString","coordinates":[[110.35317,-6.98272],[110.35525,-6.98355]]}},{"type":"Feature","properties":{"name":"Jalan Walisongo","kelas":"trunk","link":false},"geometry":{"type":"LineString","coordinates":[[110.35282,-6.98275],[110.35179,-6.9825],[110.35074,-6.98256],[110.3503,-6.98287],[110.34887,-6.98488],[110.34797,-6.98542],[110.34613,-6.98577]]}},{"type":"Feature","properties":{"name":"Jalan Tol Semarang–Batang","kelas":"motorway","link":false},"geometry":{"type":"LineString","coordinates":[[110.31487,-6.9862],[110.31055,-6.98342]]}},{"type":"Feature","properties":{"name":"Jalan Tol Semarang–Batang","kelas":"motorway","link":false},"geometry":{"type":"LineString","coordinates":[[110.31905,-6.9891],[110.31487,-6.9862]]}},{"type":"Feature","properties":{"name":"Jalan Tol Semarang–Batang","kelas":"motorway","link":false},"geometry":{"type":"LineString","coordinates":[[110.31493,-6.98612],[110.31908,-6.98899]]}},{"type":"Feature","properties":{"name":"Jalan Tol Semarang–Batang","kelas":"motorway","link":false},"geometry":{"type":"LineString","coordinates":[[110.31059,-6.98331],[110.31493,-6.98612]]}},{"type":"Feature","properties":{"name":"Jalan Ahmad Yani","kelas":"primary","link":false},"geometry":{"type":"LineString","coordinates":[[110.42471,-6.99093],[110.42632,-6.99174]]}},{"type":"Feature","properties":{"name":"Jalan Imam Bonjol","kelas":"primary","link":false},"geometry":{"type":"LineString","coordinates":[[110.41517,-6.97334],[110.41554,-6.97316]]}},{"type":"Feature","properties":{"name":"Jalan Imam Bonjol","kelas":"primary","link":false},"geometry":{"type":"LineString","coordinates":[[110.41554,-6.97316],[110.41596,-6.97297]]}},{"type":"Feature","properties":{"name":"Jalan Raya Kaliwungu","kelas":"primary","link":false},"geometry":{"type":"LineString","coordinates":[[110.26002,-6.963],[110.25992,-6.96301]]}},{"type":"Feature","properties":{"name":"Jalan Raya Kaliwungu","kelas":"primary","link":false},"geometry":{"type":"LineString","coordinates":[[110.27436,-6.96577],[110.27429,-6.96576]]}},{"type":"Feature","properties":{"name":"Jalan Raya Kaliwungu","kelas":"primary","link":false},"geometry":{"type":"LineString","coordinates":[[110.27429,-6.96576],[110.26744,-6.96493],[110.26548,-6.96393],[110.2627,-6.96294],[110.26002,-6.963]]}},{"type":"Feature","properties":{"name":"Jalan Sriwijaya","kelas":"secondary","link":false},"geometry":{"type":"LineString","coordinates":[[110.43205,-7.00468],[110.43218,-7.00471]]}},{"type":"Feature","properties":{"name":"Jalan Lingkar Luar Kaliwungu","kelas":"trunk","link":false},"geometry":{"type":"LineString","coordinates":[[110.28097,-6.96615],[110.28107,-6.96532]]}},{"type":"Feature","properties":{"name":"","kelas":"primary","link":false},"geometry":{"type":"LineString","coordinates":[[110.28085,-6.96656],[110.28094,-6.96657]]}},{"type":"Feature","properties":{"name":"","kelas":"primary","link":false},"geometry":{"type":"LineString","coordinates":[[110.27996,-6.96653],[110.28085,-6.96656]]}},{"type":"Feature","properties":{"name":"","kelas":"primary","link":false},"geometry":{"type":"LineString","coordinates":[[110.28071,-6.96684],[110.27996,-6.96653]]}},{"type":"Feature","properties":{"name":"","kelas":"primary","link":false},"geometry":{"type":"LineString","coordinates":[[110.28077,-6.96686],[110.28071,-6.96684]]}},{"type":"Feature","properties":{"name":"Jalan Lingkar Luar Kaliwungu","kelas":"trunk","link":false},"geometry":{"type":"LineString","coordinates":[[110.27559,-6.95154],[110.27535,-6.95146]]}},{"type":"Feature","properties":{"name":"Jalan Lingkar Luar Kaliwungu","kelas":"trunk","link":false},"geometry":{"type":"LineString","coordinates":[[110.27875,-6.95278],[110.27559,-6.95154]]}},{"type":"Feature","properties":{"name":"Jalan Lingkar Luar Kaliwungu","kelas":"trunk","link":false},"geometry":{"type":"LineString","coordinates":[[110.27565,-6.95147],[110.27875,-6.95266]]}},{"type":"Feature","properties":{"name":"Jalan Lingkar Luar Kaliwungu","kelas":"trunk","link":false},"geometry":{"type":"LineString","coordinates":[[110.2754,-6.95138],[110.27565,-6.95147]]}},{"type":"Feature","properties":{"name":"Jalan Lingkar Luar Kaliwungu","kelas":"trunk","link":false},"geometry":{"type":"LineString","coordinates":[[110.26085,-6.94488],[110.26075,-6.9448]]}},{"type":"Feature","properties":{"name":"Jalan Lingkar Luar Kaliwungu","kelas":"trunk","link":false},"geometry":{"type":"LineString","coordinates":[[110.26553,-6.94792],[110.26085,-6.94488]]}},{"type":"Feature","properties":{"name":"Jalan Lingkar Luar Kaliwungu","kelas":"trunk","link":false},"geometry":{"type":"LineString","coordinates":[[110.26092,-6.94479],[110.2656,-6.94786]]}},{"type":"Feature","properties":{"name":"Jalan Lingkar Luar Kaliwungu","kelas":"trunk","link":false},"geometry":{"type":"LineString","coordinates":[[110.26083,-6.94473],[110.26092,-6.94479]]}},{"type":"Feature","properties":{"name":"Jalan Fatmawati","kelas":"primary","link":false},"geometry":{"type":"LineString","coordinates":[[110.47133,-7.01833],[110.47153,-7.01805]]}},{"type":"Feature","properties":{"name":"Jalan Kedungmundu","kelas":"secondary","link":false},"geometry":{"type":"LineString","coordinates":[[110.44503,-7.01161],[110.44499,-7.01159]]}},{"type":"Feature","properties":{"name":"Jalan Tentara Pelajar","kelas":"secondary","link":false},"geometry":{"type":"LineString","coordinates":[[110.44143,-7.01069],[110.4413,-7.01065]]}},{"type":"Feature","properties":{"name":"Jalan Tentara Pelajar","kelas":"secondary","link":false},"geometry":{"type":"LineString","coordinates":[[110.44147,-7.0107],[110.44143,-7.01069]]}},{"type":"Feature","properties":{"name":"Jalan Ahmad Yani","kelas":"primary","link":false},"geometry":{"type":"LineString","coordinates":[[110.43109,-6.99409],[110.43111,-6.9941]]}},{"type":"Feature","properties":{"name":"Jalan K.H. Sirojuddin","kelas":"secondary","link":false},"geometry":{"type":"LineString","coordinates":[[110.43637,-7.05535],[110.43634,-7.05545]]}},{"type":"Feature","properties":{"name":"Jalan Dempel Lor","kelas":"secondary","link":false},"geometry":{"type":"LineString","coordinates":[[110.45292,-6.96827],[110.45302,-6.96797]]}},{"type":"Feature","properties":{"name":"Jalan Simongan","kelas":"secondary","link":false},"geometry":{"type":"LineString","coordinates":[[110.39172,-7.0042],[110.39233,-7.00295]]}},{"type":"Feature","properties":{"name":"Jalan Simongan","kelas":"secondary","link":false},"geometry":{"type":"LineString","coordinates":[[110.39233,-7.00295],[110.39493,-7.00326]]}},{"type":"Feature","properties":{"name":"Jalan Tol Semarang–Batang","kelas":"motorway","link":true},"geometry":{"type":"LineString","coordinates":[[110.36881,-6.99777],[110.36979,-6.99696]]}},{"type":"Feature","properties":{"name":"Jalan Tol Semarang–Batang","kelas":"motorway","link":true},"geometry":{"type":"LineString","coordinates":[[110.36979,-6.99696],[110.37024,-6.99576],[110.36947,-6.99535],[110.3691,-6.99609],[110.37078,-6.99883],[110.37117,-7.00079]]}},{"type":"Feature","properties":{"name":"","kelas":"motorway","link":true},"geometry":{"type":"LineString","coordinates":[[110.36985,-6.99701],[110.36888,-6.99784]]}},{"type":"Feature","properties":{"name":"","kelas":"motorway","link":true},"geometry":{"type":"LineString","coordinates":[[110.36731,-6.9987],[110.36589,-6.99918]]}},{"type":"Feature","properties":{"name":"Jalan Tol Semarang–Batang","kelas":"motorway","link":false},"geometry":{"type":"LineString","coordinates":[[110.35185,-6.99534],[110.35004,-6.9948],[110.34803,-6.99467],[110.34649,-6.99489],[110.34307,-6.99581],[110.34077,-6.99597],[110.33917,-6.99579],[110.33514,-6.99497]]}},{"type":"Feature","properties":{"name":"Jalan Pahlawan","kelas":"primary","link":false},"geometry":{"type":"LineString","coordinates":[[110.42154,-6.99293],[110.42231,-6.9913]]}},{"type":"Feature","properties":{"name":"Jalan Raya Kaliwungu-Boja","kelas":"secondary","link":false},"geometry":{"type":"LineString","coordinates":[[110.26493,-7.01482],[110.26563,-7.01301],[110.26573,-7.00752],[110.26525,-7.00481],[110.26478,-7.00325],[110.26289,-7.00103],[110.26216,-6.99815],[110.26113,-6.99706],[110.26121,-6.99585],[110.26189,-6.99471],[110.26192,-6.99331],[110.26103,-6.99176],[110.2591,-6.99015]]}},{"type":"Feature","properties":{"name":"Jalan Kyai H. Nasir","kelas":"secondary","link":false},"geometry":{"type":"LineString","coordinates":[[110.49414,-7.03601],[110.49864,-7.03766],[110.50077,-7.03754]]}},{"type":"Feature","properties":{"name":"Jalan Ki Mangunsarkoro","kelas":"secondary","link":false},"geometry":{"type":"LineString","coordinates":[[110.42904,-6.98569],[110.42899,-6.98607]]}},{"type":"Feature","properties":{"name":"Jalan Papandayan","kelas":"secondary","link":false},"geometry":{"type":"LineString","coordinates":[[110.40936,-7.0142],[110.41083,-7.01384],[110.41283,-7.01421]]}},{"type":"Feature","properties":{"name":"Jalan Papandayan","kelas":"secondary","link":false},"geometry":{"type":"LineString","coordinates":[[110.41283,-7.01421],[110.41291,-7.0133],[110.41341,-7.01267],[110.41506,-7.01218]]}},{"type":"Feature","properties":{"name":"Jalan Dokter Wahidin","kelas":"trunk","link":false},"geometry":{"type":"LineString","coordinates":[[110.42111,-7.02336],[110.42048,-7.02395]]}},{"type":"Feature","properties":{"name":"Jalan Gubernur Budiono","kelas":"secondary","link":false},"geometry":{"type":"LineString","coordinates":[[110.40661,-7.00598],[110.40672,-7.00605]]}},{"type":"Feature","properties":{"name":"","kelas":"secondary","link":false},"geometry":{"type":"LineString","coordinates":[[110.46147,-6.97732],[110.4615,-6.97733]]}},{"type":"Feature","properties":{"name":"","kelas":"secondary","link":false},"geometry":{"type":"LineString","coordinates":[[110.46133,-6.97729],[110.46136,-6.9773]]}},{"type":"Feature","properties":{"name":"Jalan Gajah Mada","kelas":"secondary","link":false},"geometry":{"type":"LineString","coordinates":[[110.42238,-6.98604],[110.42238,-6.98601]]}},{"type":"Feature","properties":{"name":"","kelas":"trunk","link":true},"geometry":{"type":"LineString","coordinates":[[110.30858,-6.97259],[110.30859,-6.97269]]}},{"type":"Feature","properties":{"name":"","kelas":"trunk","link":true},"geometry":{"type":"LineString","coordinates":[[110.33168,-6.97778],[110.33173,-6.97773]]}},{"type":"Feature","properties":{"name":"Jalan Siliwangi","kelas":"trunk","link":false},"geometry":{"type":"LineString","coordinates":[[110.3747,-6.98652],[110.37539,-6.98639]]}},{"type":"Feature","properties":{"name":"Jalan Siliwangi","kelas":"trunk","link":false},"geometry":{"type":"LineString","coordinates":[[110.37539,-6.98651],[110.37488,-6.98661]]}},{"type":"Feature","properties":{"name":"Jalan Mochammad Ichsan","kelas":"primary","link":false},"geometry":{"type":"LineString","coordinates":[[110.3439,-6.99863],[110.3423,-6.99906],[110.34187,-6.99938],[110.33949,-7.00323],[110.33926,-7.00441]]}},{"type":"Feature","properties":{"name":"Jalan Mochammad Ichsan","kelas":"primary","link":false},"geometry":{"type":"LineString","coordinates":[[110.33916,-7.00441],[110.33936,-7.00334],[110.34189,-6.99925],[110.34386,-6.99854]]}},{"type":"Feature","properties":{"name":"","kelas":"trunk","link":true},"geometry":{"type":"LineString","coordinates":[[110.40585,-6.9536],[110.40586,-6.95369]]}},{"type":"Feature","properties":{"name":"Jalan S. Parman","kelas":"trunk","link":false},"geometry":{"type":"LineString","coordinates":[[110.40552,-6.99807],[110.40521,-6.99759],[110.40542,-6.99709],[110.40572,-6.99699],[110.4066,-6.99709],[110.40756,-6.99659]]}},{"type":"Feature","properties":{"name":"Jalan Kyai Saleh","kelas":"secondary","link":false},"geometry":{"type":"LineString","coordinates":[[110.41384,-6.98687],[110.41403,-6.98847]]}},{"type":"Feature","properties":{"name":"Jalan Pandanaran","kelas":"primary","link":false},"geometry":{"type":"LineString","coordinates":[[110.4155,-6.98701],[110.41404,-6.98661]]}},{"type":"Feature","properties":{"name":"Jalan Veteran","kelas":"secondary","link":false},"geometry":{"type":"LineString","coordinates":[[110.41878,-6.99736],[110.41563,-6.9966]]}},{"type":"Feature","properties":{"name":"Jalan Merbabu Raya","kelas":"secondary","link":false},"geometry":{"type":"LineString","coordinates":[[110.4126,-7.10878],[110.41268,-7.10876]]}},{"type":"Feature","properties":{"name":"Jalan Arteri Utara","kelas":"trunk","link":false},"geometry":{"type":"LineString","coordinates":[[110.43885,-6.95076],[110.43928,-6.95059]]}},{"type":"Feature","properties":{"name":"Jalan Ahmad Yani","kelas":"primary","link":false},"geometry":{"type":"LineString","coordinates":[[110.42698,-6.99212],[110.4263,-6.9918]]}},{"type":"Feature","properties":{"name":"Jalan Ahmad Yani","kelas":"primary","link":false},"geometry":{"type":"LineString","coordinates":[[110.42666,-6.99189],[110.42701,-6.99208]]}},{"type":"Feature","properties":{"name":"Jalan Ahmad Yani","kelas":"primary","link":false},"geometry":{"type":"LineString","coordinates":[[110.42632,-6.99174],[110.42666,-6.99189]]}},{"type":"Feature","properties":{"name":"","kelas":"trunk","link":true},"geometry":{"type":"LineString","coordinates":[[110.43885,-6.95076],[110.43891,-6.95066]]}},{"type":"Feature","properties":{"name":"Jalan Raden Patah","kelas":"trunk","link":false},"geometry":{"type":"LineString","coordinates":[[110.45133,-6.95706],[110.45154,-6.95705]]}},{"type":"Feature","properties":{"name":"Jalan Tambak Dalam Raya","kelas":"secondary","link":false},"geometry":{"type":"LineString","coordinates":[[110.44868,-6.97727],[110.4489,-6.97776]]}},{"type":"Feature","properties":{"name":"","kelas":"primary","link":true},"geometry":{"type":"LineString","coordinates":[[110.44853,-6.97741],[110.44868,-6.97727]]}},{"type":"Feature","properties":{"name":"Jalan Arteri Utara","kelas":"trunk","link":false},"geometry":{"type":"LineString","coordinates":[[110.40297,-6.9541],[110.40272,-6.95411]]}},{"type":"Feature","properties":{"name":"Jalan Arteri Utara","kelas":"trunk","link":false},"geometry":{"type":"LineString","coordinates":[[110.40297,-6.95399],[110.403,-6.95399]]}},{"type":"Feature","properties":{"name":"Jalan Kedungmundu","kelas":"secondary","link":false},"geometry":{"type":"LineString","coordinates":[[110.45639,-7.0202],[110.45644,-7.02036]]}},{"type":"Feature","properties":{"name":"Jalan Kedungmundu","kelas":"secondary","link":false},"geometry":{"type":"LineString","coordinates":[[110.45641,-7.02037],[110.45634,-7.02021]]}},{"type":"Feature","properties":{"name":"Jalan Kedungmundu","kelas":"secondary","link":false},"geometry":{"type":"LineString","coordinates":[[110.45952,-7.02408],[110.45668,-7.02107]]}},{"type":"Feature","properties":{"name":"Jalan Kedungmundu","kelas":"secondary","link":false},"geometry":{"type":"LineString","coordinates":[[110.45671,-7.02104],[110.45952,-7.02408]]}},{"type":"Feature","properties":{"name":"Jalan Kedungmundu","kelas":"secondary","link":false},"geometry":{"type":"LineString","coordinates":[[110.45644,-7.02036],[110.45671,-7.02104]]}},{"type":"Feature","properties":{"name":"","kelas":"trunk","link":true},"geometry":{"type":"LineString","coordinates":[[110.41823,-7.02927],[110.41847,-7.02929]]}},{"type":"Feature","properties":{"name":"","kelas":"secondary","link":true},"geometry":{"type":"LineString","coordinates":[[110.4647,-7.0236],[110.46466,-7.02366]]}},{"type":"Feature","properties":{"name":"Jalan Setiabudi","kelas":"trunk","link":false},"geometry":{"type":"LineString","coordinates":[[110.41922,-7.04945],[110.41915,-7.04949]]}},{"type":"Feature","properties":{"name":"","kelas":"secondary","link":true},"geometry":{"type":"LineString","coordinates":[[110.459,-7.03022],[110.45909,-7.03022]]}},{"type":"Feature","properties":{"name":"Jalan Kompol R. Soekanto","kelas":"secondary","link":false},"geometry":{"type":"LineString","coordinates":[[110.45831,-7.03275],[110.45768,-7.0339],[110.45789,-7.03476]]}},{"type":"Feature","properties":{"name":"Jalan Kedungmundu","kelas":"secondary","link":false},"geometry":{"type":"LineString","coordinates":[[110.45952,-7.02408],[110.45981,-7.02472]]}},{"type":"Feature","properties":{"name":"","kelas":"primary","link":true},"geometry":{"type":"LineString","coordinates":[[110.47608,-7.01214],[110.47606,-7.01218]]}},{"type":"Feature","properties":{"name":"Jalan Pandanaran","kelas":"primary","link":false},"geometry":{"type":"LineString","coordinates":[[110.4175,-6.98751],[110.41817,-6.98775]]}},{"type":"Feature","properties":{"name":"Jalan M.H. Thamrin","kelas":"secondary","link":false},"geometry":{"type":"LineString","coordinates":[[110.41732,-6.98746],[110.41729,-6.98756]]}},{"type":"Feature","properties":{"name":"Jalan Pandanaran","kelas":"primary","link":false},"geometry":{"type":"LineString","coordinates":[[110.42056,-6.98891],[110.42187,-6.98952]]}},{"type":"Feature","properties":{"name":"Jalan Pandanaran","kelas":"primary","link":false},"geometry":{"type":"LineString","coordinates":[[110.41817,-6.98775],[110.41953,-6.98841]]}},{"type":"Feature","properties":{"name":"Jalan Pandanaran","kelas":"primary","link":false},"geometry":{"type":"LineString","coordinates":[[110.42029,-6.98886],[110.41943,-6.98844]]}},{"type":"Feature","properties":{"name":"Jalan Pandanaran","kelas":"primary","link":false},"geometry":{"type":"LineString","coordinates":[[110.41417,-6.98654],[110.41579,-6.98701]]}},{"type":"Feature","properties":{"name":"Jalan Pandanaran","kelas":"primary","link":false},"geometry":{"type":"LineString","coordinates":[[110.41816,-6.98783],[110.41747,-6.98761]]}},{"type":"Feature","properties":{"name":"Jalan Pandanaran","kelas":"primary","link":false},"geometry":{"type":"LineString","coordinates":[[110.41953,-6.98841],[110.42033,-6.98881]]}},{"type":"Feature","properties":{"name":"Jalan M.H. Thamrin","kelas":"secondary","link":false},"geometry":{"type":"LineString","coordinates":[[110.41736,-6.98735],[110.41732,-6.98746]]}},{"type":"Feature","properties":{"name":"Jalan M.H. Thamrin","kelas":"secondary","link":false},"geometry":{"type":"LineString","coordinates":[[110.41762,-6.9857],[110.41763,-6.98609]]}},{"type":"Feature","properties":{"name":"Jalan M.H. Thamrin","kelas":"secondary","link":false},"geometry":{"type":"LineString","coordinates":[[110.41763,-6.98609],[110.41764,-6.98623]]}},{"type":"Feature","properties":{"name":"Jalan M.H. Thamrin","kelas":"secondary","link":false},"geometry":{"type":"LineString","coordinates":[[110.41751,-6.98692],[110.41736,-6.98735]]}},{"type":"Feature","properties":{"name":"Jalan M.H. Thamrin","kelas":"secondary","link":false},"geometry":{"type":"LineString","coordinates":[[110.41762,-6.98555],[110.41762,-6.98556]]}},{"type":"Feature","properties":{"name":"Jalan M.H. Thamrin","kelas":"secondary","link":false},"geometry":{"type":"LineString","coordinates":[[110.41762,-6.98568],[110.41762,-6.9857]]}},{"type":"Feature","properties":{"name":"Jalan Kyai Saleh","kelas":"secondary","link":false},"geometry":{"type":"LineString","coordinates":[[110.41384,-6.98655],[110.41384,-6.98687]]}},{"type":"Feature","properties":{"name":"Jalan Pandanaran","kelas":"primary","link":false},"geometry":{"type":"LineString","coordinates":[[110.4133,-6.98623],[110.41386,-6.98645]]}},{"type":"Feature","properties":{"name":"Jalan Pandanaran","kelas":"primary","link":false},"geometry":{"type":"LineString","coordinates":[[110.41384,-6.98655],[110.41329,-6.98632]]}},{"type":"Feature","properties":{"name":"Jalan Pahlawan","kelas":"primary","link":false},"geometry":{"type":"LineString","coordinates":[[110.4193,-6.99742],[110.41998,-6.99563]]}},{"type":"Feature","properties":{"name":"Jalan Pahlawan","kelas":"primary","link":false},"geometry":{"type":"LineString","coordinates":[[110.42148,-6.99332],[110.42011,-6.99569]]}},{"type":"Feature","properties":{"name":"Jalan KH. Ahmad Dahlan","kelas":"secondary","link":false},"geometry":{"type":"LineString","coordinates":[[110.42461,-6.98965],[110.42489,-6.98955]]}},{"type":"Feature","properties":{"name":"Jalan Gajah Mada","kelas":"secondary","link":false},"geometry":{"type":"LineString","coordinates":[[110.42282,-6.9884],[110.42279,-6.98827]]}},{"type":"Feature","properties":{"name":"Jalan Ketileng Raya","kelas":"primary","link":false},"geometry":{"type":"LineString","coordinates":[[110.46805,-7.02512],[110.46777,-7.02771],[110.46802,-7.02873]]}},{"type":"Feature","properties":{"name":"Jalan Papandayan","kelas":"secondary","link":false},"geometry":{"type":"LineString","coordinates":[[110.41506,-7.01218],[110.41556,-7.01171]]}},{"type":"Feature","properties":{"name":"Jalan Sultan Agung","kelas":"trunk","link":false},"geometry":{"type":"LineString","coordinates":[[110.41595,-7.01154],[110.41602,-7.01166]]}},{"type":"Feature","properties":{"name":"Jalan Sultan Agung","kelas":"trunk","link":false},"geometry":{"type":"LineString","coordinates":[[110.41566,-7.01083],[110.41611,-7.00915]]}},{"type":"Feature","properties":{"name":"Jalan Diponegoro","kelas":"primary","link":false},"geometry":{"type":"LineString","coordinates":[[110.41733,-7.00708],[110.41731,-7.00731]]}},{"type":"Feature","properties":{"name":"Jalan Pandanaran","kelas":"primary","link":false},"geometry":{"type":"LineString","coordinates":[[110.41747,-6.98761],[110.41729,-6.98756]]}},{"type":"Feature","properties":{"name":"","kelas":"secondary","link":false},"geometry":{"type":"LineString","coordinates":[[110.4175,-6.98751],[110.41747,-6.98761]]}},{"type":"Feature","properties":{"name":"","kelas":"secondary","link":false},"geometry":{"type":"LineString","coordinates":[[110.4171,-6.98751],[110.41714,-6.98741]]}},{"type":"Feature","properties":{"name":"Jalan Pandanaran","kelas":"primary","link":false},"geometry":{"type":"LineString","coordinates":[[110.41714,-6.98741],[110.41732,-6.98746]]}},{"type":"Feature","properties":{"name":"Jalan Pandanaran","kelas":"primary","link":false},"geometry":{"type":"LineString","coordinates":[[110.41404,-6.98661],[110.41384,-6.98655]]}},{"type":"Feature","properties":{"name":"Jalan Pandanaran","kelas":"primary","link":false},"geometry":{"type":"LineString","coordinates":[[110.41386,-6.98645],[110.41417,-6.98654]]}},{"type":"Feature","properties":{"name":"Jalan Kyai Saleh","kelas":"secondary","link":false},"geometry":{"type":"LineString","coordinates":[[110.41384,-6.98655],[110.41386,-6.98645]]}},{"type":"Feature","properties":{"name":"Jalan Pandanaran","kelas":"primary","link":false},"geometry":{"type":"LineString","coordinates":[[110.41,-6.98482],[110.40977,-6.98478]]}},{"type":"Feature","properties":{"name":"Jalan Pandanaran","kelas":"primary","link":false},"geometry":{"type":"LineString","coordinates":[[110.41162,-6.98546],[110.4133,-6.98623]]}},{"type":"Feature","properties":{"name":"","kelas":"secondary","link":false},"geometry":{"type":"LineString","coordinates":[[110.4607,-7.12653],[110.46091,-7.12643]]}},{"type":"Feature","properties":{"name":"","kelas":"secondary","link":false},"geometry":{"type":"LineString","coordinates":[[110.45197,-7.1327],[110.45309,-7.13301],[110.45513,-7.12892],[110.45576,-7.12823],[110.4567,-7.12866],[110.45804,-7.1284],[110.45905,-7.12801],[110.45975,-7.12701],[110.4607,-7.12653]]}},{"type":"Feature","properties":{"name":"Jalan Gajah Mada","kelas":"secondary","link":false},"geometry":{"type":"LineString","coordinates":[[110.42138,-6.98096],[110.42133,-6.98056]]}},{"type":"Feature","properties":{"name":"Jalan Tlogosari Raya","kelas":"secondary","link":false},"geometry":{"type":"LineString","coordinates":[[110.45794,-6.99097],[110.45795,-6.99084]]}},{"type":"Feature","properties":{"name":"Jalan Tlogosari Raya","kelas":"secondary","link":false},"geometry":{"type":"LineString","coordinates":[[110.45802,-6.99092],[110.45799,-6.99104]]}},{"type":"Feature","properties":{"name":"Jalan Sriwijaya","kelas":"secondary","link":false},"geometry":{"type":"LineString","coordinates":[[110.43154,-7.0048],[110.43161,-7.00477]]}},{"type":"Feature","properties":{"name":"Jalan Sriwijaya","kelas":"secondary","link":false},"geometry":{"type":"LineString","coordinates":[[110.43161,-7.00477],[110.43205,-7.00468]]}},{"type":"Feature","properties":{"name":"Jalan Mayor Jenderal MT. Haryono","kelas":"trunk","link":false},"geometry":{"type":"LineString","coordinates":[[110.43243,-7.00925],[110.43243,-7.0092]]}},{"type":"Feature","properties":{"name":"Jalan Tanah Putih II","kelas":"secondary","link":false},"geometry":{"type":"LineString","coordinates":[[110.4324,-7.00845],[110.43252,-7.0085]]}},{"type":"Feature","properties":{"name":"Jalan Mayor Jenderal MT. Haryono","kelas":"trunk","link":false},"geometry":{"type":"LineString","coordinates":[[110.43252,-7.0085],[110.43248,-7.00922]]}},{"type":"Feature","properties":{"name":"","kelas":"secondary","link":false},"geometry":{"type":"LineString","coordinates":[[110.42854,-6.98587],[110.42898,-6.98596]]}},{"type":"Feature","properties":{"name":"Jalan KH. Ahmad Dahlan","kelas":"secondary","link":false},"geometry":{"type":"LineString","coordinates":[[110.42853,-6.98592],[110.42841,-6.98571]]}},{"type":"Feature","properties":{"name":"Jalan Erlangga Timur","kelas":"primary","link":true},"geometry":{"type":"LineString","coordinates":[[110.42874,-6.99299],[110.42875,-6.99295]]}},{"type":"Feature","properties":{"name":"Jalan Brigadir Jenderal Katamso","kelas":"primary","link":false},"geometry":{"type":"LineString","coordinates":[[110.43111,-6.9941],[110.43196,-6.99428]]}},{"type":"Feature","properties":{"name":"Jalan Ahmad Yani","kelas":"primary","link":false},"geometry":{"type":"LineString","coordinates":[[110.42952,-6.99334],[110.42883,-6.99304]]}},{"type":"Feature","properties":{"name":"Jalan Ahmad Yani","kelas":"primary","link":false},"geometry":{"type":"LineString","coordinates":[[110.42885,-6.993],[110.42952,-6.99334]]}},{"type":"Feature","properties":{"name":"Jalan Ahmad Yani","kelas":"primary","link":false},"geometry":{"type":"LineString","coordinates":[[110.42883,-6.99304],[110.42698,-6.99212]]}},{"type":"Feature","properties":{"name":"Jalan Ahmad Yani","kelas":"primary","link":false},"geometry":{"type":"LineString","coordinates":[[110.42875,-6.99295],[110.42885,-6.993]]}},{"type":"Feature","properties":{"name":"Jalan Ahmad Yani","kelas":"primary","link":false},"geometry":{"type":"LineString","coordinates":[[110.42589,-6.9916],[110.42467,-6.99101]]}},{"type":"Feature","properties":{"name":"Jalan Banjarsari Raya","kelas":"secondary","link":false},"geometry":{"type":"LineString","coordinates":[[110.43539,-7.05908],[110.43537,-7.05903]]}},{"type":"Feature","properties":{"name":"Jalan Ahmad Yani","kelas":"primary","link":false},"geometry":{"type":"LineString","coordinates":[[110.43039,-6.99376],[110.42952,-6.99334]]}},{"type":"Feature","properties":{"name":"Jalan Lingkar Luar Kaliwungu","kelas":"trunk","link":false},"geometry":{"type":"LineString","coordinates":[[110.28107,-6.96606],[110.28138,-6.96673]]}},{"type":"Feature","properties":{"name":"Jalan Lingkar Luar Kaliwungu","kelas":"trunk","link":false},"geometry":{"type":"LineString","coordinates":[[110.28138,-6.96673],[110.28173,-6.96704],[110.28384,-6.96783]]}},{"type":"Feature","properties":{"name":"Jalan Lingkar Luar Kaliwungu","kelas":"trunk","link":false},"geometry":{"type":"LineString","coordinates":[[110.2812,-6.96666],[110.281,-6.96624]]}},{"type":"Feature","properties":{"name":"Jalan Lingkar Luar Kaliwungu","kelas":"trunk","link":false},"geometry":{"type":"LineString","coordinates":[[110.281,-6.96624],[110.28097,-6.96615]]}},{"type":"Feature","properties":{"name":"Jalan Lingkar Luar Kaliwungu","kelas":"trunk","link":false},"geometry":{"type":"LineString","coordinates":[[110.28154,-6.96447],[110.28116,-6.96534]]}},{"type":"Feature","properties":{"name":"Jalan Lingkar Luar Kaliwungu","kelas":"trunk","link":false},"geometry":{"type":"LineString","coordinates":[[110.28107,-6.96532],[110.28144,-6.96445]]}},{"type":"Feature","properties":{"name":"Jalan Kompol R. Soekanto","kelas":"secondary","link":false},"geometry":{"type":"LineString","coordinates":[[110.4593,-7.02795],[110.45992,-7.0248]]}},{"type":"Feature","properties":{"name":"Jalan Kompol R. Soekanto","kelas":"secondary","link":false},"geometry":{"type":"LineString","coordinates":[[110.45925,-7.02818],[110.4593,-7.02795]]}},{"type":"Feature","properties":{"name":"","kelas":"secondary","link":true},"geometry":{"type":"LineString","coordinates":[[110.4579,-6.99114],[110.45769,-6.99084]]}},{"type":"Feature","properties":{"name":"","kelas":"primary","link":true},"geometry":{"type":"LineString","coordinates":[[110.45821,-6.99135],[110.45795,-6.99134]]}},{"type":"Feature","properties":{"name":"Jalan Tol Semarang–Solo","kelas":"motorway","link":false},"geometry":{"type":"LineString","coordinates":[[110.41995,-7.11728],[110.42057,-7.12115]]}},{"type":"Feature","properties":{"name":"Jalan Tol Semarang–Solo","kelas":"motorway","link":false},"geometry":{"type":"LineString","coordinates":[[110.42047,-7.12116],[110.41986,-7.11729]]}},{"type":"Feature","properties":{"name":"Jalan Tol Semarang–Solo","kelas":"motorway","link":false},"geometry":{"type":"LineString","coordinates":[[110.42057,-7.12115],[110.42094,-7.12339],[110.42131,-7.12469],[110.42321,-7.12849],[110.42558,-7.13712],[110.42571,-7.13898],[110.42546,-7.14217]]}},{"type":"Feature","properties":{"name":"Jalan Tol Semarang–Solo","kelas":"motorway","link":false},"geometry":{"type":"LineString","coordinates":[[110.42534,-7.14209],[110.42562,-7.13871],[110.42548,-7.13712],[110.42312,-7.12851],[110.42156,-7.12552],[110.42102,-7.12412],[110.42047,-7.12116]]}},{"type":"Feature","properties":{"name":"","kelas":"secondary","link":true},"geometry":{"type":"LineString","coordinates":[[110.43609,-7.00921],[110.43592,-7.00957]]}},{"type":"Feature","properties":{"name":"Jalan Imam Bonjol","kelas":"primary","link":false},"geometry":{"type":"LineString","coordinates":[[110.41334,-6.97485],[110.41328,-6.97496]]}},{"type":"Feature","properties":{"name":"Jalan Imam Bonjol","kelas":"primary","link":false},"geometry":{"type":"LineString","coordinates":[[110.41328,-6.97496],[110.41379,-6.97406]]}},{"type":"Feature","properties":{"name":"Jalan Imam Bonjol","kelas":"primary","link":false},"geometry":{"type":"LineString","coordinates":[[110.41379,-6.97406],[110.41492,-6.97346]]}},{"type":"Feature","properties":{"name":"Jalan Imam Bonjol","kelas":"primary","link":false},"geometry":{"type":"LineString","coordinates":[[110.41379,-6.97406],[110.41334,-6.97485]]}},{"type":"Feature","properties":{"name":"","kelas":"secondary","link":true},"geometry":{"type":"LineString","coordinates":[[110.43549,-7.00917],[110.43563,-7.00936]]}},{"type":"Feature","properties":{"name":"Jalan Dokter Kariadi","kelas":"secondary","link":false},"geometry":{"type":"LineString","coordinates":[[110.40835,-6.99612],[110.408,-6.99622]]}},{"type":"Feature","properties":{"name":"","kelas":"primary","link":false},"geometry":{"type":"LineString","coordinates":[[110.43056,-6.96438],[110.43088,-6.96422]]}},{"type":"Feature","properties":{"name":"Jalan Cendrawasih","kelas":"secondary","link":false},"geometry":{"type":"LineString","coordinates":[[110.42963,-6.96621],[110.43007,-6.96768]]}},{"type":"Feature","properties":{"name":"","kelas":"secondary","link":true},"geometry":{"type":"LineString","coordinates":[[110.39909,-7.0104],[110.39921,-7.01034]]}},{"type":"Feature","properties":{"name":"Jalan Papandayan","kelas":"secondary","link":false},"geometry":{"type":"LineString","coordinates":[[110.39887,-7.0098],[110.39973,-7.01093]]}},{"type":"Feature","properties":{"name":"Jalan Papandayan","kelas":"secondary","link":false},"geometry":{"type":"LineString","coordinates":[[110.39976,-7.01098],[110.39879,-7.00988]]}},{"type":"Feature","properties":{"name":"Jalan Menoreh Raya","kelas":"secondary","link":false},"geometry":{"type":"LineString","coordinates":[[110.39651,-7.009],[110.39646,-7.00894]]}},{"type":"Feature","properties":{"name":"Jalan Menoreh Raya","kelas":"secondary","link":false},"geometry":{"type":"LineString","coordinates":[[110.39646,-7.00894],[110.39652,-7.00893]]}},{"type":"Feature","properties":{"name":"Jalan Tunggu Raya","kelas":"primary","link":false},"geometry":{"type":"LineString","coordinates":[[110.47143,-7.05651],[110.47096,-7.0578]]}},{"type":"Feature","properties":{"name":"Jalan Tunggu Raya","kelas":"primary","link":false},"geometry":{"type":"LineString","coordinates":[[110.47144,-7.05646],[110.47144,-7.05511]]}},{"type":"Feature","properties":{"name":"Wolter Monginsidi","kelas":"primary","link":false},"geometry":{"type":"LineString","coordinates":[[110.48084,-6.95215],[110.48028,-6.95593],[110.47902,-6.96014],[110.4787,-6.96264],[110.47895,-6.96451],[110.47992,-6.96658]]}},{"type":"Feature","properties":{"name":"","kelas":"primary","link":true},"geometry":{"type":"LineString","coordinates":[[110.4805,-6.95405],[110.48045,-6.95404]]}},{"type":"Feature","properties":{"name":"","kelas":"primary","link":true},"geometry":{"type":"LineString","coordinates":[[110.47973,-6.95771],[110.47967,-6.9577]]}},{"type":"Feature","properties":{"name":"Jalan WR. Supratman","kelas":"secondary","link":false},"geometry":{"type":"LineString","coordinates":[[110.38542,-6.99182],[110.38593,-6.993],[110.38923,-6.99573]]}},{"type":"Feature","properties":{"name":"Jalan WR. Supratman","kelas":"secondary","link":false},"geometry":{"type":"LineString","coordinates":[[110.38923,-6.99573],[110.38989,-6.99658],[110.39006,-6.99762]]}},{"type":"Feature","properties":{"name":"Jalan Taman Diponegoro","kelas":"trunk","link":false},"geometry":{"type":"LineString","coordinates":[[110.41712,-7.00723],[110.41732,-7.00733],[110.41726,-7.00755]]}},{"type":"Feature","properties":{"name":"","kelas":"primary","link":true},"geometry":{"type":"LineString","coordinates":[[110.43162,-6.9858],[110.43151,-6.98555]]}},{"type":"Feature","properties":{"name":"","kelas":"primary","link":true},"geometry":{"type":"LineString","coordinates":[[110.43129,-6.9854],[110.43159,-6.98523]]}},{"type":"Feature","properties":{"name":"Jalan Woltermonginsidi","kelas":"primary","link":false},"geometry":{"type":"LineString","coordinates":[[110.47992,-6.96658],[110.48183,-6.96927],[110.48128,-6.97155],[110.48164,-6.97228],[110.48168,-6.97332],[110.4815,-6.97535],[110.48115,-6.9759]]}},{"type":"Feature","properties":{"name":"Jalan Woltermonginsidi","kelas":"primary","link":false},"geometry":{"type":"LineString","coordinates":[[110.48115,-6.9759],[110.48146,-6.97525],[110.48162,-6.97332],[110.48158,-6.97229],[110.48122,-6.97148],[110.48178,-6.96927],[110.47986,-6.9666]]}},{"type":"Feature","properties":{"name":"","kelas":"primary","link":true},"geometry":{"type":"LineString","coordinates":[[110.48146,-6.97525],[110.48152,-6.97526]]}},{"type":"Feature","properties":{"name":"","kelas":"primary","link":true},"geometry":{"type":"LineString","coordinates":[[110.48143,-6.97554],[110.48136,-6.97552]]}},{"type":"Feature","properties":{"name":"","kelas":"primary","link":true},"geometry":{"type":"LineString","coordinates":[[110.42307,-6.97086],[110.4231,-6.97117]]}},{"type":"Feature","properties":{"name":"Jalan Kolonel Soegiono","kelas":"secondary","link":false},"geometry":{"type":"LineString","coordinates":[[110.42278,-6.97098],[110.4227,-6.97096]]}},{"type":"Feature","properties":{"name":"Jalan Kolonel Soegiono","kelas":"secondary","link":false},"geometry":{"type":"LineString","coordinates":[[110.42272,-6.97105],[110.4227,-6.97096]]}},{"type":"Feature","properties":{"name":"Jalan Kolonel RW Sugiarto","kelas":"secondary","link":false},"geometry":{"type":"LineString","coordinates":[[110.3607,-7.04144],[110.36072,-7.04142]]}},{"type":"Feature","properties":{"name":"","kelas":"trunk","link":true},"geometry":{"type":"LineString","coordinates":[[110.46052,-6.95634],[110.46051,-6.95619]]}},{"type":"Feature","properties":{"name":"","kelas":"trunk","link":true},"geometry":{"type":"LineString","coordinates":[[110.4087,-6.98423],[110.4084,-6.98434]]}},{"type":"Feature","properties":{"name":"Jalan Kedungmundu","kelas":"secondary","link":false},"geometry":{"type":"LineString","coordinates":[[110.45668,-7.02107],[110.45641,-7.02037]]}},{"type":"Feature","properties":{"name":"Jalan Simongan","kelas":"secondary","link":false},"geometry":{"type":"LineString","coordinates":[[110.39831,-6.99682],[110.39837,-6.99683]]}},{"type":"Feature","properties":{"name":"","kelas":"trunk","link":true},"geometry":{"type":"LineString","coordinates":[[110.43066,-6.95494],[110.43037,-6.9547]]}},{"type":"Feature","properties":{"name":"Jalan Untung Suropati","kelas":"secondary","link":false},"geometry":{"type":"LineString","coordinates":[[110.37924,-7.01167],[110.37929,-7.0117]]}},{"type":"Feature","properties":{"name":"Jalan Untung Suropati","kelas":"secondary","link":false},"geometry":{"type":"LineString","coordinates":[[110.37924,-7.01174],[110.37769,-7.01175]]}},{"type":"Feature","properties":{"name":"Jalan Untung Suropati","kelas":"secondary","link":false},"geometry":{"type":"LineString","coordinates":[[110.37762,-7.01173],[110.37767,-7.01168]]}},{"type":"Feature","properties":{"name":"Jalan Untung Suropati","kelas":"secondary","link":false},"geometry":{"type":"LineString","coordinates":[[110.37767,-7.01168],[110.37924,-7.01167]]}},{"type":"Feature","properties":{"name":"Jalan Untung Suropati","kelas":"secondary","link":false},"geometry":{"type":"LineString","coordinates":[[110.37929,-7.0117],[110.37924,-7.01174]]}},{"type":"Feature","properties":{"name":"Jalan Untung Suropati","kelas":"secondary","link":false},"geometry":{"type":"LineString","coordinates":[[110.37769,-7.01175],[110.37762,-7.01173]]}},{"type":"Feature","properties":{"name":"Jalan Untung Suropati","kelas":"secondary","link":false},"geometry":{"type":"LineString","coordinates":[[110.37929,-7.0117],[110.38199,-7.01124]]}},{"type":"Feature","properties":{"name":"Jalan Untung Suropati","kelas":"secondary","link":false},"geometry":{"type":"LineString","coordinates":[[110.37762,-7.01173],[110.37759,-7.01174]]}},{"type":"Feature","properties":{"name":"","kelas":"trunk","link":true},"geometry":{"type":"LineString","coordinates":[[110.29875,-6.97362],[110.29876,-6.97355]]}},{"type":"Feature","properties":{"name":"Jalan Setiabudi","kelas":"trunk","link":false},"geometry":{"type":"LineString","coordinates":[[110.41429,-7.05912],[110.41435,-7.05903]]}},{"type":"Feature","properties":{"name":"Jalan Setiabudi","kelas":"trunk","link":false},"geometry":{"type":"LineString","coordinates":[[110.41435,-7.05903],[110.41436,-7.05912]]}},{"type":"Feature","properties":{"name":"Jalan Setiabudi","kelas":"trunk","link":false},"geometry":{"type":"LineString","coordinates":[[110.41915,-7.04949],[110.41916,-7.0494]]}},{"type":"Feature","properties":{"name":"Jalan Raya Kaliwungu-Boja","kelas":"secondary","link":false},"geometry":{"type":"LineString","coordinates":[[110.26269,-7.04753],[110.26407,-7.04562],[110.2635,-7.04376],[110.26244,-7.04253],[110.26405,-7.04185],[110.26591,-7.04018],[110.26512,-7.0372]]}},{"type":"Feature","properties":{"name":"Jalan Raya Kaliwungu-Boja","kelas":"secondary","link":false},"geometry":{"type":"LineString","coordinates":[[110.26512,-7.0372],[110.26487,-7.036],[110.26563,-7.03503]]}},{"type":"Feature","properties":{"name":"Jalan Raya Kaliwungu-Boja","kelas":"secondary","link":false},"geometry":{"type":"LineString","coordinates":[[110.26563,-7.03503],[110.26648,-7.035],[110.26677,-7.03417],[110.26558,-7.03337],[110.26482,-7.03131],[110.26501,-7.03073],[110.26587,-7.03026],[110.26663,-7.02902]]}},{"type":"Feature","properties":{"name":"Jalan Raya Kaliwungu-Boja","kelas":"secondary","link":false},"geometry":{"type":"LineString","coordinates":[[110.26663,-7.02902],[110.26706,-7.02776],[110.26645,-7.02543]]}},{"type":"Feature","properties":{"name":"Jalan Raya Kaliwungu-Boja","kelas":"secondary","link":false},"geometry":{"type":"LineString","coordinates":[[110.26645,-7.02543],[110.26533,-7.02339],[110.26621,-7.01907],[110.26514,-7.01733],[110.2649,-7.0151]]}},{"type":"Feature","properties":{"name":"Jalan Raya Kaliwungu-Boja","kelas":"secondary","link":false},"geometry":{"type":"LineString","coordinates":[[110.27436,-7.09315],[110.2736,-7.09271]]}},{"type":"Feature","properties":{"name":"Jalan Raya Kaliwungu-Boja","kelas":"secondary","link":false},"geometry":{"type":"LineString","coordinates":[[110.27439,-7.09321],[110.27436,-7.09315]]}},{"type":"Feature","properties":{"name":"Jalan Raya Kaliwungu-Boja","kelas":"secondary","link":false},"geometry":{"type":"LineString","coordinates":[[110.2736,-7.09271],[110.27347,-7.09271]]}},{"type":"Feature","properties":{"name":"Jalan Raya Kaliwungu-Boja","kelas":"secondary","link":false},"geometry":{"type":"LineString","coordinates":[[110.27481,-7.10396],[110.27472,-7.09478],[110.27439,-7.09321]]}},{"type":"Feature","properties":{"name":"","kelas":"primary","link":false},"geometry":{"type":"LineString","coordinates":[[110.27868,-7.10383],[110.27879,-7.10393]]}},{"type":"Feature","properties":{"name":"","kelas":"primary","link":false},"geometry":{"type":"LineString","coordinates":[[110.27856,-7.10384],[110.27868,-7.10383]]}},{"type":"Feature","properties":{"name":"","kelas":"trunk","link":true},"geometry":{"type":"LineString","coordinates":[[110.50268,-6.94347],[110.50272,-6.94357]]}},{"type":"Feature","properties":{"name":"Jalan Tol Semarang–Batang","kelas":"motorway","link":false},"geometry":{"type":"LineString","coordinates":[[110.33488,-6.99483],[110.33516,-6.99487]]}},{"type":"Feature","properties":{"name":"Jalan Tol Semarang–Batang","kelas":"motorway","link":false},"geometry":{"type":"LineString","coordinates":[[110.33514,-6.99497],[110.33484,-6.99492]]}},{"type":"Feature","properties":{"name":"Jalan Tol Semarang–Batang","kelas":"motorway","link":false},"geometry":{"type":"LineString","coordinates":[[110.33016,-6.99432],[110.33488,-6.99483]]}},{"type":"Feature","properties":{"name":"Jalan Tol Semarang–Batang","kelas":"motorway","link":false},"geometry":{"type":"LineString","coordinates":[[110.33484,-6.99492],[110.33021,-6.99442]]}},{"type":"Feature","properties":{"name":"Jalan Tol Semarang–Batang","kelas":"motorway","link":false},"geometry":{"type":"LineString","coordinates":[[110.33021,-6.99442],[110.32993,-6.99439]]}},{"type":"Feature","properties":{"name":"Jalan Tol Semarang–Batang","kelas":"motorway","link":false},"geometry":{"type":"LineString","coordinates":[[110.32987,-6.99428],[110.33016,-6.99432]]}},{"type":"Feature","properties":{"name":"Jalan Tol Semarang–Batang","kelas":"motorway","link":false},"geometry":{"type":"LineString","coordinates":[[110.31908,-6.98899],[110.3227,-6.99148],[110.32471,-6.9926],[110.32702,-6.99357],[110.32987,-6.99428]]}},{"type":"Feature","properties":{"name":"Jalan Tol Semarang–Batang","kelas":"motorway","link":false},"geometry":{"type":"LineString","coordinates":[[110.32993,-6.99439],[110.32777,-6.99391],[110.32467,-6.9927],[110.32266,-6.99156],[110.31905,-6.9891]]}},{"type":"Feature","properties":{"name":"Jalan Tol Semarang–Batang","kelas":"motorway","link":false},"geometry":{"type":"LineString","coordinates":[[110.35188,-6.99526],[110.35248,-6.99548]]}},{"type":"Feature","properties":{"name":"Jalan Tol Semarang–Batang","kelas":"motorway","link":false},"geometry":{"type":"LineString","coordinates":[[110.35244,-6.99555],[110.35185,-6.99534]]}},{"type":"Feature","properties":{"name":"Jalan Tol Semarang–Batang","kelas":"motorway","link":false},"geometry":{"type":"LineString","coordinates":[[110.36152,-6.99894],[110.35244,-6.99555]]}},{"type":"Feature","properties":{"name":"Jalan Tol Semarang–Batang","kelas":"motorway","link":false},"geometry":{"type":"LineString","coordinates":[[110.35248,-6.99548],[110.36155,-6.99884]]}},{"type":"Feature","properties":{"name":"Jalan Tol Semarang–Batang","kelas":"motorway","link":false},"geometry":{"type":"LineString","coordinates":[[110.3619,-6.99904],[110.36152,-6.99894]]}},{"type":"Feature","properties":{"name":"Jalan Tol Semarang–Batang","kelas":"motorway","link":false},"geometry":{"type":"LineString","coordinates":[[110.36155,-6.99884],[110.36197,-6.99893]]}},{"type":"Feature","properties":{"name":"Jalan Tol Semarang–Batang","kelas":"motorway","link":false},"geometry":{"type":"LineString","coordinates":[[110.36457,-6.99935],[110.3619,-6.99904]]}},{"type":"Feature","properties":{"name":"Jalan Tol Semarang–Batang","kelas":"motorway","link":false},"geometry":{"type":"LineString","coordinates":[[110.36197,-6.99893],[110.3646,-6.99921]]}},{"type":"Feature","properties":{"name":"Simpang Susun Krapyak","kelas":"motorway","link":true},"geometry":{"type":"LineString","coordinates":[[110.36925,-6.9935],[110.36916,-6.99396]]}},{"type":"Feature","properties":{"name":"","kelas":"motorway","link":true},"geometry":{"type":"LineString","coordinates":[[110.36885,-6.98993],[110.36937,-6.99152],[110.36925,-6.9935]]}},{"type":"Feature","properties":{"name":"Jalan Tol Semarang–Batang","kelas":"motorway","link":true},"geometry":{"type":"LineString","coordinates":[[110.36728,-6.99863],[110.36881,-6.99777]]}},{"type":"Feature","properties":{"name":"","kelas":"motorway","link":true},"geometry":{"type":"LineString","coordinates":[[110.36744,-6.99812],[110.36809,-6.99661]]}},{"type":"Feature","properties":{"name":"","kelas":"motorway","link":true},"geometry":{"type":"LineString","coordinates":[[110.36809,-6.99661],[110.36827,-6.99562]]}},{"type":"Feature","properties":{"name":"","kelas":"motorway","link":true},"geometry":{"type":"LineString","coordinates":[[110.36827,-6.99562],[110.3688,-6.99395]]}},{"type":"Feature","properties":{"name":"","kelas":"motorway","link":true},"geometry":{"type":"LineString","coordinates":[[110.3688,-6.99395],[110.36901,-6.99334]]}},{"type":"Feature","properties":{"name":"","kelas":"motorway","link":true},"geometry":{"type":"LineString","coordinates":[[110.36901,-6.99334],[110.36913,-6.99129]]}},{"type":"Feature","properties":{"name":"","kelas":"motorway","link":true},"geometry":{"type":"LineString","coordinates":[[110.36888,-6.99784],[110.36731,-6.9987]]}},{"type":"Feature","properties":{"name":"","kelas":"secondary","link":false},"geometry":{"type":"LineString","coordinates":[[110.49877,-7.04129],[110.50077,-7.03754]]}},{"type":"Feature","properties":{"name":"","kelas":"motorway","link":true},"geometry":{"type":"LineString","coordinates":[[110.28442,-6.97437],[110.28204,-6.97373],[110.27996,-6.97444],[110.27879,-6.97403],[110.27842,-6.97299],[110.27878,-6.97213],[110.28105,-6.97097]]}},{"type":"Feature","properties":{"name":"","kelas":"motorway","link":true},"geometry":{"type":"LineString","coordinates":[[110.27812,-6.97311],[110.27705,-6.97303]]}},{"type":"Feature","properties":{"name":"","kelas":"motorway","link":true},"geometry":{"type":"LineString","coordinates":[[110.27876,-6.97314],[110.27812,-6.97311]]}},{"type":"Feature","properties":{"name":"Jalan Tol Semarang–Batang","kelas":"motorway","link":false},"geometry":{"type":"LineString","coordinates":[[110.36589,-6.99918],[110.36457,-6.99935]]}},{"type":"Feature","properties":{"name":"Jalan Tol Semarang–Batang","kelas":"motorway","link":true},"geometry":{"type":"LineString","coordinates":[[110.36499,-6.9992],[110.36728,-6.99863]]}},{"type":"Feature","properties":{"name":"Jalan Tunggu Raya","kelas":"primary","link":false},"geometry":{"type":"LineString","coordinates":[[110.47144,-7.05646],[110.47143,-7.05651]]}},{"type":"Feature","properties":{"name":"Jalan Tunggu Raya","kelas":"primary","link":false},"geometry":{"type":"LineString","coordinates":[[110.4714,-7.05648],[110.47144,-7.05646]]}},{"type":"Feature","properties":{"name":"Jalan Klipang Raya","kelas":"secondary","link":false},"geometry":{"type":"LineString","coordinates":[[110.47191,-7.03709],[110.47191,-7.03712]]}},{"type":"Feature","properties":{"name":"Jalan Klipang Raya","kelas":"secondary","link":false},"geometry":{"type":"LineString","coordinates":[[110.47191,-7.03712],[110.47188,-7.03709]]}},{"type":"Feature","properties":{"name":"Jalan Kolonel RW Sugiarto","kelas":"secondary","link":false},"geometry":{"type":"LineString","coordinates":[[110.35974,-7.074],[110.3596,-7.07213],[110.35921,-7.07156]]}},{"type":"Feature","properties":{"name":"","kelas":"primary","link":true},"geometry":{"type":"LineString","coordinates":[[110.33997,-7.00256],[110.33988,-7.00252]]}},{"type":"Feature","properties":{"name":"","kelas":"trunk","link":true},"geometry":{"type":"LineString","coordinates":[[110.28695,-6.96872],[110.28697,-6.96862]]}},{"type":"Feature","properties":{"name":"","kelas":"trunk","link":true},"geometry":{"type":"LineString","coordinates":[[110.2914,-6.97072],[110.29143,-6.97067]]}},{"type":"Feature","properties":{"name":"","kelas":"trunk","link":true},"geometry":{"type":"LineString","coordinates":[[110.29246,-6.97144],[110.29248,-6.9714]]}},{"type":"Feature","properties":{"name":"","kelas":"secondary","link":false},"geometry":{"type":"LineString","coordinates":[[110.31519,-7.03474],[110.31544,-7.04373],[110.31649,-7.04658],[110.31817,-7.04876],[110.31996,-7.0504]]}},{"type":"Feature","properties":{"name":"","kelas":"secondary","link":true},"geometry":{"type":"LineString","coordinates":[[110.47915,-7.04349],[110.47922,-7.04349]]}},{"type":"Feature","properties":{"name":"","kelas":"secondary","link":false},"geometry":{"type":"LineString","coordinates":[[110.48315,-7.03805],[110.48308,-7.03806]]}},{"type":"Feature","properties":{"name":"","kelas":"secondary","link":false},"geometry":{"type":"LineString","coordinates":[[110.48341,-7.03799],[110.48335,-7.038]]}},{"type":"Feature","properties":{"name":"","kelas":"secondary","link":false},"geometry":{"type":"LineString","coordinates":[[110.48548,-7.03846],[110.48541,-7.03843]]}},{"type":"Feature","properties":{"name":"","kelas":"secondary","link":true},"geometry":{"type":"LineString","coordinates":[[110.47888,-7.04696],[110.47895,-7.04696]]}},{"type":"Feature","properties":{"name":"Jalan Klipang Raya","kelas":"secondary","link":false},"geometry":{"type":"LineString","coordinates":[[110.47935,-7.04068],[110.47939,-7.04063]]}},{"type":"Feature","properties":{"name":"Jalan Klipang Raya","kelas":"secondary","link":false},"geometry":{"type":"LineString","coordinates":[[110.47939,-7.04063],[110.47941,-7.04072]]}},{"type":"Feature","properties":{"name":"Jalan Letnan Jenderal Sarwo Edi","kelas":"secondary","link":false},"geometry":{"type":"LineString","coordinates":[[110.48664,-7.03487],[110.48749,-7.03513]]}},{"type":"Feature","properties":{"name":"","kelas":"secondary","link":false},"geometry":{"type":"LineString","coordinates":[[110.48749,-7.03513],[110.48782,-7.03523]]}},{"type":"Feature","properties":{"name":"","kelas":"secondary","link":false},"geometry":{"type":"LineString","coordinates":[[110.48782,-7.03523],[110.48995,-7.03615],[110.49159,-7.0388],[110.49741,-7.04128]]}},{"type":"Feature","properties":{"name":"","kelas":"secondary","link":false},"geometry":{"type":"LineString","coordinates":[[110.49762,-7.0408],[110.49739,-7.04132]]}},{"type":"Feature","properties":{"name":"","kelas":"secondary","link":false},"geometry":{"type":"LineString","coordinates":[[110.49757,-7.04078],[110.49759,-7.04074]]}},{"type":"Feature","properties":{"name":"","kelas":"secondary","link":false},"geometry":{"type":"LineString","coordinates":[[110.49763,-7.04076],[110.49762,-7.0408]]}},{"type":"Feature","properties":{"name":"","kelas":"secondary","link":false},"geometry":{"type":"LineString","coordinates":[[110.49713,-7.04055],[110.49759,-7.04074]]}},{"type":"Feature","properties":{"name":"","kelas":"secondary","link":false},"geometry":{"type":"LineString","coordinates":[[110.49759,-7.04074],[110.49879,-7.04123]]}},{"type":"Feature","properties":{"name":"","kelas":"secondary","link":false},"geometry":{"type":"LineString","coordinates":[[110.49734,-7.0413],[110.49757,-7.04078]]}},{"type":"Feature","properties":{"name":"","kelas":"secondary","link":false},"geometry":{"type":"LineString","coordinates":[[110.49877,-7.04129],[110.49757,-7.04078]]}},{"type":"Feature","properties":{"name":"","kelas":"secondary","link":true},"geometry":{"type":"LineString","coordinates":[[110.47929,-7.04155],[110.47935,-7.04155]]}},{"type":"Feature","properties":{"name":"","kelas":"secondary","link":true},"geometry":{"type":"LineString","coordinates":[[110.47864,-7.05038],[110.47872,-7.05038]]}},{"type":"Feature","properties":{"name":"","kelas":"secondary","link":true},"geometry":{"type":"LineString","coordinates":[[110.47901,-7.04532],[110.47908,-7.04532]]}},{"type":"Feature","properties":{"name":"Jalan RM. Hadi Soebono","kelas":"primary","link":false},"geometry":{"type":"LineString","coordinates":[[110.33047,-7.0398],[110.3305,-7.03971]]}},{"type":"Feature","properties":{"name":"Jalan RM. Hadi Soebono","kelas":"primary","link":false},"geometry":{"type":"LineString","coordinates":[[110.3305,-7.03971],[110.33282,-7.03481],[110.33359,-7.03196]]}},{"type":"Feature","properties":{"name":"Gang Gading Mas","kelas":"secondary","link":false},"geometry":{"type":"LineString","coordinates":[[110.48665,-7.03493],[110.48662,-7.03498]]}},{"type":"Feature","properties":{"name":"Gang Gading Mas","kelas":"secondary","link":false},"geometry":{"type":"LineString","coordinates":[[110.48662,-7.03498],[110.48663,-7.03493]]}},{"type":"Feature","properties":{"name":"Jalan Letnan Jenderal Sarwo Edi","kelas":"secondary","link":false},"geometry":{"type":"LineString","coordinates":[[110.48765,-7.02909],[110.48777,-7.03086],[110.48705,-7.03246],[110.48715,-7.03329],[110.48665,-7.03493]]}},{"type":"Feature","properties":{"name":"Jalan Letnan Jenderal Sarwo Edi","kelas":"secondary","link":false},"geometry":{"type":"LineString","coordinates":[[110.48663,-7.03493],[110.48711,-7.03332],[110.48704,-7.03233],[110.48775,-7.0307],[110.48765,-7.02909]]}},{"type":"Feature","properties":{"name":"Jalan Tol Semarang","kelas":"trunk","link":false},"geometry":{"type":"LineString","coordinates":[[110.41416,-7.0611],[110.41351,-7.06141]]}},{"type":"Feature","properties":{"name":"Jalan Tol Semarang","kelas":"trunk","link":false},"geometry":{"type":"LineString","coordinates":[[110.41354,-7.06132],[110.41464,-7.0607]]}},{"type":"Feature","properties":{"name":"Jalan Woltermonginsidi","kelas":"primary","link":false},"geometry":{"type":"LineString","coordinates":[[110.4737,-6.98906],[110.47369,-6.98912]]}},{"type":"Feature","properties":{"name":"Jalan Woltermonginsidi","kelas":"primary","link":false},"geometry":{"type":"LineString","coordinates":[[110.47364,-6.98913],[110.4737,-6.98906]]}},{"type":"Feature","properties":{"name":"Jalan Woltermonginsidi","kelas":"primary","link":false},"geometry":{"type":"LineString","coordinates":[[110.47295,-6.99707],[110.47257,-6.99862],[110.47249,-7.00044],[110.47068,-7.0036],[110.47061,-7.0059]]}},{"type":"Feature","properties":{"name":"Jalan Woltermonginsidi","kelas":"primary","link":false},"geometry":{"type":"LineString","coordinates":[[110.4737,-6.98906],[110.47422,-6.98791],[110.47445,-6.98632]]}},{"type":"Feature","properties":{"name":"","kelas":"primary","link":true},"geometry":{"type":"LineString","coordinates":[[110.47298,-6.99324],[110.47304,-6.99323]]}},{"type":"Feature","properties":{"name":"","kelas":"primary","link":true},"geometry":{"type":"LineString","coordinates":[[110.47307,-6.99392],[110.47313,-6.99392]]}},{"type":"Feature","properties":{"name":"","kelas":"primary","link":true},"geometry":{"type":"LineString","coordinates":[[110.47307,-6.99504],[110.47314,-6.99506]]}},{"type":"Feature","properties":{"name":"","kelas":"primary","link":true},"geometry":{"type":"LineString","coordinates":[[110.47288,-6.99705],[110.47295,-6.99707]]}},{"type":"Feature","properties":{"name":"Jalan Fatmawati","kelas":"primary","link":false},"geometry":{"type":"LineString","coordinates":[[110.472,-7.01383],[110.47198,-7.01374]]}},{"type":"Feature","properties":{"name":"Jalan Fatmawati","kelas":"primary","link":false},"geometry":{"type":"LineString","coordinates":[[110.47203,-7.01375],[110.472,-7.01383]]}},{"type":"Feature","properties":{"name":"Jalan Fatmawati","kelas":"primary","link":false},"geometry":{"type":"LineString","coordinates":[[110.47198,-7.01374],[110.47274,-7.01101]]}},{"type":"Feature","properties":{"name":"Jalan Fatmawati","kelas":"primary","link":false},"geometry":{"type":"LineString","coordinates":[[110.47279,-7.01102],[110.47203,-7.01375]]}},{"type":"Feature","properties":{"name":"","kelas":"primary","link":true},"geometry":{"type":"LineString","coordinates":[[110.47198,-7.00988],[110.47209,-7.00991]]}},{"type":"Feature","properties":{"name":"","kelas":"primary","link":true},"geometry":{"type":"LineString","coordinates":[[110.4691,-7.01007],[110.46912,-7.01001]]}},{"type":"Feature","properties":{"name":"Jalan Raya Kaliwungu-Boja","kelas":"secondary","link":false},"geometry":{"type":"LineString","coordinates":[[110.2645,-7.08596],[110.26437,-7.08581]]}},{"type":"Feature","properties":{"name":"Jalan Raya Kaliwungu-Boja","kelas":"secondary","link":false},"geometry":{"type":"LineString","coordinates":[[110.27347,-7.09271],[110.271,-7.09284],[110.26932,-7.09199],[110.2645,-7.08596]]}},{"type":"Feature","properties":{"name":"","kelas":"primary","link":true},"geometry":{"type":"LineString","coordinates":[[110.46789,-7.00248],[110.46782,-7.00254]]}},{"type":"Feature","properties":{"name":"","kelas":"trunk","link":false},"geometry":{"type":"LineString","coordinates":[[110.38651,-6.98185],[110.38629,-6.982]]}},{"type":"Feature","properties":{"name":"","kelas":"trunk","link":true},"geometry":{"type":"LineString","coordinates":[[110.2907,-6.97022],[110.29066,-6.97028]]}},{"type":"Feature","properties":{"name":"","kelas":"trunk","link":false},"geometry":{"type":"LineString","coordinates":[[110.38785,-6.98375],[110.3875,-6.98384]]}},{"type":"Feature","properties":{"name":"Jalan Pemuda","kelas":"primary","link":false},"geometry":{"type":"LineString","coordinates":[[110.4228,-6.97095],[110.42278,-6.97098]]}},{"type":"Feature","properties":{"name":"Jalan Pemuda","kelas":"primary","link":false},"geometry":{"type":"LineString","coordinates":[[110.42322,-6.97061],[110.42291,-6.97101]]}},{"type":"Feature","properties":{"name":"Jalan Pemuda","kelas":"primary","link":false},"geometry":{"type":"LineString","coordinates":[[110.42322,-6.97061],[110.4228,-6.97095]]}},{"type":"Feature","properties":{"name":"Jalan Pemuda","kelas":"primary","link":false},"geometry":{"type":"LineString","coordinates":[[110.42272,-6.97105],[110.42278,-6.97098]]}},{"type":"Feature","properties":{"name":"Jalan Imam Bonjol","kelas":"primary","link":false},"geometry":{"type":"LineString","coordinates":[[110.42168,-6.97023],[110.42235,-6.96993]]}},{"type":"Feature","properties":{"name":"Jalan Imam Bonjol","kelas":"primary","link":true},"geometry":{"type":"LineString","coordinates":[[110.42239,-6.97004],[110.42168,-6.97023]]}},{"type":"Feature","properties":{"name":"Jalan Tanjung","kelas":"secondary","link":false},"geometry":{"type":"LineString","coordinates":[[110.415,-6.97342],[110.41517,-6.97394]]}},{"type":"Feature","properties":{"name":"Jalan Kedungmundu","kelas":"secondary","link":false},"geometry":{"type":"LineString","coordinates":[[110.44502,-7.01155],[110.44505,-7.01156]]}},{"type":"Feature","properties":{"name":"Jalan Kedungmundu","kelas":"secondary","link":false},"geometry":{"type":"LineString","coordinates":[[110.44472,-7.01139],[110.44502,-7.01155]]}},{"type":"Feature","properties":{"name":"Jalan Kedungmundu","kelas":"secondary","link":false},"geometry":{"type":"LineString","coordinates":[[110.44203,-7.01077],[110.44472,-7.01139]]}},{"type":"Feature","properties":{"name":"Jalan Tentara Pelajar","kelas":"secondary","link":false},"geometry":{"type":"LineString","coordinates":[[110.44147,-7.01063],[110.44203,-7.01077]]}},{"type":"Feature","properties":{"name":"Jalan Tentara Pelajar","kelas":"secondary","link":false},"geometry":{"type":"LineString","coordinates":[[110.44145,-7.01062],[110.44147,-7.01063]]}},{"type":"Feature","properties":{"name":"Jalan Tentara Pelajar","kelas":"secondary","link":false},"geometry":{"type":"LineString","coordinates":[[110.44129,-7.01058],[110.44145,-7.01062]]}},{"type":"Feature","properties":{"name":"Jalan Tentara Pelajar","kelas":"secondary","link":false},"geometry":{"type":"LineString","coordinates":[[110.44123,-7.01056],[110.44129,-7.01058]]}},{"type":"Feature","properties":{"name":"Jalan Tentara Pelajar","kelas":"secondary","link":false},"geometry":{"type":"LineString","coordinates":[[110.44061,-7.0104],[110.44123,-7.01056]]}},{"type":"Feature","properties":{"name":"Jalan Tentara Pelajar","kelas":"secondary","link":false},"geometry":{"type":"LineString","coordinates":[[110.44122,-7.01063],[110.44061,-7.0104]]}},{"type":"Feature","properties":{"name":"Jalan Lamper Tengah","kelas":"secondary","link":false},"geometry":{"type":"LineString","coordinates":[[110.44394,-7.00326],[110.44395,-7.00324]]}},{"type":"Feature","properties":{"name":"Jalan Lamper Tengah","kelas":"secondary","link":false},"geometry":{"type":"LineString","coordinates":[[110.44393,-7.00329],[110.44394,-7.00326]]}},{"type":"Feature","properties":{"name":"Jalan Tol Semarang","kelas":"motorway","link":false},"geometry":{"type":"LineString","coordinates":[[110.44472,-7.01154],[110.4448,-7.01136]]}},{"type":"Feature","properties":{"name":"Jalan Tol Semarang","kelas":"motorway","link":false},"geometry":{"type":"LineString","coordinates":[[110.44392,-7.0138],[110.44472,-7.01154]]}},{"type":"Feature","properties":{"name":"Jalan Tol Semarang","kelas":"motorway","link":false},"geometry":{"type":"LineString","coordinates":[[110.44482,-7.0116],[110.44403,-7.01387]]}},{"type":"Feature","properties":{"name":"Jalan Tol Semarang","kelas":"motorway","link":false},"geometry":{"type":"LineString","coordinates":[[110.4449,-7.01141],[110.44482,-7.0116]]}},{"type":"Feature","properties":{"name":"Jalan Tanjung","kelas":"secondary","link":false},"geometry":{"type":"LineString","coordinates":[[110.41517,-6.97394],[110.41492,-6.97346]]}},{"type":"Feature","properties":{"name":"","kelas":"secondary","link":false},"geometry":{"type":"LineString","coordinates":[[110.44363,-6.9727],[110.44373,-6.97271]]}},{"type":"Feature","properties":{"name":"","kelas":"motorway","link":true},"geometry":{"type":"LineString","coordinates":[[110.44873,-7.00233],[110.45156,-6.99802]]}},{"type":"Feature","properties":{"name":"","kelas":"trunk","link":true},"geometry":{"type":"LineString","coordinates":[[110.43013,-6.95473],[110.42712,-6.95571]]}},{"type":"Feature","properties":{"name":"Jalan Kaligawe Raya","kelas":"trunk","link":false},"geometry":{"type":"LineString","coordinates":[[110.44655,-6.95842],[110.44642,-6.95846]]}},{"type":"Feature","properties":{"name":"Jalan Kaligawe Raya","kelas":"trunk","link":false},"geometry":{"type":"LineString","coordinates":[[110.44704,-6.95825],[110.44655,-6.95842]]}},{"type":"Feature","properties":{"name":"Jalan Kaligawe Raya","kelas":"trunk","link":false},"geometry":{"type":"LineString","coordinates":[[110.44635,-6.95841],[110.44647,-6.95836]]}},{"type":"Feature","properties":{"name":"Jalan Kaligawe Raya","kelas":"trunk","link":false},"geometry":{"type":"LineString","coordinates":[[110.44647,-6.95836],[110.44686,-6.95823]]}},{"type":"Feature","properties":{"name":"Jalan Pemuda","kelas":"primary","link":false},"geometry":{"type":"LineString","coordinates":[[110.41282,-6.98103],[110.4102,-6.98351]]}},{"type":"Feature","properties":{"name":"Jalan Papandayan","kelas":"secondary","link":false},"geometry":{"type":"LineString","coordinates":[[110.41583,-7.01147],[110.41556,-7.01171]]}},{"type":"Feature","properties":{"name":"Jalan Papandayan","kelas":"secondary","link":false},"geometry":{"type":"LineString","coordinates":[[110.41556,-7.01171],[110.41566,-7.01143]]}},{"type":"Feature","properties":{"name":"Jalan Sultan Agung","kelas":"trunk","link":false},"geometry":{"type":"LineString","coordinates":[[110.41578,-7.01138],[110.41575,-7.01132]]}},{"type":"Feature","properties":{"name":"Jalan Papandayan","kelas":"secondary","link":false},"geometry":{"type":"LineString","coordinates":[[110.41566,-7.01143],[110.41555,-7.01101]]}},{"type":"Feature","properties":{"name":"Jalan Sultan Agung","kelas":"trunk","link":false},"geometry":{"type":"LineString","coordinates":[[110.41585,-7.01134],[110.41585,-7.01135]]}},{"type":"Feature","properties":{"name":"Jalan Sultan Agung","kelas":"trunk","link":false},"geometry":{"type":"LineString","coordinates":[[110.41566,-7.01095],[110.41566,-7.01083]]}},{"type":"Feature","properties":{"name":"Jalan Sultan Agung","kelas":"trunk","link":false},"geometry":{"type":"LineString","coordinates":[[110.41589,-7.01144],[110.41595,-7.01154]]}},{"type":"Feature","properties":{"name":"Jalan Sultan Agung","kelas":"trunk","link":false},"geometry":{"type":"LineString","coordinates":[[110.41813,-7.01522],[110.41749,-7.0131],[110.4171,-7.01271],[110.41642,-7.01237],[110.41583,-7.01147]]}},{"type":"Feature","properties":{"name":"Jalan Sultan Agung","kelas":"trunk","link":false},"geometry":{"type":"LineString","coordinates":[[110.4158,-7.01124],[110.41585,-7.01134]]}},{"type":"Feature","properties":{"name":"Jalan Sultan Agung","kelas":"trunk","link":false},"geometry":{"type":"LineString","coordinates":[[110.41575,-7.01097],[110.4158,-7.01124]]}},{"type":"Feature","properties":{"name":"Jalan Sultan Agung","kelas":"trunk","link":false},"geometry":{"type":"LineString","coordinates":[[110.41573,-7.01127],[110.41569,-7.01111]]}},{"type":"Feature","properties":{"name":"Jalan Woltermonginsidi","kelas":"secondary","link":false},"geometry":{"type":"LineString","coordinates":[[110.47445,-6.98632],[110.47446,-6.98627]]}},{"type":"Feature","properties":{"name":"","kelas":"secondary","link":true},"geometry":{"type":"LineString","coordinates":[[110.41984,-6.99171],[110.42011,-6.9917]]}},{"type":"Feature","properties":{"name":"Jalan Pandanaran","kelas":"primary","link":false},"geometry":{"type":"LineString","coordinates":[[110.41943,-6.98844],[110.41816,-6.98783]]}},{"type":"Feature","properties":{"name":"Jalan Pandanaran","kelas":"primary","link":false},"geometry":{"type":"LineString","coordinates":[[110.42179,-6.98958],[110.42072,-6.98905]]}},{"type":"Feature","properties":{"name":"Jalan Dokter Kariadi","kelas":"secondary","link":false},"geometry":{"type":"LineString","coordinates":[[110.40975,-6.9958],[110.40988,-6.99563]]}},{"type":"Feature","properties":{"name":"","kelas":"trunk","link":true},"geometry":{"type":"LineString","coordinates":[[110.39151,-6.96988],[110.39159,-6.96997]]}},{"type":"Feature","properties":{"name":"","kelas":"trunk","link":true},"geometry":{"type":"LineString","coordinates":[[110.39174,-6.98231],[110.39197,-6.98247]]}},{"type":"Feature","properties":{"name":"","kelas":"trunk","link":true},"geometry":{"type":"LineString","coordinates":[[110.39163,-6.98257],[110.39167,-6.98234]]}},{"type":"Feature","properties":{"name":"Jalan Madukoro Raya","kelas":"trunk","link":false},"geometry":{"type":"LineString","coordinates":[[110.3916,-6.96217],[110.39305,-6.96198]]}},{"type":"Feature","properties":{"name":"","kelas":"trunk","link":false},"geometry":{"type":"LineString","coordinates":[[110.38362,-6.96313],[110.38736,-6.96267]]}},{"type":"Feature","properties":{"name":"","kelas":"trunk","link":false},"geometry":{"type":"LineString","coordinates":[[110.38939,-6.96276],[110.38928,-6.96277]]}},{"type":"Feature","properties":{"name":"","kelas":"trunk","link":false},"geometry":{"type":"LineString","coordinates":[[110.3874,-6.963],[110.38365,-6.96342]]}},{"type":"Feature","properties":{"name":"","kelas":"trunk","link":false},"geometry":{"type":"LineString","coordinates":[[110.39065,-6.96262],[110.38939,-6.96276]]}},{"type":"Feature","properties":{"name":"Jalan Madukoro Raya","kelas":"trunk","link":false},"geometry":{"type":"LineString","coordinates":[[110.39385,-6.96223],[110.39185,-6.9625]]}},{"type":"Feature","properties":{"name":"Jalan Madukoro Raya","kelas":"trunk","link":false},"geometry":{"type":"LineString","coordinates":[[110.39185,-6.9625],[110.39176,-6.96251]]}},{"type":"Feature","properties":{"name":"","kelas":"primary","link":true},"geometry":{"type":"LineString","coordinates":[[110.41639,-6.97712],[110.41671,-6.97716]]}},{"type":"Feature","properties":{"name":"","kelas":"trunk","link":true},"geometry":{"type":"LineString","coordinates":[[110.39084,-6.98764],[110.39084,-6.98755]]}},{"type":"Feature","properties":{"name":"","kelas":"primary","link":true},"geometry":{"type":"LineString","coordinates":[[110.35669,-6.98906],[110.35673,-6.98911]]}},{"type":"Feature","properties":{"name":"","kelas":"primary","link":true},"geometry":{"type":"LineString","coordinates":[[110.35251,-6.99232],[110.35256,-6.9924]]}},{"type":"Feature","properties":{"name":"","kelas":"trunk","link":true},"geometry":{"type":"LineString","coordinates":[[110.3585,-6.98624],[110.35847,-6.98633]]}},{"type":"Feature","properties":{"name":"","kelas":"secondary","link":true},"geometry":{"type":"LineString","coordinates":[[110.38532,-6.99103],[110.38539,-6.99102]]}},{"type":"Feature","properties":{"name":"","kelas":"primary","link":true},"geometry":{"type":"LineString","coordinates":[[110.49121,-7.0185],[110.49118,-7.01858]]}},{"type":"Feature","properties":{"name":"","kelas":"secondary","link":true},"geometry":{"type":"LineString","coordinates":[[110.46917,-7.03554],[110.46915,-7.0356]]}},{"type":"Feature","properties":{"name":"Jalan Madukoro Raya","kelas":"trunk","link":false},"geometry":{"type":"LineString","coordinates":[[110.39305,-6.96198],[110.39381,-6.96196]]}},{"type":"Feature","properties":{"name":"Jalan Pandanaran II","kelas":"secondary","link":false},"geometry":{"type":"LineString","coordinates":[[110.42004,-6.98875],[110.41964,-6.98957]]}},{"type":"Feature","properties":{"name":"","kelas":"secondary","link":false},"geometry":{"type":"LineString","coordinates":[[110.41964,-6.98957],[110.41968,-6.9896]]}},{"type":"Feature","properties":{"name":"Jalan Imam Bonjol","kelas":"primary","link":false},"geometry":{"type":"LineString","coordinates":[[110.42235,-6.96993],[110.42241,-6.96991]]}},{"type":"Feature","properties":{"name":"Jalan Pemuda","kelas":"primary","link":false},"geometry":{"type":"LineString","coordinates":[[110.42291,-6.97101],[110.42287,-6.97105]]}},{"type":"Feature","properties":{"name":"Jalan Pemuda","kelas":"primary","link":false},"geometry":{"type":"LineString","coordinates":[[110.42287,-6.97105],[110.42279,-6.97114]]}},{"type":"Feature","properties":{"name":"Jalan Pemuda","kelas":"primary","link":false},"geometry":{"type":"LineString","coordinates":[[110.42279,-6.97114],[110.42183,-6.97211]]}},{"type":"Feature","properties":{"name":"Jalan Pemuda","kelas":"primary","link":false},"geometry":{"type":"LineString","coordinates":[[110.42114,-6.97268],[110.42219,-6.9716]]}},{"type":"Feature","properties":{"name":"Jalan KH. Ahmad Dahlan","kelas":"secondary","link":false},"geometry":{"type":"LineString","coordinates":[[110.42844,-6.98615],[110.42853,-6.98592]]}},{"type":"Feature","properties":{"name":"Jalan Tol Semarang–Solo","kelas":"motorway","link":false},"geometry":{"type":"LineString","coordinates":[[110.4317,-7.06559],[110.43188,-7.06566]]}},{"type":"Feature","properties":{"name":"Jalan Tol Semarang–Solo","kelas":"motorway","link":false},"geometry":{"type":"LineString","coordinates":[[110.42807,-7.06338],[110.42967,-7.06465],[110.4317,-7.06559]]}},{"type":"Feature","properties":{"name":"Jalan Tol Semarang–Solo","kelas":"motorway","link":false},"geometry":{"type":"LineString","coordinates":[[110.43161,-7.06579],[110.42975,-7.06487],[110.428,-7.06348]]}},{"type":"Feature","properties":{"name":"Jalan Tol Semarang–Solo","kelas":"motorway","link":false},"geometry":{"type":"LineString","coordinates":[[110.43179,-7.06588],[110.43161,-7.06579]]}},{"type":"Feature","properties":{"name":"Jalan Sultan Agung","kelas":"trunk","link":false},"geometry":{"type":"LineString","coordinates":[[110.41575,-7.01132],[110.41573,-7.01127]]}},{"type":"Feature","properties":{"name":"Jalan Sultan Agung","kelas":"trunk","link":false},"geometry":{"type":"LineString","coordinates":[[110.41583,-7.01147],[110.41578,-7.01138]]}},{"type":"Feature","properties":{"name":"","kelas":"secondary","link":true},"geometry":{"type":"LineString","coordinates":[[110.46224,-7.02335],[110.46231,-7.0234]]}},{"type":"Feature","properties":{"name":"","kelas":"secondary","link":true},"geometry":{"type":"LineString","coordinates":[[110.46529,-7.02395],[110.46525,-7.02402]]}},{"type":"Feature","properties":{"name":"","kelas":"secondary","link":true},"geometry":{"type":"LineString","coordinates":[[110.46431,-7.02345],[110.46435,-7.02338]]}},{"type":"Feature","properties":{"name":"","kelas":"secondary","link":true},"geometry":{"type":"LineString","coordinates":[[110.46691,-7.02474],[110.46694,-7.02467]]}},{"type":"Feature","properties":{"name":"","kelas":"secondary","link":true},"geometry":{"type":"LineString","coordinates":[[110.46748,-7.02483],[110.46746,-7.02491]]}},{"type":"Feature","properties":{"name":"","kelas":"secondary","link":true},"geometry":{"type":"LineString","coordinates":[[110.46289,-7.02258],[110.46292,-7.02265]]}},{"type":"Feature","properties":{"name":"Jalan Jenderal Urip Sumoharjo","kelas":"trunk","link":false},"geometry":{"type":"LineString","coordinates":[[110.28536,-6.96829],[110.28545,-6.96831]]}},{"type":"Feature","properties":{"name":"Jalan Jenderal Urip Sumoharjo","kelas":"trunk","link":false},"geometry":{"type":"LineString","coordinates":[[110.28384,-6.96783],[110.28536,-6.96829]]}},{"type":"Feature","properties":{"name":"","kelas":"motorway","link":true},"geometry":{"type":"LineString","coordinates":[[110.28523,-6.96882],[110.28534,-6.96841]]}},{"type":"Feature","properties":{"name":"","kelas":"motorway","link":true},"geometry":{"type":"LineString","coordinates":[[110.28543,-6.96842],[110.28534,-6.96878]]}},{"type":"Feature","properties":{"name":"","kelas":"motorway","link":true},"geometry":{"type":"LineString","coordinates":[[110.28545,-6.96831],[110.28543,-6.96842]]}},{"type":"Feature","properties":{"name":"","kelas":"motorway","link":true},"geometry":{"type":"LineString","coordinates":[[110.28534,-6.96841],[110.28536,-6.96829]]}},{"type":"Feature","properties":{"name":"Jalan Jenderal Urip Sumoharjo","kelas":"trunk","link":false},"geometry":{"type":"LineString","coordinates":[[110.28534,-6.96841],[110.28365,-6.96787]]}},{"type":"Feature","properties":{"name":"Jalan Jenderal Urip Sumoharjo","kelas":"trunk","link":false},"geometry":{"type":"LineString","coordinates":[[110.28586,-6.96851],[110.28543,-6.96842]]}},{"type":"Feature","properties":{"name":"Jalan Jenderal Urip Sumoharjo","kelas":"trunk","link":false},"geometry":{"type":"LineString","coordinates":[[110.2907,-6.97022],[110.29143,-6.97067]]}},{"type":"Feature","properties":{"name":"Jalan Jenderal Urip Sumoharjo","kelas":"trunk","link":false},"geometry":{"type":"LineString","coordinates":[[110.2914,-6.97072],[110.29066,-6.97028]]}},{"type":"Feature","properties":{"name":"Jalan Jenderal Urip Sumoharjo","kelas":"trunk","link":false},"geometry":{"type":"LineString","coordinates":[[110.29323,-6.97175],[110.29606,-6.97283]]}},{"type":"Feature","properties":{"name":"Jalan Jenderal Urip Sumoharjo","kelas":"trunk","link":false},"geometry":{"type":"LineString","coordinates":[[110.29603,-6.97292],[110.29368,-6.97206],[110.2914,-6.97072]]}},{"type":"Feature","properties":{"name":"Jalan Lingkar Luar Kaliwungu","kelas":"trunk","link":false},"geometry":{"type":"LineString","coordinates":[[110.26075,-6.9448],[110.25826,-6.94313],[110.25493,-6.9405],[110.25289,-6.93952]]}},{"type":"Feature","properties":{"name":"Jalan Lingkar Luar Kaliwungu","kelas":"trunk","link":false},"geometry":{"type":"LineString","coordinates":[[110.25295,-6.93939],[110.25498,-6.94037],[110.25834,-6.94307],[110.26083,-6.94473]]}},{"type":"Feature","properties":{"name":"Jalan Kluwih","kelas":"primary","link":true},"geometry":{"type":"LineString","coordinates":[[110.33774,-7.01862],[110.33782,-7.01867]]}},{"type":"Feature","properties":{"name":"Jalan Jendral Sudirman","kelas":"trunk","link":false},"geometry":{"type":"LineString","coordinates":[[110.39307,-6.98221],[110.39184,-6.98263]]}},{"type":"Feature","properties":{"name":"Jalan Jendral Sudirman","kelas":"trunk","link":false},"geometry":{"type":"LineString","coordinates":[[110.39173,-6.98254],[110.39181,-6.98251]]}},{"type":"Feature","properties":{"name":"Jalan Jendral Sudirman","kelas":"trunk","link":false},"geometry":{"type":"LineString","coordinates":[[110.38988,-6.9831],[110.39173,-6.98254]]}},{"type":"Feature","properties":{"name":"Jalan Jendral Sudirman","kelas":"trunk","link":false},"geometry":{"type":"LineString","coordinates":[[110.39176,-6.98265],[110.38993,-6.98326]]}},{"type":"Feature","properties":{"name":"Jalan Imam Bonjol","kelas":"primary","link":false},"geometry":{"type":"LineString","coordinates":[[110.41492,-6.97346],[110.41517,-6.97334]]}},{"type":"Feature","properties":{"name":"Jalan Imam Bonjol","kelas":"primary","link":false},"geometry":{"type":"LineString","coordinates":[[110.41552,-6.97324],[110.41494,-6.9735]]}},{"type":"Feature","properties":{"name":"Jalan Imam Bonjol","kelas":"primary","link":false},"geometry":{"type":"LineString","coordinates":[[110.41617,-6.97291],[110.41552,-6.97324]]}},{"type":"Feature","properties":{"name":"Jalan Imam Bonjol","kelas":"primary","link":false},"geometry":{"type":"LineString","coordinates":[[110.41617,-6.97291],[110.417,-6.9725]]}},{"type":"Feature","properties":{"name":"Jalan Majapahit","kelas":"primary","link":false},"geometry":{"type":"LineString","coordinates":[[110.45772,-7.00678],[110.45445,-7.00582]]}},{"type":"Feature","properties":{"name":"Jalan Supriyadi","kelas":"secondary","link":false},"geometry":{"type":"LineString","coordinates":[[110.45438,-7.00579],[110.45439,-7.00573]]}},{"type":"Feature","properties":{"name":"Jalan Majapahit","kelas":"primary","link":false},"geometry":{"type":"LineString","coordinates":[[110.45446,-7.00575],[110.45774,-7.00671]]}},{"type":"Feature","properties":{"name":"Jalan Siliwangi","kelas":"trunk","link":false},"geometry":{"type":"LineString","coordinates":[[110.371,-6.9873],[110.37187,-6.98719]]}},{"type":"Feature","properties":{"name":"Jalan Woltermonginsidi","kelas":"primary","link":false},"geometry":{"type":"LineString","coordinates":[[110.47369,-6.98912],[110.4731,-6.99056],[110.47317,-6.99451],[110.47295,-6.99707]]}},{"type":"Feature","properties":{"name":"Jalan Woltermonginsidi","kelas":"primary","link":false},"geometry":{"type":"LineString","coordinates":[[110.47288,-6.99705],[110.47311,-6.9945],[110.47305,-6.99055],[110.47364,-6.98913]]}},{"type":"Feature","properties":{"name":"Jalan Majapahit","kelas":"primary","link":false},"geometry":{"type":"LineString","coordinates":[[110.45438,-7.00579],[110.4542,-7.00572]]}},{"type":"Feature","properties":{"name":"Jalan Majapahit","kelas":"primary","link":false},"geometry":{"type":"LineString","coordinates":[[110.45423,-7.00565],[110.45439,-7.00573]]}},{"type":"Feature","properties":{"name":"Jalan Tol Semarang","kelas":"motorway","link":true},"geometry":{"type":"LineString","coordinates":[[110.43176,-7.03354],[110.43156,-7.03323]]}},{"type":"Feature","properties":{"name":"Jalan Tol Semarang","kelas":"motorway","link":true},"geometry":{"type":"LineString","coordinates":[[110.43156,-7.03323],[110.43153,-7.03318]]}},{"type":"Feature","properties":{"name":"Jalan Tol Semarang","kelas":"motorway","link":false},"geometry":{"type":"LineString","coordinates":[[110.43176,-7.03354],[110.43163,-7.03322]]}},{"type":"Feature","properties":{"name":"Jalan Tol Semarang","kelas":"motorway","link":false},"geometry":{"type":"LineString","coordinates":[[110.43163,-7.03322],[110.43152,-7.0329]]}},{"type":"Feature","properties":{"name":"Jalan Tol Semarang","kelas":"motorway","link":false},"geometry":{"type":"LineString","coordinates":[[110.4318,-7.03334],[110.43228,-7.03438]]}},{"type":"Feature","properties":{"name":"Jalan Tol Semarang","kelas":"motorway","link":false},"geometry":{"type":"LineString","coordinates":[[110.43173,-7.03312],[110.4318,-7.03334]]}},{"type":"Feature","properties":{"name":"Jalan Raya Bandungrejo","kelas":"primary","link":false},"geometry":{"type":"LineString","coordinates":[[110.50996,-7.02438],[110.51023,-7.02446]]}},{"type":"Feature","properties":{"name":"Jalan Raya Bandungrejo","kelas":"primary","link":false},"geometry":{"type":"LineString","coordinates":[[110.50783,-7.02379],[110.50996,-7.02438]]}},{"type":"Feature","properties":{"name":"Jalan Raya Bandungrejo","kelas":"primary","link":false},"geometry":{"type":"LineString","coordinates":[[110.5102,-7.0245],[110.50994,-7.02443]]}},{"type":"Feature","properties":{"name":"Jalan Raya Bandungrejo","kelas":"primary","link":false},"geometry":{"type":"LineString","coordinates":[[110.50994,-7.02443],[110.50782,-7.02384]]}},{"type":"Feature","properties":{"name":"","kelas":"motorway","link":true},"geometry":{"type":"LineString","coordinates":[[110.45027,-7.00008],[110.4515,-6.99798]]}},{"type":"Feature","properties":{"name":"Jalan Tol Semarang","kelas":"motorway","link":false},"geometry":{"type":"LineString","coordinates":[[110.43204,-7.05232],[110.43021,-7.05333]]}},{"type":"Feature","properties":{"name":"Jalan Sultan Agung","kelas":"trunk","link":false},"geometry":{"type":"LineString","coordinates":[[110.41632,-7.00816],[110.41617,-7.00843]]}},{"type":"Feature","properties":{"name":"Jalan Taman Diponegoro","kelas":"trunk","link":false},"geometry":{"type":"LineString","coordinates":[[110.41612,-7.0077],[110.41712,-7.00723]]}},{"type":"Feature","properties":{"name":"Jalan Taman Diponegoro","kelas":"trunk","link":false},"geometry":{"type":"LineString","coordinates":[[110.41607,-7.0081],[110.41601,-7.00789]]}},{"type":"Feature","properties":{"name":"Jalan Taman Diponegoro","kelas":"trunk","link":true},"geometry":{"type":"LineString","coordinates":[[110.41604,-7.00782],[110.41612,-7.0077]]}},{"type":"Feature","properties":{"name":"","kelas":"motorway","link":true},"geometry":{"type":"LineString","coordinates":[[110.43171,-7.06605],[110.43153,-7.06597]]}},{"type":"Feature","properties":{"name":"","kelas":"motorway","link":true},"geometry":{"type":"LineString","coordinates":[[110.43357,-7.06665],[110.43171,-7.06605]]}},{"type":"Feature","properties":{"name":"","kelas":"motorway","link":true},"geometry":{"type":"LineString","coordinates":[[110.43153,-7.06597],[110.42975,-7.06487]]}},{"type":"Feature","properties":{"name":"Jalan Kelud Raya","kelas":"secondary","link":false},"geometry":{"type":"LineString","coordinates":[[110.39628,-7.00861],[110.39637,-7.00893]]}},{"type":"Feature","properties":{"name":"Jalan Kelud Raya","kelas":"secondary","link":false},"geometry":{"type":"LineString","coordinates":[[110.39621,-7.00707],[110.39628,-7.00861]]}},{"type":"Feature","properties":{"name":"Jalan Lamongan Raya","kelas":"secondary","link":false},"geometry":{"type":"LineString","coordinates":[[110.39652,-7.00893],[110.39651,-7.009]]}},{"type":"Feature","properties":{"name":"Jalan Gajah Raya","kelas":"secondary","link":false},"geometry":{"type":"LineString","coordinates":[[110.44814,-6.98592],[110.44902,-6.98113],[110.4489,-6.97776]]}},{"type":"Feature","properties":{"name":"Jalan Mayor Jenderal MT. Haryono","kelas":"trunk","link":false},"geometry":{"type":"LineString","coordinates":[[110.43201,-7.00483],[110.43205,-7.00468]]}},{"type":"Feature","properties":{"name":"Jalan Sriwijaya","kelas":"secondary","link":false},"geometry":{"type":"LineString","coordinates":[[110.43214,-7.00482],[110.43201,-7.00483]]}},{"type":"Feature","properties":{"name":"Jalan Mayor Jenderal MT. Haryono","kelas":"trunk","link":false},"geometry":{"type":"LineString","coordinates":[[110.43218,-7.00471],[110.43214,-7.00482]]}},{"type":"Feature","properties":{"name":"Jalan Tol Semarang–Demak","kelas":"motorway","link":true},"geometry":{"type":"LineString","coordinates":[[110.51156,-6.93717],[110.50975,-6.93614],[110.5093,-6.93685],[110.5101,-6.93711]]}},{"type":"Feature","properties":{"name":"Jalan Raden Patah","kelas":"trunk","link":false},"geometry":{"type":"LineString","coordinates":[[110.43942,-6.96059],[110.43975,-6.96135]]}},{"type":"Feature","properties":{"name":"Jalan Kaligawe Raya","kelas":"trunk","link":false},"geometry":{"type":"LineString","coordinates":[[110.43942,-6.96059],[110.43991,-6.96067]]}},{"type":"Feature","properties":{"name":"Jalan Menoreh Raya","kelas":"secondary","link":false},"geometry":{"type":"LineString","coordinates":[[110.38927,-7.01933],[110.38934,-7.01919]]}},{"type":"Feature","properties":{"name":"Jalan Menoreh Raya","kelas":"secondary","link":false},"geometry":{"type":"LineString","coordinates":[[110.38934,-7.01919],[110.38935,-7.01935]]}},{"type":"Feature","properties":{"name":"","kelas":"secondary","link":false},"geometry":{"type":"LineString","coordinates":[[110.38917,-7.01979],[110.38927,-7.01933]]}},{"type":"Feature","properties":{"name":"Jalan Dewi Sartika Raya","kelas":"secondary","link":false},"geometry":{"type":"LineString","coordinates":[[110.38925,-7.01981],[110.38916,-7.02002]]}},{"type":"Feature","properties":{"name":"Jalan Dewi Sartika Raya","kelas":"secondary","link":false},"geometry":{"type":"LineString","coordinates":[[110.38916,-7.02002],[110.38917,-7.01979]]}},{"type":"Feature","properties":{"name":"Jalan Taman Sudirman","kelas":"secondary","link":false},"geometry":{"type":"LineString","coordinates":[[110.40867,-7.00606],[110.40852,-7.00615]]}},{"type":"Feature","properties":{"name":"","kelas":"secondary","link":false},"geometry":{"type":"LineString","coordinates":[[110.40844,-7.00613],[110.40833,-7.00602]]}},{"type":"Feature","properties":{"name":"","kelas":"trunk","link":true},"geometry":{"type":"LineString","coordinates":[[110.40394,-6.95404],[110.40302,-6.95431]]}},{"type":"Feature","properties":{"name":"","kelas":"trunk","link":true},"geometry":{"type":"LineString","coordinates":[[110.40291,-6.95431],[110.40162,-6.95413]]}},{"type":"Feature","properties":{"name":"","kelas":"trunk","link":true},"geometry":{"type":"LineString","coordinates":[[110.40225,-6.95401],[110.40295,-6.95383]]}},{"type":"Feature","properties":{"name":"","kelas":"trunk","link":true},"geometry":{"type":"LineString","coordinates":[[110.40294,-6.95379],[110.40383,-6.95395]]}},{"type":"Feature","properties":{"name":"","kelas":"primary","link":true},"geometry":{"type":"LineString","coordinates":[[110.43346,-6.9697],[110.43395,-6.97]]}},{"type":"Feature","properties":{"name":"","kelas":"secondary","link":true},"geometry":{"type":"LineString","coordinates":[[110.45546,-7.00121],[110.45552,-7.00122]]}},{"type":"Feature","properties":{"name":"Jalan Elang Raya","kelas":"secondary","link":false},"geometry":{"type":"LineString","coordinates":[[110.46442,-7.03835],[110.46341,-7.03687],[110.46105,-7.03522]]}},{"type":"Feature","properties":{"name":"Jalan Elang Raya","kelas":"secondary","link":false},"geometry":{"type":"LineString","coordinates":[[110.46451,-7.03845],[110.46442,-7.03835]]}},{"type":"Feature","properties":{"name":"Jalan Jolotundo","kelas":"secondary","link":false},"geometry":{"type":"LineString","coordinates":[[110.44814,-6.98597],[110.44758,-6.98588]]}},{"type":"Feature","properties":{"name":"Jalan Jolotundo","kelas":"secondary","link":false},"geometry":{"type":"LineString","coordinates":[[110.44758,-6.98588],[110.44814,-6.9859]]}},{"type":"Feature","properties":{"name":"Jalan Kedungmundu","kelas":"secondary","link":false},"geometry":{"type":"LineString","coordinates":[[110.46748,-7.02483],[110.46809,-7.02501]]}},{"type":"Feature","properties":{"name":"Jalan Kedungmundu","kelas":"secondary","link":false},"geometry":{"type":"LineString","coordinates":[[110.46805,-7.02512],[110.46746,-7.02491]]}},{"type":"Feature","properties":{"name":"Jalan Walisongo","kelas":"trunk","link":false},"geometry":{"type":"LineString","coordinates":[[110.3043,-6.97309],[110.30714,-6.97275]]}},{"type":"Feature","properties":{"name":"Jalan Walisongo","kelas":"trunk","link":false},"geometry":{"type":"LineString","coordinates":[[110.34093,-6.98572],[110.33816,-6.98472],[110.33671,-6.9834]]}},{"type":"Feature","properties":{"name":"Jalan Jenderal Urip Sumoharjo","kelas":"trunk","link":false},"geometry":{"type":"LineString","coordinates":[[110.32161,-6.9759],[110.32044,-6.97576]]}},{"type":"Feature","properties":{"name":"","kelas":"secondary","link":true},"geometry":{"type":"LineString","coordinates":[[110.39739,-7.00933],[110.39743,-7.00925]]}},{"type":"Feature","properties":{"name":"","kelas":"secondary","link":true},"geometry":{"type":"LineString","coordinates":[[110.41406,-6.99551],[110.41396,-6.99577]]}},{"type":"Feature","properties":{"name":"","kelas":"trunk","link":true},"geometry":{"type":"LineString","coordinates":[[110.38298,-6.98477],[110.38312,-6.98498]]}},{"type":"Feature","properties":{"name":"","kelas":"secondary","link":true},"geometry":{"type":"LineString","coordinates":[[110.4546,-7.00483],[110.45468,-7.00485]]}},{"type":"Feature","properties":{"name":"Jalan Pamularsih","kelas":"trunk","link":false},"geometry":{"type":"LineString","coordinates":[[110.4016,-6.99534],[110.40061,-6.99502]]}},{"type":"Feature","properties":{"name":"Jalan Pamularsih","kelas":"trunk","link":false},"geometry":{"type":"LineString","coordinates":[[110.40063,-6.99493],[110.40165,-6.99527]]}},{"type":"Feature","properties":{"name":"","kelas":"trunk","link":true},"geometry":{"type":"LineString","coordinates":[[110.34517,-6.98586],[110.34516,-6.98577]]}},{"type":"Feature","properties":{"name":"Jalan Majapahit","kelas":"primary","link":false},"geometry":{"type":"LineString","coordinates":[[110.45445,-7.00582],[110.45438,-7.00579]]}},{"type":"Feature","properties":{"name":"Jalan Supriyadi","kelas":"secondary","link":false},"geometry":{"type":"LineString","coordinates":[[110.45446,-7.00575],[110.45445,-7.00582]]}},{"type":"Feature","properties":{"name":"Jalan Majapahit","kelas":"primary","link":false},"geometry":{"type":"LineString","coordinates":[[110.45439,-7.00573],[110.45446,-7.00575]]}},{"type":"Feature","properties":{"name":"","kelas":"motorway","link":true},"geometry":{"type":"LineString","coordinates":[[110.43122,-7.06537],[110.43298,-7.0662]]}},{"type":"Feature","properties":{"name":"Jalan Pahlawan","kelas":"primary","link":false},"geometry":{"type":"LineString","coordinates":[[110.41998,-6.99563],[110.42128,-6.99332]]}},{"type":"Feature","properties":{"name":"","kelas":"primary","link":true},"geometry":{"type":"LineString","coordinates":[[110.35135,-6.99298],[110.35126,-6.99293]]}},{"type":"Feature","properties":{"name":"Jalan Tol Semarang","kelas":"trunk","link":false},"geometry":{"type":"LineString","coordinates":[[110.4147,-7.06077],[110.41416,-7.0611]]}},{"type":"Feature","properties":{"name":"Jalan Kartini","kelas":"secondary","link":false},"geometry":{"type":"LineString","coordinates":[[110.43479,-6.98519],[110.43719,-6.98539]]}},{"type":"Feature","properties":{"name":"","kelas":"trunk","link":true},"geometry":{"type":"LineString","coordinates":[[110.38473,-6.98394],[110.38457,-6.98385]]}},{"type":"Feature","properties":{"name":"Jalan Cendrawasih","kelas":"secondary","link":false},"geometry":{"type":"LineString","coordinates":[[110.4293,-6.96527],[110.42963,-6.96621]]}},{"type":"Feature","properties":{"name":"Jalan Siliwangi","kelas":"trunk","link":false},"geometry":{"type":"LineString","coordinates":[[110.36861,-6.98775],[110.36826,-6.9878]]}},{"type":"Feature","properties":{"name":"Jalan Siliwangi","kelas":"trunk","link":false},"geometry":{"type":"LineString","coordinates":[[110.36826,-6.9878],[110.3681,-6.98782]]}},{"type":"Feature","properties":{"name":"Jalan Tol Semarang","kelas":"motorway","link":false},"geometry":{"type":"LineString","coordinates":[[110.3681,-6.98782],[110.36806,-6.98767]]}},{"type":"Feature","properties":{"name":"Jalan Siliwangi","kelas":"trunk","link":false},"geometry":{"type":"LineString","coordinates":[[110.37104,-6.98743],[110.36861,-6.98775]]}},{"type":"Feature","properties":{"name":"Jalan Tol Semarang","kelas":"motorway","link":false},"geometry":{"type":"LineString","coordinates":[[110.36818,-6.98765],[110.36826,-6.9878]]}},{"type":"Feature","properties":{"name":"Jalan Arteri Utara","kelas":"trunk","link":false},"geometry":{"type":"LineString","coordinates":[[110.39568,-6.95628],[110.39563,-6.95633]]}},{"type":"Feature","properties":{"name":"Jalan Arteri Utara","kelas":"trunk","link":false},"geometry":{"type":"LineString","coordinates":[[110.39732,-6.95537],[110.39636,-6.95577],[110.39568,-6.95628]]}},{"type":"Feature","properties":{"name":"Jalan Arteri Utara","kelas":"trunk","link":false},"geometry":{"type":"LineString","coordinates":[[110.39561,-6.95621],[110.39631,-6.95569],[110.39727,-6.95527]]}},{"type":"Feature","properties":{"name":"Jalan Arteri Utara","kelas":"trunk","link":false},"geometry":{"type":"LineString","coordinates":[[110.39556,-6.95626],[110.39561,-6.95621]]}},{"type":"Feature","properties":{"name":"Jalan Ahmad Yani","kelas":"primary","link":false},"geometry":{"type":"LineString","coordinates":[[110.43109,-6.99409],[110.43059,-6.99386]]}},{"type":"Feature","properties":{"name":"Jalan Jendral Sudirman","kelas":"trunk","link":false},"geometry":{"type":"LineString","coordinates":[[110.39184,-6.98263],[110.39176,-6.98265]]}},{"type":"Feature","properties":{"name":"Jalan Jendral Sudirman","kelas":"trunk","link":false},"geometry":{"type":"LineString","coordinates":[[110.39181,-6.98251],[110.39197,-6.98247]]}},{"type":"Feature","properties":{"name":"","kelas":"secondary","link":true},"geometry":{"type":"LineString","coordinates":[[110.4271,-6.97108],[110.42707,-6.97098]]}},{"type":"Feature","properties":{"name":"Jalan Pamularsih","kelas":"trunk","link":false},"geometry":{"type":"LineString","coordinates":[[110.3993,-6.99479],[110.39943,-6.99479]]}},{"type":"Feature","properties":{"name":"Jalan Simongan","kelas":"secondary","link":false},"geometry":{"type":"LineString","coordinates":[[110.39943,-6.99479],[110.39942,-6.99491]]}},{"type":"Feature","properties":{"name":"Jalan Pamularsih","kelas":"trunk","link":false},"geometry":{"type":"LineString","coordinates":[[110.40061,-6.99502],[110.39942,-6.99491]]}},{"type":"Feature","properties":{"name":"Jalan Pamularsih","kelas":"trunk","link":false},"geometry":{"type":"LineString","coordinates":[[110.39943,-6.99479],[110.40063,-6.99493]]}},{"type":"Feature","properties":{"name":"Jalan Majapahit","kelas":"primary","link":false},"geometry":{"type":"LineString","coordinates":[[110.44873,-7.00233],[110.4465,-7.0009]]}},{"type":"Feature","properties":{"name":"Jalan Majapahit","kelas":"primary","link":false},"geometry":{"type":"LineString","coordinates":[[110.44884,-7.00241],[110.44873,-7.00233]]}},{"type":"Feature","properties":{"name":"Jalan Profesor Dokter Hamka","kelas":"primary","link":false},"geometry":{"type":"LineString","coordinates":[[110.3497,-6.99448],[110.3508,-6.9937],[110.35147,-6.99271],[110.35421,-6.99192],[110.35647,-6.98923],[110.35972,-6.98781],[110.36067,-6.98674]]}},{"type":"Feature","properties":{"name":"","kelas":"motorway","link":true},"geometry":{"type":"LineString","coordinates":[[110.37666,-7.00528],[110.37661,-7.00511]]}},{"type":"Feature","properties":{"name":"","kelas":"motorway","link":true},"geometry":{"type":"LineString","coordinates":[[110.37746,-7.00601],[110.37717,-7.00584]]}},{"type":"Feature","properties":{"name":"","kelas":"primary","link":true},"geometry":{"type":"LineString","coordinates":[[110.43816,-6.99677],[110.4383,-6.99669]]}},{"type":"Feature","properties":{"name":"Jalan Raya Kaligawe","kelas":"trunk","link":false},"geometry":{"type":"LineString","coordinates":[[110.45154,-6.95705],[110.45181,-6.95704]]}},{"type":"Feature","properties":{"name":"","kelas":"primary","link":false},"geometry":{"type":"LineString","coordinates":[[110.43089,-6.96431],[110.43056,-6.96438]]}},{"type":"Feature","properties":{"name":"","kelas":"primary","link":false},"geometry":{"type":"LineString","coordinates":[[110.42951,-6.96502],[110.42989,-6.96479]]}},{"type":"Feature","properties":{"name":"","kelas":"trunk","link":true},"geometry":{"type":"LineString","coordinates":[[110.43091,-6.95444],[110.43067,-6.95475]]}},{"type":"Feature","properties":{"name":"Jalan Raya Semarang-Demak","kelas":"trunk","link":false},"geometry":{"type":"LineString","coordinates":[[110.46558,-6.95582],[110.4651,-6.95586]]}},{"type":"Feature","properties":{"name":"Jalan Kaligawe Raya","kelas":"trunk","link":false},"geometry":{"type":"LineString","coordinates":[[110.45343,-6.95693],[110.46277,-6.95603]]}},{"type":"Feature","properties":{"name":"Jalan Sriwijaya","kelas":"secondary","link":false},"geometry":{"type":"LineString","coordinates":[[110.42092,-6.99781],[110.42136,-6.99798]]}},{"type":"Feature","properties":{"name":"","kelas":"secondary","link":false},"geometry":{"type":"LineString","coordinates":[[110.41589,-7.01144],[110.41583,-7.01147]]}},{"type":"Feature","properties":{"name":"Wolter Monginsidi","kelas":"primary","link":false},"geometry":{"type":"LineString","coordinates":[[110.48097,-6.95162],[110.48084,-6.95215]]}},{"type":"Feature","properties":{"name":"Wolter Monginsidi","kelas":"primary","link":false},"geometry":{"type":"LineString","coordinates":[[110.48096,-6.95151],[110.48097,-6.95162]]}},{"type":"Feature","properties":{"name":"Wolter Monginsidi","kelas":"primary","link":false},"geometry":{"type":"LineString","coordinates":[[110.48089,-6.95164],[110.48087,-6.95155]]}},{"type":"Feature","properties":{"name":"Wolter Monginsidi","kelas":"primary","link":false},"geometry":{"type":"LineString","coordinates":[[110.48078,-6.95215],[110.48089,-6.95164]]}},{"type":"Feature","properties":{"name":"","kelas":"primary","link":true},"geometry":{"type":"LineString","coordinates":[[110.45595,-7.00629],[110.45597,-7.00621]]}},{"type":"Feature","properties":{"name":"Jalan Raden Patah","kelas":"trunk","link":false},"geometry":{"type":"LineString","coordinates":[[110.45092,-6.95709],[110.45133,-6.95706]]}},{"type":"Feature","properties":{"name":"Jalan Raden Patah","kelas":"trunk","link":false},"geometry":{"type":"LineString","coordinates":[[110.45083,-6.9571],[110.45092,-6.95709]]}},{"type":"Feature","properties":{"name":"","kelas":"trunk","link":true},"geometry":{"type":"LineString","coordinates":[[110.41632,-7.00816],[110.41607,-7.0081]]}},{"type":"Feature","properties":{"name":"Jalan Pawiyatan Luhur","kelas":"secondary","link":false},"geometry":{"type":"LineString","coordinates":[[110.39615,-7.01985],[110.39515,-7.01902],[110.39071,-7.01978]]}},{"type":"Feature","properties":{"name":"Jalan Pawiyatan Luhur","kelas":"secondary","link":false},"geometry":{"type":"LineString","coordinates":[[110.39617,-7.01988],[110.39615,-7.01985]]}},{"type":"Feature","properties":{"name":"","kelas":"primary","link":true},"geometry":{"type":"LineString","coordinates":[[110.33824,-7.01761],[110.33832,-7.01763]]}},{"type":"Feature","properties":{"name":"Jalan Walisongo","kelas":"trunk","link":false},"geometry":{"type":"LineString","coordinates":[[110.3313,-6.9773],[110.33173,-6.97773]]}},{"type":"Feature","properties":{"name":"Jalan Walisongo","kelas":"trunk","link":false},"geometry":{"type":"LineString","coordinates":[[110.33168,-6.97778],[110.33126,-6.97737]]}},{"type":"Feature","properties":{"name":"Jalan Sultan Agung","kelas":"trunk","link":false},"geometry":{"type":"LineString","coordinates":[[110.41857,-7.01669],[110.42008,-7.02222]]}},{"type":"Feature","properties":{"name":"Jalan Tri Lomba Juang","kelas":"secondary","link":false},"geometry":{"type":"LineString","coordinates":[[110.41695,-6.988],[110.4171,-6.98751]]}},{"type":"Feature","properties":{"name":"","kelas":"trunk","link":false},"geometry":{"type":"LineString","coordinates":[[110.38928,-6.96277],[110.38829,-6.96288]]}},{"type":"Feature","properties":{"name":"","kelas":"trunk","link":false},"geometry":{"type":"LineString","coordinates":[[110.38377,-6.96337],[110.38365,-6.96342]]}},{"type":"Feature","properties":{"name":"","kelas":"trunk","link":false},"geometry":{"type":"LineString","coordinates":[[110.38826,-6.96258],[110.39062,-6.9623]]}},{"type":"Feature","properties":{"name":"Jalan Madukoro Raya","kelas":"trunk","link":false},"geometry":{"type":"LineString","coordinates":[[110.39271,-6.96209],[110.39385,-6.96195]]}},{"type":"Feature","properties":{"name":"Jalan Madukoro Raya","kelas":"trunk","link":false},"geometry":{"type":"LineString","coordinates":[[110.39093,-6.96226],[110.3916,-6.96217]]}},{"type":"Feature","properties":{"name":"","kelas":"trunk","link":true},"geometry":{"type":"LineString","coordinates":[[110.38829,-6.96288],[110.38829,-6.96282]]}},{"type":"Feature","properties":{"name":"","kelas":"trunk","link":true},"geometry":{"type":"LineString","coordinates":[[110.38829,-6.96282],[110.38827,-6.96266]]}},{"type":"Feature","properties":{"name":"","kelas":"primary","link":false},"geometry":{"type":"LineString","coordinates":[[110.43076,-6.96918],[110.43106,-6.96958]]}},{"type":"Feature","properties":{"name":"Jalan Kampung Tiber","kelas":"primary","link":true},"geometry":{"type":"LineString","coordinates":[[110.43157,-6.98456],[110.43163,-6.98456]]}},{"type":"Feature","properties":{"name":"Jalan Sultan Agung","kelas":"trunk","link":false},"geometry":{"type":"LineString","coordinates":[[110.41594,-7.00764],[110.41604,-7.00782]]}},{"type":"Feature","properties":{"name":"Jalan Sultan Agung","kelas":"trunk","link":false},"geometry":{"type":"LineString","coordinates":[[110.4156,-7.00733],[110.41594,-7.00764]]}},{"type":"Feature","properties":{"name":"Jalan Sultan Agung","kelas":"trunk","link":false},"geometry":{"type":"LineString","coordinates":[[110.41594,-7.00764],[110.41612,-7.0077]]}},{"type":"Feature","properties":{"name":"Jalan Sultan Agung","kelas":"trunk","link":false},"geometry":{"type":"LineString","coordinates":[[110.41617,-7.00843],[110.4162,-7.00911],[110.41575,-7.01097]]}},{"type":"Feature","properties":{"name":"Jalan S. Parman","kelas":"trunk","link":false},"geometry":{"type":"LineString","coordinates":[[110.41583,-7.00763],[110.4156,-7.00733]]}},{"type":"Feature","properties":{"name":"","kelas":"primary","link":false},"geometry":{"type":"LineString","coordinates":[[110.44196,-7.06013],[110.44211,-7.06016]]}},{"type":"Feature","properties":{"name":"Jalan Gatot Subroto","kelas":"trunk","link":false},"geometry":{"type":"LineString","coordinates":[[110.40559,-7.12604],[110.40487,-7.1269],[110.4045,-7.12763]]}},{"type":"Feature","properties":{"name":"Jalan Gatot Subroto","kelas":"trunk","link":false},"geometry":{"type":"LineString","coordinates":[[110.40443,-7.12762],[110.4047,-7.127],[110.40555,-7.12599]]}},{"type":"Feature","properties":{"name":"Jalan Pandanaran","kelas":"primary","link":false},"geometry":{"type":"LineString","coordinates":[[110.41729,-6.98756],[110.4171,-6.98751]]}},{"type":"Feature","properties":{"name":"Jalan Pandanaran","kelas":"primary","link":false},"geometry":{"type":"LineString","coordinates":[[110.41732,-6.98746],[110.4175,-6.98751]]}},{"type":"Feature","properties":{"name":"Jalan Kedungmundu","kelas":"secondary","link":false},"geometry":{"type":"LineString","coordinates":[[110.4447,-7.01144],[110.44413,-7.0112]]}},{"type":"Feature","properties":{"name":"Jalan Medoho Raya","kelas":"secondary","link":false},"geometry":{"type":"LineString","coordinates":[[110.45769,-6.99084],[110.45795,-6.99084]]}},{"type":"Feature","properties":{"name":"Jalan Imam Bonjol","kelas":"primary","link":false},"geometry":{"type":"LineString","coordinates":[[110.4105,-6.98113],[110.41165,-6.97856]]}},{"type":"Feature","properties":{"name":"Jalan Pemuda","kelas":"primary","link":false},"geometry":{"type":"LineString","coordinates":[[110.41671,-6.97716],[110.4168,-6.97708]]}},{"type":"Feature","properties":{"name":"","kelas":"primary","link":false},"geometry":{"type":"LineString","coordinates":[[110.43723,-6.99644],[110.43657,-6.99613]]}},{"type":"Feature","properties":{"name":"Jalan Brigadir Jenderal Katamso","kelas":"primary","link":false},"geometry":{"type":"LineString","coordinates":[[110.43657,-6.99613],[110.43725,-6.99638]]}},{"type":"Feature","properties":{"name":"Jalan Timoho Raya","kelas":"primary","link":false},"geometry":{"type":"LineString","coordinates":[[110.44211,-7.06016],[110.44205,-7.06015]]}},{"type":"Feature","properties":{"name":"Jalan Banjarsari Raya","kelas":"primary","link":false},"geometry":{"type":"LineString","coordinates":[[110.44205,-7.06015],[110.44196,-7.06013]]}},{"type":"Feature","properties":{"name":"Jalan Tol Semarang–Solo","kelas":"motorway","link":false},"geometry":{"type":"LineString","coordinates":[[110.41886,-7.10704],[110.41906,-7.11093],[110.41995,-7.11728]]}},{"type":"Feature","properties":{"name":"Jalan Tol Semarang–Solo","kelas":"motorway","link":false},"geometry":{"type":"LineString","coordinates":[[110.41968,-7.10299],[110.41895,-7.10439],[110.41886,-7.10704]]}},{"type":"Feature","properties":{"name":"Jalan Tol Semarang–Solo","kelas":"motorway","link":false},"geometry":{"type":"LineString","coordinates":[[110.41962,-7.10289],[110.42108,-7.10128],[110.42161,-7.10027],[110.42177,-7.09936],[110.42179,-7.09676],[110.42233,-7.09535],[110.42632,-7.09072],[110.42707,-7.08947],[110.42809,-7.08718],[110.42893,-7.08589],[110.42992,-7.0849],[110.43246,-7.08293],[110.43357,-7.08177]]}},{"type":"Feature","properties":{"name":"Jalan Tol Semarang–Solo","kelas":"motorway","link":false},"geometry":{"type":"LineString","coordinates":[[110.41875,-7.10705],[110.41885,-7.10435],[110.41962,-7.10289]]}},{"type":"Feature","properties":{"name":"Jalan Ronggowarsito","kelas":"trunk","link":false},"geometry":{"type":"LineString","coordinates":[[110.43089,-6.96431],[110.43088,-6.96422]]}},{"type":"Feature","properties":{"name":"Jalan Taman Tawang","kelas":"primary","link":false},"geometry":{"type":"LineString","coordinates":[[110.42926,-6.9652],[110.4293,-6.96527]]}},{"type":"Feature","properties":{"name":"Jalan Taman Tawang","kelas":"primary","link":false},"geometry":{"type":"LineString","coordinates":[[110.42922,-6.96514],[110.42926,-6.9652]]}},{"type":"Feature","properties":{"name":"","kelas":"primary","link":false},"geometry":{"type":"LineString","coordinates":[[110.42926,-6.9652],[110.42941,-6.96513]]}},{"type":"Feature","properties":{"name":"","kelas":"primary","link":false},"geometry":{"type":"LineString","coordinates":[[110.42941,-6.96513],[110.4293,-6.96527]]}},{"type":"Feature","properties":{"name":"","kelas":"primary","link":false},"geometry":{"type":"LineString","coordinates":[[110.42951,-6.96502],[110.42941,-6.96513]]}},{"type":"Feature","properties":{"name":"Jalan Kaligawe Raya","kelas":"trunk","link":true},"geometry":{"type":"LineString","coordinates":[[110.4651,-6.95586],[110.46284,-6.95615]]}},{"type":"Feature","properties":{"name":"Jalan Kaligawe Raya","kelas":"trunk","link":true},"geometry":{"type":"LineString","coordinates":[[110.46284,-6.95594],[110.46715,-6.95561]]}},{"type":"Feature","properties":{"name":"Jalan Kaligawe Raya","kelas":"trunk","link":false},"geometry":{"type":"LineString","coordinates":[[110.46284,-6.95603],[110.46558,-6.95577]]}},{"type":"Feature","properties":{"name":"Jalan Pekunden","kelas":"secondary","link":false},"geometry":{"type":"LineString","coordinates":[[110.41417,-6.98497],[110.4142,-6.9848]]}},{"type":"Feature","properties":{"name":"Jalan Mochammad Ichsan","kelas":"primary","link":false},"geometry":{"type":"LineString","coordinates":[[110.33619,-7.02145],[110.33657,-7.02074]]}},{"type":"Feature","properties":{"name":"Jalan Siliwangi","kelas":"trunk","link":false},"geometry":{"type":"LineString","coordinates":[[110.36677,-6.98802],[110.36664,-6.98802]]}},{"type":"Feature","properties":{"name":"Jalan Siliwangi","kelas":"trunk","link":false},"geometry":{"type":"LineString","coordinates":[[110.3681,-6.98782],[110.36677,-6.98802]]}},{"type":"Feature","properties":{"name":"Jalan Gatot Subroto","kelas":"trunk","link":true},"geometry":{"type":"LineString","coordinates":[[110.36664,-6.98802],[110.36663,-6.98789]]}},{"type":"Feature","properties":{"name":"Jalan Gatot Subroto","kelas":"trunk","link":true},"geometry":{"type":"LineString","coordinates":[[110.36675,-6.98787],[110.36677,-6.98802]]}},{"type":"Feature","properties":{"name":"Jalan Siliwangi","kelas":"trunk","link":false},"geometry":{"type":"LineString","coordinates":[[110.36818,-6.98765],[110.36942,-6.98751]]}},{"type":"Feature","properties":{"name":"Jalan Siliwangi","kelas":"trunk","link":false},"geometry":{"type":"LineString","coordinates":[[110.36663,-6.98789],[110.36675,-6.98787]]}},{"type":"Feature","properties":{"name":"Jalan Dokter Wahidin","kelas":"trunk","link":false},"geometry":{"type":"LineString","coordinates":[[110.42742,-7.01748],[110.42722,-7.01768]]}},{"type":"Feature","properties":{"name":"Jalan Dokter Wahidin","kelas":"trunk","link":false},"geometry":{"type":"LineString","coordinates":[[110.42845,-7.01668],[110.42742,-7.01748]]}},{"type":"Feature","properties":{"name":"Jalan Sisingamangaraja","kelas":"trunk","link":true},"geometry":{"type":"LineString","coordinates":[[110.42879,-7.01637],[110.42882,-7.01646]]}},{"type":"Feature","properties":{"name":"Jalan Sisingamangaraja","kelas":"trunk","link":true},"geometry":{"type":"LineString","coordinates":[[110.42871,-7.01653],[110.42861,-7.01645]]}},{"type":"Feature","properties":{"name":"Jalan Veteran","kelas":"secondary","link":false},"geometry":{"type":"LineString","coordinates":[[110.41241,-6.99606],[110.41048,-6.99606]]}},{"type":"Feature","properties":{"name":"Jalan Veteran","kelas":"secondary","link":false},"geometry":{"type":"LineString","coordinates":[[110.41371,-6.99584],[110.41241,-6.99606]]}},{"type":"Feature","properties":{"name":"","kelas":"trunk","link":true},"geometry":{"type":"LineString","coordinates":[[110.49653,-6.9456],[110.4965,-6.94551]]}},{"type":"Feature","properties":{"name":"Jalan Tol Semarang","kelas":"motorway","link":false},"geometry":{"type":"LineString","coordinates":[[110.43143,-7.03128],[110.43144,-7.0318]]}},{"type":"Feature","properties":{"name":"Jalan Tol Semarang","kelas":"motorway","link":false},"geometry":{"type":"LineString","coordinates":[[110.43145,-7.03111],[110.43143,-7.03128]]}},{"type":"Feature","properties":{"name":"Jalan Tol Semarang","kelas":"motorway","link":false},"geometry":{"type":"LineString","coordinates":[[110.43132,-7.03109],[110.43186,-7.02886]]}},{"type":"Feature","properties":{"name":"Jalan Tol Semarang","kelas":"motorway","link":false},"geometry":{"type":"LineString","coordinates":[[110.43131,-7.03127],[110.43132,-7.03109]]}},{"type":"Feature","properties":{"name":"Jalan Pemuda","kelas":"primary","link":false},"geometry":{"type":"LineString","coordinates":[[110.41831,-6.97557],[110.42002,-6.97381]]}},{"type":"Feature","properties":{"name":"Jalan Teuku Umar","kelas":"trunk","link":false},"geometry":{"type":"LineString","coordinates":[[110.41954,-7.02476],[110.42046,-7.02382]]}},{"type":"Feature","properties":{"name":"","kelas":"primary","link":false},"geometry":{"type":"LineString","coordinates":[[110.43097,-6.97007],[110.43084,-6.96997]]}},{"type":"Feature","properties":{"name":"Jalan MT. Haryono","kelas":"primary","link":false},"geometry":{"type":"LineString","coordinates":[[110.43196,-6.99428],[110.43162,-6.9858]]}},{"type":"Feature","properties":{"name":"Jalan Dokter Cipto","kelas":"trunk","link":false},"geometry":{"type":"LineString","coordinates":[[110.43479,-6.98519],[110.43476,-6.98531]]}},{"type":"Feature","properties":{"name":"Jalan Kartini","kelas":"secondary","link":false},"geometry":{"type":"LineString","coordinates":[[110.43718,-6.98553],[110.43476,-6.98531]]}},{"type":"Feature","properties":{"name":"Jalan Raden Patah","kelas":"trunk","link":false},"geometry":{"type":"LineString","coordinates":[[110.43281,-6.96603],[110.43097,-6.96712]]}},{"type":"Feature","properties":{"name":"","kelas":"secondary","link":false},"geometry":{"type":"LineString","coordinates":[[110.42526,-6.96875],[110.42514,-6.96852]]}},{"type":"Feature","properties":{"name":"Jalan Diponegoro","kelas":"trunk","link":false},"geometry":{"type":"LineString","coordinates":[[110.40419,-7.12939],[110.40443,-7.12762]]}},{"type":"Feature","properties":{"name":"Jalan Sriwijaya","kelas":"secondary","link":false},"geometry":{"type":"LineString","coordinates":[[110.4194,-6.99752],[110.41928,-6.99749]]}},{"type":"Feature","properties":{"name":"Jalan Sriwijaya","kelas":"secondary","link":false},"geometry":{"type":"LineString","coordinates":[[110.41941,-6.99746],[110.41985,-6.99752]]}},{"type":"Feature","properties":{"name":"Jalan Gatot Subroto","kelas":"trunk","link":false},"geometry":{"type":"LineString","coordinates":[[110.4126,-7.10878],[110.41256,-7.10866]]}},{"type":"Feature","properties":{"name":"Jalan Kolonel Soegiono","kelas":"secondary","link":false},"geometry":{"type":"LineString","coordinates":[[110.42279,-6.97114],[110.42272,-6.97105]]}},{"type":"Feature","properties":{"name":"Jalan Komdor Laut Yos Sudarso","kelas":"trunk","link":false},"geometry":{"type":"LineString","coordinates":[[110.45144,-6.95474],[110.45113,-6.95353],[110.45041,-6.95263]]}},{"type":"Feature","properties":{"name":"Jalan Komdor Laut Yos Sudarso","kelas":"trunk","link":false},"geometry":{"type":"LineString","coordinates":[[110.45062,-6.95242],[110.45118,-6.95308],[110.45158,-6.95404]]}},{"type":"Feature","properties":{"name":"Jalan Kaligawe Raya","kelas":"trunk","link":false},"geometry":{"type":"LineString","coordinates":[[110.4651,-6.95586],[110.46284,-6.95609]]}},{"type":"Feature","properties":{"name":"Jalan Kaligawe Raya","kelas":"trunk","link":false},"geometry":{"type":"LineString","coordinates":[[110.46277,-6.95603],[110.46284,-6.95603]]}},{"type":"Feature","properties":{"name":"Jalan K.H. Agus Salim","kelas":"secondary","link":false},"geometry":{"type":"LineString","coordinates":[[110.42538,-6.97145],[110.42515,-6.97143]]}},{"type":"Feature","properties":{"name":"Jalan Brigadir Jenderal Katamso","kelas":"primary","link":false},"geometry":{"type":"LineString","coordinates":[[110.43391,-6.99504],[110.43196,-6.99428]]}},{"type":"Feature","properties":{"name":"Jalan Taman Diponegoro","kelas":"trunk","link":true},"geometry":{"type":"LineString","coordinates":[[110.41601,-7.00789],[110.41604,-7.00782]]}},{"type":"Feature","properties":{"name":"Jalan Siliwangi","kelas":"trunk","link":false},"geometry":{"type":"LineString","coordinates":[[110.37488,-6.98661],[110.37473,-6.98664]]}},{"type":"Feature","properties":{"name":"Jalan Mr. Wuryanto","kelas":"primary","link":false},"geometry":{"type":"LineString","coordinates":[[110.38386,-7.10153],[110.38499,-7.10256],[110.3864,-7.10288],[110.38732,-7.10338],[110.38882,-7.10512]]}},{"type":"Feature","properties":{"name":"Jalan Mr. Wuryanto","kelas":"primary","link":false},"geometry":{"type":"LineString","coordinates":[[110.38374,-7.10136],[110.38386,-7.10153]]}},{"type":"Feature","properties":{"name":"Jalan Mr. Wuryanto","kelas":"primary","link":false},"geometry":{"type":"LineString","coordinates":[[110.4016,-7.11629],[110.40213,-7.11671]]}},{"type":"Feature","properties":{"name":"Jalan Mr. Wuryanto","kelas":"primary","link":false},"geometry":{"type":"LineString","coordinates":[[110.40148,-7.11619],[110.4016,-7.11629]]}},{"type":"Feature","properties":{"name":"Jalan Kompol R. Soekanto","kelas":"secondary","link":false},"geometry":{"type":"LineString","coordinates":[[110.459,-7.03906],[110.45905,-7.03911]]}},{"type":"Feature","properties":{"name":"Jalan Kompol R. Soekanto","kelas":"secondary","link":false},"geometry":{"type":"LineString","coordinates":[[110.45829,-7.03831],[110.459,-7.03906]]}},{"type":"Feature","properties":{"name":"Jalan Profesor Soeharso","kelas":"primary","link":false},"geometry":{"type":"LineString","coordinates":[[110.47066,-7.05779],[110.47096,-7.0578]]}},{"type":"Feature","properties":{"name":"Jalan Profesor Soeharso","kelas":"primary","link":false},"geometry":{"type":"LineString","coordinates":[[110.47056,-7.05782],[110.47066,-7.05779]]}},{"type":"Feature","properties":{"name":"Jalan Kolonel Haji Imam Soeparto","kelas":"primary","link":false},"geometry":{"type":"LineString","coordinates":[[110.46375,-7.05702],[110.46373,-7.05704]]}},{"type":"Feature","properties":{"name":"Jalan Kolonel Haji Imam Soeparto","kelas":"primary","link":false},"geometry":{"type":"LineString","coordinates":[[110.46387,-7.05698],[110.46375,-7.05702]]}},{"type":"Feature","properties":{"name":"Jalan Dewi Sartika Raya","kelas":"secondary","link":false},"geometry":{"type":"LineString","coordinates":[[110.38875,-7.02232],[110.38881,-7.02276]]}},{"type":"Feature","properties":{"name":"Jalan Dewi Sartika Raya","kelas":"secondary","link":false},"geometry":{"type":"LineString","coordinates":[[110.38874,-7.02222],[110.38875,-7.02232]]}},{"type":"Feature","properties":{"name":"Jalan Muntal Raya","kelas":"secondary","link":false},"geometry":{"type":"LineString","coordinates":[[110.38164,-7.07671],[110.38207,-7.07627]]}},{"type":"Feature","properties":{"name":"Jalan Muntal Raya","kelas":"secondary","link":false},"geometry":{"type":"LineString","coordinates":[[110.38158,-7.07673],[110.38164,-7.07671]]}},{"type":"Feature","properties":{"name":"Jalan Muntal Raya","kelas":"secondary","link":false},"geometry":{"type":"LineString","coordinates":[[110.38207,-7.07627],[110.38215,-7.07618]]}},{"type":"Feature","properties":{"name":"Jalan Muntal Raya","kelas":"secondary","link":false},"geometry":{"type":"LineString","coordinates":[[110.37934,-7.07727],[110.38025,-7.07679],[110.38158,-7.07673]]}},{"type":"Feature","properties":{"name":"Jalan RM Soebagiyono Tjondro Koesoemo","kelas":"primary","link":false},"geometry":{"type":"LineString","coordinates":[[110.35286,-7.09155],[110.353,-7.09145]]}},{"type":"Feature","properties":{"name":"Jalan RM Soebagiyono Tjondro Koesoemo","kelas":"primary","link":false},"geometry":{"type":"LineString","coordinates":[[110.35096,-7.09221],[110.35286,-7.09155]]}},{"type":"Feature","properties":{"name":"Jalan Tol Semarang–Batang","kelas":"motorway","link":false},"geometry":{"type":"LineString","coordinates":[[110.30076,-6.98214],[110.30534,-6.982]]}},{"type":"Feature","properties":{"name":"Jalan Tol Semarang–Batang","kelas":"motorway","link":false},"geometry":{"type":"LineString","coordinates":[[110.30061,-6.98214],[110.30076,-6.98214]]}},{"type":"Feature","properties":{"name":"Jalan Tol Semarang–Batang","kelas":"motorway","link":false},"geometry":{"type":"LineString","coordinates":[[110.30077,-6.98224],[110.30061,-6.98224]]}},{"type":"Feature","properties":{"name":"Jalan Tol Semarang–Batang","kelas":"motorway","link":false},"geometry":{"type":"LineString","coordinates":[[110.30536,-6.9821],[110.30077,-6.98224]]}},{"type":"Feature","properties":{"name":"Jalan Tol Semarang–Batang","kelas":"motorway","link":false},"geometry":{"type":"LineString","coordinates":[[110.30551,-6.982],[110.30782,-6.98227]]}},{"type":"Feature","properties":{"name":"Jalan Tol Semarang–Batang","kelas":"motorway","link":false},"geometry":{"type":"LineString","coordinates":[[110.30534,-6.982],[110.30551,-6.982]]}},{"type":"Feature","properties":{"name":"Jalan Tol Semarang–Batang","kelas":"motorway","link":false},"geometry":{"type":"LineString","coordinates":[[110.30553,-6.9821],[110.30536,-6.9821]]}},{"type":"Feature","properties":{"name":"Jalan Tol Semarang–Batang","kelas":"motorway","link":false},"geometry":{"type":"LineString","coordinates":[[110.30778,-6.98237],[110.30553,-6.9821]]}},{"type":"Feature","properties":{"name":"Jalan Singosari Raya","kelas":"secondary","link":false},"geometry":{"type":"LineString","coordinates":[[110.42451,-7.00115],[110.42433,-7.00151]]}},{"type":"Feature","properties":{"name":"Jalan Sriwijaya","kelas":"secondary","link":false},"geometry":{"type":"LineString","coordinates":[[110.43154,-7.0048],[110.43079,-7.00505],[110.42776,-7.00455]]}},{"type":"Feature","properties":{"name":"Jalan Sriwijaya","kelas":"secondary","link":false},"geometry":{"type":"LineString","coordinates":[[110.42433,-7.00151],[110.42153,-6.99832],[110.4194,-6.99752]]}},{"type":"Feature","properties":{"name":"Jalan Komdor Laut Yos Sudarso","kelas":"trunk","link":false},"geometry":{"type":"LineString","coordinates":[[110.45174,-6.95475],[110.45177,-6.95657]]}},{"type":"Feature","properties":{"name":"Jalan Raden Patah","kelas":"trunk","link":false},"geometry":{"type":"LineString","coordinates":[[110.45191,-6.95711],[110.45127,-6.95713]]}},{"type":"Feature","properties":{"name":"Jalan Tol Semarang","kelas":"motorway","link":false},"geometry":{"type":"LineString","coordinates":[[110.45145,-6.9598],[110.45148,-6.95914]]}},{"type":"Feature","properties":{"name":"Jalan Tol Semarang","kelas":"motorway","link":false},"geometry":{"type":"LineString","coordinates":[[110.45158,-6.95912],[110.4516,-6.95979]]}},{"type":"Feature","properties":{"name":"Jalan Gatot Subroto","kelas":"trunk","link":false},"geometry":{"type":"LineString","coordinates":[[110.40998,-7.1208],[110.4093,-7.12123]]}},{"type":"Feature","properties":{"name":"Jalan Gatot Subroto","kelas":"trunk","link":false},"geometry":{"type":"LineString","coordinates":[[110.41006,-7.12072],[110.40998,-7.1208]]}},{"type":"Feature","properties":{"name":"Jalan Gatot Subroto","kelas":"trunk","link":false},"geometry":{"type":"LineString","coordinates":[[110.40994,-7.12075],[110.41001,-7.12068]]}},{"type":"Feature","properties":{"name":"Jalan Gatot Subroto","kelas":"trunk","link":false},"geometry":{"type":"LineString","coordinates":[[110.4086,-7.12152],[110.40994,-7.12075]]}},{"type":"Feature","properties":{"name":"Jalan Kyai Saleh","kelas":"secondary","link":false},"geometry":{"type":"LineString","coordinates":[[110.41376,-6.99328],[110.41415,-6.99573]]}},{"type":"Feature","properties":{"name":"Jalan Veteran","kelas":"secondary","link":false},"geometry":{"type":"LineString","coordinates":[[110.41415,-6.99573],[110.41371,-6.99584]]}},{"type":"Feature","properties":{"name":"Jalan Madukoro Raya","kelas":"trunk","link":false},"geometry":{"type":"LineString","coordinates":[[110.39402,-6.96221],[110.39385,-6.96223]]}},{"type":"Feature","properties":{"name":"Jalan Madukoro Raya","kelas":"trunk","link":false},"geometry":{"type":"LineString","coordinates":[[110.39421,-6.9622],[110.39402,-6.96221]]}},{"type":"Feature","properties":{"name":"Jalan Madukoro Raya","kelas":"trunk","link":false},"geometry":{"type":"LineString","coordinates":[[110.39385,-6.96223],[110.39274,-6.96231]]}},{"type":"Feature","properties":{"name":"Jalan Walisongo","kelas":"trunk","link":false},"geometry":{"type":"LineString","coordinates":[[110.34517,-6.98586],[110.34262,-6.98611],[110.34141,-6.98587]]}},{"type":"Feature","properties":{"name":"Jalan Walisongo","kelas":"trunk","link":false},"geometry":{"type":"LineString","coordinates":[[110.34516,-6.98577],[110.34592,-6.98569]]}},{"type":"Feature","properties":{"name":"Jalan Madukoro Raya","kelas":"trunk","link":false},"geometry":{"type":"LineString","coordinates":[[110.39409,-6.96193],[110.39422,-6.96191]]}},{"type":"Feature","properties":{"name":"Jalan Raya Kaligawe","kelas":"trunk","link":false},"geometry":{"type":"LineString","coordinates":[[110.45181,-6.95704],[110.45343,-6.95693]]}},{"type":"Feature","properties":{"name":"Jalan Sultan Agung","kelas":"trunk","link":false},"geometry":{"type":"LineString","coordinates":[[110.41807,-7.01472],[110.41815,-7.01499]]}},{"type":"Feature","properties":{"name":"Jalan Sultan Agung","kelas":"trunk","link":false},"geometry":{"type":"LineString","coordinates":[[110.41818,-7.01528],[110.41842,-7.01613]]}},{"type":"Feature","properties":{"name":"Jalan Raden Patah","kelas":"trunk","link":false},"geometry":{"type":"LineString","coordinates":[[110.45127,-6.95713],[110.45093,-6.95715]]}},{"type":"Feature","properties":{"name":"","kelas":"primary","link":true},"geometry":{"type":"LineString","coordinates":[[110.46176,-6.99558],[110.46169,-6.99563]]}},{"type":"Feature","properties":{"name":"Jalan Pleburan Barat","kelas":"secondary","link":true},"geometry":{"type":"LineString","coordinates":[[110.42384,-7.00095],[110.42399,-7.00079]]}},{"type":"Feature","properties":{"name":"Jalan Erlangga Timur","kelas":"primary","link":true},"geometry":{"type":"LineString","coordinates":[[110.42883,-6.99304],[110.42885,-6.993]]}},{"type":"Feature","properties":{"name":"","kelas":"primary","link":true},"geometry":{"type":"LineString","coordinates":[[110.46321,-6.99721],[110.46326,-6.99715]]}},{"type":"Feature","properties":{"name":"","kelas":"motorway","link":true},"geometry":{"type":"LineString","coordinates":[[110.42286,-7.12856],[110.42284,-7.1284]]}},{"type":"Feature","properties":{"name":"","kelas":"motorway","link":true},"geometry":{"type":"LineString","coordinates":[[110.42284,-7.1284],[110.42276,-7.1277]]}},{"type":"Feature","properties":{"name":"","kelas":"motorway","link":true},"geometry":{"type":"LineString","coordinates":[[110.42262,-7.12723],[110.42324,-7.1282]]}},{"type":"Feature","properties":{"name":"","kelas":"trunk","link":true},"geometry":{"type":"LineString","coordinates":[[110.40892,-7.09183],[110.40901,-7.0918]]}},{"type":"Feature","properties":{"name":"Jalan Perintis Kemerdekaan","kelas":"trunk","link":false},"geometry":{"type":"LineString","coordinates":[[110.40965,-7.09812],[110.40912,-7.10064],[110.40914,-7.10265],[110.40964,-7.10394],[110.41093,-7.10626],[110.41264,-7.10861]]}},{"type":"Feature","properties":{"name":"Jalan Raden Ajeng Kartini","kelas":"primary","link":false},"geometry":{"type":"LineString","coordinates":[[110.40359,-7.12764],[110.4036,-7.12752]]}},{"type":"Feature","properties":{"name":"Jalan Tol Semarang–Solo","kelas":"motorway","link":false},"geometry":{"type":"LineString","coordinates":[[110.43527,-7.07794],[110.43542,-7.07708]]}},{"type":"Feature","properties":{"name":"Jalan Tol Semarang–Solo","kelas":"motorway","link":false},"geometry":{"type":"LineString","coordinates":[[110.43357,-7.08177],[110.43469,-7.07999],[110.43527,-7.07794]]}},{"type":"Feature","properties":{"name":"Jalan Tol Semarang–Solo","kelas":"motorway","link":false},"geometry":{"type":"LineString","coordinates":[[110.43539,-7.07795],[110.43464,-7.08041],[110.43366,-7.08184]]}},{"type":"Feature","properties":{"name":"Jalan Tol Semarang–Solo","kelas":"motorway","link":false},"geometry":{"type":"LineString","coordinates":[[110.43552,-7.07712],[110.43539,-7.07795]]}},{"type":"Feature","properties":{"name":"Jalan Mayor Jenderal MT. Haryono","kelas":"trunk","link":false},"geometry":{"type":"LineString","coordinates":[[110.43243,-7.0092],[110.4324,-7.00845]]}},{"type":"Feature","properties":{"name":"Jalan Brigadir Jenderal Katamso","kelas":"primary","link":false},"geometry":{"type":"LineString","coordinates":[[110.43725,-6.99638],[110.43745,-6.99647]]}},{"type":"Feature","properties":{"name":"","kelas":"primary","link":false},"geometry":{"type":"LineString","coordinates":[[110.43735,-6.99649],[110.43723,-6.99644]]}},{"type":"Feature","properties":{"name":"Jalan Pemuda","kelas":"primary","link":false},"geometry":{"type":"LineString","coordinates":[[110.42002,-6.97381],[110.42114,-6.97268]]}},{"type":"Feature","properties":{"name":"Jalan Kaligawe Raya","kelas":"trunk","link":false},"geometry":{"type":"LineString","coordinates":[[110.44642,-6.95846],[110.44632,-6.9585]]}},{"type":"Feature","properties":{"name":"Jalan Kaligawe Raya","kelas":"trunk","link":false},"geometry":{"type":"LineString","coordinates":[[110.44629,-6.95842],[110.44635,-6.95841]]}},{"type":"Feature","properties":{"name":"","kelas":"secondary","link":false},"geometry":{"type":"LineString","coordinates":[[110.41578,-7.01138],[110.41585,-7.01135]]}},{"type":"Feature","properties":{"name":"Jalan Sultan Agung","kelas":"trunk","link":false},"geometry":{"type":"LineString","coordinates":[[110.41815,-7.01499],[110.4182,-7.0152]]}},{"type":"Feature","properties":{"name":"","kelas":"trunk","link":false},"geometry":{"type":"LineString","coordinates":[[110.4182,-7.0152],[110.41818,-7.01528]]}},{"type":"Feature","properties":{"name":"","kelas":"primary","link":true},"geometry":{"type":"LineString","coordinates":[[110.42007,-6.97404],[110.41997,-6.97399]]}},{"type":"Feature","properties":{"name":"Jalan Pemuda","kelas":"primary","link":false},"geometry":{"type":"LineString","coordinates":[[110.41808,-6.9759],[110.41684,-6.97715]]}},{"type":"Feature","properties":{"name":"Jalan Pemuda","kelas":"primary","link":false},"geometry":{"type":"LineString","coordinates":[[110.42005,-6.97392],[110.41832,-6.97566]]}},{"type":"Feature","properties":{"name":"","kelas":"primary","link":true},"geometry":{"type":"LineString","coordinates":[[110.34344,-6.9988],[110.34342,-6.99871]]}},{"type":"Feature","properties":{"name":"Jalan Sultan Agung","kelas":"trunk","link":false},"geometry":{"type":"LineString","coordinates":[[110.41585,-7.01135],[110.41589,-7.01144]]}},{"type":"Feature","properties":{"name":"Jalan Tegalsari Raya","kelas":"secondary","link":false},"geometry":{"type":"LineString","coordinates":[[110.42795,-7.00511],[110.42799,-7.00492]]}},{"type":"Feature","properties":{"name":"Jalan Tegalsari Raya","kelas":"secondary","link":false},"geometry":{"type":"LineString","coordinates":[[110.42799,-7.00492],[110.42804,-7.00463]]}},{"type":"Feature","properties":{"name":"Jalan Sendangguwo Raya","kelas":"secondary","link":true},"geometry":{"type":"LineString","coordinates":[[110.45312,-7.01492],[110.45307,-7.01496]]}},{"type":"Feature","properties":{"name":"Jalan Arteri Utara","kelas":"trunk","link":false},"geometry":{"type":"LineString","coordinates":[[110.39456,-6.95813],[110.39491,-6.95714],[110.39556,-6.95626]]}},{"type":"Feature","properties":{"name":"Jalan Arteri Utara","kelas":"trunk","link":false},"geometry":{"type":"LineString","coordinates":[[110.3937,-6.96637],[110.39319,-6.96793],[110.39259,-6.96891],[110.39176,-6.96981],[110.38885,-6.97234],[110.38812,-6.97327],[110.38757,-6.9751],[110.38771,-6.97772]]}},{"type":"Feature","properties":{"name":"Flyover Madukoro","kelas":"trunk","link":false},"geometry":{"type":"LineString","coordinates":[[110.39467,-6.95807],[110.39422,-6.96155]]}},{"type":"Feature","properties":{"name":"Flyover Madukoro","kelas":"trunk","link":false},"geometry":{"type":"LineString","coordinates":[[110.3936,-6.96635],[110.39406,-6.96266]]}},{"type":"Feature","properties":{"name":"","kelas":"trunk","link":false},"geometry":{"type":"LineString","coordinates":[[110.39467,-6.95807],[110.3937,-6.96637]]}},{"type":"Feature","properties":{"name":"Flyover Madukoro","kelas":"trunk","link":false},"geometry":{"type":"LineString","coordinates":[[110.39406,-6.96266],[110.39418,-6.96154]]}},{"type":"Feature","properties":{"name":"Flyover Madukoro","kelas":"trunk","link":false},"geometry":{"type":"LineString","coordinates":[[110.39422,-6.96155],[110.3941,-6.96266]]}},{"type":"Feature","properties":{"name":"Flyover Madukoro","kelas":"trunk","link":false},"geometry":{"type":"LineString","coordinates":[[110.39418,-6.96154],[110.39456,-6.95813]]}},{"type":"Feature","properties":{"name":"Flyover Madukoro","kelas":"trunk","link":false},"geometry":{"type":"LineString","coordinates":[[110.3941,-6.96266],[110.3937,-6.96637]]}},{"type":"Feature","properties":{"name":"Jalan Arteri Yos Sudarso","kelas":"trunk","link":false},"geometry":{"type":"LineString","coordinates":[[110.3936,-6.96635],[110.394,-6.96239]]}},{"type":"Feature","properties":{"name":"","kelas":"trunk","link":true},"geometry":{"type":"LineString","coordinates":[[110.38827,-6.96266],[110.38826,-6.96258]]}},{"type":"Feature","properties":{"name":"","kelas":"trunk","link":false},"geometry":{"type":"LineString","coordinates":[[110.38736,-6.96267],[110.38826,-6.96258]]}},{"type":"Feature","properties":{"name":"Jalan Madukoro Raya","kelas":"trunk","link":false},"geometry":{"type":"LineString","coordinates":[[110.39427,-6.96219],[110.39421,-6.9622]]}},{"type":"Feature","properties":{"name":"Jalan Madukoro Raya","kelas":"trunk","link":false},"geometry":{"type":"LineString","coordinates":[[110.39422,-6.96191],[110.3943,-6.9619]]}},{"type":"Feature","properties":{"name":"","kelas":"trunk","link":false},"geometry":{"type":"LineString","coordinates":[[110.39102,-6.96251],[110.39083,-6.96267],[110.39059,-6.96255]]}},{"type":"Feature","properties":{"name":"","kelas":"trunk","link":false},"geometry":{"type":"LineString","coordinates":[[110.39101,-6.96238],[110.39102,-6.96251]]}},{"type":"Feature","properties":{"name":"","kelas":"trunk","link":false},"geometry":{"type":"LineString","coordinates":[[110.39059,-6.96255],[110.39057,-6.96241]]}},{"type":"Feature","properties":{"name":"Jalan Arteri Yos Sudarso","kelas":"trunk","link":false},"geometry":{"type":"LineString","coordinates":[[110.394,-6.96239],[110.39405,-6.96193]]}},{"type":"Feature","properties":{"name":"Jalan Arteri Yos Sudarso","kelas":"trunk","link":false},"geometry":{"type":"LineString","coordinates":[[110.39405,-6.96193],[110.39456,-6.95813]]}},{"type":"Feature","properties":{"name":"Jalan Gajah Mada","kelas":"secondary","link":false},"geometry":{"type":"LineString","coordinates":[[110.42005,-6.97392],[110.42002,-6.97381]]}},{"type":"Feature","properties":{"name":"Jalan Taman Tawang","kelas":"primary","link":false},"geometry":{"type":"LineString","coordinates":[[110.42518,-6.9664],[110.42626,-6.96609]]}},{"type":"Feature","properties":{"name":"Jalan Suari","kelas":"secondary","link":true},"geometry":{"type":"LineString","coordinates":[[110.42786,-6.97077],[110.42787,-6.97086]]}},{"type":"Feature","properties":{"name":"","kelas":"trunk","link":false},"geometry":{"type":"LineString","coordinates":[[110.40994,-6.9843],[110.40964,-6.98456],[110.4092,-6.98447]]}},{"type":"Feature","properties":{"name":"","kelas":"trunk","link":false},"geometry":{"type":"LineString","coordinates":[[110.4092,-6.98447],[110.40902,-6.98406],[110.40918,-6.98374]]}},{"type":"Feature","properties":{"name":"Jalan MT. Haryono","kelas":"primary","link":false},"geometry":{"type":"LineString","coordinates":[[110.43159,-6.98539],[110.43159,-6.98523]]}},{"type":"Feature","properties":{"name":"Jalan MT. Haryono","kelas":"primary","link":false},"geometry":{"type":"LineString","coordinates":[[110.4316,-6.98554],[110.43159,-6.98539]]}},{"type":"Feature","properties":{"name":"Jalan Mayor Jenderal Donald Isaac Panjaitan","kelas":"secondary","link":false},"geometry":{"type":"LineString","coordinates":[[110.43129,-6.9854],[110.43159,-6.98539]]}},{"type":"Feature","properties":{"name":"Jalan Mayor Jenderal Sutoyo","kelas":"secondary","link":false},"geometry":{"type":"LineString","coordinates":[[110.4316,-6.98554],[110.43151,-6.98555]]}},{"type":"Feature","properties":{"name":"Jalan MT. Haryono","kelas":"primary","link":false},"geometry":{"type":"LineString","coordinates":[[110.43162,-6.9858],[110.4316,-6.98554]]}},{"type":"Feature","properties":{"name":"Jalan Kartini","kelas":"secondary","link":false},"geometry":{"type":"LineString","coordinates":[[110.43166,-6.98539],[110.43479,-6.98519]]}},{"type":"Feature","properties":{"name":"Jalan Kartini","kelas":"secondary","link":false},"geometry":{"type":"LineString","coordinates":[[110.43167,-6.98554],[110.4316,-6.98554]]}},{"type":"Feature","properties":{"name":"Jalan MT. Haryono","kelas":"primary","link":false},"geometry":{"type":"LineString","coordinates":[[110.4315,-6.98222],[110.43121,-6.9757]]}},{"type":"Feature","properties":{"name":"","kelas":"trunk","link":false},"geometry":{"type":"LineString","coordinates":[[110.38829,-6.96288],[110.3874,-6.963]]}},{"type":"Feature","properties":{"name":"Jalan Kolonel RW Sugiarto","kelas":"secondary","link":false},"geometry":{"type":"LineString","coordinates":[[110.36081,-7.05759],[110.36083,-7.05753]]}},{"type":"Feature","properties":{"name":"Jalan Kolonel RW Sugiarto","kelas":"secondary","link":false},"geometry":{"type":"LineString","coordinates":[[110.35913,-7.06127],[110.36013,-7.05978],[110.36081,-7.05759]]}},{"type":"Feature","properties":{"name":"Jalan Kolonel RW Sugiarto","kelas":"secondary","link":false},"geometry":{"type":"LineString","coordinates":[[110.3591,-7.06137],[110.35913,-7.06127]]}},{"type":"Feature","properties":{"name":"Jalan Kolonel RW Sugiarto","kelas":"secondary","link":false},"geometry":{"type":"LineString","coordinates":[[110.35921,-7.07156],[110.3588,-7.07046],[110.35896,-7.06618],[110.35818,-7.065],[110.3591,-7.06137]]}},{"type":"Feature","properties":{"name":"Gang Dieng II","kelas":"primary","link":true},"geometry":{"type":"LineString","coordinates":[[110.33562,-7.02259],[110.33574,-7.02261]]}},{"type":"Feature","properties":{"name":"Jalan Siliwangi","kelas":"trunk","link":false},"geometry":{"type":"LineString","coordinates":[[110.36069,-6.9866],[110.3608,-6.98661]]}},{"type":"Feature","properties":{"name":"Jalan Siliwangi","kelas":"trunk","link":false},"geometry":{"type":"LineString","coordinates":[[110.3608,-6.98674],[110.36067,-6.98674]]}},{"type":"Feature","properties":{"name":"Jalan Profesor Dokter Hamka","kelas":"primary","link":false},"geometry":{"type":"LineString","coordinates":[[110.36067,-6.98674],[110.36069,-6.9866]]}},{"type":"Feature","properties":{"name":"Jalan Profesor Dokter Hamka","kelas":"primary","link":false},"geometry":{"type":"LineString","coordinates":[[110.3608,-6.98661],[110.3608,-6.98674]]}},{"type":"Feature","properties":{"name":"Jalan Diponegoro","kelas":"trunk","link":false},"geometry":{"type":"LineString","coordinates":[[110.40415,-7.12965],[110.40419,-7.12939]]}},{"type":"Feature","properties":{"name":"Jalan Pemuda","kelas":"primary","link":false},"geometry":{"type":"LineString","coordinates":[[110.41289,-6.98096],[110.41282,-6.98103]]}},{"type":"Feature","properties":{"name":"","kelas":"trunk","link":false},"geometry":{"type":"LineString","coordinates":[[110.40918,-6.98374],[110.40926,-6.98368]]}},{"type":"Feature","properties":{"name":"Jalan Diponegoro","kelas":"trunk","link":false},"geometry":{"type":"LineString","coordinates":[[110.4045,-7.12763],[110.40425,-7.1295]]}},{"type":"Feature","properties":{"name":"Jalan Sultan Agung","kelas":"trunk","link":false},"geometry":{"type":"LineString","coordinates":[[110.41604,-7.00782],[110.41617,-7.00843]]}},{"type":"Feature","properties":{"name":"","kelas":"trunk","link":false},"geometry":{"type":"LineString","coordinates":[[110.40998,-6.984],[110.40994,-6.9843]]}},{"type":"Feature","properties":{"name":"Jalan Setiabudi","kelas":"trunk","link":false},"geometry":{"type":"LineString","coordinates":[[110.41436,-7.05912],[110.41408,-7.05996]]}},{"type":"Feature","properties":{"name":"Jalan Perintis Kemerdekaan","kelas":"trunk","link":false},"geometry":{"type":"LineString","coordinates":[[110.41118,-7.07381],[110.41116,-7.07358]]}},{"type":"Feature","properties":{"name":"Jalan Sultan Agung","kelas":"trunk","link":false},"geometry":{"type":"LineString","coordinates":[[110.42008,-7.02222],[110.42014,-7.02245]]}},{"type":"Feature","properties":{"name":"Jalan Sultan Agung","kelas":"trunk","link":false},"geometry":{"type":"LineString","coordinates":[[110.42014,-7.02245],[110.42025,-7.02302]]}},{"type":"Feature","properties":{"name":"Jalan Sultan Agung","kelas":"trunk","link":false},"geometry":{"type":"LineString","coordinates":[[110.41842,-7.01613],[110.41857,-7.01669]]}},{"type":"Feature","properties":{"name":"Jalan Sultan Agung","kelas":"trunk","link":false},"geometry":{"type":"LineString","coordinates":[[110.41818,-7.01528],[110.41813,-7.01522]]}},{"type":"Feature","properties":{"name":"Jalan Sultan Agung","kelas":"trunk","link":false},"geometry":{"type":"LineString","coordinates":[[110.41602,-7.01166],[110.41612,-7.01182]]}},{"type":"Feature","properties":{"name":"Jalan Sultan Agung","kelas":"trunk","link":false},"geometry":{"type":"LineString","coordinates":[[110.41569,-7.01111],[110.41566,-7.01095]]}},{"type":"Feature","properties":{"name":"Jalan Sultan Agung","kelas":"trunk","link":false},"geometry":{"type":"LineString","coordinates":[[110.41611,-7.00915],[110.41613,-7.00842]]}},{"type":"Feature","properties":{"name":"Jalan Taman Diponegoro","kelas":"trunk","link":false},"geometry":{"type":"LineString","coordinates":[[110.41684,-7.00782],[110.41632,-7.00816]]}},{"type":"Feature","properties":{"name":"Jalan S. Parman","kelas":"trunk","link":false},"geometry":{"type":"LineString","coordinates":[[110.4127,-7.00532],[110.40884,-7.0045]]}},{"type":"Feature","properties":{"name":"Jalan S. Parman","kelas":"trunk","link":false},"geometry":{"type":"LineString","coordinates":[[110.41275,-7.00533],[110.4127,-7.00532]]}},{"type":"Feature","properties":{"name":"Jalan S. Parman","kelas":"trunk","link":false},"geometry":{"type":"LineString","coordinates":[[110.4156,-7.00733],[110.41378,-7.00564],[110.41275,-7.00533]]}},{"type":"Feature","properties":{"name":"Jalan Setiabudi","kelas":"trunk","link":false},"geometry":{"type":"LineString","coordinates":[[110.41794,-7.03204],[110.41801,-7.03145]]}},{"type":"Feature","properties":{"name":"Jalan Setiabudi","kelas":"trunk","link":false},"geometry":{"type":"LineString","coordinates":[[110.41758,-7.03432],[110.41755,-7.03468]]}},{"type":"Feature","properties":{"name":"Jalan Setiabudi","kelas":"trunk","link":false},"geometry":{"type":"LineString","coordinates":[[110.41823,-7.0314],[110.4181,-7.03219]]}},{"type":"Feature","properties":{"name":"Jalan Teuku Umar","kelas":"trunk","link":false},"geometry":{"type":"LineString","coordinates":[[110.41849,-7.02911],[110.41841,-7.02979]]}},{"type":"Feature","properties":{"name":"Jalan Teuku Umar","kelas":"trunk","link":false},"geometry":{"type":"LineString","coordinates":[[110.41863,-7.02754],[110.41855,-7.02787]]}},{"type":"Feature","properties":{"name":"Jalan Teuku Umar","kelas":"trunk","link":false},"geometry":{"type":"LineString","coordinates":[[110.41803,-7.0312],[110.41823,-7.02927]]}},{"type":"Feature","properties":{"name":"Jalan Teuku Umar","kelas":"trunk","link":false},"geometry":{"type":"LineString","coordinates":[[110.41847,-7.02787],[110.41846,-7.02768]]}},{"type":"Feature","properties":{"name":"Jalan Setiabudi","kelas":"trunk","link":false},"geometry":{"type":"LineString","coordinates":[[110.4215,-7.04387],[110.42154,-7.04368]]}},{"type":"Feature","properties":{"name":"Jalan Setiabudi","kelas":"trunk","link":false},"geometry":{"type":"LineString","coordinates":[[110.42151,-7.04419],[110.42144,-7.04437]]}},{"type":"Feature","properties":{"name":"Jalan Setiabudi","kelas":"trunk","link":false},"geometry":{"type":"LineString","coordinates":[[110.42028,-7.04761],[110.42032,-7.04754]]}},{"type":"Feature","properties":{"name":"Jalan Setiabudi","kelas":"trunk","link":false},"geometry":{"type":"LineString","coordinates":[[110.41915,-7.04949],[110.41885,-7.04995]]}},{"type":"Feature","properties":{"name":"Jalan Setiabudi","kelas":"trunk","link":false},"geometry":{"type":"LineString","coordinates":[[110.4179,-7.05116],[110.41752,-7.05161]]}},{"type":"Feature","properties":{"name":"Jalan Setiabudi","kelas":"trunk","link":false},"geometry":{"type":"LineString","coordinates":[[110.41885,-7.04995],[110.4179,-7.05116]]}},{"type":"Feature","properties":{"name":"Jalan Setiabudi","kelas":"trunk","link":false},"geometry":{"type":"LineString","coordinates":[[110.41401,-7.05994],[110.41429,-7.05912]]}},{"type":"Feature","properties":{"name":"Jalan Setiabudi","kelas":"trunk","link":false},"geometry":{"type":"LineString","coordinates":[[110.41265,-7.06366],[110.41248,-7.06431]]}},{"type":"Feature","properties":{"name":"Jalan Setiabudi","kelas":"trunk","link":false},"geometry":{"type":"LineString","coordinates":[[110.41241,-7.06428],[110.41264,-7.06345]]}},{"type":"Feature","properties":{"name":"Jalan Gatot Subroto","kelas":"trunk","link":false},"geometry":{"type":"LineString","coordinates":[[110.40611,-7.1254],[110.40571,-7.12591]]}},{"type":"Feature","properties":{"name":"Jalan Gatot Subroto","kelas":"trunk","link":false},"geometry":{"type":"LineString","coordinates":[[110.4093,-7.12123],[110.40862,-7.12158]]}},{"type":"Feature","properties":{"name":"Jalan Gatot Subroto","kelas":"trunk","link":false},"geometry":{"type":"LineString","coordinates":[[110.41327,-7.11553],[110.41312,-7.11667],[110.41235,-7.11839]]}},{"type":"Feature","properties":{"name":"Jalan Gatot Subroto","kelas":"trunk","link":false},"geometry":{"type":"LineString","coordinates":[[110.41264,-7.10861],[110.41286,-7.10955],[110.41274,-7.11059]]}},{"type":"Feature","properties":{"name":"Jalan Perintis Kemerdekaan","kelas":"trunk","link":false},"geometry":{"type":"LineString","coordinates":[[110.40917,-7.10312],[110.40903,-7.10088],[110.40971,-7.09757]]}},{"type":"Feature","properties":{"name":"Jalan Perintis Kemerdekaan","kelas":"trunk","link":false},"geometry":{"type":"LineString","coordinates":[[110.40978,-7.09399],[110.41008,-7.09485],[110.41011,-7.09558],[110.40965,-7.09812]]}},{"type":"Feature","properties":{"name":"Jalan Perintis Kemerdekaan","kelas":"trunk","link":false},"geometry":{"type":"LineString","coordinates":[[110.40971,-7.09757],[110.41003,-7.09541],[110.40991,-7.09454],[110.40946,-7.09344]]}},{"type":"Feature","properties":{"name":"Jalan Perintis Kemerdekaan","kelas":"trunk","link":false},"geometry":{"type":"LineString","coordinates":[[110.40901,-7.0918],[110.40978,-7.09399]]}},{"type":"Feature","properties":{"name":"Jalan Perintis Kemerdekaan","kelas":"trunk","link":false},"geometry":{"type":"LineString","coordinates":[[110.40946,-7.09344],[110.40878,-7.09108],[110.40864,-7.08648],[110.40892,-7.08561],[110.41057,-7.08306],[110.41122,-7.08002]]}},{"type":"Feature","properties":{"name":"Jalan Perintis Kemerdekaan","kelas":"trunk","link":false},"geometry":{"type":"LineString","coordinates":[[110.41122,-7.07323],[110.41149,-7.07871],[110.41094,-7.0821]]}},{"type":"Feature","properties":{"name":"Jalan Perintis Kemerdekaan","kelas":"trunk","link":false},"geometry":{"type":"LineString","coordinates":[[110.41122,-7.08002],[110.41139,-7.07871],[110.41118,-7.07381]]}},{"type":"Feature","properties":{"name":"Jalan Perintis Kemerdekaan","kelas":"trunk","link":false},"geometry":{"type":"LineString","coordinates":[[110.41115,-7.07334],[110.41114,-7.07324]]}},{"type":"Feature","properties":{"name":"Jalan Perintis Kemerdekaan","kelas":"trunk","link":false},"geometry":{"type":"LineString","coordinates":[[110.41116,-7.07358],[110.41115,-7.07334]]}},{"type":"Feature","properties":{"name":"Jalan Pemuda","kelas":"primary","link":false},"geometry":{"type":"LineString","coordinates":[[110.41422,-6.9797],[110.41289,-6.98096]]}},{"type":"Feature","properties":{"name":"Jalan Pemuda","kelas":"primary","link":false},"geometry":{"type":"LineString","coordinates":[[110.41832,-6.97566],[110.41808,-6.9759]]}},{"type":"Feature","properties":{"name":"Jalan K.H. Agus Salim","kelas":"secondary","link":false},"geometry":{"type":"LineString","coordinates":[[110.42691,-6.97113],[110.4256,-6.97146]]}},{"type":"Feature","properties":{"name":"Jalan MT. Haryono","kelas":"primary","link":false},"geometry":{"type":"LineString","coordinates":[[110.43121,-6.9757],[110.43112,-6.97169]]}},{"type":"Feature","properties":{"name":"Jalan MT. Haryono","kelas":"primary","link":false},"geometry":{"type":"LineString","coordinates":[[110.43159,-6.9852],[110.4315,-6.98222]]}},{"type":"Feature","properties":{"name":"Jalan Dokter Cipto","kelas":"trunk","link":false},"geometry":{"type":"LineString","coordinates":[[110.43504,-6.98095],[110.43479,-6.98519]]}},{"type":"Feature","properties":{"name":"Jalan Dokter Cipto","kelas":"trunk","link":false},"geometry":{"type":"LineString","coordinates":[[110.43396,-6.96969],[110.43405,-6.97186],[110.43461,-6.97428]]}},{"type":"Feature","properties":{"name":"Jalan Raden Patah","kelas":"trunk","link":false},"geometry":{"type":"LineString","coordinates":[[110.43532,-6.96449],[110.43281,-6.96603]]}},{"type":"Feature","properties":{"name":"Jalan Raden Patah","kelas":"trunk","link":false},"geometry":{"type":"LineString","coordinates":[[110.43975,-6.96135],[110.43965,-6.96179],[110.43914,-6.96216]]}},{"type":"Feature","properties":{"name":"Jalan Pengapon","kelas":"trunk","link":false},"geometry":{"type":"LineString","coordinates":[[110.43843,-6.96016],[110.43882,-6.96013],[110.43942,-6.96059]]}},{"type":"Feature","properties":{"name":"Jalan Pengapon","kelas":"trunk","link":false},"geometry":{"type":"LineString","coordinates":[[110.43088,-6.96422],[110.43174,-6.96393],[110.43498,-6.96209]]}},{"type":"Feature","properties":{"name":"","kelas":"primary","link":false},"geometry":{"type":"LineString","coordinates":[[110.42989,-6.96479],[110.43056,-6.96438]]}},{"type":"Feature","properties":{"name":"Jalan Empu Tantular","kelas":"primary","link":false},"geometry":{"type":"LineString","coordinates":[[110.4251,-6.96818],[110.42511,-6.96751]]}},{"type":"Feature","properties":{"name":"Jalan Kolonel Sugiono","kelas":"secondary","link":false},"geometry":{"type":"LineString","coordinates":[[110.42214,-6.96832],[110.42228,-6.96824]]}},{"type":"Feature","properties":{"name":"Jalan Imam Bonjol","kelas":"primary","link":false},"geometry":{"type":"LineString","coordinates":[[110.4215,-6.97032],[110.42168,-6.97023]]}},{"type":"Feature","properties":{"name":"Jalan Imam Bonjol","kelas":"primary","link":false},"geometry":{"type":"LineString","coordinates":[[110.41596,-6.97297],[110.41617,-6.97291]]}},{"type":"Feature","properties":{"name":"Jalan Imam Bonjol","kelas":"primary","link":false},"geometry":{"type":"LineString","coordinates":[[110.41165,-6.97856],[110.4124,-6.97685]]}},{"type":"Feature","properties":{"name":"Jalan Imam Bonjol","kelas":"primary","link":false},"geometry":{"type":"LineString","coordinates":[[110.41035,-6.98146],[110.4105,-6.98113]]}},{"type":"Feature","properties":{"name":"Jalan Imam Bonjol","kelas":"primary","link":false},"geometry":{"type":"LineString","coordinates":[[110.40987,-6.98252],[110.41035,-6.98146]]}},{"type":"Feature","properties":{"name":"Jalan Dokter Sutomo","kelas":"trunk","link":false},"geometry":{"type":"LineString","coordinates":[[110.40907,-6.98595],[110.40882,-6.98636]]}},{"type":"Feature","properties":{"name":"Jalan Dokter Sutomo","kelas":"trunk","link":false},"geometry":{"type":"LineString","coordinates":[[110.40882,-6.98636],[110.40833,-6.98727]]}},{"type":"Feature","properties":{"name":"Jalan Dokter Sutomo","kelas":"trunk","link":false},"geometry":{"type":"LineString","coordinates":[[110.4066,-6.99331],[110.40662,-6.99343]]}},{"type":"Feature","properties":{"name":"Jalan Dokter Sutomo","kelas":"trunk","link":false},"geometry":{"type":"LineString","coordinates":[[110.40662,-6.99343],[110.40682,-6.99442]]}},{"type":"Feature","properties":{"name":"Jalan S. Parman","kelas":"trunk","link":false},"geometry":{"type":"LineString","coordinates":[[110.40774,-6.99646],[110.408,-6.99622]]}},{"type":"Feature","properties":{"name":"Jalan S. Parman","kelas":"trunk","link":false},"geometry":{"type":"LineString","coordinates":[[110.40756,-6.99659],[110.40774,-6.99646]]}},{"type":"Feature","properties":{"name":"Jalan Ahmad Yani","kelas":"primary","link":false},"geometry":{"type":"LineString","coordinates":[[110.42701,-6.99208],[110.42738,-6.99226]]}},{"type":"Feature","properties":{"name":"Jalan Ahmad Yani","kelas":"primary","link":false},"geometry":{"type":"LineString","coordinates":[[110.4263,-6.9918],[110.42589,-6.9916]]}},{"type":"Feature","properties":{"name":"Jalan Simpang Lima","kelas":"primary","link":false},"geometry":{"type":"LineString","coordinates":[[110.42262,-6.98926],[110.42294,-6.98912],[110.42353,-6.98942]]}},{"type":"Feature","properties":{"name":"Jalan Ahmad Yani","kelas":"primary","link":false},"geometry":{"type":"LineString","coordinates":[[110.43049,-6.99381],[110.43039,-6.99376]]}},{"type":"Feature","properties":{"name":"Jalan Ahmad Yani","kelas":"primary","link":false},"geometry":{"type":"LineString","coordinates":[[110.43059,-6.99386],[110.43049,-6.99381]]}},{"type":"Feature","properties":{"name":"Jalan Brigadir Jenderal Katamso","kelas":"primary","link":false},"geometry":{"type":"LineString","coordinates":[[110.43575,-6.9958],[110.43543,-6.99567]]}},{"type":"Feature","properties":{"name":"Jalan Brigadir Jenderal Katamso","kelas":"primary","link":false},"geometry":{"type":"LineString","coordinates":[[110.43657,-6.99613],[110.43575,-6.9958]]}},{"type":"Feature","properties":{"name":"Jalan Brigadir Jenderal Sudiarto","kelas":"primary","link":false},"geometry":{"type":"LineString","coordinates":[[110.44194,-6.99853],[110.4404,-6.99786]]}},{"type":"Feature","properties":{"name":"Jalan Brigadir Jenderal Sudiarto","kelas":"primary","link":false},"geometry":{"type":"LineString","coordinates":[[110.44414,-6.99942],[110.4445,-6.9996]]}},{"type":"Feature","properties":{"name":"Jalan Majapahit","kelas":"primary","link":false},"geometry":{"type":"LineString","coordinates":[[110.4465,-7.0009],[110.44473,-6.99983]]}},{"type":"Feature","properties":{"name":"Jalan Majapahit","kelas":"primary","link":false},"geometry":{"type":"LineString","coordinates":[[110.4445,-6.9996],[110.44665,-7.00091]]}},{"type":"Feature","properties":{"name":"Jalan Brigadir Jenderal Sudiarto","kelas":"primary","link":false},"geometry":{"type":"LineString","coordinates":[[110.46078,-7.00767],[110.45772,-7.00678]]}},{"type":"Feature","properties":{"name":"Jalan Brigadir Jenderal Sudiarto","kelas":"primary","link":false},"geometry":{"type":"LineString","coordinates":[[110.45774,-7.00671],[110.45986,-7.00732]]}},{"type":"Feature","properties":{"name":"Jalan Majapahit","kelas":"primary","link":false},"geometry":{"type":"LineString","coordinates":[[110.44979,-7.00291],[110.45185,-7.00426]]}},{"type":"Feature","properties":{"name":"Jalan Majapahit","kelas":"primary","link":false},"geometry":{"type":"LineString","coordinates":[[110.44945,-7.00281],[110.44884,-7.00241]]}},{"type":"Feature","properties":{"name":"Jalan Majapahit","kelas":"primary","link":false},"geometry":{"type":"LineString","coordinates":[[110.45185,-7.00426],[110.45423,-7.00565]]}},{"type":"Feature","properties":{"name":"Jalan Brigadir Jenderal Sudiarto","kelas":"primary","link":false},"geometry":{"type":"LineString","coordinates":[[110.46785,-7.00971],[110.46479,-7.00882]]}},{"type":"Feature","properties":{"name":"Jalan Brigadir Jenderal Sudiarto","kelas":"primary","link":false},"geometry":{"type":"LineString","coordinates":[[110.46483,-7.00877],[110.46789,-7.00966]]}},{"type":"Feature","properties":{"name":"Jalan Brigadir Jenderal Sudiarto","kelas":"primary","link":false},"geometry":{"type":"LineString","coordinates":[[110.46984,-7.01028],[110.46785,-7.00971]]}},{"type":"Feature","properties":{"name":"Jalan Brigadir Jenderal Sudiarto","kelas":"primary","link":false},"geometry":{"type":"LineString","coordinates":[[110.46789,-7.00966],[110.47067,-7.01045]]}},{"type":"Feature","properties":{"name":"Jalan Brigadir Jenderal Sudiarto","kelas":"primary","link":false},"geometry":{"type":"LineString","coordinates":[[110.47674,-7.01247],[110.47433,-7.01147],[110.46984,-7.01028]]}},{"type":"Feature","properties":{"name":"Jalan Brigadir Jenderal Sudiarto","kelas":"primary","link":false},"geometry":{"type":"LineString","coordinates":[[110.47067,-7.01045],[110.47174,-7.01074]]}},{"type":"Feature","properties":{"name":"Jalan Brigadir Jenderal Sudiarto","kelas":"primary","link":false},"geometry":{"type":"LineString","coordinates":[[110.48129,-7.01442],[110.47674,-7.01247]]}},{"type":"Feature","properties":{"name":"Jalan Brigadir Jenderal Sudiarto","kelas":"primary","link":false},"geometry":{"type":"LineString","coordinates":[[110.47715,-7.0126],[110.48071,-7.01411]]}},{"type":"Feature","properties":{"name":"Jalan Brigadir Jenderal Sudiarto","kelas":"primary","link":false},"geometry":{"type":"LineString","coordinates":[[110.48071,-7.01411],[110.48393,-7.01551]]}},{"type":"Feature","properties":{"name":"Jalan Brigadir Jenderal Sudiarto","kelas":"primary","link":false},"geometry":{"type":"LineString","coordinates":[[110.48402,-7.01562],[110.48129,-7.01442]]}},{"type":"Feature","properties":{"name":"Jalan Brigadir Jenderal Sudiarto","kelas":"primary","link":false},"geometry":{"type":"LineString","coordinates":[[110.48393,-7.01551],[110.48541,-7.01614]]}},{"type":"Feature","properties":{"name":"Jalan Brigadir Jenderal Sudiarto","kelas":"primary","link":false},"geometry":{"type":"LineString","coordinates":[[110.4868,-7.01685],[110.48402,-7.01562]]}},{"type":"Feature","properties":{"name":"Jalan Brigadir Jenderal Sudiarto","kelas":"primary","link":false},"geometry":{"type":"LineString","coordinates":[[110.48821,-7.01751],[110.4868,-7.01685]]}},{"type":"Feature","properties":{"name":"Jalan Brigadir Jenderal Sudiarto","kelas":"primary","link":false},"geometry":{"type":"LineString","coordinates":[[110.48882,-7.01767],[110.49049,-7.01825]]}},{"type":"Feature","properties":{"name":"Jalan Brigadir Jenderal Sudiarto","kelas":"primary","link":false},"geometry":{"type":"LineString","coordinates":[[110.49059,-7.01837],[110.48996,-7.01816]]}},{"type":"Feature","properties":{"name":"Jalan Brigadir Jenderal Sudiarto","kelas":"primary","link":false},"geometry":{"type":"LineString","coordinates":[[110.49236,-7.01897],[110.49059,-7.01837]]}},{"type":"Feature","properties":{"name":"Jalan Walisongo","kelas":"trunk","link":false},"geometry":{"type":"LineString","coordinates":[[110.35525,-6.98355],[110.35663,-6.98436]]}},{"type":"Feature","properties":{"name":"Jalan Walisongo","kelas":"trunk","link":false},"geometry":{"type":"LineString","coordinates":[[110.35641,-6.98432],[110.35528,-6.98368]]}},{"type":"Feature","properties":{"name":"Jalan Siliwangi","kelas":"trunk","link":false},"geometry":{"type":"LineString","coordinates":[[110.36466,-6.98761],[110.3627,-6.98697],[110.3608,-6.98674]]}},{"type":"Feature","properties":{"name":"Jalan Siliwangi","kelas":"trunk","link":false},"geometry":{"type":"LineString","coordinates":[[110.36451,-6.98735],[110.36663,-6.98789]]}},{"type":"Feature","properties":{"name":"Jalan Siliwangi","kelas":"trunk","link":false},"geometry":{"type":"LineString","coordinates":[[110.36942,-6.98751],[110.371,-6.9873]]}},{"type":"Feature","properties":{"name":"Jalan Siliwangi","kelas":"trunk","link":false},"geometry":{"type":"LineString","coordinates":[[110.37185,-6.98731],[110.37104,-6.98743]]}},{"type":"Feature","properties":{"name":"Jalan Siliwangi","kelas":"trunk","link":false},"geometry":{"type":"LineString","coordinates":[[110.37601,-6.98638],[110.37563,-6.98646]]}},{"type":"Feature","properties":{"name":"Jalan Siliwangi","kelas":"trunk","link":false},"geometry":{"type":"LineString","coordinates":[[110.37728,-6.98602],[110.37751,-6.98599]]}},{"type":"Feature","properties":{"name":"Jalan Siliwangi","kelas":"trunk","link":false},"geometry":{"type":"LineString","coordinates":[[110.37762,-6.98597],[110.38009,-6.98544]]}},{"type":"Feature","properties":{"name":"Jalan Jendral Sudirman","kelas":"trunk","link":false},"geometry":{"type":"LineString","coordinates":[[110.38977,-6.98331],[110.38871,-6.98355]]}},{"type":"Feature","properties":{"name":"Jalan Jendral Sudirman","kelas":"trunk","link":false},"geometry":{"type":"LineString","coordinates":[[110.38869,-6.98344],[110.38972,-6.98314]]}},{"type":"Feature","properties":{"name":"Jalan Jendral Sudirman","kelas":"trunk","link":false},"geometry":{"type":"LineString","coordinates":[[110.39444,-6.98169],[110.39529,-6.98152]]}},{"type":"Feature","properties":{"name":"Jalan Jendral Sudirman","kelas":"trunk","link":false},"geometry":{"type":"LineString","coordinates":[[110.39527,-6.98163],[110.39429,-6.98184]]}},{"type":"Feature","properties":{"name":"Jalan Jendral Sudirman","kelas":"trunk","link":false},"geometry":{"type":"LineString","coordinates":[[110.39753,-6.98122],[110.3954,-6.98161]]}},{"type":"Feature","properties":{"name":"Jalan Jendral Sudirman","kelas":"trunk","link":false},"geometry":{"type":"LineString","coordinates":[[110.39544,-6.9815],[110.39749,-6.9811]]}},{"type":"Feature","properties":{"name":"Jalan MGR Soegiyopranoto","kelas":"trunk","link":false},"geometry":{"type":"LineString","coordinates":[[110.40468,-6.98226],[110.40706,-6.98337]]}},{"type":"Feature","properties":{"name":"Jalan MGR Soegiyopranoto","kelas":"trunk","link":false},"geometry":{"type":"LineString","coordinates":[[110.40741,-6.98363],[110.40498,-6.98253]]}},{"type":"Feature","properties":{"name":"Jalan MGR Soegiyopranoto","kelas":"trunk","link":false},"geometry":{"type":"LineString","coordinates":[[110.40706,-6.98337],[110.40857,-6.98403],[110.40918,-6.98374]]}},{"type":"Feature","properties":{"name":"Jalan MGR Soegiyopranoto","kelas":"trunk","link":false},"geometry":{"type":"LineString","coordinates":[[110.40851,-6.98414],[110.40741,-6.98363]]}},{"type":"Feature","properties":{"name":"Jalan Pandanaran","kelas":"primary","link":false},"geometry":{"type":"LineString","coordinates":[[110.41015,-6.98479],[110.41162,-6.98546]]}},{"type":"Feature","properties":{"name":"Jalan Pandanaran","kelas":"primary","link":false},"geometry":{"type":"LineString","coordinates":[[110.4171,-6.98751],[110.4155,-6.98701]]}},{"type":"Feature","properties":{"name":"Jalan Pandanaran","kelas":"primary","link":false},"geometry":{"type":"LineString","coordinates":[[110.41579,-6.98701],[110.41714,-6.98741]]}},{"type":"Feature","properties":{"name":"Jalan Pandanaran","kelas":"primary","link":false},"geometry":{"type":"LineString","coordinates":[[110.42072,-6.98905],[110.42029,-6.98886]]}},{"type":"Feature","properties":{"name":"Jalan Pandanaran","kelas":"primary","link":false},"geometry":{"type":"LineString","coordinates":[[110.42033,-6.98881],[110.42056,-6.98891]]}},{"type":"Feature","properties":{"name":"Jalan Walisongo","kelas":"trunk","link":false},"geometry":{"type":"LineString","coordinates":[[110.35308,-6.98269],[110.35317,-6.98272]]}},{"type":"Feature","properties":{"name":"Jalan Walisongo","kelas":"trunk","link":false},"geometry":{"type":"LineString","coordinates":[[110.35304,-6.98282],[110.35282,-6.98275]]}},{"type":"Feature","properties":{"name":"Jalan Walisongo","kelas":"trunk","link":false},"geometry":{"type":"LineString","coordinates":[[110.34613,-6.98577],[110.34517,-6.98586]]}},{"type":"Feature","properties":{"name":"Jalan Walisongo","kelas":"trunk","link":false},"geometry":{"type":"LineString","coordinates":[[110.34592,-6.98569],[110.34618,-6.98566]]}},{"type":"Feature","properties":{"name":"Jalan Walisongo","kelas":"trunk","link":false},"geometry":{"type":"LineString","coordinates":[[110.34141,-6.98587],[110.34093,-6.98572]]}},{"type":"Feature","properties":{"name":"Jalan Walisongo","kelas":"trunk","link":false},"geometry":{"type":"LineString","coordinates":[[110.33677,-6.98332],[110.33818,-6.98461],[110.34007,-6.98535]]}},{"type":"Feature","properties":{"name":"Jalan Walisongo","kelas":"trunk","link":false},"geometry":{"type":"LineString","coordinates":[[110.33643,-6.98291],[110.33677,-6.98332]]}},{"type":"Feature","properties":{"name":"Jalan Walisongo","kelas":"trunk","link":false},"geometry":{"type":"LineString","coordinates":[[110.33671,-6.9834],[110.33638,-6.98302]]}},{"type":"Feature","properties":{"name":"Jalan Walisongo","kelas":"trunk","link":false},"geometry":{"type":"LineString","coordinates":[[110.33412,-6.98032],[110.33176,-6.97786]]}},{"type":"Feature","properties":{"name":"Jalan Walisongo","kelas":"trunk","link":false},"geometry":{"type":"LineString","coordinates":[[110.33409,-6.98016],[110.33643,-6.98291]]}},{"type":"Feature","properties":{"name":"Jalan Walisongo","kelas":"trunk","link":false},"geometry":{"type":"LineString","coordinates":[[110.33173,-6.97773],[110.3324,-6.97833]]}},{"type":"Feature","properties":{"name":"Jalan Walisongo","kelas":"trunk","link":false},"geometry":{"type":"LineString","coordinates":[[110.33176,-6.97786],[110.33168,-6.97778]]}},{"type":"Feature","properties":{"name":"Jalan Jenderal Urip Sumoharjo","kelas":"trunk","link":false},"geometry":{"type":"LineString","coordinates":[[110.33009,-6.97645],[110.32788,-6.97615]]}},{"type":"Feature","properties":{"name":"Jalan Jenderal Urip Sumoharjo","kelas":"trunk","link":false},"geometry":{"type":"LineString","coordinates":[[110.32798,-6.97607],[110.32933,-6.97621]]}},{"type":"Feature","properties":{"name":"Jalan Jenderal Urip Sumoharjo","kelas":"trunk","link":false},"geometry":{"type":"LineString","coordinates":[[110.32551,-6.97603],[110.32475,-6.97604]]}},{"type":"Feature","properties":{"name":"Jalan Jenderal Urip Sumoharjo","kelas":"trunk","link":false},"geometry":{"type":"LineString","coordinates":[[110.32473,-6.97595],[110.32581,-6.97595]]}},{"type":"Feature","properties":{"name":"Jalan Jenderal Urip Sumoharjo","kelas":"trunk","link":false},"geometry":{"type":"LineString","coordinates":[[110.32279,-6.97604],[110.32161,-6.9759]]}},{"type":"Feature","properties":{"name":"Jalan Jenderal Urip Sumoharjo","kelas":"trunk","link":false},"geometry":{"type":"LineString","coordinates":[[110.32046,-6.97567],[110.32195,-6.97587]]}},{"type":"Feature","properties":{"name":"Jalan Jenderal Urip Sumoharjo","kelas":"trunk","link":false},"geometry":{"type":"LineString","coordinates":[[110.32044,-6.97576],[110.31869,-6.97556]]}},{"type":"Feature","properties":{"name":"Jalan Jenderal Urip Sumoharjo","kelas":"trunk","link":false},"geometry":{"type":"LineString","coordinates":[[110.31893,-6.9755],[110.32046,-6.97567]]}},{"type":"Feature","properties":{"name":"Jalan Jenderal Urip Sumoharjo","kelas":"trunk","link":false},"geometry":{"type":"LineString","coordinates":[[110.31446,-6.97377],[110.31487,-6.97418],[110.31604,-6.97478],[110.3169,-6.97511],[110.31893,-6.9755]]}},{"type":"Feature","properties":{"name":"Jalan Jenderal Urip Sumoharjo","kelas":"trunk","link":false},"geometry":{"type":"LineString","coordinates":[[110.31427,-6.97374],[110.31363,-6.97297],[110.31268,-6.9725],[110.31048,-6.9726]]}},{"type":"Feature","properties":{"name":"Jalan Jenderal Urip Sumoharjo","kelas":"trunk","link":false},"geometry":{"type":"LineString","coordinates":[[110.31048,-6.9726],[110.30901,-6.97266]]}},{"type":"Feature","properties":{"name":"Jalan Jenderal Urip Sumoharjo","kelas":"trunk","link":false},"geometry":{"type":"LineString","coordinates":[[110.30734,-6.97273],[110.30886,-6.97257]]}},{"type":"Feature","properties":{"name":"Jalan Jenderal Urip Sumoharjo","kelas":"trunk","link":false},"geometry":{"type":"LineString","coordinates":[[110.3071,-6.97284],[110.30394,-6.97321]]}},{"type":"Feature","properties":{"name":"Jalan Walisongo","kelas":"trunk","link":false},"geometry":{"type":"LineString","coordinates":[[110.30367,-6.97317],[110.3043,-6.97309]]}},{"type":"Feature","properties":{"name":"Jalan Jenderal Urip Sumoharjo","kelas":"trunk","link":false},"geometry":{"type":"LineString","coordinates":[[110.29719,-6.97329],[110.29635,-6.97302]]}},{"type":"Feature","properties":{"name":"Jalan Walisongo","kelas":"trunk","link":false},"geometry":{"type":"LineString","coordinates":[[110.29637,-6.97294],[110.2972,-6.97323]]}},{"type":"Feature","properties":{"name":"Jalan Jenderal Urip Sumoharjo","kelas":"trunk","link":false},"geometry":{"type":"LineString","coordinates":[[110.29143,-6.97067],[110.29323,-6.97175]]}},{"type":"Feature","properties":{"name":"Jalan Jenderal Urip Sumoharjo","kelas":"trunk","link":false},"geometry":{"type":"LineString","coordinates":[[110.28721,-6.96878],[110.28586,-6.96851]]}},{"type":"Feature","properties":{"name":"Jalan Jenderal Urip Sumoharjo","kelas":"trunk","link":false},"geometry":{"type":"LineString","coordinates":[[110.28543,-6.96842],[110.28534,-6.96841]]}},{"type":"Feature","properties":{"name":"Jalan Brigadir Jenderal Sudiarto","kelas":"primary","link":false},"geometry":{"type":"LineString","coordinates":[[110.49049,-7.01825],[110.49377,-7.01934]]}},{"type":"Feature","properties":{"name":"","kelas":"trunk","link":false},"geometry":{"type":"LineString","coordinates":[[110.3842,-6.98458],[110.38422,-6.98483]]}},{"type":"Feature","properties":{"name":"","kelas":"trunk","link":false},"geometry":{"type":"LineString","coordinates":[[110.38361,-6.98496],[110.38356,-6.98458]]}},{"type":"Feature","properties":{"name":"Jalan Jenderal Urip Sumoharjo","kelas":"trunk","link":false},"geometry":{"type":"LineString","coordinates":[[110.29064,-6.97019],[110.2907,-6.97022]]}},{"type":"Feature","properties":{"name":"Jalan Kapten Piere Tendean","kelas":"primary","link":false},"geometry":{"type":"LineString","coordinates":[[110.41384,-6.97824],[110.41541,-6.97795]]}},{"type":"Feature","properties":{"name":"","kelas":"trunk","link":true},"geometry":{"type":"LineString","coordinates":[[110.28999,-6.9697],[110.29064,-6.97019]]}},{"type":"Feature","properties":{"name":"Jalan Jenderal Urip Sumoharjo","kelas":"trunk","link":false},"geometry":{"type":"LineString","coordinates":[[110.28545,-6.96831],[110.28659,-6.96854]]}},{"type":"Feature","properties":{"name":"","kelas":"trunk","link":false},"geometry":{"type":"LineString","coordinates":[[110.38422,-6.98483],[110.38392,-6.98508],[110.38361,-6.98496]]}},{"type":"Feature","properties":{"name":"Jalan Dokter Sutomo","kelas":"trunk","link":false},"geometry":{"type":"LineString","coordinates":[[110.40945,-6.98472],[110.4092,-6.98447]]}},{"type":"Feature","properties":{"name":"Jalan Simpang Lima","kelas":"primary","link":false},"geometry":{"type":"LineString","coordinates":[[110.42269,-6.99149],[110.42231,-6.9913]]}},{"type":"Feature","properties":{"name":"Jalan Simpang Lima","kelas":"primary","link":false},"geometry":{"type":"LineString","coordinates":[[110.42361,-6.99068],[110.42326,-6.99146],[110.42269,-6.99149]]}},{"type":"Feature","properties":{"name":"Jalan Simpang Lima","kelas":"primary","link":false},"geometry":{"type":"LineString","coordinates":[[110.42381,-6.99026],[110.42361,-6.99068]]}},{"type":"Feature","properties":{"name":"Jalan Simpang Lima","kelas":"primary","link":false},"geometry":{"type":"LineString","coordinates":[[110.42353,-6.98942],[110.42394,-6.98969],[110.42381,-6.99026]]}},{"type":"Feature","properties":{"name":"Jalan Brigadir Jenderal Sudiarto","kelas":"primary","link":false},"geometry":{"type":"LineString","coordinates":[[110.49375,-7.01943],[110.49236,-7.01897]]}},{"type":"Feature","properties":{"name":"Jalan Kaligawe Raya","kelas":"trunk","link":false},"geometry":{"type":"LineString","coordinates":[[110.45242,-6.95707],[110.45191,-6.95711]]}},{"type":"Feature","properties":{"name":"Jalan Haji Oemar Said Cokroaminoto","kelas":"primary","link":false},"geometry":{"type":"LineString","coordinates":[[110.40383,-7.12069],[110.40386,-7.11997]]}},{"type":"Feature","properties":{"name":"Jalan Haji Oemar Said Cokroaminoto","kelas":"primary","link":false},"geometry":{"type":"LineString","coordinates":[[110.4036,-7.12732],[110.40362,-7.12696]]}},{"type":"Feature","properties":{"name":"Jalan K.H. Agus Salim","kelas":"secondary","link":false},"geometry":{"type":"LineString","coordinates":[[110.42515,-6.97143],[110.42404,-6.97136]]}},{"type":"Feature","properties":{"name":"Jalan MT. Haryono","kelas":"primary","link":false},"geometry":{"type":"LineString","coordinates":[[110.43103,-6.97044],[110.43097,-6.97007]]}},{"type":"Feature","properties":{"name":"Jalan MT. Haryono","kelas":"primary","link":false},"geometry":{"type":"LineString","coordinates":[[110.43112,-6.97169],[110.43103,-6.97044]]}},{"type":"Feature","properties":{"name":"Jalan Kartini","kelas":"secondary","link":false},"geometry":{"type":"LineString","coordinates":[[110.43228,-6.9855],[110.43167,-6.98554]]}},{"type":"Feature","properties":{"name":"","kelas":"trunk","link":false},"geometry":{"type":"LineString","coordinates":[[110.45259,-6.95688],[110.45343,-6.95693]]}},{"type":"Feature","properties":{"name":"Jalan Haji Oemar Said Cokroaminoto","kelas":"primary","link":false},"geometry":{"type":"LineString","coordinates":[[110.40386,-7.11997],[110.40391,-7.1196]]}},{"type":"Feature","properties":{"name":"Jalan Pemuda","kelas":"primary","link":false},"geometry":{"type":"LineString","coordinates":[[110.42219,-6.9716],[110.42272,-6.97105]]}},{"type":"Feature","properties":{"name":"Jalan Kaligawe Raya","kelas":"trunk","link":false},"geometry":{"type":"LineString","coordinates":[[110.44033,-6.9605],[110.44083,-6.96032]]}},{"type":"Feature","properties":{"name":"Jalan Kaligawe Raya","kelas":"trunk","link":false},"geometry":{"type":"LineString","coordinates":[[110.44318,-6.95972],[110.44267,-6.95988]]}},{"type":"Feature","properties":{"name":"Jalan Kaligawe Raya","kelas":"trunk","link":false},"geometry":{"type":"LineString","coordinates":[[110.44425,-6.95916],[110.44607,-6.9585]]}},{"type":"Feature","properties":{"name":"Jalan Kaligawe Raya","kelas":"trunk","link":false},"geometry":{"type":"LineString","coordinates":[[110.44632,-6.9585],[110.44603,-6.9586]]}},{"type":"Feature","properties":{"name":"Jalan Kaligawe Raya","kelas":"trunk","link":false},"geometry":{"type":"LineString","coordinates":[[110.44607,-6.9585],[110.44629,-6.95842]]}},{"type":"Feature","properties":{"name":"Jalan Komdor Laut Yos Sudarso","kelas":"trunk","link":false},"geometry":{"type":"LineString","coordinates":[[110.45158,-6.95404],[110.45163,-6.95421]]}},{"type":"Feature","properties":{"name":"Jalan Kaligawe Raya","kelas":"trunk","link":true},"geometry":{"type":"LineString","coordinates":[[110.45563,-6.95686],[110.45242,-6.95707]]}},{"type":"Feature","properties":{"name":"Jalan Kaligawe Raya","kelas":"trunk","link":true},"geometry":{"type":"LineString","coordinates":[[110.45562,-6.95664],[110.46011,-6.95623]]}},{"type":"Feature","properties":{"name":"Jalan Raden Patah","kelas":"trunk","link":false},"geometry":{"type":"LineString","coordinates":[[110.44938,-6.95746],[110.44848,-6.95775]]}},{"type":"Feature","properties":{"name":"Jalan Raden Patah","kelas":"trunk","link":false},"geometry":{"type":"LineString","coordinates":[[110.44946,-6.95735],[110.45013,-6.9572]]}},{"type":"Feature","properties":{"name":"Jalan Kaligawe Raya","kelas":"trunk","link":true},"geometry":{"type":"LineString","coordinates":[[110.46284,-6.95615],[110.46028,-6.95643]]}},{"type":"Feature","properties":{"name":"Jalan Kaligawe Raya","kelas":"trunk","link":true},"geometry":{"type":"LineString","coordinates":[[110.46011,-6.95623],[110.46284,-6.95594]]}},{"type":"Feature","properties":{"name":"Jalan Gombel Lama","kelas":"trunk","link":false},"geometry":{"type":"LineString","coordinates":[[110.41796,-7.03777],[110.41709,-7.03626],[110.41741,-7.03454]]}},{"type":"Feature","properties":{"name":"","kelas":"trunk","link":true},"geometry":{"type":"LineString","coordinates":[[110.44789,-6.95796],[110.44787,-6.95788]]}},{"type":"Feature","properties":{"name":"","kelas":"primary","link":false},"geometry":{"type":"LineString","coordinates":[[110.43084,-6.96997],[110.43053,-6.96979]]}},{"type":"Feature","properties":{"name":"","kelas":"trunk","link":false},"geometry":{"type":"LineString","coordinates":[[110.37661,-6.96422],[110.3763,-6.96422],[110.37576,-6.96383],[110.3735,-6.96398]]}},{"type":"Feature","properties":{"name":"","kelas":"primary","link":false},"geometry":{"type":"LineString","coordinates":[[110.27917,-7.10424],[110.2793,-7.1043]]}},{"type":"Feature","properties":{"name":"","kelas":"primary","link":false},"geometry":{"type":"LineString","coordinates":[[110.27977,-7.1046],[110.27963,-7.10456]]}},{"type":"Feature","properties":{"name":"Jalan Tol Semarang","kelas":"motorway","link":false},"geometry":{"type":"LineString","coordinates":[[110.3716,-7.00193],[110.37112,-7.00098],[110.37061,-6.99893],[110.36943,-6.99746],[110.36882,-6.9962],[110.36861,-6.99514],[110.36893,-6.99389]]}},{"type":"Feature","properties":{"name":"Jalan Tol Semarang","kelas":"motorway","link":false},"geometry":{"type":"LineString","coordinates":[[110.36901,-6.99391],[110.36873,-6.99508],[110.36887,-6.99603],[110.36946,-6.99731],[110.37069,-6.9989],[110.37117,-7.00079]]}},{"type":"Feature","properties":{"name":"Jalan Tol Semarang","kelas":"motorway","link":false},"geometry":{"type":"LineString","coordinates":[[110.43275,-7.02628],[110.43171,-7.02986]]}},{"type":"Feature","properties":{"name":"","kelas":"primary","link":true},"geometry":{"type":"LineString","coordinates":[[110.41944,-6.9745],[110.4194,-6.97446]]}},{"type":"Feature","properties":{"name":"Jalan Mayor Jenderal M.T. Haryono","kelas":"primary","link":false},"geometry":{"type":"LineString","coordinates":[[110.43315,-7.00088],[110.43305,-7.00074]]}},{"type":"Feature","properties":{"name":"Jalan Mr. Koesbiyono Tjondrobirowo","kelas":"secondary","link":false},"geometry":{"type":"LineString","coordinates":[[110.38894,-7.0742],[110.38849,-7.0752]]}},{"type":"Feature","properties":{"name":"Jalan Sekaran Raya","kelas":"secondary","link":false},"geometry":{"type":"LineString","coordinates":[[110.39311,-7.05743],[110.3935,-7.05689],[110.39464,-7.0569]]}},{"type":"Feature","properties":{"name":"Jalan Taman Siswa","kelas":"secondary","link":false},"geometry":{"type":"LineString","coordinates":[[110.39533,-7.04909],[110.3953,-7.04936]]}},{"type":"Feature","properties":{"name":"Jalan Menoreh Raya","kelas":"secondary","link":false},"geometry":{"type":"LineString","coordinates":[[110.39646,-7.00894],[110.39637,-7.00893]]}},{"type":"Feature","properties":{"name":"Jalan Kolonel HR Hardijanto","kelas":"secondary","link":false},"geometry":{"type":"LineString","coordinates":[[110.38948,-7.0487],[110.38951,-7.04847]]}},{"type":"Feature","properties":{"name":"Jalan Kolonel HR Hardijanto","kelas":"secondary","link":false},"geometry":{"type":"LineString","coordinates":[[110.38957,-7.05016],[110.38948,-7.0487]]}},{"type":"Feature","properties":{"name":"Jalan Taman Siswa","kelas":"secondary","link":false},"geometry":{"type":"LineString","coordinates":[[110.39526,-7.04884],[110.39531,-7.04895]]}},{"type":"Feature","properties":{"name":"Jalan Taman Siswa","kelas":"secondary","link":false},"geometry":{"type":"LineString","coordinates":[[110.39494,-7.04859],[110.39498,-7.04858]]}},{"type":"Feature","properties":{"name":"Jalan Kolonel RW Sugiarto","kelas":"secondary","link":false},"geometry":{"type":"LineString","coordinates":[[110.36105,-7.08296],[110.36097,-7.08255]]}},{"type":"Feature","properties":{"name":"Jalan Taman Siswa","kelas":"secondary","link":false},"geometry":{"type":"LineString","coordinates":[[110.39516,-7.04863],[110.39517,-7.04866]]}},{"type":"Feature","properties":{"name":"Jalan Kolonel HR Hardijanto","kelas":"secondary","link":false},"geometry":{"type":"LineString","coordinates":[[110.39083,-7.04484],[110.38951,-7.04847]]}},{"type":"Feature","properties":{"name":"Jalan Raya Puntan","kelas":"secondary","link":false},"geometry":{"type":"LineString","coordinates":[[110.37244,-7.08105],[110.37353,-7.08011],[110.37704,-7.07947]]}},{"type":"Feature","properties":{"name":"Jalan Kolonel RW Sugiarto","kelas":"secondary","link":false},"geometry":{"type":"LineString","coordinates":[[110.36208,-7.08801],[110.36105,-7.08296]]}},{"type":"Feature","properties":{"name":"Jalan Taman Siswa","kelas":"secondary","link":false},"geometry":{"type":"LineString","coordinates":[[110.39517,-7.04866],[110.39526,-7.04884]]}},{"type":"Feature","properties":{"name":"Jalan Taman Siswa","kelas":"secondary","link":false},"geometry":{"type":"LineString","coordinates":[[110.39531,-7.04895],[110.39533,-7.04909]]}},{"type":"Feature","properties":{"name":"Jalan Taman Siswa","kelas":"secondary","link":false},"geometry":{"type":"LineString","coordinates":[[110.39498,-7.04858],[110.39516,-7.04863]]}},{"type":"Feature","properties":{"name":"Jalan Taman Siswa","kelas":"secondary","link":false},"geometry":{"type":"LineString","coordinates":[[110.39512,-7.04851],[110.39516,-7.04863]]}},{"type":"Feature","properties":{"name":"Jalan Taman Sudirman","kelas":"secondary","link":false},"geometry":{"type":"LineString","coordinates":[[110.40864,-7.00622],[110.40831,-7.00618]]}},{"type":"Feature","properties":{"name":"Jalan Mentri Supeno","kelas":"secondary","link":false},"geometry":{"type":"LineString","coordinates":[[110.42004,-6.99147],[110.42095,-6.99279]]}},{"type":"Feature","properties":{"name":"Jalan Tol Semarang","kelas":"motorway","link":false},"geometry":{"type":"LineString","coordinates":[[110.42361,-7.05638],[110.42938,-7.0536]]}},{"type":"Feature","properties":{"name":"Jalan Tol Semarang","kelas":"motorway","link":false},"geometry":{"type":"LineString","coordinates":[[110.42352,-7.05643],[110.42361,-7.05638]]}},{"type":"Feature","properties":{"name":"Jalan Tol Semarang","kelas":"motorway","link":false},"geometry":{"type":"LineString","coordinates":[[110.45174,-6.95475],[110.45165,-6.95523]]}},{"type":"Feature","properties":{"name":"Jalan Siliwangi","kelas":"trunk","link":false},"geometry":{"type":"LineString","coordinates":[[110.36675,-6.98787],[110.36806,-6.98767]]}},{"type":"Feature","properties":{"name":"Jalan Siliwangi","kelas":"trunk","link":false},"geometry":{"type":"LineString","coordinates":[[110.36806,-6.98767],[110.36818,-6.98765]]}},{"type":"Feature","properties":{"name":"","kelas":"secondary","link":true},"geometry":{"type":"LineString","coordinates":[[110.42328,-6.97131],[110.42329,-6.97121]]}},{"type":"Feature","properties":{"name":"Jalan Anyar Gondoriyo Wates","kelas":"secondary","link":false},"geometry":{"type":"LineString","coordinates":[[110.30186,-6.99955],[110.30191,-6.99958]]}},{"type":"Feature","properties":{"name":"","kelas":"primary","link":false},"geometry":{"type":"LineString","coordinates":[[110.27927,-7.10434],[110.27917,-7.10424]]}},{"type":"Feature","properties":{"name":"","kelas":"primary","link":false},"geometry":{"type":"LineString","coordinates":[[110.27963,-7.10456],[110.27927,-7.10434]]}},{"type":"Feature","properties":{"name":"","kelas":"primary","link":false},"geometry":{"type":"LineString","coordinates":[[110.27966,-7.10451],[110.27977,-7.1046]]}},{"type":"Feature","properties":{"name":"","kelas":"primary","link":false},"geometry":{"type":"LineString","coordinates":[[110.2793,-7.1043],[110.27966,-7.10451]]}},{"type":"Feature","properties":{"name":"Jalan RM. Hadi Soebono","kelas":"primary","link":false},"geometry":{"type":"LineString","coordinates":[[110.30518,-7.08923],[110.30506,-7.0893]]}},{"type":"Feature","properties":{"name":"Jalan Raya Campurejo","kelas":"primary","link":false},"geometry":{"type":"LineString","coordinates":[[110.29735,-7.0948],[110.29622,-7.0948],[110.29511,-7.09512]]}},{"type":"Feature","properties":{"name":"Jalan Raya Campurejo","kelas":"primary","link":false},"geometry":{"type":"LineString","coordinates":[[110.29743,-7.09476],[110.29735,-7.0948]]}},{"type":"Feature","properties":{"name":"Jalan Raya Tampingan","kelas":"primary","link":false},"geometry":{"type":"LineString","coordinates":[[110.2892,-7.10089],[110.2891,-7.101]]}},{"type":"Feature","properties":{"name":"Jalan Raya Tampingan","kelas":"primary","link":false},"geometry":{"type":"LineString","coordinates":[[110.29511,-7.09512],[110.29404,-7.09537],[110.29354,-7.09579],[110.2892,-7.10089]]}},{"type":"Feature","properties":{"name":"","kelas":"secondary","link":false},"geometry":{"type":"LineString","coordinates":[[110.49549,-7.07989],[110.49811,-7.07847],[110.49831,-7.07784]]}},{"type":"Feature","properties":{"name":"","kelas":"secondary","link":false},"geometry":{"type":"LineString","coordinates":[[110.49538,-7.07993],[110.49549,-7.07989]]}},{"type":"Feature","properties":{"name":"","kelas":"secondary","link":false},"geometry":{"type":"LineString","coordinates":[[110.46272,-7.12684],[110.46292,-7.127]]}},{"type":"Feature","properties":{"name":"","kelas":"secondary","link":false},"geometry":{"type":"LineString","coordinates":[[110.46091,-7.12643],[110.46192,-7.12634],[110.46272,-7.12684]]}},{"type":"Feature","properties":{"name":"Jalan Pesantren","kelas":"secondary","link":false},"geometry":{"type":"LineString","coordinates":[[110.31081,-7.02306],[110.31088,-7.02318]]}},{"type":"Feature","properties":{"name":"Jalan Pesantren","kelas":"secondary","link":false},"geometry":{"type":"LineString","coordinates":[[110.30942,-7.01991],[110.31081,-7.02306]]}},{"type":"Feature","properties":{"name":"","kelas":"primary","link":true},"geometry":{"type":"LineString","coordinates":[[110.34149,-6.99991],[110.34155,-6.99994]]}},{"type":"Feature","properties":{"name":"","kelas":"secondary","link":true},"geometry":{"type":"LineString","coordinates":[[110.46103,-7.02511],[110.46099,-7.02503]]}},{"type":"Feature","properties":{"name":"","kelas":"secondary","link":true},"geometry":{"type":"LineString","coordinates":[[110.46271,-7.02284],[110.46266,-7.0228]]}},{"type":"Feature","properties":{"name":"","kelas":"secondary","link":true},"geometry":{"type":"LineString","coordinates":[[110.46656,-7.02457],[110.46654,-7.02465]]}},{"type":"Feature","properties":{"name":"","kelas":"secondary","link":true},"geometry":{"type":"LineString","coordinates":[[110.46353,-7.02286],[110.46348,-7.02293]]}},{"type":"Feature","properties":{"name":"","kelas":"secondary","link":true},"geometry":{"type":"LineString","coordinates":[[110.42323,-6.99995],[110.42378,-7.00059]]}},{"type":"Feature","properties":{"name":"","kelas":"secondary","link":true},"geometry":{"type":"LineString","coordinates":[[110.42201,-6.99854],[110.42323,-6.99995]]}},{"type":"Feature","properties":{"name":"","kelas":"primary","link":true},"geometry":{"type":"LineString","coordinates":[[110.32989,-7.04114],[110.32957,-7.04098],[110.33003,-7.04056]]}},{"type":"Feature","properties":{"name":"Jalan KH Agus Salim","kelas":"secondary","link":false},"geometry":{"type":"LineString","coordinates":[[110.42278,-6.97098],[110.42287,-6.97105]]}},{"type":"Feature","properties":{"name":"Jalan Mayor Jenderal MT. Haryono","kelas":"trunk","link":false},"geometry":{"type":"LineString","coordinates":[[110.43248,-7.00922],[110.43243,-7.00925]]}},{"type":"Feature","properties":{"name":"","kelas":"secondary","link":false},"geometry":{"type":"LineString","coordinates":[[110.41583,-7.01147],[110.41562,-7.0113]]}},{"type":"Feature","properties":{"name":"Jalan Papandayan","kelas":"secondary","link":false},"geometry":{"type":"LineString","coordinates":[[110.41555,-7.01101],[110.41566,-7.01095]]}},{"type":"Feature","properties":{"name":"","kelas":"secondary","link":true},"geometry":{"type":"LineString","coordinates":[[110.42432,-7.00141],[110.42425,-7.00143]]}},{"type":"Feature","properties":{"name":"Jalan Pahlawan","kelas":"primary","link":false},"geometry":{"type":"LineString","coordinates":[[110.41941,-6.99746],[110.4194,-6.99752]]}},{"type":"Feature","properties":{"name":"Jalan Sriwijaya","kelas":"secondary","link":false},"geometry":{"type":"LineString","coordinates":[[110.41928,-6.99749],[110.41941,-6.99746]]}},{"type":"Feature","properties":{"name":"Jalan Pahlawan","kelas":"primary","link":false},"geometry":{"type":"LineString","coordinates":[[110.41928,-6.99749],[110.4193,-6.99742]]}},{"type":"Feature","properties":{"name":"Jalan Veteran","kelas":"secondary","link":false},"geometry":{"type":"LineString","coordinates":[[110.41928,-6.99749],[110.41878,-6.99736]]}},{"type":"Feature","properties":{"name":"","kelas":"primary","link":true},"geometry":{"type":"LineString","coordinates":[[110.41878,-6.99736],[110.41949,-6.99686]]}},{"type":"Feature","properties":{"name":"Jalan Pamularsih","kelas":"trunk","link":false},"geometry":{"type":"LineString","coordinates":[[110.39407,-6.98899],[110.39425,-6.98909]]}},{"type":"Feature","properties":{"name":"Jalan Pamularsih","kelas":"trunk","link":false},"geometry":{"type":"LineString","coordinates":[[110.39013,-6.98752],[110.39187,-6.98776],[110.39407,-6.98899]]}},{"type":"Feature","properties":{"name":"Jalan Jolotundo","kelas":"secondary","link":false},"geometry":{"type":"LineString","coordinates":[[110.4428,-6.98591],[110.44316,-6.9859]]}},{"type":"Feature","properties":{"name":"","kelas":"secondary","link":false},"geometry":{"type":"LineString","coordinates":[[110.44272,-6.98597],[110.4428,-6.98591]]}},{"type":"Feature","properties":{"name":"Jalan Jolotundo","kelas":"secondary","link":false},"geometry":{"type":"LineString","coordinates":[[110.44339,-6.98588],[110.44316,-6.9859]]}},{"type":"Feature","properties":{"name":"","kelas":"secondary","link":false},"geometry":{"type":"LineString","coordinates":[[110.40391,-7.11928],[110.40405,-7.1194]]}},{"type":"Feature","properties":{"name":"","kelas":"secondary","link":false},"geometry":{"type":"LineString","coordinates":[[110.40405,-7.1194],[110.40627,-7.11801]]}},{"type":"Feature","properties":{"name":"","kelas":"secondary","link":false},"geometry":{"type":"LineString","coordinates":[[110.39505,-7.04852],[110.39512,-7.04851]]}},{"type":"Feature","properties":{"name":"Jalan Brigadir Jenderal Sudiarto","kelas":"primary","link":false},"geometry":{"type":"LineString","coordinates":[[110.49377,-7.01934],[110.49385,-7.01937]]}},{"type":"Feature","properties":{"name":"Jalan Brigadir Jenderal Sudiarto","kelas":"primary","link":false},"geometry":{"type":"LineString","coordinates":[[110.49382,-7.01945],[110.49375,-7.01943]]}},{"type":"Feature","properties":{"name":"","kelas":"primary","link":true},"geometry":{"type":"LineString","coordinates":[[110.33159,-7.0375],[110.3319,-7.03734]]}},{"type":"Feature","properties":{"name":"","kelas":"primary","link":true},"geometry":{"type":"LineString","coordinates":[[110.3513,-6.99288],[110.35138,-6.99291]]}},{"type":"Feature","properties":{"name":"","kelas":"trunk","link":true},"geometry":{"type":"LineString","coordinates":[[110.49317,-6.94674],[110.49321,-6.94682]]}},{"type":"Feature","properties":{"name":"Jalan Elang Raya","kelas":"primary","link":false},"geometry":{"type":"LineString","coordinates":[[110.46693,-7.04308],[110.46683,-7.04282]]}},{"type":"Feature","properties":{"name":"Jalan Simpang Lima","kelas":"primary","link":false},"geometry":{"type":"LineString","coordinates":[[110.42243,-6.98968],[110.42262,-6.98926]]}},{"type":"Feature","properties":{"name":"","kelas":"trunk","link":true},"geometry":{"type":"LineString","coordinates":[[110.4092,-6.98554],[110.40943,-6.98485],[110.40883,-6.98429]]}},{"type":"Feature","properties":{"name":"","kelas":"trunk","link":true},"geometry":{"type":"LineString","coordinates":[[110.43338,-7.00078],[110.43323,-7.0008]]}},{"type":"Feature","properties":{"name":"Jalan Pemuda","kelas":"primary","link":false},"geometry":{"type":"LineString","coordinates":[[110.4158,-6.97789],[110.41597,-6.97785]]}},{"type":"Feature","properties":{"name":"Jalan Taman Siswa","kelas":"secondary","link":false},"geometry":{"type":"LineString","coordinates":[[110.3953,-7.04936],[110.39504,-7.04942]]}},{"type":"Feature","properties":{"name":"","kelas":"primary","link":true},"geometry":{"type":"LineString","coordinates":[[110.34433,-6.99835],[110.34434,-6.99844]]}},{"type":"Feature","properties":{"name":"Jalan RM. Hadi Soebono","kelas":"primary","link":false},"geometry":{"type":"LineString","coordinates":[[110.32008,-7.05031],[110.31996,-7.0504]]}},{"type":"Feature","properties":{"name":"","kelas":"trunk","link":true},"geometry":{"type":"LineString","coordinates":[[110.41741,-7.03454],[110.41751,-7.03429]]}},{"type":"Feature","properties":{"name":"Jalan Karangingas Raya","kelas":"secondary","link":false},"geometry":{"type":"LineString","coordinates":[[110.45066,-6.97645],[110.45201,-6.97668]]}},{"type":"Feature","properties":{"name":"","kelas":"primary","link":true},"geometry":{"type":"LineString","coordinates":[[110.4193,-6.9883],[110.41926,-6.98836]]}},{"type":"Feature","properties":{"name":"Jalan Brigadir Jenderal Sudiarto","kelas":"primary","link":false},"geometry":{"type":"LineString","coordinates":[[110.50214,-7.02219],[110.49952,-7.02138]]}},{"type":"Feature","properties":{"name":"Jalan Raya Bandungrejo","kelas":"primary","link":false},"geometry":{"type":"LineString","coordinates":[[110.50782,-7.02384],[110.50214,-7.02219]]}},{"type":"Feature","properties":{"name":"","kelas":"trunk","link":true},"geometry":{"type":"LineString","coordinates":[[110.45221,-6.95703],[110.45227,-6.95709]]}},{"type":"Feature","properties":{"name":"Jalan Tlogosari Raya","kelas":"secondary","link":false},"geometry":{"type":"LineString","coordinates":[[110.45805,-6.9908],[110.45802,-6.99092]]}}]}