{"type":"FeatureCollection","features":[{"type":"Feature","properties":{"id":"ADM-BANYUMANIK-BANYUMANIK","name":"Banyumanik","kecamatan":"Banyumanik"},"geometry":{"type":"Polygon","coordinates":[[[110.41114,-7.07324],[110.40955,-7.07313],[110.40776,-7.07239],[110.4047,-7.07179],[110.40443,-7.07272],[110.40587,-7.07353],[110.40598,-7.07423],[110.40468,-7.07476],[110.40433,-7.07472],[110.40382,-7.07404],[110.40312,-7.07427],[110.4029,-7.07477],[110.40381,-7.0754],[110.40398,-7.07588],[110.40229,-7.07659],[110.402,-7.07719],[110.40241,-7.07761],[110.40367,-7.07714],[110.40417,-7.07809],[110.40866,-7.07827],[110.40952,-7.07971],[110.41116,-7.08019],[110.41073,-7.08263],[110.41783,-7.08477],[110.41896,-7.08271],[110.41959,-7.08248],[110.42057,-7.08032],[110.42153,-7.07711],[110.4209,-7.07672],[110.42098,-7.07609],[110.41794,-7.07513],[110.41651,-7.07519],[110.41115,-7.07329],[110.41114,-7.07324]]]}},{"type":"Feature","properties":{"id":"ADM-BANYUMANIK-GEDAWANG","name":"Gedawang","kecamatan":"Banyumanik"},"geometry":{"type":"Polygon","coordinates":[[[110.43811,-7.0749],[110.43558,-7.07513],[110.43518,-7.07541],[110.43536,-7.07606],[110.43511,-7.0762],[110.43367,-7.07608],[110.43206,-7.0764],[110.43046,-7.076],[110.42976,-7.07627],[110.42921,-7.07541],[110.4285,-7.07538],[110.42799,-7.07449],[110.42733,-7.07408],[110.42646,-7.07489],[110.42534,-7.07459],[110.42518,-7.07413],[110.42481,-7.07458],[110.4223,-7.07366],[110.42098,-7.07609],[110.4209,-7.07672],[110.42153,-7.07711],[110.42057,-7.08032],[110.41959,-7.08248],[110.41896,-7.08271],[110.41783,-7.08477],[110.42268,-7.08737],[110.42269,-7.08782],[110.4219,-7.08835],[110.4222,-7.08858],[110.42187,-7.08943],[110.42076,-7.08969],[110.42042,-7.09054],[110.42063,-7.09256],[110.42162,-7.09299],[110.42265,-7.0942],[110.42276,-7.09654],[110.42544,-7.09489],[110.42918,-7.09176],[110.43017,-7.09164],[110.43183,-7.09193],[110.43223,-7.08975],[110.43436,-7.08862],[110.43429,-7.08788],[110.43309,-7.08745],[110.43255,-7.08657],[110.43307,-7.08613],[110.43414,-7.08602],[110.43483,-7.08555],[110.43481,-7.08409],[110.43527,-7.08393],[110.43562,-7.08281],[110.43536,-7.08098],[110.436,-7.07952],[110.43735,-7.07949],[110.43785,-7.07819],[110.4394,-7.07727],[110.43858,-7.07586],[110.43864,-7.07497],[110.43822,-7.07486],[110.43811,-7.0749]]]}},{"type":"Feature","properties":{"id":"ADM-BANYUMANIK-JABUNGAN","name":"Jabungan","kecamatan":"Banyumanik"},"geometry":{"type":"Polygon","coordinates":[[[110.44716,-7.07766],[110.44572,-7.0771],[110.44516,-7.07715],[110.44371,-7.07607],[110.44229,-7.07554],[110.443,-7.07335],[110.44133,-7.07167],[110.43753,-7.06939],[110.43831,-7.0723],[110.43838,-7.07394],[110.43797,-7.07437],[110.43805,-7.07478],[110.43857,-7.07484],[110.43868,-7.07616],[110.4394,-7.07727],[110.43785,-7.07819],[110.43735,-7.07949],[110.436,-7.07952],[110.43536,-7.08098],[110.43562,-7.08281],[110.43527,-7.08393],[110.43481,-7.08409],[110.43483,-7.08555],[110.43414,-7.08602],[110.43307,-7.08613],[110.43255,-7.08657],[110.43309,-7.08745],[110.43429,-7.08788],[110.43436,-7.08862],[110.43223,-7.08975],[110.43183,-7.09193],[110.43479,-7.09179],[110.4386,-7.09061],[110.44092,-7.09127],[110.44338,-7.09138],[110.44411,-7.09201],[110.44446,-7.09154],[110.44464,-7.09045],[110.44578,-7.09032],[110.44632,-7.09125],[110.4468,-7.09135],[110.44794,-7.0897],[110.4491,-7.08909],[110.45185,-7.09006],[110.45295,-7.08989],[110.45343,-7.08833],[110.45545,-7.08457],[110.45536,-7.08391],[110.45384,-7.08199],[110.45389,-7.08085],[110.45453,-7.07985],[110.45414,-7.07936],[110.45279,-7.07951],[110.45181,-7.07921],[110.45087,-7.07879],[110.45016,-7.07807],[110.44739,-7.07773],[110.44716,-7.07766]]]}},{"type":"Feature","properties":{"id":"ADM-BANYUMANIK-NGESREP","name":"Ngesrep","kecamatan":"Banyumanik"},"geometry":{"type":"Polygon","coordinates":[[[110.42816,-7.03111],[110.42099,-7.03148],[110.41814,-7.03097],[110.41754,-7.03482],[110.41784,-7.03534],[110.4196,-7.03669],[110.42097,-7.03871],[110.4212,-7.03997],[110.42217,-7.04151],[110.4218,-7.04356],[110.4269,-7.04672],[110.42946,-7.04931],[110.43314,-7.05088],[110.43479,-7.04672],[110.43473,-7.04437],[110.43236,-7.03474],[110.43136,-7.03284],[110.42992,-7.03151],[110.4289,-7.03115],[110.42816,-7.03111]]]}},{"type":"Feature","properties":{"id":"ADM-BANYUMANIK-PADANGSARI","name":"Padangsari","kecamatan":"Banyumanik"},"geometry":{"type":"Polygon","coordinates":[[[110.43753,-7.06939],[110.43713,-7.06873],[110.43481,-7.06842],[110.43418,-7.07062],[110.43276,-7.07042],[110.43264,-7.07098],[110.43158,-7.07075],[110.43136,-7.0715],[110.4311,-7.07143],[110.43117,-7.07115],[110.42998,-7.07069],[110.42961,-7.0719],[110.42426,-7.07038],[110.42311,-7.0718],[110.4223,-7.07366],[110.42481,-7.07458],[110.42518,-7.07413],[110.42534,-7.07459],[110.42646,-7.07489],[110.42733,-7.07408],[110.42799,-7.07449],[110.4285,-7.07538],[110.42921,-7.07541],[110.42976,-7.07627],[110.43046,-7.076],[110.43206,-7.0764],[110.43367,-7.07608],[110.43511,-7.0762],[110.43536,-7.07606],[110.43518,-7.07541],[110.43558,-7.07513],[110.43811,-7.0749],[110.43797,-7.07437],[110.43838,-7.07394],[110.43831,-7.0723],[110.43801,-7.07164],[110.43806,-7.07084],[110.43751,-7.06989],[110.43753,-7.06939]]]}},{"type":"Feature","properties":{"id":"ADM-BANYUMANIK-PEDALANGAN","name":"Pedalangan","kecamatan":"Banyumanik"},"geometry":{"type":"Polygon","coordinates":[[[110.43576,-7.06203],[110.43516,-7.05859],[110.43345,-7.05692],[110.43197,-7.05401],[110.43069,-7.05398],[110.42994,-7.05333],[110.4213,-7.05749],[110.42143,-7.06],[110.42059,-7.06237],[110.42391,-7.06375],[110.42763,-7.06477],[110.42741,-7.06548],[110.4264,-7.06558],[110.42613,-7.06507],[110.42543,-7.06503],[110.42257,-7.06622],[110.42224,-7.06657],[110.42217,-7.06742],[110.42292,-7.06786],[110.42316,-7.06837],[110.42226,-7.06888],[110.42132,-7.06859],[110.42157,-7.06924],[110.42096,-7.06944],[110.42089,-7.06992],[110.42302,-7.07005],[110.42961,-7.0719],[110.42998,-7.07069],[110.43117,-7.07115],[110.4311,-7.07143],[110.43136,-7.0715],[110.43158,-7.07075],[110.43264,-7.07098],[110.43276,-7.07042],[110.43418,-7.07062],[110.43481,-7.06842],[110.43545,-7.06735],[110.43661,-7.06631],[110.43793,-7.06593],[110.43818,-7.0655],[110.43808,-7.06378],[110.43634,-7.06322],[110.43578,-7.06242],[110.43576,-7.06203]]]}},{"type":"Feature","properties":{"id":"ADM-BANYUMANIK-PUDAKPAYUNG","name":"Pudakpayung","kecamatan":"Banyumanik"},"geometry":{"type":"Polygon","coordinates":[[[110.41783,-7.08477],[110.41073,-7.08263],[110.41116,-7.08019],[110.40952,-7.07971],[110.40866,-7.07827],[110.40417,-7.07809],[110.40442,-7.07865],[110.40344,-7.07876],[110.40226,-7.08005],[110.40236,-7.08216],[110.4037,-7.08198],[110.40414,-7.08229],[110.40423,-7.08432],[110.40331,-7.08582],[110.40404,-7.08671],[110.4042,-7.08735],[110.40308,-7.08992],[110.40307,-7.09232],[110.40113,-7.09425],[110.40198,-7.09567],[110.40105,-7.0964],[110.40132,-7.09742],[110.40097,-7.09825],[110.40122,-7.09943],[110.40099,-7.10006],[110.39907,-7.1029],[110.39938,-7.10459],[110.39911,-7.10482],[110.39822,-7.10426],[110.39763,-7.10485],[110.39767,-7.10559],[110.39809,-7.10614],[110.40107,-7.10768],[110.40195,-7.10953],[110.40336,-7.10975],[110.40342,-7.11032],[110.4029,-7.11161],[110.40307,-7.1118],[110.40443,-7.11146],[110.40443,-7.11032],[110.40478,-7.10998],[110.40569,-7.11024],[110.40683,-7.10994],[110.40767,-7.10932],[110.41011,-7.10839],[110.41257,-7.10874],[110.41607,-7.10857],[110.417,-7.10679],[110.419,-7.10516],[110.41987,-7.10487],[110.42057,-7.10507],[110.42162,-7.1042],[110.42187,-7.10316],[110.42196,-7.09815],[110.42276,-7.09654],[110.42282,-7.09515],[110.4224,-7.09368],[110.42121,-7.09267],[110.42063,-7.09256],[110.42042,-7.09054],[110.42076,-7.08969],[110.42187,-7.08943],[110.4222,-7.08858],[110.4219,-7.08835],[110.42273,-7.08767],[110.42244,-7.08708],[110.41874,-7.0851],[110.41783,-7.08477]]]}},{"type":"Feature","properties":{"id":"ADM-BANYUMANIK-SRONDOL-KULON","name":"Srondol Kulon","kecamatan":"Banyumanik"},"geometry":{"type":"Polygon","coordinates":[[[110.41882,-7.04667],[110.41843,-7.04692],[110.41502,-7.04622],[110.41327,-7.04638],[110.41331,-7.04791],[110.41392,-7.04808],[110.4148,-7.05012],[110.41414,-7.04995],[110.41355,-7.04916],[110.41299,-7.04905],[110.41182,-7.04964],[110.40729,-7.04872],[110.40611,-7.04883],[110.40586,-7.05049],[110.40697,-7.0526],[110.40673,-7.05287],[110.40589,-7.05289],[110.40562,-7.05341],[110.40623,-7.05437],[110.40652,-7.05558],[110.40655,-7.05734],[110.40589,-7.05973],[110.40493,-7.06077],[110.40606,-7.06269],[110.40635,-7.06375],[110.40568,-7.06606],[110.40614,-7.06713],[110.40511,-7.06822],[110.4047,-7.07],[110.40507,-7.07101],[110.4047,-7.07179],[110.40776,-7.07239],[110.40955,-7.07313],[110.41114,-7.07324],[110.41112,-7.07188],[110.41261,-7.06364],[110.41582,-7.05465],[110.41726,-7.05193],[110.42047,-7.04727],[110.4192,-7.04681],[110.41882,-7.04667]]]}},{"type":"Feature","properties":{"id":"ADM-BANYUMANIK-SRONDOL-WETAN","name":"Srondol Wetan","kecamatan":"Banyumanik"},"geometry":{"type":"Polygon","coordinates":[[[110.42426,-7.07038],[110.42089,-7.06992],[110.42096,-7.06944],[110.42157,-7.06924],[110.42132,-7.06859],[110.42226,-7.06888],[110.42316,-7.06837],[110.42292,-7.06786],[110.42217,-7.06742],[110.42224,-7.06657],[110.42299,-7.06603],[110.42398,-7.0658],[110.42422,-7.06541],[110.42543,-7.06503],[110.42613,-7.06507],[110.4264,-7.06558],[110.42741,-7.06548],[110.42763,-7.06477],[110.42391,-7.06375],[110.42059,-7.06237],[110.42143,-7.06],[110.4213,-7.05749],[110.41455,-7.06078],[110.41324,-7.06202],[110.41261,-7.06364],[110.41191,-7.06688],[110.41112,-7.07188],[110.41115,-7.07334],[110.41309,-7.0738],[110.41651,-7.07519],[110.41794,-7.07513],[110.42098,-7.07609],[110.42311,-7.0718],[110.42421,-7.07045],[110.42426,-7.07038]]]}},{"type":"Feature","properties":{"id":"ADM-BANYUMANIK-SUMURBOTO","name":"Sumurboto","kecamatan":"Banyumanik"},"geometry":{"type":"Polygon","coordinates":[[[110.43314,-7.05088],[110.42946,-7.04931],[110.4269,-7.04672],[110.4218,-7.04356],[110.42072,-7.04685],[110.41864,-7.05024],[110.41726,-7.05193],[110.41582,-7.05465],[110.41324,-7.06202],[110.4147,-7.0607],[110.43162,-7.05249],[110.43306,-7.05105],[110.43314,-7.05088]]]}},{"type":"Feature","properties":{"id":"ADM-BANYUMANIK-TINJOMOYO","name":"Tinjomoyo","kecamatan":"Banyumanik"},"geometry":{"type":"Polygon","coordinates":[[[110.406,-7.02575],[110.40559,-7.02574],[110.40515,-7.02622],[110.40434,-7.02524],[110.40294,-7.02439],[110.40304,-7.02619],[110.402,-7.02787],[110.40411,-7.03002],[110.40408,-7.03159],[110.40352,-7.03241],[110.40439,-7.03469],[110.40553,-7.03597],[110.40452,-7.03756],[110.40477,-7.0387],[110.40422,-7.04006],[110.40511,-7.04373],[110.40516,-7.04643],[110.40622,-7.04787],[110.40611,-7.04883],[110.40729,-7.04872],[110.41182,-7.04964],[110.41299,-7.04905],[110.41355,-7.04916],[110.41414,-7.04995],[110.4148,-7.05012],[110.41392,-7.04808],[110.41331,-7.04791],[110.41327,-7.04638],[110.41502,-7.04622],[110.41843,-7.04692],[110.41866,-7.04663],[110.42047,-7.04727],[110.42218,-7.04198],[110.42202,-7.04095],[110.42132,-7.04022],[110.42097,-7.03871],[110.42046,-7.03786],[110.4193,-7.03636],[110.41784,-7.03534],[110.41754,-7.03482],[110.41814,-7.03097],[110.41427,-7.03102],[110.41234,-7.03057],[110.40938,-7.02911],[110.40689,-7.02672],[110.406,-7.02575]]]}},{"type":"Feature","properties":{"id":"ADM-CANDISARI-CANDI","name":"Candi","kecamatan":"Candisari"},"geometry":{"type":"Polygon","coordinates":[[[110.43199,-7.00517],[110.43166,-7.00491],[110.43081,-7.00548],[110.42996,-7.00556],[110.42795,-7.00515],[110.42772,-7.00619],[110.42676,-7.008],[110.42671,-7.00983],[110.42716,-7.01161],[110.42573,-7.01606],[110.42895,-7.01639],[110.43086,-7.0159],[110.43108,-7.01428],[110.43181,-7.01263],[110.43173,-7.01012],[110.4325,-7.00906],[110.43192,-7.00573],[110.43199,-7.00517]]]}},{"type":"Feature","properties":{"id":"ADM-CANDISARI-JATINGALEH","name":"Jatingaleh","kecamatan":"Candisari"},"geometry":{"type":"Polygon","coordinates":[[[110.42816,-7.03111],[110.42898,-7.03025],[110.42825,-7.02709],[110.42824,-7.02232],[110.42762,-7.02017],[110.42793,-7.01824],[110.42722,-7.01765],[110.4196,-7.02473],[110.41867,-7.02688],[110.41814,-7.03097],[110.42099,-7.03148],[110.42717,-7.03107],[110.42816,-7.03111]]]}},{"type":"Feature","properties":{"id":"ADM-CANDISARI-JOMBLANG","name":"Jomblang","kecamatan":"Candisari"},"geometry":{"type":"Polygon","coordinates":[[[110.44128,-7.0106],[110.4358,-7.00914],[110.43412,-7.00927],[110.43245,-7.00845],[110.43246,-7.00916],[110.43173,-7.01012],[110.43181,-7.01263],[110.43106,-7.01439],[110.43302,-7.01532],[110.43372,-7.01598],[110.43357,-7.01684],[110.43407,-7.01713],[110.43404,-7.0176],[110.43451,-7.01773],[110.43423,-7.01816],[110.43492,-7.01853],[110.43684,-7.01836],[110.4383,-7.01781],[110.43886,-7.0181],[110.43883,-7.01882],[110.43772,-7.01997],[110.43762,-7.02048],[110.43792,-7.02076],[110.43924,-7.0207],[110.43981,-7.02111],[110.44219,-7.0185],[110.44311,-7.0171],[110.44379,-7.01396],[110.44525,-7.01171],[110.44418,-7.01118],[110.44136,-7.01062],[110.44128,-7.0106]]]}},{"type":"Feature","properties":{"id":"ADM-CANDISARI-KALIWIRU","name":"Kaliwiru","kecamatan":"Candisari"},"geometry":{"type":"Polygon","coordinates":[[[110.42573,-7.01606],[110.41984,-7.01557],[110.41832,-7.01574],[110.42043,-7.02386],[110.42752,-7.01731],[110.42895,-7.01639],[110.42613,-7.01612],[110.42573,-7.01606]]]}},{"type":"Feature","properties":{"id":"ADM-CANDISARI-KARANGANYAR-GUNUNG","name":"Karanganyar Gunung","kecamatan":"Candisari"},"geometry":{"type":"Polygon","coordinates":[[[110.43981,-7.02111],[110.43924,-7.0207],[110.43792,-7.02076],[110.43762,-7.02048],[110.43808,-7.01947],[110.43883,-7.01882],[110.43886,-7.0181],[110.43856,-7.01783],[110.43684,-7.01836],[110.43492,-7.01853],[110.43423,-7.01816],[110.43451,-7.01773],[110.43404,-7.0176],[110.43407,-7.01713],[110.43357,-7.01684],[110.43372,-7.01598],[110.43302,-7.01532],[110.43106,-7.01439],[110.43083,-7.01595],[110.42906,-7.01634],[110.42752,-7.01731],[110.42722,-7.01765],[110.42793,-7.01824],[110.42762,-7.02017],[110.42831,-7.0232],[110.42825,-7.02709],[110.42898,-7.03025],[110.42816,-7.03111],[110.42992,-7.03151],[110.43156,-7.03311],[110.43234,-7.03182],[110.43501,-7.02878],[110.43607,-7.02549],[110.43975,-7.02117],[110.43981,-7.02111]]]}},{"type":"Feature","properties":{"id":"ADM-CANDISARI-TEGALSARI","name":"Tegalsari","kecamatan":"Candisari"},"geometry":{"type":"Polygon","coordinates":[[[110.4243,-7.00168],[110.42183,-6.99837],[110.4194,-6.99737],[110.4193,-6.99803],[110.42029,-6.99954],[110.42005,-7.00077],[110.41952,-7.00111],[110.41859,-7.00093],[110.4167,-7.00141],[110.4161,-7.0019],[110.41679,-7.00384],[110.41739,-7.00751],[110.41949,-7.00885],[110.42532,-7.00941],[110.4264,-7.01055],[110.42681,-7.0106],[110.42676,-7.008],[110.42772,-7.00619],[110.42795,-7.00515],[110.42767,-7.00467],[110.42616,-7.00387],[110.42457,-7.00199],[110.4243,-7.00168]]]}},{"type":"Feature","properties":{"id":"ADM-CANDISARI-WONOTINGAL","name":"Wonotingal","kecamatan":"Candisari"},"geometry":{"type":"Polygon","coordinates":[[[110.42681,-7.0106],[110.4264,-7.01055],[110.42532,-7.00941],[110.41949,-7.00885],[110.41739,-7.00751],[110.41613,-7.00832],[110.41571,-7.01056],[110.41581,-7.01137],[110.41646,-7.01236],[110.41757,-7.01313],[110.41832,-7.01574],[110.41984,-7.01557],[110.42573,-7.01606],[110.42696,-7.01267],[110.42683,-7.01221],[110.42716,-7.01161],[110.42689,-7.01077],[110.42681,-7.0106]]]}},{"type":"Feature","properties":{"id":"ADM-GAJAHMUNGKUR-BENDAN-NGISOR","name":"Bendan Ngisor","kecamatan":"Gajahmungkur"},"geometry":{"type":"Polygon","coordinates":[[[110.40171,-7.00536],[110.39957,-7.00479],[110.39835,-7.00532],[110.39662,-7.00529],[110.39644,-7.00553],[110.39609,-7.0074],[110.39642,-7.00902],[110.39613,-7.01035],[110.39379,-7.01646],[110.39377,-7.01701],[110.39624,-7.01746],[110.39671,-7.01696],[110.39891,-7.01641],[110.40049,-7.01639],[110.40197,-7.01578],[110.40269,-7.01405],[110.40198,-7.01201],[110.40237,-7.01032],[110.40191,-7.00991],[110.40167,-7.00911],[110.40194,-7.00832],[110.40145,-7.00643],[110.40167,-7.00559],[110.40171,-7.00536]]]}},{"type":"Feature","properties":{"id":"ADM-GAJAHMUNGKUR-BENDANDUWUR","name":"Bendanduwur","kecamatan":"Gajahmungkur"},"geometry":{"type":"Polygon","coordinates":[[[110.39377,-7.01701],[110.38982,-7.01651],[110.38756,-7.01511],[110.38771,-7.0165],[110.38735,-7.01745],[110.38783,-7.01875],[110.38898,-7.0195],[110.39082,-7.02006],[110.39095,-7.02071],[110.39131,-7.02096],[110.39258,-7.02051],[110.39339,-7.01965],[110.39397,-7.01949],[110.39697,-7.02293],[110.39929,-7.02354],[110.39926,-7.02559],[110.401,-7.02663],[110.402,-7.02787],[110.40304,-7.02619],[110.40294,-7.02439],[110.40434,-7.02524],[110.40515,-7.02622],[110.40559,-7.02574],[110.406,-7.02575],[110.40297,-7.02239],[110.40247,-7.01972],[110.40216,-7.0192],[110.40095,-7.01856],[110.40034,-7.01641],[110.39891,-7.01641],[110.39671,-7.01696],[110.39624,-7.01746],[110.39411,-7.01705],[110.39377,-7.01701]]]}},{"type":"Feature","properties":{"id":"ADM-GAJAHMUNGKUR-BENDUNGAN","name":"Bendungan","kecamatan":"Gajahmungkur"},"geometry":{"type":"Polygon","coordinates":[[[110.41351,-6.99589],[110.41133,-6.99618],[110.40981,-6.99578],[110.40817,-6.99611],[110.40659,-6.99704],[110.40551,-6.99698],[110.40518,-6.99738],[110.40595,-6.99874],[110.407,-7.00227],[110.40794,-7.00424],[110.41361,-7.00553],[110.4138,-7.00441],[110.41166,-7.00413],[110.40967,-7.0035],[110.41024,-7.00261],[110.40996,-7.00216],[110.41003,-7.00126],[110.41042,-6.99944],[110.4112,-6.99762],[110.41348,-6.99597],[110.41351,-6.99589]]]}},{"type":"Feature","properties":{"id":"ADM-GAJAHMUNGKUR-GAJAHMUNGKUR","name":"Gajahmungkur","kecamatan":"Gajahmungkur"},"geometry":{"type":"Polygon","coordinates":[[[110.4082,-7.00436],[110.40768,-7.00455],[110.40693,-7.00418],[110.40615,-7.0045],[110.40588,-7.00518],[110.40673,-7.00608],[110.40647,-7.00618],[110.40482,-7.00625],[110.40171,-7.00536],[110.40145,-7.00637],[110.40192,-7.00778],[110.40175,-7.00953],[110.40237,-7.01032],[110.40198,-7.01201],[110.40269,-7.01405],[110.40197,-7.01578],[110.40034,-7.01641],[110.40095,-7.01856],[110.40216,-7.0192],[110.40247,-7.01972],[110.40297,-7.02239],[110.40498,-7.02461],[110.40563,-7.023],[110.40593,-7.02084],[110.40544,-7.0202],[110.40553,-7.01886],[110.40657,-7.01852],[110.40806,-7.01826],[110.40878,-7.01843],[110.40938,-7.01871],[110.40932,-7.01923],[110.40965,-7.01979],[110.41086,-7.01962],[110.41115,-7.01995],[110.41187,-7.01842],[110.41299,-7.01879],[110.41374,-7.01988],[110.41532,-7.01992],[110.41782,-7.02064],[110.41949,-7.02017],[110.41757,-7.01313],[110.41646,-7.01236],[110.41573,-7.01112],[110.41616,-7.00899],[110.41596,-7.00777],[110.41361,-7.00553],[110.40859,-7.00445],[110.4082,-7.00436]]]}},{"type":"Feature","properties":{"id":"ADM-GAJAHMUNGKUR-KARANGREJO","name":"Karangrejo","kecamatan":"Gajahmungkur"},"geometry":{"type":"Polygon","coordinates":[[[110.41949,-7.02017],[110.41782,-7.02064],[110.41532,-7.01992],[110.41374,-7.01988],[110.41299,-7.01879],[110.41187,-7.01842],[110.41115,-7.01995],[110.41086,-7.01962],[110.40965,-7.01979],[110.40932,-7.01923],[110.40938,-7.01871],[110.40878,-7.01843],[110.40806,-7.01826],[110.40657,-7.01852],[110.40553,-7.01886],[110.40544,-7.0202],[110.40593,-7.02084],[110.40563,-7.023],[110.40498,-7.02461],[110.40852,-7.02844],[110.4111,-7.03008],[110.41427,-7.03102],[110.41814,-7.03097],[110.41886,-7.02617],[110.4196,-7.02473],[110.42043,-7.02386],[110.41953,-7.02031],[110.41949,-7.02017]]]}},{"type":"Feature","properties":{"id":"ADM-GAJAHMUNGKUR-LEMPONGSARI","name":"Lempongsari","kecamatan":"Gajahmungkur"},"geometry":{"type":"Polygon","coordinates":[[[110.4194,-6.99737],[110.41564,-6.99663],[110.41409,-6.99573],[110.41351,-6.99589],[110.4112,-6.99762],[110.41042,-6.99944],[110.41003,-7.00126],[110.40996,-7.00216],[110.41024,-7.00261],[110.40967,-7.0035],[110.41166,-7.00413],[110.4138,-7.00441],[110.41361,-7.00553],[110.41592,-7.00772],[110.41613,-7.00832],[110.41738,-7.00753],[110.41741,-7.00678],[110.4161,-7.0019],[110.4167,-7.00141],[110.41859,-7.00093],[110.41952,-7.00111],[110.42005,-7.00077],[110.42029,-6.99954],[110.4193,-6.99803],[110.41931,-6.99754],[110.4194,-6.99737]]]}},{"type":"Feature","properties":{"id":"ADM-GAJAHMUNGKUR-PETOMPON","name":"Petompon","kecamatan":"Gajahmungkur"},"geometry":{"type":"Polygon","coordinates":[[[110.40817,-6.99611],[110.40798,-6.99549],[110.40688,-6.99446],[110.40603,-6.99488],[110.40511,-6.99595],[110.40192,-6.99601],[110.40101,-6.99845],[110.40173,-7.00013],[110.40149,-7.00055],[110.40101,-7.00121],[110.39798,-7.00179],[110.39669,-7.0024],[110.39564,-7.00535],[110.39593,-7.00628],[110.39576,-7.00746],[110.39613,-7.00815],[110.39624,-7.00621],[110.39662,-7.00529],[110.39835,-7.00532],[110.39957,-7.00479],[110.40307,-7.00584],[110.40396,-7.00582],[110.40482,-7.00625],[110.40673,-7.00608],[110.40588,-7.00518],[110.40615,-7.0045],[110.40693,-7.00418],[110.40768,-7.00455],[110.4082,-7.00436],[110.40782,-7.00409],[110.407,-7.00227],[110.40595,-6.99874],[110.40518,-6.99738],[110.40551,-6.99698],[110.40691,-6.99694],[110.40816,-6.99612],[110.40817,-6.99611]]]}},{"type":"Feature","properties":{"id":"ADM-GAJAHMUNGKUR-SAMPANGAN","name":"Sampangan","kecamatan":"Gajahmungkur"},"geometry":{"type":"Polygon","coordinates":[[[110.39576,-7.00746],[110.39534,-7.00755],[110.39418,-7.00656],[110.39182,-7.00575],[110.38925,-7.00598],[110.38665,-7.01147],[110.38751,-7.01346],[110.38756,-7.01511],[110.38982,-7.01651],[110.39377,-7.01701],[110.39642,-7.00902],[110.39581,-7.00751],[110.39576,-7.00746]]]}},{"type":"Feature","properties":{"id":"ADM-GAYAMSARI-GAYAMSARI","name":"Gayamsari","kecamatan":"Gayamsari"},"geometry":{"type":"Polygon","coordinates":[[[110.45297,-6.99167],[110.45167,-6.99145],[110.45155,-6.99109],[110.4511,-6.99099],[110.44784,-6.99059],[110.4464,-6.99498],[110.44611,-6.99718],[110.44487,-7],[110.44442,-7.00196],[110.44867,-7.00374],[110.44902,-7.00418],[110.44915,-7.00537],[110.44978,-7.0066],[110.45028,-7.007],[110.45346,-7.00196],[110.45404,-7.00017],[110.45299,-6.99201],[110.45297,-6.99167]]]}},{"type":"Feature","properties":{"id":"ADM-GAYAMSARI-KALIGAWE","name":"Kaligawe","kecamatan":"Gayamsari"},"geometry":{"type":"Polygon","coordinates":[[[110.44901,-6.96573],[110.44827,-6.95969],[110.4486,-6.95765],[110.44244,-6.95974],[110.4429,-6.96174],[110.44371,-6.96289],[110.44407,-6.96404],[110.44385,-6.96652],[110.44709,-6.96755],[110.44916,-6.96772],[110.44901,-6.96573]]]}},{"type":"Feature","properties":{"id":"ADM-GAYAMSARI-PANDEAN-LAMPER","name":"Pandean Lamper","kecamatan":"Gayamsari"},"geometry":{"type":"Polygon","coordinates":[[[110.44784,-6.99059],[110.44505,-6.99012],[110.44025,-6.98999],[110.43966,-6.99235],[110.43968,-6.99468],[110.4378,-7],[110.44046,-7.00061],[110.44068,-7.00028],[110.44442,-7.00196],[110.44487,-7],[110.44611,-6.99718],[110.4464,-6.99498],[110.44784,-6.99064],[110.44784,-6.99059]]]}},{"type":"Feature","properties":{"id":"ADM-GAYAMSARI-SAMBIREJO","name":"Sambirejo","kecamatan":"Gayamsari"},"geometry":{"type":"Polygon","coordinates":[[[110.45006,-6.97404],[110.44664,-6.97304],[110.443,-6.97245],[110.44025,-6.98999],[110.44505,-6.99012],[110.44784,-6.99059],[110.4482,-6.9854],[110.44903,-6.98107],[110.4488,-6.97751],[110.45079,-6.97899],[110.45041,-6.97644],[110.45006,-6.97404]]]}},{"type":"Feature","properties":{"id":"ADM-GAYAMSARI-SAWAHBESAR","name":"Sawahbesar","kecamatan":"Gayamsari"},"geometry":{"type":"Polygon","coordinates":[[[110.44916,-6.96772],[110.44709,-6.96755],[110.44385,-6.96652],[110.443,-6.97245],[110.44664,-6.97304],[110.45006,-6.97404],[110.44919,-6.96772],[110.44916,-6.96772]]]}},{"type":"Feature","properties":{"id":"ADM-GAYAMSARI-SIWALAN","name":"Siwalan","kecamatan":"Gayamsari"},"geometry":{"type":"Polygon","coordinates":[[[110.45079,-6.97899],[110.4488,-6.97751],[110.44903,-6.98107],[110.4482,-6.9854],[110.44784,-6.99059],[110.4511,-6.99099],[110.45155,-6.99109],[110.45167,-6.99145],[110.45297,-6.99167],[110.45167,-6.98141],[110.45079,-6.97899]]]}},{"type":"Feature","properties":{"id":"ADM-GAYAMSARI-TAMBAKREJO","name":"Tambakrejo","kecamatan":"Gayamsari"},"geometry":{"type":"Polygon","coordinates":[[[110.44258,-6.9597],[110.4486,-6.95765],[110.44901,-6.95567],[110.44903,-6.95131],[110.4487,-6.95089],[110.44491,-6.94976],[110.44032,-6.94999],[110.44022,-6.95271],[110.44244,-6.95974],[110.44258,-6.9597]]]}},{"type":"Feature","properties":{"id":"ADM-GENUK-BANGETAYU-KULON","name":"Bangetayu Kulon","kecamatan":"Genuk"},"geometry":{"type":"Polygon","coordinates":[[[110.46918,-6.96949],[110.46913,-6.96987],[110.46851,-6.9699],[110.46592,-6.96942],[110.46229,-6.96937],[110.46229,-6.9698],[110.46292,-6.97012],[110.46215,-6.97213],[110.47284,-6.98163],[110.47419,-6.98258],[110.4745,-6.98254],[110.47743,-6.98522],[110.47846,-6.9824],[110.47913,-6.98177],[110.47971,-6.98182],[110.47995,-6.98153],[110.48056,-6.97914],[110.48036,-6.97841],[110.48145,-6.97543],[110.48141,-6.97484],[110.47953,-6.97433],[110.47974,-6.97339],[110.47925,-6.97321],[110.47948,-6.97209],[110.4791,-6.97166],[110.47714,-6.97119],[110.47699,-6.97165],[110.47431,-6.9702],[110.46922,-6.9695],[110.46918,-6.96949]]]}},{"type":"Feature","properties":{"id":"ADM-GENUK-BANGETAYU-WETAN","name":"Bangetayu Wetan","kecamatan":"Genuk"},"geometry":{"type":"MultiPolygon","coordinates":[[[[110.498,-6.99591],[110.49676,-6.99483],[110.49524,-6.99445],[110.49634,-6.99474],[110.49794,-6.99592],[110.498,-6.99591]]],[[[110.48723,-6.98182],[110.48593,-6.98139],[110.48536,-6.98076],[110.48565,-6.98027],[110.48586,-6.97844],[110.48395,-6.9778],[110.48089,-6.97728],[110.48036,-6.97841],[110.48056,-6.97914],[110.47987,-6.98172],[110.47913,-6.98177],[110.47846,-6.9824],[110.47743,-6.98522],[110.47916,-6.98731],[110.49207,-6.99883],[110.49514,-6.99439],[110.49501,-6.99164],[110.49402,-6.99127],[110.49446,-6.9892],[110.4912,-6.98792],[110.48936,-6.98483],[110.48931,-6.98366],[110.48776,-6.98264],[110.48741,-6.98193],[110.48723,-6.98182]]]]}},{"type":"Feature","properties":{"id":"ADM-GENUK-BANJARDOWO","name":"Banjardowo","kecamatan":"Genuk"},"geometry":{"type":"Polygon","coordinates":[[[110.49218,-6.94729],[110.48068,-6.95141],[110.4803,-6.95604],[110.47906,-6.95948],[110.47865,-6.96177],[110.47856,-6.9635],[110.47914,-6.96546],[110.48148,-6.96908],[110.48382,-6.9697],[110.48595,-6.97088],[110.48958,-6.97223],[110.4902,-6.9697],[110.48878,-6.95886],[110.48889,-6.95562],[110.48926,-6.95577],[110.49,-6.95471],[110.49011,-6.95347],[110.49115,-6.95127],[110.4913,-6.94982],[110.49172,-6.94837],[110.49219,-6.94789],[110.49217,-6.94731],[110.49218,-6.94729]]]}},{"type":"Feature","properties":{"id":"ADM-GENUK-GEBANGSARI","name":"Gebangsari","kecamatan":"Genuk"},"geometry":{"type":"Polygon","coordinates":[[[110.46918,-6.96949],[110.46957,-6.96688],[110.46946,-6.96006],[110.46838,-6.95555],[110.46214,-6.95613],[110.46229,-6.96937],[110.46592,-6.96942],[110.46913,-6.96987],[110.46918,-6.96949]]]}},{"type":"Feature","properties":{"id":"ADM-GENUK-GENUKSARI","name":"Genuksari","kecamatan":"Genuk"},"geometry":{"type":"Polygon","coordinates":[[[110.48185,-6.96924],[110.48112,-6.96864],[110.47952,-6.96616],[110.47856,-6.9635],[110.47882,-6.96046],[110.4803,-6.95604],[110.48068,-6.95141],[110.47276,-6.95446],[110.46838,-6.95555],[110.46946,-6.96006],[110.46957,-6.96688],[110.46918,-6.96949],[110.47431,-6.9702],[110.47699,-6.97165],[110.47714,-6.97119],[110.4791,-6.97166],[110.47948,-6.97209],[110.47925,-6.97321],[110.47974,-6.97339],[110.47953,-6.97433],[110.48141,-6.97484],[110.48162,-6.97201],[110.48124,-6.97158],[110.48182,-6.96937],[110.48185,-6.96924]]]}},{"type":"Feature","properties":{"id":"ADM-GENUK-KARANGROTO","name":"Karangroto","kecamatan":"Genuk"},"geometry":{"type":"Polygon","coordinates":[[[110.50183,-6.95532],[110.50078,-6.95237],[110.49108,-6.95499],[110.49023,-6.95514],[110.49,-6.95471],[110.48926,-6.95577],[110.48889,-6.95562],[110.48878,-6.95886],[110.4902,-6.9697],[110.48956,-6.97226],[110.49104,-6.97305],[110.49744,-6.97468],[110.49636,-6.96846],[110.49703,-6.96688],[110.49722,-6.96558],[110.49716,-6.96257],[110.49814,-6.95849],[110.49893,-6.95768],[110.49925,-6.95647],[110.50111,-6.95586],[110.50178,-6.95535],[110.50183,-6.95532]]]}},{"type":"Feature","properties":{"id":"ADM-GENUK-KUDU","name":"Kudu","kecamatan":"Genuk"},"geometry":{"type":"Polygon","coordinates":[[[110.50316,-6.97119],[110.50207,-6.96748],[110.50131,-6.9661],[110.50087,-6.96364],[110.50083,-6.96187],[110.50129,-6.96053],[110.50255,-6.95875],[110.50183,-6.95532],[110.50111,-6.95586],[110.49925,-6.95647],[110.49893,-6.95768],[110.49814,-6.95849],[110.49716,-6.96257],[110.49703,-6.96688],[110.49636,-6.96846],[110.49744,-6.97468],[110.5,-6.97525],[110.50316,-6.97502],[110.50309,-6.97136],[110.50316,-6.97119]]]}},{"type":"Feature","properties":{"id":"ADM-GENUK-MUKTIHARJO-LOR","name":"Muktiharjo Lor","kecamatan":"Genuk"},"geometry":{"type":"Polygon","coordinates":[[[110.46229,-6.96937],[110.46214,-6.95613],[110.44919,-6.95745],[110.4486,-6.95765],[110.44827,-6.95969],[110.46215,-6.97213],[110.46292,-6.97012],[110.4623,-6.96959],[110.46229,-6.96937]]]}},{"type":"Feature","properties":{"id":"ADM-GENUK-PENGGARON-LOR","name":"Penggaron Lor","kecamatan":"Genuk"},"geometry":{"type":"Polygon","coordinates":[[[110.50316,-6.97502],[110.5,-6.97525],[110.49744,-6.97468],[110.49712,-6.9797],[110.49656,-6.98172],[110.49518,-6.98487],[110.49493,-6.98788],[110.49409,-6.99074],[110.49409,-6.99136],[110.49501,-6.99164],[110.4951,-6.99436],[110.49676,-6.99483],[110.498,-6.99591],[110.50013,-6.99647],[110.50166,-6.99283],[110.50155,-6.98931],[110.5029,-6.9859],[110.5015,-6.98504],[110.50206,-6.97973],[110.50277,-6.9783],[110.50312,-6.97526],[110.50316,-6.97502]]]}},{"type":"Feature","properties":{"id":"ADM-GENUK-SEMBUNGHARJO","name":"Sembungharjo","kecamatan":"Genuk"},"geometry":{"type":"Polygon","coordinates":[[[110.48956,-6.97226],[110.48595,-6.97088],[110.48382,-6.9697],[110.48185,-6.96924],[110.48124,-6.97158],[110.48162,-6.97201],[110.4815,-6.97525],[110.48092,-6.97636],[110.48089,-6.97728],[110.48395,-6.9778],[110.48586,-6.97844],[110.48548,-6.98098],[110.48741,-6.98193],[110.48776,-6.98264],[110.48914,-6.98345],[110.48932,-6.98473],[110.4905,-6.98706],[110.4916,-6.98814],[110.49446,-6.9892],[110.49493,-6.98788],[110.49518,-6.98487],[110.49656,-6.98172],[110.49712,-6.9797],[110.49744,-6.97468],[110.49104,-6.97305],[110.48977,-6.97237],[110.48956,-6.97226]]]}},{"type":"Feature","properties":{"id":"ADM-GENUK-TERBOYO-KULON","name":"Terboyo Kulon","kecamatan":"Genuk"},"geometry":{"type":"Polygon","coordinates":[[[110.44923,-6.93713],[110.44757,-6.93715],[110.44614,-6.93677],[110.44399,-6.93932],[110.44032,-6.94999],[110.44491,-6.94976],[110.4487,-6.95089],[110.44903,-6.95131],[110.44901,-6.95567],[110.4486,-6.95765],[110.45068,-6.95714],[110.46281,-6.95599],[110.4629,-6.9532],[110.45876,-6.95196],[110.4605,-6.95073],[110.45581,-6.94822],[110.45273,-6.94468],[110.44958,-6.93953],[110.44913,-6.93832],[110.44923,-6.93713]]]}},{"type":"Feature","properties":{"id":"ADM-GENUK-TERBOYO-WETAN","name":"Terboyo Wetan","kecamatan":"Genuk"},"geometry":{"type":"Polygon","coordinates":[[[110.45612,-6.93549],[110.45545,-6.93595],[110.45469,-6.93574],[110.45003,-6.93733],[110.44923,-6.93713],[110.44919,-6.93882],[110.45273,-6.94468],[110.45581,-6.94822],[110.4605,-6.95073],[110.45876,-6.95196],[110.4629,-6.9532],[110.4628,-6.95604],[110.46853,-6.95554],[110.47074,-6.95504],[110.47067,-6.9491],[110.46509,-6.94592],[110.46195,-6.94366],[110.45614,-6.93551],[110.45612,-6.93549]]]}},{"type":"Feature","properties":{"id":"ADM-GENUK-TRIMULYO","name":"Trimulyo","kecamatan":"Genuk"},"geometry":{"type":"Polygon","coordinates":[[[110.46321,-6.93152],[110.46276,-6.93139],[110.46145,-6.93194],[110.46053,-6.93297],[110.45994,-6.93265],[110.46018,-6.93299],[110.45994,-6.93322],[110.45934,-6.93317],[110.45693,-6.93527],[110.45612,-6.93549],[110.45663,-6.93589],[110.46195,-6.94366],[110.46509,-6.94592],[110.47055,-6.94891],[110.47074,-6.95504],[110.4881,-6.94866],[110.48845,-6.94669],[110.48111,-6.94544],[110.47371,-6.94237],[110.46934,-6.93886],[110.46935,-6.93794],[110.46768,-6.93733],[110.46787,-6.9363],[110.46645,-6.93418],[110.46488,-6.93326],[110.46449,-6.93354],[110.46357,-6.93225],[110.46321,-6.93152]]]}},{"type":"Feature","properties":{"id":"ADM-GUNUNGPATI-CEPOKO","name":"Cepoko","kecamatan":"Gunungpati"},"geometry":{"type":"Polygon","coordinates":[[[110.35886,-7.06877],[110.35377,-7.06513],[110.34904,-7.06503],[110.34897,-7.06597],[110.34988,-7.06671],[110.34969,-7.06776],[110.34843,-7.06796],[110.34723,-7.06774],[110.34633,-7.06992],[110.34493,-7.06972],[110.34231,-7.07155],[110.34336,-7.07273],[110.34501,-7.07658],[110.34593,-7.077],[110.34499,-7.07912],[110.34523,-7.07998],[110.34634,-7.07985],[110.3467,-7.08028],[110.34601,-7.0822],[110.34718,-7.08277],[110.34667,-7.0837],[110.34697,-7.08426],[110.34652,-7.08449],[110.34651,-7.08495],[110.3472,-7.08501],[110.3475,-7.08425],[110.34848,-7.08489],[110.35021,-7.08513],[110.35151,-7.08467],[110.35243,-7.08395],[110.35382,-7.08443],[110.35432,-7.07962],[110.35412,-7.0789],[110.35361,-7.07841],[110.35493,-7.07672],[110.35519,-7.0758],[110.35779,-7.07582],[110.36013,-7.07668],[110.35958,-7.07216],[110.35881,-7.07039],[110.3588,-7.06943],[110.35886,-7.06877]]]}},{"type":"Feature","properties":{"id":"ADM-GUNUNGPATI-GUNUNGPATI","name":"Gunungpati","kecamatan":"Gunungpati"},"geometry":{"type":"Polygon","coordinates":[[[110.36833,-7.08156],[110.36655,-7.08101],[110.36575,-7.08002],[110.36497,-7.07969],[110.36346,-7.07965],[110.36595,-7.07493],[110.36214,-7.074],[110.35969,-7.07401],[110.36013,-7.07668],[110.35779,-7.07582],[110.35519,-7.0758],[110.35476,-7.077],[110.35375,-7.07803],[110.35361,-7.07841],[110.35412,-7.0789],[110.35432,-7.07962],[110.35382,-7.08443],[110.35243,-7.08395],[110.35093,-7.08495],[110.34987,-7.08516],[110.34848,-7.08489],[110.3475,-7.08425],[110.3472,-7.08501],[110.34651,-7.08495],[110.34653,-7.08581],[110.34701,-7.08593],[110.34692,-7.08677],[110.34822,-7.08853],[110.3477,-7.08944],[110.34751,-7.09055],[110.34832,-7.09293],[110.34969,-7.09476],[110.34986,-7.09562],[110.35054,-7.09618],[110.35087,-7.09735],[110.35131,-7.0978],[110.35153,-7.09963],[110.35289,-7.10295],[110.35441,-7.10338],[110.35555,-7.10444],[110.35636,-7.10453],[110.35775,-7.10347],[110.36003,-7.10282],[110.36327,-7.10373],[110.36339,-7.10273],[110.36569,-7.10267],[110.36662,-7.10049],[110.36522,-7.09915],[110.36479,-7.09768],[110.36367,-7.09716],[110.36383,-7.09648],[110.36328,-7.09623],[110.36349,-7.09563],[110.36332,-7.09515],[110.36128,-7.09324],[110.36173,-7.09192],[110.36118,-7.09038],[110.36215,-7.08965],[110.36286,-7.0898],[110.36456,-7.08932],[110.36468,-7.08856],[110.36412,-7.0874],[110.36411,-7.08587],[110.3648,-7.08327],[110.36677,-7.08326],[110.36711,-7.08203],[110.36814,-7.08174],[110.36833,-7.08156]]]}},{"type":"Feature","properties":{"id":"ADM-GUNUNGPATI-JATIREJO","name":"Jatirejo","kecamatan":"Gunungpati"},"geometry":{"type":"Polygon","coordinates":[[[110.34644,-7.041],[110.34509,-7.0408],[110.34476,-7.04105],[110.34507,-7.04379],[110.34478,-7.0451],[110.34385,-7.04664],[110.34242,-7.04769],[110.33987,-7.0483],[110.34136,-7.05034],[110.34131,-7.05101],[110.34037,-7.05109],[110.34019,-7.0518],[110.34197,-7.0531],[110.34171,-7.05339],[110.34051,-7.05305],[110.34026,-7.05324],[110.3411,-7.05454],[110.34249,-7.05592],[110.3421,-7.05639],[110.34074,-7.05643],[110.34025,-7.05715],[110.33978,-7.05919],[110.34002,-7.06015],[110.33937,-7.06291],[110.34053,-7.06302],[110.34162,-7.06486],[110.34135,-7.06642],[110.34257,-7.06812],[110.34266,-7.06864],[110.34221,-7.06977],[110.34099,-7.06951],[110.34078,-7.06971],[110.34189,-7.07059],[110.34231,-7.07155],[110.34493,-7.06972],[110.34633,-7.06992],[110.34723,-7.06774],[110.34931,-7.06791],[110.34989,-7.06742],[110.34988,-7.06671],[110.34912,-7.06618],[110.34892,-7.06569],[110.34953,-7.06346],[110.34943,-7.05909],[110.34787,-7.05636],[110.34726,-7.05339],[110.34838,-7.05175],[110.34911,-7.05143],[110.34913,-7.04901],[110.3488,-7.04843],[110.34877,-7.04755],[110.34756,-7.04659],[110.34718,-7.04544],[110.34642,-7.04501],[110.34634,-7.04428],[110.34684,-7.04423],[110.34672,-7.04374],[110.34724,-7.04365],[110.34752,-7.04274],[110.34718,-7.04259],[110.34735,-7.04188],[110.34715,-7.04138],[110.34649,-7.04126],[110.34644,-7.041]]]}},{"type":"Feature","properties":{"id":"ADM-GUNUNGPATI-KALISEGORO","name":"Kalisegoro","kecamatan":"Gunungpati"},"geometry":{"type":"Polygon","coordinates":[[[110.39285,-7.05813],[110.39245,-7.05722],[110.39134,-7.05757],[110.39075,-7.05639],[110.39058,-7.05514],[110.38894,-7.05431],[110.38895,-7.05349],[110.38839,-7.05356],[110.38833,-7.05306],[110.38781,-7.0529],[110.38773,-7.05258],[110.38546,-7.05156],[110.38521,-7.05115],[110.38397,-7.05077],[110.3821,-7.049],[110.38203,-7.04774],[110.38063,-7.04748],[110.38071,-7.0456],[110.38041,-7.0452],[110.38,-7.04523],[110.3796,-7.04464],[110.37972,-7.04428],[110.38049,-7.04399],[110.37965,-7.04128],[110.38085,-7.04032],[110.38081,-7.03875],[110.3806,-7.03851],[110.37952,-7.03845],[110.37905,-7.03792],[110.37795,-7.03806],[110.37807,-7.03868],[110.37883,-7.0396],[110.37873,-7.04014],[110.37774,-7.04099],[110.37756,-7.04229],[110.37671,-7.04301],[110.37652,-7.04474],[110.37449,-7.04562],[110.3741,-7.04763],[110.37246,-7.04887],[110.37215,-7.04984],[110.37219,-7.05141],[110.37168,-7.0529],[110.37245,-7.05392],[110.37236,-7.05465],[110.37282,-7.05484],[110.37316,-7.05544],[110.37371,-7.05518],[110.37441,-7.05535],[110.37517,-7.05671],[110.37523,-7.0578],[110.37586,-7.05801],[110.37601,-7.05871],[110.37693,-7.05984],[110.3768,-7.06072],[110.37759,-7.06205],[110.37983,-7.06442],[110.37955,-7.06509],[110.37899,-7.06527],[110.37903,-7.06554],[110.37971,-7.06555],[110.38037,-7.06683],[110.38243,-7.06683],[110.38375,-7.06613],[110.38626,-7.06612],[110.38681,-7.06317],[110.38885,-7.06046],[110.3913,-7.05858],[110.39249,-7.05821],[110.39285,-7.05813]]]}},{"type":"Feature","properties":{"id":"ADM-GUNUNGPATI-KANDRI","name":"Kandri","kecamatan":"Gunungpati"},"geometry":{"type":"Polygon","coordinates":[[[110.36039,-7.04354],[110.36041,-7.04204],[110.36078,-7.04139],[110.35868,-7.04053],[110.35909,-7.03865],[110.35845,-7.03803],[110.35892,-7.0373],[110.35952,-7.03705],[110.35867,-7.03602],[110.35873,-7.03554],[110.35978,-7.03549],[110.36003,-7.03587],[110.3602,-7.03574],[110.35986,-7.03472],[110.35927,-7.03444],[110.35926,-7.03419],[110.3608,-7.03371],[110.35938,-7.0329],[110.35932,-7.03049],[110.35846,-7.03086],[110.35693,-7.03072],[110.35771,-7.03222],[110.35645,-7.03326],[110.35545,-7.03328],[110.35378,-7.03182],[110.35341,-7.03246],[110.35265,-7.03286],[110.35223,-7.03367],[110.35135,-7.0342],[110.35048,-7.03661],[110.34923,-7.03804],[110.3484,-7.03774],[110.349,-7.03668],[110.34703,-7.0357],[110.34667,-7.03585],[110.34616,-7.03806],[110.34695,-7.04024],[110.34644,-7.041],[110.34654,-7.04133],[110.34715,-7.04138],[110.34735,-7.04188],[110.34718,-7.04259],[110.34752,-7.04274],[110.34724,-7.04365],[110.34672,-7.04374],[110.34684,-7.04423],[110.34634,-7.04428],[110.34642,-7.04501],[110.34718,-7.04544],[110.34723,-7.04615],[110.34884,-7.04766],[110.34876,-7.04822],[110.34917,-7.04944],[110.34911,-7.05143],[110.34838,-7.05175],[110.34726,-7.05339],[110.34787,-7.05636],[110.34943,-7.05909],[110.34955,-7.06319],[110.34904,-7.06503],[110.35377,-7.06513],[110.35886,-7.06877],[110.3589,-7.06617],[110.35837,-7.06572],[110.35812,-7.06483],[110.35909,-7.06129],[110.36008,-7.05982],[110.36089,-7.05728],[110.36079,-7.05535],[110.35923,-7.05345],[110.35898,-7.05152],[110.35938,-7.05034],[110.35944,-7.0488],[110.36015,-7.04687],[110.36073,-7.0462],[110.36028,-7.04547],[110.36032,-7.04367],[110.36039,-7.04354]]]}},{"type":"Feature","properties":{"id":"ADM-GUNUNGPATI-MANGUNSARI","name":"Mangunsari","kecamatan":"Gunungpati"},"geometry":{"type":"Polygon","coordinates":[[[110.38856,-7.07521],[110.38564,-7.07426],[110.38335,-7.07399],[110.38275,-7.07456],[110.38247,-7.07581],[110.38165,-7.07669],[110.37984,-7.07695],[110.37743,-7.07937],[110.37396,-7.07998],[110.37234,-7.08107],[110.37215,-7.08182],[110.37238,-7.08232],[110.37179,-7.08271],[110.37226,-7.0833],[110.37208,-7.08366],[110.37228,-7.08443],[110.37305,-7.08516],[110.37372,-7.08643],[110.37279,-7.08673],[110.37235,-7.08738],[110.37297,-7.08879],[110.37374,-7.08961],[110.37466,-7.09002],[110.37475,-7.09173],[110.37621,-7.09307],[110.37719,-7.09482],[110.37848,-7.09471],[110.37933,-7.09545],[110.38009,-7.09533],[110.3823,-7.09349],[110.3832,-7.09341],[110.38498,-7.09622],[110.38526,-7.09718],[110.38589,-7.09715],[110.38706,-7.0984],[110.38986,-7.09918],[110.38951,-7.09842],[110.38959,-7.09622],[110.3888,-7.08934],[110.38718,-7.0858],[110.38717,-7.08282],[110.38786,-7.0803],[110.38758,-7.07811],[110.38825,-7.07592],[110.38856,-7.07521]]]}},{"type":"Feature","properties":{"id":"ADM-GUNUNGPATI-NGIJO","name":"Ngijo","kecamatan":"Gunungpati"},"geometry":{"type":"Polygon","coordinates":[[[110.39285,-7.05813],[110.3913,-7.05858],[110.38885,-7.06046],[110.38681,-7.06317],[110.38626,-7.06612],[110.38375,-7.06613],[110.38243,-7.06683],[110.38037,-7.06683],[110.37971,-7.06555],[110.37903,-7.06554],[110.37899,-7.06527],[110.37955,-7.06509],[110.37983,-7.06442],[110.37759,-7.06205],[110.3768,-7.06072],[110.37693,-7.05984],[110.37601,-7.05871],[110.37586,-7.05801],[110.37523,-7.0578],[110.37517,-7.05671],[110.37441,-7.05535],[110.37371,-7.05518],[110.37316,-7.05544],[110.37282,-7.05484],[110.37236,-7.05465],[110.37245,-7.05392],[110.37179,-7.05328],[110.37178,-7.05392],[110.36967,-7.05539],[110.36936,-7.05653],[110.3686,-7.05718],[110.36809,-7.0588],[110.36887,-7.06158],[110.36877,-7.06384],[110.37104,-7.06429],[110.37064,-7.06591],[110.37127,-7.06673],[110.37051,-7.06771],[110.37132,-7.07049],[110.37168,-7.07071],[110.37194,-7.07033],[110.37228,-7.07119],[110.37282,-7.0714],[110.37278,-7.07181],[110.3736,-7.07195],[110.37381,-7.07282],[110.37391,-7.07444],[110.3735,-7.07483],[110.37264,-7.07444],[110.3719,-7.07521],[110.37207,-7.07591],[110.37168,-7.07733],[110.37222,-7.07855],[110.37153,-7.07886],[110.37132,-7.07993],[110.37191,-7.07953],[110.3724,-7.07989],[110.37259,-7.08027],[110.37234,-7.08107],[110.37396,-7.07998],[110.37743,-7.07937],[110.37984,-7.07695],[110.38165,-7.07669],[110.38247,-7.07581],[110.38275,-7.07456],[110.38335,-7.07399],[110.38564,-7.07426],[110.38856,-7.07521],[110.38986,-7.07115],[110.39091,-7.07142],[110.39115,-7.07099],[110.39239,-7.06661],[110.39285,-7.06333],[110.39226,-7.06286],[110.3921,-7.06102],[110.39231,-7.05895],[110.39281,-7.05828],[110.39285,-7.05813]]]}},{"type":"Feature","properties":{"id":"ADM-GUNUNGPATI-NONGKOSAWIT","name":"Nongkosawit","kecamatan":"Gunungpati"},"geometry":{"type":"Polygon","coordinates":[[[110.36877,-7.06384],[110.36752,-7.06428],[110.3673,-7.06357],[110.36641,-7.06257],[110.36531,-7.06213],[110.36513,-7.06161],[110.36342,-7.06035],[110.3634,-7.05858],[110.363,-7.05795],[110.36081,-7.05759],[110.36008,-7.05982],[110.35909,-7.06129],[110.35813,-7.06512],[110.3589,-7.06617],[110.35881,-7.07039],[110.35958,-7.07216],[110.35969,-7.07401],[110.36214,-7.074],[110.36595,-7.07493],[110.36346,-7.07965],[110.36497,-7.07969],[110.36575,-7.08002],[110.36655,-7.08101],[110.36955,-7.08191],[110.37132,-7.08013],[110.37153,-7.07886],[110.37222,-7.07855],[110.37168,-7.07733],[110.37209,-7.07487],[110.37281,-7.07443],[110.3735,-7.07483],[110.37394,-7.07414],[110.37365,-7.07202],[110.37278,-7.07181],[110.37282,-7.0714],[110.37228,-7.07119],[110.37194,-7.07033],[110.37168,-7.07071],[110.37132,-7.07049],[110.37053,-7.06813],[110.37052,-7.06756],[110.37127,-7.06673],[110.37064,-7.06591],[110.37104,-7.06429],[110.36877,-7.06384]]]}},{"type":"Feature","properties":{"id":"ADM-GUNUNGPATI-PAKINTELAN","name":"Pakintelan","kecamatan":"Gunungpati"},"geometry":{"type":"Polygon","coordinates":[[[110.4034,-7.0788],[110.40221,-7.07899],[110.40094,-7.07876],[110.40003,-7.07909],[110.39958,-7.07963],[110.39901,-7.0792],[110.3964,-7.07926],[110.38765,-7.07863],[110.38786,-7.0803],[110.38717,-7.08282],[110.38718,-7.0858],[110.3888,-7.08934],[110.38959,-7.09622],[110.38955,-7.09853],[110.38986,-7.09918],[110.39023,-7.09925],[110.3928,-7.09909],[110.3939,-7.09929],[110.39443,-7.10018],[110.39531,-7.10077],[110.3961,-7.10091],[110.39628,-7.1016],[110.39714,-7.10206],[110.39732,-7.10252],[110.39676,-7.10289],[110.39689,-7.10332],[110.3976,-7.10327],[110.39844,-7.10252],[110.399,-7.10328],[110.40117,-7.09961],[110.40097,-7.09825],[110.40132,-7.09742],[110.40105,-7.0964],[110.40198,-7.09567],[110.40113,-7.09425],[110.40307,-7.09232],[110.40308,-7.08992],[110.4042,-7.08735],[110.40404,-7.08671],[110.40331,-7.08582],[110.40423,-7.08432],[110.40414,-7.08229],[110.4037,-7.08198],[110.40255,-7.08221],[110.40233,-7.08203],[110.40226,-7.08005],[110.40309,-7.07912],[110.4034,-7.0788]]]}},{"type":"Feature","properties":{"id":"ADM-GUNUNGPATI-PATEMON","name":"Patemon","kecamatan":"Gunungpati"},"geometry":{"type":"Polygon","coordinates":[[[110.40519,-7.06032],[110.40305,-7.06009],[110.40264,-7.05982],[110.40253,-7.0592],[110.40331,-7.05803],[110.40288,-7.05755],[110.40113,-7.05901],[110.3987,-7.0596],[110.39825,-7.05949],[110.39735,-7.05791],[110.39665,-7.05753],[110.39464,-7.0569],[110.39333,-7.05703],[110.39221,-7.05947],[110.39226,-7.06286],[110.39285,-7.06333],[110.39239,-7.06661],[110.39098,-7.07137],[110.38982,-7.07124],[110.38758,-7.07811],[110.38765,-7.07863],[110.3964,-7.07926],[110.39901,-7.0792],[110.39958,-7.07963],[110.40003,-7.07909],[110.40094,-7.07876],[110.40236,-7.07899],[110.40437,-7.07869],[110.40378,-7.0772],[110.40241,-7.07761],[110.40199,-7.077],[110.40252,-7.07645],[110.40398,-7.07588],[110.40381,-7.0754],[110.4029,-7.07477],[110.40312,-7.07427],[110.40382,-7.07404],[110.40433,-7.07472],[110.40468,-7.07476],[110.40575,-7.07449],[110.40603,-7.07408],[110.40587,-7.07353],[110.40436,-7.07252],[110.40507,-7.07101],[110.4047,-7.07],[110.40511,-7.06822],[110.40614,-7.06713],[110.40568,-7.06606],[110.40635,-7.06375],[110.4056,-7.06176],[110.40496,-7.06096],[110.40506,-7.06042],[110.40519,-7.06032]]]}},{"type":"Feature","properties":{"id":"ADM-GUNUNGPATI-PLALANGAN","name":"Plalangan","kecamatan":"Gunungpati"},"geometry":{"type":"Polygon","coordinates":[[[110.37234,-7.08107],[110.37254,-7.08008],[110.37191,-7.07953],[110.37078,-7.08046],[110.36971,-7.08192],[110.36845,-7.08151],[110.36711,-7.08203],[110.36677,-7.08326],[110.36485,-7.08319],[110.36411,-7.08587],[110.36412,-7.0874],[110.36468,-7.08856],[110.36456,-7.08932],[110.36286,-7.0898],[110.36215,-7.08965],[110.36118,-7.09038],[110.36173,-7.09192],[110.36128,-7.09324],[110.36332,-7.09515],[110.36349,-7.09563],[110.36328,-7.09623],[110.36383,-7.09648],[110.36367,-7.09716],[110.36479,-7.09768],[110.36522,-7.09915],[110.36662,-7.10049],[110.36569,-7.10267],[110.36339,-7.10273],[110.36327,-7.10373],[110.36564,-7.10478],[110.36963,-7.10503],[110.37175,-7.10658],[110.375,-7.1074],[110.37682,-7.10823],[110.37639,-7.1074],[110.37707,-7.10723],[110.37711,-7.1065],[110.37792,-7.10526],[110.37835,-7.1037],[110.37931,-7.1031],[110.3803,-7.10158],[110.38002,-7.09901],[110.37977,-7.09868],[110.38054,-7.09765],[110.38031,-7.09743],[110.37985,-7.09788],[110.37955,-7.09767],[110.37983,-7.09605],[110.37848,-7.09471],[110.37719,-7.09482],[110.37621,-7.09307],[110.37475,-7.09173],[110.37466,-7.09002],[110.37374,-7.08961],[110.37297,-7.08879],[110.37235,-7.08738],[110.37279,-7.08673],[110.37372,-7.08643],[110.37305,-7.08516],[110.37228,-7.08443],[110.37208,-7.08366],[110.37226,-7.0833],[110.37179,-7.08271],[110.37238,-7.08232],[110.37215,-7.08182],[110.37232,-7.08116],[110.37234,-7.08107]]]}},{"type":"Feature","properties":{"id":"ADM-GUNUNGPATI-PONGANGAN","name":"Pongangan","kecamatan":"Gunungpati"},"geometry":{"type":"Polygon","coordinates":[[[110.37819,-7.03709],[110.37725,-7.03716],[110.37732,-7.03813],[110.37689,-7.03818],[110.37709,-7.03919],[110.37658,-7.03961],[110.37681,-7.04027],[110.37626,-7.04133],[110.3744,-7.04159],[110.37448,-7.04224],[110.3742,-7.04277],[110.37275,-7.04304],[110.37263,-7.04357],[110.37193,-7.04352],[110.37207,-7.04407],[110.37142,-7.0442],[110.37115,-7.04456],[110.36847,-7.04491],[110.36819,-7.04437],[110.36832,-7.04371],[110.36793,-7.04315],[110.36758,-7.04283],[110.36611,-7.04257],[110.36492,-7.04294],[110.36299,-7.04252],[110.36215,-7.04302],[110.36131,-7.04418],[110.36077,-7.04363],[110.36032,-7.04367],[110.36028,-7.04547],[110.36073,-7.0462],[110.36015,-7.04687],[110.35944,-7.0488],[110.35938,-7.05034],[110.35898,-7.05152],[110.35923,-7.05345],[110.36079,-7.05535],[110.36081,-7.05759],[110.363,-7.05795],[110.3634,-7.05858],[110.36342,-7.06035],[110.36513,-7.06161],[110.36531,-7.06213],[110.36641,-7.06257],[110.3673,-7.06357],[110.36752,-7.06428],[110.36877,-7.06384],[110.36887,-7.06158],[110.36809,-7.0588],[110.3686,-7.05718],[110.36936,-7.05653],[110.36976,-7.05526],[110.37178,-7.05392],[110.37169,-7.05268],[110.37219,-7.05141],[110.37215,-7.04984],[110.37246,-7.04887],[110.3741,-7.04763],[110.37449,-7.04562],[110.37652,-7.04474],[110.37671,-7.04301],[110.37756,-7.04229],[110.37774,-7.04099],[110.37873,-7.04014],[110.37877,-7.03946],[110.37797,-7.03844],[110.37804,-7.03723],[110.37819,-7.03709]]]}},{"type":"Feature","properties":{"id":"ADM-GUNUNGPATI-SADENG","name":"Sadeng","kecamatan":"Gunungpati"},"geometry":{"type":"Polygon","coordinates":[[[110.37378,-7.02015],[110.37223,-7.02135],[110.37162,-7.02219],[110.36835,-7.02072],[110.36737,-7.01882],[110.36647,-7.01871],[110.36536,-7.01915],[110.36232,-7.0227],[110.36246,-7.02304],[110.36392,-7.0229],[110.36431,-7.02317],[110.36444,-7.02427],[110.36416,-7.02551],[110.36248,-7.02763],[110.36043,-7.02699],[110.36028,-7.02729],[110.36076,-7.02795],[110.36067,-7.02927],[110.35995,-7.02945],[110.35976,-7.03013],[110.35932,-7.03049],[110.35938,-7.0329],[110.3608,-7.03371],[110.35926,-7.03419],[110.35927,-7.03444],[110.35986,-7.03472],[110.3602,-7.03574],[110.36003,-7.03587],[110.35978,-7.03549],[110.35873,-7.03554],[110.35867,-7.03602],[110.35952,-7.03705],[110.35892,-7.0373],[110.35845,-7.03803],[110.35909,-7.03865],[110.35868,-7.04053],[110.36078,-7.04139],[110.36041,-7.04204],[110.36039,-7.04354],[110.36131,-7.04418],[110.36215,-7.04302],[110.36299,-7.04252],[110.36492,-7.04294],[110.36629,-7.04259],[110.36758,-7.04283],[110.36793,-7.04315],[110.36832,-7.04371],[110.36819,-7.04437],[110.36847,-7.04491],[110.36938,-7.04467],[110.36983,-7.04491],[110.36994,-7.04455],[110.3707,-7.04467],[110.37199,-7.04413],[110.37193,-7.04352],[110.37269,-7.04354],[110.37275,-7.04304],[110.3742,-7.04277],[110.37448,-7.04224],[110.3744,-7.04159],[110.37626,-7.04133],[110.37681,-7.04027],[110.37658,-7.03961],[110.37709,-7.03919],[110.37689,-7.03818],[110.37732,-7.03813],[110.37725,-7.03716],[110.37819,-7.03709],[110.37897,-7.03631],[110.37918,-7.03566],[110.37861,-7.03463],[110.37648,-7.03492],[110.37636,-7.03408],[110.37794,-7.03232],[110.37835,-7.03111],[110.37812,-7.03035],[110.37694,-7.02896],[110.37701,-7.0284],[110.37891,-7.02655],[110.37953,-7.02505],[110.37849,-7.02314],[110.37819,-7.02318],[110.37639,-7.02166],[110.37394,-7.02012],[110.37378,-7.02015]]]}},{"type":"Feature","properties":{"id":"ADM-GUNUNGPATI-SEKARAN","name":"Sekaran","kecamatan":"Gunungpati"},"geometry":{"type":"Polygon","coordinates":[[[110.40611,-7.04883],[110.40622,-7.04787],[110.40516,-7.04643],[110.40511,-7.04373],[110.40422,-7.04006],[110.40477,-7.0387],[110.40452,-7.03756],[110.40553,-7.03597],[110.40439,-7.03469],[110.40423,-7.03381],[110.40122,-7.03429],[110.39616,-7.03585],[110.39418,-7.03564],[110.39303,-7.0362],[110.38885,-7.03482],[110.38795,-7.03481],[110.38744,-7.03513],[110.38683,-7.03509],[110.38613,-7.03576],[110.385,-7.0356],[110.38325,-7.03648],[110.38256,-7.03638],[110.38152,-7.03721],[110.37985,-7.03742],[110.37985,-7.03706],[110.37908,-7.03701],[110.37926,-7.03659],[110.37897,-7.03631],[110.37799,-7.03731],[110.37795,-7.03806],[110.37905,-7.03792],[110.37952,-7.03845],[110.3806,-7.03851],[110.38081,-7.03875],[110.38085,-7.04032],[110.37965,-7.04128],[110.38049,-7.04399],[110.37972,-7.04428],[110.3796,-7.04464],[110.38,-7.04523],[110.38041,-7.0452],[110.38071,-7.0456],[110.38063,-7.04748],[110.38203,-7.04774],[110.3821,-7.049],[110.38397,-7.05077],[110.38521,-7.05115],[110.38546,-7.05156],[110.38773,-7.05258],[110.38781,-7.0529],[110.38833,-7.05306],[110.38839,-7.05356],[110.38895,-7.05349],[110.38894,-7.05431],[110.39058,-7.05514],[110.39075,-7.05639],[110.39146,-7.05763],[110.39245,-7.05722],[110.39285,-7.05813],[110.39338,-7.05698],[110.39464,-7.0569],[110.39735,-7.05791],[110.39825,-7.05949],[110.3987,-7.0596],[110.40113,-7.05901],[110.40288,-7.05755],[110.40331,-7.05803],[110.40253,-7.0592],[110.40264,-7.05982],[110.40305,-7.06009],[110.40519,-7.06032],[110.40551,-7.06014],[110.40638,-7.05851],[110.40655,-7.05734],[110.40652,-7.05558],[110.40623,-7.05437],[110.40562,-7.05341],[110.40589,-7.05289],[110.40673,-7.05287],[110.40697,-7.0526],[110.40586,-7.05049],[110.40605,-7.04906],[110.40611,-7.04883]]]}},{"type":"Feature","properties":{"id":"ADM-GUNUNGPATI-SUKOREJO","name":"Sukorejo","kecamatan":"Gunungpati"},"geometry":{"type":"Polygon","coordinates":[[[110.402,-7.02787],[110.401,-7.02663],[110.39926,-7.02559],[110.39929,-7.02354],[110.39697,-7.02293],[110.39397,-7.01949],[110.39339,-7.01965],[110.39258,-7.02051],[110.39116,-7.02094],[110.39082,-7.02006],[110.38898,-7.0195],[110.38783,-7.01875],[110.38735,-7.01745],[110.38502,-7.01746],[110.38359,-7.01787],[110.38275,-7.02038],[110.38229,-7.02053],[110.38151,-7.01989],[110.38018,-7.01775],[110.37947,-7.01766],[110.37922,-7.01801],[110.37849,-7.02314],[110.37952,-7.02531],[110.37891,-7.02655],[110.37692,-7.02867],[110.37706,-7.02919],[110.37812,-7.03035],[110.37835,-7.03111],[110.37794,-7.03232],[110.37638,-7.03391],[110.37648,-7.03492],[110.37877,-7.03473],[110.37918,-7.03566],[110.37908,-7.03701],[110.37985,-7.03706],[110.37985,-7.03742],[110.38027,-7.03746],[110.38074,-7.03714],[110.38152,-7.03721],[110.38256,-7.03638],[110.38325,-7.03648],[110.385,-7.0356],[110.38613,-7.03576],[110.38683,-7.03509],[110.38744,-7.03513],[110.38795,-7.03481],[110.38885,-7.03482],[110.39303,-7.0362],[110.39418,-7.03564],[110.39616,-7.03585],[110.40122,-7.03429],[110.40377,-7.03397],[110.40423,-7.03381],[110.40352,-7.03241],[110.404,-7.03186],[110.40419,-7.03022],[110.40204,-7.02791],[110.402,-7.02787]]]}},{"type":"Feature","properties":{"id":"ADM-GUNUNGPATI-SUMUREJO","name":"Sumurejo","kecamatan":"Gunungpati"},"geometry":{"type":"Polygon","coordinates":[[[110.38986,-7.09918],[110.38706,-7.0984],[110.38589,-7.09715],[110.38526,-7.09718],[110.38498,-7.09622],[110.3832,-7.09341],[110.3823,-7.09349],[110.38058,-7.09504],[110.37933,-7.09545],[110.37983,-7.09605],[110.37962,-7.09781],[110.38031,-7.09743],[110.38054,-7.09765],[110.37977,-7.09868],[110.38002,-7.09901],[110.3803,-7.10158],[110.37931,-7.1031],[110.37835,-7.1037],[110.37792,-7.10526],[110.37711,-7.1065],[110.37707,-7.10723],[110.37639,-7.1074],[110.37682,-7.10823],[110.38225,-7.11046],[110.38243,-7.11185],[110.38387,-7.11392],[110.38423,-7.11406],[110.38528,-7.11345],[110.38826,-7.11377],[110.38864,-7.11505],[110.38902,-7.11529],[110.39468,-7.11419],[110.39684,-7.11446],[110.39742,-7.11345],[110.40183,-7.10999],[110.4015,-7.10827],[110.40082,-7.10741],[110.39852,-7.10645],[110.39767,-7.10559],[110.39766,-7.10467],[110.39808,-7.10431],[110.3992,-7.10484],[110.39938,-7.10459],[110.39857,-7.10264],[110.39823,-7.10255],[110.3976,-7.10327],[110.39689,-7.10332],[110.39676,-7.10289],[110.39732,-7.10252],[110.39714,-7.10206],[110.39628,-7.1016],[110.3961,-7.10091],[110.39531,-7.10077],[110.39443,-7.10018],[110.3939,-7.09929],[110.3928,-7.09909],[110.39023,-7.09925],[110.38986,-7.09918]]]}},{"type":"Feature","properties":{"id":"ADM-MIJEN-BUBAKAN","name":"Bubakan","kecamatan":"Mijen"},"geometry":{"type":"Polygon","coordinates":[[[110.32933,-7.08683],[110.32797,-7.08509],[110.32584,-7.0835],[110.32528,-7.08191],[110.32526,-7.08413],[110.32456,-7.08499],[110.31663,-7.08503],[110.31601,-7.08528],[110.31575,-7.08626],[110.31404,-7.08644],[110.31387,-7.08817],[110.31558,-7.08835],[110.31559,-7.09025],[110.31463,-7.08972],[110.31432,-7.09088],[110.31364,-7.0914],[110.3143,-7.09185],[110.31544,-7.09562],[110.31538,-7.09967],[110.31595,-7.10007],[110.31659,-7.10154],[110.31737,-7.1023],[110.31686,-7.10299],[110.31704,-7.10364],[110.31664,-7.10421],[110.3172,-7.10471],[110.31703,-7.10573],[110.31726,-7.10635],[110.31753,-7.10631],[110.3176,-7.10572],[110.31843,-7.10593],[110.31913,-7.10255],[110.31967,-7.10152],[110.32108,-7.10202],[110.32176,-7.10321],[110.32244,-7.10192],[110.32301,-7.10217],[110.32407,-7.10146],[110.32458,-7.09906],[110.3247,-7.09655],[110.32541,-7.09525],[110.32669,-7.09484],[110.3272,-7.09345],[110.3271,-7.09296],[110.32796,-7.09117],[110.32688,-7.08944],[110.32593,-7.08918],[110.32612,-7.08833],[110.32929,-7.08684],[110.32933,-7.08683]]]}},{"type":"Feature","properties":{"id":"ADM-MIJEN-CANGKIRAN","name":"Cangkiran","kecamatan":"Mijen"},"geometry":{"type":"Polygon","coordinates":[[[110.31425,-7.09207],[110.31281,-7.09213],[110.3121,-7.0903],[110.31253,-7.08962],[110.31137,-7.08919],[110.31163,-7.08831],[110.31099,-7.08686],[110.30977,-7.08576],[110.31013,-7.08366],[110.30913,-7.08187],[110.30873,-7.08003],[110.30602,-7.08109],[110.30274,-7.08113],[110.30329,-7.08244],[110.30442,-7.08346],[110.30434,-7.08442],[110.30482,-7.08493],[110.30453,-7.08608],[110.30511,-7.08811],[110.30507,-7.09202],[110.30467,-7.09194],[110.30392,-7.09485],[110.30399,-7.09618],[110.3034,-7.09718],[110.30427,-7.09876],[110.30496,-7.09906],[110.30464,-7.09992],[110.30521,-7.10158],[110.30608,-7.10158],[110.30707,-7.10086],[110.30854,-7.10129],[110.30945,-7.1017],[110.31017,-7.10297],[110.31429,-7.10729],[110.31565,-7.10752],[110.31713,-7.10694],[110.3172,-7.10471],[110.31664,-7.10421],[110.31704,-7.10364],[110.31686,-7.10299],[110.31737,-7.1023],[110.31659,-7.10154],[110.31595,-7.10007],[110.31538,-7.09967],[110.31544,-7.09562],[110.3143,-7.09211],[110.31425,-7.09207]]]}},{"type":"Feature","properties":{"id":"ADM-MIJEN-JATIBARANG","name":"Jatibarang","kecamatan":"Mijen"},"geometry":{"type":"Polygon","coordinates":[[[110.34071,-7.05109],[110.3404,-7.05047],[110.3399,-7.05055],[110.33845,-7.05154],[110.33717,-7.05182],[110.33578,-7.04615],[110.3367,-7.04266],[110.33522,-7.04229],[110.33289,-7.0411],[110.32986,-7.04103],[110.32589,-7.04487],[110.32341,-7.04684],[110.32172,-7.04887],[110.32367,-7.05002],[110.32716,-7.05151],[110.32966,-7.05304],[110.33343,-7.05349],[110.33333,-7.0561],[110.33425,-7.05879],[110.33456,-7.05952],[110.33571,-7.05949],[110.33491,-7.06415],[110.33475,-7.06869],[110.33821,-7.06979],[110.33918,-7.07053],[110.34174,-7.07086],[110.34231,-7.07155],[110.34189,-7.07059],[110.34078,-7.06971],[110.34099,-7.06951],[110.34221,-7.06977],[110.34266,-7.06864],[110.34257,-7.06812],[110.34135,-7.06642],[110.34162,-7.06486],[110.34053,-7.06302],[110.33937,-7.06291],[110.34002,-7.06015],[110.33978,-7.05919],[110.34025,-7.05715],[110.34074,-7.05643],[110.3421,-7.05639],[110.34249,-7.05592],[110.3411,-7.05454],[110.34026,-7.05324],[110.34051,-7.05305],[110.34171,-7.05339],[110.34197,-7.0531],[110.34019,-7.0518],[110.34024,-7.0512],[110.34064,-7.05106],[110.34071,-7.05109]]]}},{"type":"Feature","properties":{"id":"ADM-MIJEN-JATISARI","name":"Jatisari","kecamatan":"Mijen"},"geometry":{"type":"Polygon","coordinates":[[[110.31158,-7.06114],[110.30982,-7.06091],[110.30896,-7.06118],[110.30656,-7.06024],[110.30597,-7.05903],[110.30592,-7.05748],[110.30562,-7.0575],[110.30358,-7.05821],[110.30159,-7.05986],[110.2994,-7.06048],[110.29905,-7.061],[110.29897,-7.06233],[110.29985,-7.06406],[110.30081,-7.06471],[110.29915,-7.06756],[110.30071,-7.06786],[110.30138,-7.06842],[110.30137,-7.06901],[110.30065,-7.07054],[110.30098,-7.07121],[110.30074,-7.07253],[110.30189,-7.07267],[110.30151,-7.07437],[110.30198,-7.07504],[110.30201,-7.07603],[110.30284,-7.07651],[110.30323,-7.07901],[110.30304,-7.07954],[110.30143,-7.07948],[110.30108,-7.07996],[110.30274,-7.08113],[110.30472,-7.08101],[110.30475,-7.08128],[110.30602,-7.08109],[110.30873,-7.08003],[110.30892,-7.07865],[110.30989,-7.0759],[110.31034,-7.07105],[110.31173,-7.06737],[110.31124,-7.06363],[110.31158,-7.06115],[110.31158,-7.06114]]]}},{"type":"Feature","properties":{"id":"ADM-MIJEN-KARANGMALANG","name":"Karangmalang","kecamatan":"Mijen"},"geometry":{"type":"Polygon","coordinates":[[[110.34443,-7.09717],[110.34423,-7.09668],[110.34368,-7.09653],[110.34332,-7.09521],[110.34247,-7.09414],[110.34188,-7.09428],[110.34183,-7.09572],[110.34102,-7.09655],[110.34008,-7.0951],[110.3364,-7.0958],[110.33557,-7.0948],[110.33077,-7.09185],[110.3296,-7.09206],[110.32898,-7.09158],[110.3283,-7.09174],[110.32724,-7.09262],[110.32669,-7.09484],[110.32541,-7.09525],[110.3247,-7.09655],[110.32458,-7.09906],[110.32407,-7.10146],[110.32444,-7.10138],[110.32519,-7.10193],[110.32928,-7.10187],[110.32989,-7.10093],[110.33041,-7.10096],[110.33072,-7.0997],[110.33222,-7.09908],[110.33288,-7.10052],[110.33297,-7.10214],[110.33351,-7.10303],[110.33561,-7.10371],[110.3363,-7.10431],[110.33707,-7.10433],[110.33753,-7.10394],[110.33847,-7.10207],[110.34185,-7.10028],[110.34281,-7.09921],[110.34283,-7.09825],[110.34391,-7.09748],[110.34443,-7.09717]]]}},{"type":"Feature","properties":{"id":"ADM-MIJEN-KEDUNGPANE","name":"Kedungpane","kecamatan":"Mijen"},"geometry":{"type":"Polygon","coordinates":[[[110.36436,-7.02016],[110.36245,-7.01441],[110.35934,-7.01582],[110.3582,-7.01567],[110.35732,-7.01595],[110.35686,-7.01746],[110.35633,-7.01757],[110.35621,-7.01823],[110.35572,-7.01862],[110.35578,-7.01933],[110.35432,-7.02117],[110.35187,-7.0204],[110.34884,-7.02013],[110.34528,-7.0193],[110.34099,-7.01941],[110.34069,-7.01985],[110.33951,-7.02012],[110.33714,-7.01963],[110.33522,-7.02363],[110.33485,-7.02735],[110.3328,-7.03522],[110.32992,-7.04099],[110.33297,-7.04111],[110.33522,-7.04229],[110.3367,-7.04266],[110.33578,-7.04615],[110.33717,-7.05182],[110.33845,-7.05154],[110.3399,-7.05055],[110.3404,-7.05047],[110.34071,-7.05109],[110.34121,-7.05112],[110.34129,-7.05009],[110.33999,-7.04865],[110.33993,-7.04819],[110.34242,-7.04769],[110.34385,-7.04664],[110.34455,-7.04559],[110.34507,-7.04379],[110.34476,-7.04105],[110.34509,-7.0408],[110.34644,-7.041],[110.34693,-7.04042],[110.34616,-7.03806],[110.34667,-7.03585],[110.34703,-7.0357],[110.349,-7.03668],[110.3484,-7.03774],[110.34923,-7.03804],[110.35048,-7.03661],[110.35135,-7.0342],[110.35223,-7.03367],[110.35265,-7.03286],[110.35341,-7.03246],[110.35378,-7.03182],[110.35545,-7.03328],[110.35688,-7.03306],[110.35771,-7.03222],[110.35693,-7.03072],[110.35846,-7.03086],[110.35954,-7.03036],[110.35995,-7.02945],[110.36067,-7.02927],[110.36076,-7.02795],[110.36028,-7.02729],[110.36043,-7.02699],[110.36224,-7.02765],[110.36287,-7.02741],[110.36416,-7.02551],[110.36444,-7.02427],[110.36418,-7.023],[110.36236,-7.02292],[110.36237,-7.02252],[110.36353,-7.02115],[110.36436,-7.02016]]]}},{"type":"Feature","properties":{"id":"ADM-MIJEN-MIJEN","name":"Mijen","kecamatan":"Mijen"},"geometry":{"type":"Polygon","coordinates":[[[110.33484,-7.06763],[110.33491,-7.06415],[110.33571,-7.05949],[110.33456,-7.05952],[110.33425,-7.05879],[110.33333,-7.0561],[110.33343,-7.05349],[110.32966,-7.05304],[110.32716,-7.05151],[110.32367,-7.05002],[110.32172,-7.04887],[110.31945,-7.05069],[110.31716,-7.05144],[110.31599,-7.05396],[110.31163,-7.06097],[110.31123,-7.06298],[110.31168,-7.06638],[110.31285,-7.06638],[110.31322,-7.06761],[110.31391,-7.0676],[110.31405,-7.06539],[110.31603,-7.06575],[110.31618,-7.06705],[110.31726,-7.06858],[110.31901,-7.06922],[110.31971,-7.06981],[110.31953,-7.07103],[110.32333,-7.07142],[110.32541,-7.07122],[110.32663,-7.07042],[110.32748,-7.07021],[110.32815,-7.06866],[110.3291,-7.06801],[110.32957,-7.06796],[110.33122,-7.06879],[110.33472,-7.06766],[110.33484,-7.06763]]]}},{"type":"Feature","properties":{"id":"ADM-MIJEN-NGADIRGO","name":"Ngadirgo","kecamatan":"Mijen"},"geometry":{"type":"Polygon","coordinates":[[[110.31054,-7.02256],[110.30585,-7.02242],[110.30529,-7.02332],[110.30492,-7.02343],[110.30184,-7.02341],[110.29983,-7.02305],[110.2979,-7.02363],[110.29611,-7.02284],[110.29595,-7.02485],[110.29743,-7.02884],[110.29829,-7.03347],[110.29672,-7.03861],[110.3013,-7.03933],[110.30594,-7.0412],[110.30706,-7.04203],[110.30857,-7.04376],[110.31171,-7.04585],[110.31236,-7.04727],[110.31234,-7.0494],[110.31339,-7.0493],[110.31504,-7.05194],[110.31692,-7.05191],[110.31748,-7.0512],[110.3199,-7.05043],[110.31796,-7.0479],[110.31714,-7.04604],[110.31714,-7.03798],[110.31502,-7.03421],[110.31404,-7.02979],[110.31292,-7.02696],[110.31054,-7.02257],[110.31054,-7.02256]]]}},{"type":"Feature","properties":{"id":"ADM-MIJEN-PESANTREN","name":"Pesantren","kecamatan":"Mijen"},"geometry":{"type":"Polygon","coordinates":[[[110.33579,-7.02229],[110.33466,-7.0221],[110.33485,-7.02116],[110.32798,-7.01974],[110.32454,-7.01977],[110.31377,-7.01893],[110.3112,-7.01929],[110.30945,-7.01996],[110.31153,-7.02471],[110.31292,-7.02696],[110.31404,-7.02979],[110.31502,-7.03421],[110.31714,-7.03798],[110.31714,-7.04604],[110.31796,-7.0479],[110.3199,-7.05043],[110.32172,-7.04887],[110.32341,-7.04684],[110.32589,-7.04487],[110.32998,-7.04089],[110.3328,-7.03522],[110.33408,-7.03087],[110.33496,-7.02671],[110.33512,-7.02399],[110.33572,-7.02252],[110.33579,-7.02229]]]}},{"type":"Feature","properties":{"id":"ADM-MIJEN-POLAMAN","name":"Polaman","kecamatan":"Mijen"},"geometry":{"type":"Polygon","coordinates":[[[110.34391,-7.08465],[110.34268,-7.08492],[110.34026,-7.08445],[110.33879,-7.0848],[110.33848,-7.08579],[110.33795,-7.08625],[110.3329,-7.08656],[110.33151,-7.08688],[110.32933,-7.08683],[110.32736,-7.08792],[110.32621,-7.08822],[110.32593,-7.08918],[110.32688,-7.08944],[110.32793,-7.09098],[110.32727,-7.09257],[110.32856,-7.09165],[110.32911,-7.09163],[110.3296,-7.09206],[110.33077,-7.09185],[110.33557,-7.0948],[110.3364,-7.0958],[110.34008,-7.0951],[110.34091,-7.09656],[110.34183,-7.09572],[110.34188,-7.09428],[110.34247,-7.09414],[110.34332,-7.09521],[110.34368,-7.09653],[110.34467,-7.09717],[110.34483,-7.09677],[110.34442,-7.09647],[110.34416,-7.09546],[110.34348,-7.09442],[110.34444,-7.09265],[110.34336,-7.09193],[110.3422,-7.08939],[110.34304,-7.0883],[110.34266,-7.08733],[110.34363,-7.08497],[110.34391,-7.08465]]]}},{"type":"Feature","properties":{"id":"ADM-MIJEN-PURWOSARI","name":"Purwosari","kecamatan":"Mijen"},"geometry":{"type":"Polygon","coordinates":[[[110.34231,-7.07155],[110.34174,-7.07086],[110.33918,-7.07053],[110.33821,-7.06979],[110.33475,-7.06869],[110.33484,-7.06763],[110.33122,-7.06879],[110.32957,-7.06796],[110.3291,-7.06801],[110.32815,-7.06866],[110.32748,-7.07021],[110.3258,-7.07102],[110.32625,-7.07283],[110.32771,-7.07374],[110.32776,-7.07483],[110.32682,-7.07479],[110.32524,-7.07609],[110.32559,-7.07675],[110.32448,-7.07685],[110.324,-7.07716],[110.32349,-7.07892],[110.32362,-7.07967],[110.32513,-7.08136],[110.32584,-7.0835],[110.32797,-7.08509],[110.32933,-7.08683],[110.33151,-7.08688],[110.3329,-7.08656],[110.33795,-7.08625],[110.33848,-7.08579],[110.33879,-7.0848],[110.34026,-7.08445],[110.34268,-7.08492],[110.34391,-7.08465],[110.34417,-7.0837],[110.34617,-7.08198],[110.3467,-7.08028],[110.34634,-7.07985],[110.34514,-7.07989],[110.34505,-7.07869],[110.34593,-7.077],[110.34501,-7.07658],[110.34336,-7.07273],[110.34252,-7.07203],[110.34231,-7.07155]]]}},{"type":"Feature","properties":{"id":"ADM-MIJEN-TAMBANGAN","name":"Tambangan","kecamatan":"Mijen"},"geometry":{"type":"Polygon","coordinates":[[[110.3258,-7.07102],[110.32386,-7.07144],[110.31953,-7.07103],[110.31971,-7.06981],[110.31901,-7.06922],[110.31726,-7.06858],[110.31618,-7.06705],[110.31612,-7.06579],[110.31405,-7.06539],[110.31391,-7.0676],[110.31322,-7.06761],[110.31285,-7.06638],[110.31168,-7.06638],[110.31165,-7.06778],[110.31034,-7.07105],[110.30989,-7.0759],[110.30871,-7.07971],[110.30913,-7.08187],[110.31013,-7.08366],[110.30977,-7.08576],[110.31099,-7.08686],[110.31163,-7.08831],[110.31137,-7.08919],[110.31253,-7.08962],[110.3121,-7.0903],[110.31281,-7.09213],[110.31321,-7.09225],[110.31425,-7.09207],[110.3143,-7.09185],[110.31364,-7.0914],[110.31432,-7.09088],[110.31463,-7.08972],[110.31559,-7.09025],[110.31558,-7.08835],[110.31387,-7.08817],[110.31389,-7.0867],[110.31415,-7.08633],[110.31575,-7.08626],[110.31601,-7.08528],[110.31663,-7.08503],[110.32436,-7.08502],[110.325,-7.08467],[110.32526,-7.08413],[110.32528,-7.08191],[110.32499,-7.08117],[110.32362,-7.07967],[110.32349,-7.07892],[110.3238,-7.07761],[110.32448,-7.07685],[110.32559,-7.07675],[110.32524,-7.07609],[110.32682,-7.07479],[110.32776,-7.07483],[110.32786,-7.07429],[110.32753,-7.07354],[110.32625,-7.07283],[110.32587,-7.07137],[110.3258,-7.07102]]]}},{"type":"Feature","properties":{"id":"ADM-MIJEN-WONOLOPO","name":"Wonolopo","kecamatan":"Mijen"},"geometry":{"type":"Polygon","coordinates":[[[110.31692,-7.05191],[110.31504,-7.05194],[110.31339,-7.0493],[110.31234,-7.0494],[110.31236,-7.04727],[110.31171,-7.04585],[110.30857,-7.04376],[110.30706,-7.04203],[110.30594,-7.0412],[110.3013,-7.03933],[110.29672,-7.03861],[110.29664,-7.04028],[110.29756,-7.04395],[110.29757,-7.05018],[110.29824,-7.05729],[110.29852,-7.0581],[110.29954,-7.05879],[110.30029,-7.0589],[110.30106,-7.0601],[110.30367,-7.05816],[110.30592,-7.05748],[110.30597,-7.05903],[110.30656,-7.06024],[110.30896,-7.06118],[110.30982,-7.06091],[110.31158,-7.06114],[110.31599,-7.05396],[110.31687,-7.05204],[110.31692,-7.05191]]]}},{"type":"Feature","properties":{"id":"ADM-MIJEN-WONOPLUMBON","name":"Wonoplumbon","kecamatan":"Mijen"},"geometry":{"type":"Polygon","coordinates":[[[110.28448,-7.01285],[110.27647,-7.01189],[110.27535,-7.01222],[110.27497,-7.01163],[110.27337,-7.01501],[110.27483,-7.01904],[110.27477,-7.01953],[110.27357,-7.02062],[110.27065,-7.02074],[110.26984,-7.02137],[110.27209,-7.02432],[110.27183,-7.02493],[110.2706,-7.02481],[110.27058,-7.02517],[110.27089,-7.0259],[110.27221,-7.02647],[110.27184,-7.02746],[110.27236,-7.0298],[110.27146,-7.0303],[110.27133,-7.03073],[110.27207,-7.0327],[110.27172,-7.03345],[110.27416,-7.03414],[110.27406,-7.03503],[110.27361,-7.03566],[110.27161,-7.03527],[110.27174,-7.03592],[110.27282,-7.03662],[110.27286,-7.03706],[110.27238,-7.03985],[110.27157,-7.04118],[110.2753,-7.04279],[110.27572,-7.04332],[110.27695,-7.04226],[110.27692,-7.04124],[110.27741,-7.04142],[110.27957,-7.04363],[110.2802,-7.04517],[110.28112,-7.04556],[110.28111,-7.04673],[110.28227,-7.04794],[110.28295,-7.04948],[110.28315,-7.04937],[110.28419,-7.05084],[110.28567,-7.05213],[110.2865,-7.05192],[110.28771,-7.05052],[110.28917,-7.05097],[110.29085,-7.05211],[110.29272,-7.05201],[110.29434,-7.05371],[110.29448,-7.05424],[110.29403,-7.0547],[110.2937,-7.05405],[110.29298,-7.05414],[110.292,-7.05488],[110.29199,-7.05562],[110.29374,-7.05638],[110.29396,-7.05767],[110.29521,-7.05925],[110.29664,-7.05932],[110.2972,-7.06136],[110.29854,-7.06156],[110.29897,-7.06233],[110.29905,-7.061],[110.2994,-7.06048],[110.30106,-7.0601],[110.30029,-7.0589],[110.29954,-7.05879],[110.29852,-7.0581],[110.29824,-7.05729],[110.29757,-7.05018],[110.29756,-7.04395],[110.29661,-7.04002],[110.29672,-7.03861],[110.29829,-7.03347],[110.29743,-7.02884],[110.29659,-7.02611],[110.29596,-7.02502],[110.29607,-7.02265],[110.29397,-7.02234],[110.29316,-7.02073],[110.29373,-7.01653],[110.2936,-7.01585],[110.29165,-7.01495],[110.28984,-7.01475],[110.28938,-7.01495],[110.28866,-7.01471],[110.28849,-7.01437],[110.28664,-7.01415],[110.28583,-7.01354],[110.28516,-7.01346],[110.28475,-7.01294],[110.28448,-7.01285]]]}},{"type":"Feature","properties":{"id":"ADM-NGALIYAN-BAMBANKEREP","name":"Bambankerep","kecamatan":"Ngaliyan"},"geometry":{"type":"Polygon","coordinates":[[[110.36626,-6.99849],[110.36609,-6.99828],[110.36457,-6.99823],[110.36424,-6.99945],[110.36335,-6.99969],[110.36273,-7.00125],[110.36124,-7.00223],[110.36096,-7.00303],[110.36096,-7.00452],[110.36039,-7.00545],[110.35919,-7.00604],[110.35883,-7.00763],[110.35823,-7.00749],[110.3572,-7.00869],[110.35617,-7.00837],[110.35484,-7.00911],[110.35482,-7.00953],[110.3542,-7.01015],[110.35447,-7.01067],[110.35306,-7.01215],[110.34884,-7.02013],[110.35187,-7.0204],[110.35432,-7.02117],[110.35578,-7.01933],[110.35572,-7.01862],[110.35621,-7.01823],[110.35633,-7.01757],[110.35686,-7.01746],[110.35732,-7.01595],[110.3582,-7.01567],[110.35934,-7.01582],[110.36245,-7.01441],[110.36436,-7.02016],[110.36536,-7.01915],[110.36709,-7.01872],[110.36752,-7.01898],[110.36784,-7.02012],[110.36835,-7.02072],[110.37162,-7.02219],[110.37223,-7.02135],[110.37378,-7.02015],[110.37401,-7.01751],[110.37492,-7.01476],[110.37441,-7.01397],[110.37354,-7.01454],[110.37068,-7.01258],[110.37109,-7.01109],[110.37088,-7.00958],[110.36973,-7.00725],[110.37,-7.00713],[110.3686,-7.00359],[110.36752,-7.00173],[110.36665,-7.00139],[110.36689,-6.99924],[110.36626,-6.99855],[110.36626,-6.99849]]]}},{"type":"Feature","properties":{"id":"ADM-NGALIYAN-BRINGIN","name":"Bringin","kecamatan":"Ngaliyan"},"geometry":{"type":"Polygon","coordinates":[[[110.34389,-6.99859],[110.34275,-6.998],[110.3347,-6.99661],[110.3347,-6.99571],[110.33129,-6.99549],[110.32774,-6.99392],[110.32723,-6.99535],[110.3274,-6.99619],[110.3258,-6.99616],[110.32531,-6.99725],[110.32623,-6.99767],[110.32561,-6.99844],[110.32566,-6.99925],[110.32486,-7.00035],[110.32535,-7.00121],[110.32499,-7.00129],[110.32421,-7.00238],[110.32331,-7.00271],[110.32366,-7.00357],[110.32233,-7.00511],[110.32238,-7.00613],[110.32403,-7.00781],[110.32449,-7.00867],[110.32654,-7.01024],[110.32973,-7.01139],[110.33313,-7.01314],[110.33623,-7.01361],[110.33834,-7.01349],[110.33777,-7.01183],[110.33769,-7.00828],[110.33903,-7.00586],[110.33925,-7.00342],[110.34193,-6.99927],[110.34353,-6.99875],[110.34389,-6.99859]]]}},{"type":"Feature","properties":{"id":"ADM-NGALIYAN-GONDORIYO","name":"Gondoriyo","kecamatan":"Ngaliyan"},"geometry":{"type":"Polygon","coordinates":[[[110.32728,-6.99094],[110.32365,-6.9896],[110.32301,-6.98959],[110.32163,-6.99032],[110.32062,-6.99018],[110.31575,-6.98754],[110.31272,-6.98849],[110.30759,-6.98805],[110.3057,-6.98217],[110.30573,-6.9807],[110.30051,-6.9797],[110.29831,-6.98177],[110.29791,-6.98277],[110.29735,-6.98845],[110.29791,-6.99008],[110.30099,-6.99531],[110.30181,-6.99963],[110.30377,-7.00147],[110.30759,-7.00157],[110.31005,-7.00196],[110.31685,-7.00376],[110.31961,-7.00475],[110.32042,-7.0058],[110.32178,-7.00617],[110.32305,-7.00692],[110.32226,-7.00586],[110.32233,-7.00511],[110.32366,-7.00357],[110.32331,-7.00271],[110.32421,-7.00238],[110.32499,-7.00129],[110.32535,-7.00121],[110.32486,-7.00035],[110.32566,-6.99925],[110.32561,-6.99844],[110.32623,-6.99767],[110.32531,-6.99725],[110.32561,-6.99645],[110.32594,-6.99611],[110.3274,-6.99619],[110.32723,-6.99535],[110.32811,-6.99249],[110.32663,-6.99192],[110.32716,-6.99106],[110.32728,-6.99094]]]}},{"type":"Feature","properties":{"id":"ADM-NGALIYAN-KALIPANCUR","name":"Kalipancur","kecamatan":"Ngaliyan"},"geometry":{"type":"Polygon","coordinates":[[[110.36897,-6.99365],[110.36818,-6.99424],[110.3683,-6.99453],[110.36736,-6.99493],[110.36854,-6.99632],[110.3678,-6.99625],[110.36747,-6.99733],[110.367,-6.99697],[110.36685,-6.99723],[110.36715,-6.99815],[110.36626,-6.99849],[110.36689,-6.99924],[110.36665,-7.00139],[110.36752,-7.00173],[110.3697,-7.00621],[110.37,-7.00713],[110.36973,-7.00725],[110.37108,-7.01054],[110.37068,-7.01258],[110.37354,-7.01454],[110.37441,-7.01397],[110.37492,-7.01476],[110.37401,-7.01751],[110.37378,-7.02015],[110.37427,-7.02019],[110.37839,-7.02319],[110.37935,-7.0177],[110.38018,-7.01775],[110.38179,-7.02025],[110.38251,-7.02051],[110.38375,-7.01771],[110.38735,-7.01745],[110.38768,-7.01668],[110.38756,-7.01511],[110.3821,-7.01103],[110.37547,-7.00368],[110.37233,-7.00253],[110.37146,-7.00182],[110.37057,-6.9989],[110.36913,-6.99696],[110.36873,-6.99596],[110.36858,-6.99494],[110.36894,-6.99376],[110.36897,-6.99365]]]}},{"type":"Feature","properties":{"id":"ADM-NGALIYAN-NGALIYAN","name":"Ngaliyan","kecamatan":"Ngaliyan"},"geometry":{"type":"Polygon","coordinates":[[[110.36324,-7],[110.36187,-6.99994],[110.35865,-6.9976],[110.35043,-6.99406],[110.34846,-6.99509],[110.34796,-6.99583],[110.34525,-6.99799],[110.34212,-6.9991],[110.33925,-7.00342],[110.33903,-7.00586],[110.33768,-7.00843],[110.33777,-7.01183],[110.33842,-7.01392],[110.33842,-7.01693],[110.33815,-7.0181],[110.33714,-7.01963],[110.33951,-7.02012],[110.34069,-7.01985],[110.34099,-7.01941],[110.34528,-7.0193],[110.34884,-7.02013],[110.35306,-7.01215],[110.35447,-7.01067],[110.3542,-7.01015],[110.35482,-7.00953],[110.35484,-7.00911],[110.35617,-7.00837],[110.3572,-7.00869],[110.35823,-7.00749],[110.35883,-7.00763],[110.35919,-7.00604],[110.36039,-7.00545],[110.36096,-7.00452],[110.36096,-7.00303],[110.36124,-7.00223],[110.36273,-7.00125],[110.36324,-7]]]}},{"type":"Feature","properties":{"id":"ADM-NGALIYAN-PODOREJO","name":"Podorejo","kecamatan":"Ngaliyan"},"geometry":{"type":"Polygon","coordinates":[[[110.30051,-6.9797],[110.30214,-6.97764],[110.3023,-6.97706],[110.30123,-6.97673],[110.30071,-6.97707],[110.29781,-6.97621],[110.2969,-6.97738],[110.29677,-6.97965],[110.29529,-6.98211],[110.29418,-6.98234],[110.29363,-6.98295],[110.29346,-6.98339],[110.294,-6.98349],[110.294,-6.98388],[110.29326,-6.98472],[110.29212,-6.9848],[110.29152,-6.98437],[110.29021,-6.98493],[110.28989,-6.98544],[110.28737,-6.98531],[110.28644,-6.98569],[110.28621,-6.98511],[110.28585,-6.98517],[110.28565,-6.98544],[110.28579,-6.98619],[110.28498,-6.98594],[110.28455,-6.9869],[110.28536,-6.98885],[110.28449,-6.9891],[110.28418,-6.98954],[110.28309,-6.98912],[110.28224,-6.98924],[110.28174,-6.99058],[110.28337,-6.99085],[110.28382,-6.99283],[110.28416,-6.99281],[110.28449,-6.992],[110.28484,-6.99182],[110.28634,-6.99383],[110.28674,-6.99306],[110.28706,-6.99317],[110.28712,-6.99434],[110.28737,-6.99463],[110.28683,-6.99509],[110.28748,-6.99615],[110.28764,-6.99708],[110.28639,-6.99778],[110.28545,-6.99707],[110.28393,-6.99693],[110.28198,-6.99882],[110.28089,-6.99908],[110.28061,-7.00117],[110.281,-7.00175],[110.28109,-7.00285],[110.28063,-7.00332],[110.28025,-7.00446],[110.2818,-7.00467],[110.28283,-7.0052],[110.28252,-7.00684],[110.28397,-7.00727],[110.28556,-7.00867],[110.28579,-7.01004],[110.28471,-7.01166],[110.28448,-7.01285],[110.28516,-7.01346],[110.28583,-7.01354],[110.28664,-7.01415],[110.28849,-7.01437],[110.28902,-7.01488],[110.29165,-7.01495],[110.2936,-7.01585],[110.29373,-7.01653],[110.29316,-7.02073],[110.29397,-7.02234],[110.29598,-7.02259],[110.29782,-7.02363],[110.29983,-7.02305],[110.30184,-7.02341],[110.30492,-7.02343],[110.30529,-7.02332],[110.30585,-7.02242],[110.31054,-7.02256],[110.30995,-7.0209],[110.30857,-7.01852],[110.30618,-7.01576],[110.30488,-7.01257],[110.30466,-7.01089],[110.30612,-7.00527],[110.30617,-7.00375],[110.30181,-6.99963],[110.30099,-6.99531],[110.29791,-6.99008],[110.29735,-6.98845],[110.29799,-6.98243],[110.29831,-6.98177],[110.30027,-6.97992],[110.30051,-6.9797]]]}},{"type":"Feature","properties":{"id":"ADM-NGALIYAN-PURWOYOSO","name":"Purwoyoso","kecamatan":"Ngaliyan"},"geometry":{"type":"Polygon","coordinates":[[[110.36321,-6.98705],[110.3607,-6.98664],[110.36018,-6.98756],[110.35647,-6.98923],[110.35405,-6.99208],[110.35139,-6.99278],[110.35043,-6.99406],[110.35865,-6.9976],[110.36203,-7],[110.36324,-7],[110.36335,-6.99969],[110.36403,-6.9996],[110.36457,-6.99823],[110.36609,-6.99828],[110.36626,-6.99849],[110.36709,-6.99824],[110.36687,-6.99714],[110.36709,-6.99691],[110.36754,-6.9973],[110.3678,-6.99625],[110.36855,-6.99623],[110.36739,-6.99482],[110.3683,-6.99453],[110.36818,-6.99424],[110.36909,-6.9933],[110.36922,-6.99199],[110.36815,-6.98772],[110.36588,-6.98786],[110.3635,-6.98712],[110.36321,-6.98705]]]}},{"type":"Feature","properties":{"id":"ADM-NGALIYAN-TAMBAKAJI","name":"Tambakaji","kecamatan":"Ngaliyan"},"geometry":{"type":"Polygon","coordinates":[[[110.34214,-6.98598],[110.33868,-6.98493],[110.33759,-6.98428],[110.33325,-6.97918],[110.3313,-6.97731],[110.32818,-6.983],[110.32847,-6.98648],[110.32918,-6.98748],[110.3291,-6.98866],[110.32663,-6.99192],[110.32811,-6.99249],[110.32774,-6.99392],[110.3305,-6.99528],[110.3347,-6.99571],[110.3347,-6.99661],[110.34275,-6.998],[110.34389,-6.99859],[110.34575,-6.99767],[110.34796,-6.99583],[110.34846,-6.99509],[110.34989,-6.99449],[110.35076,-6.99379],[110.35139,-6.99278],[110.35405,-6.99208],[110.35647,-6.98923],[110.36018,-6.98756],[110.3607,-6.98664],[110.35809,-6.98619],[110.35618,-6.98416],[110.35325,-6.98284],[110.35109,-6.98238],[110.35038,-6.9827],[110.34883,-6.98482],[110.34759,-6.98548],[110.3424,-6.98602],[110.34214,-6.98598]]]}},{"type":"Feature","properties":{"id":"ADM-NGALIYAN-WATES","name":"Wates","kecamatan":"Ngaliyan"},"geometry":{"type":"Polygon","coordinates":[[[110.32305,-7.00692],[110.32178,-7.00617],[110.32042,-7.0058],[110.31961,-7.00475],[110.31685,-7.00376],[110.31005,-7.00196],[110.30759,-7.00157],[110.30377,-7.00147],[110.30624,-7.00405],[110.30466,-7.01089],[110.30508,-7.01337],[110.30618,-7.01576],[110.30857,-7.01852],[110.30945,-7.01996],[110.3112,-7.01929],[110.31377,-7.01893],[110.32454,-7.01977],[110.32798,-7.01974],[110.33485,-7.02116],[110.33466,-7.0221],[110.33582,-7.0223],[110.33825,-7.01781],[110.33834,-7.01349],[110.33583,-7.01357],[110.33232,-7.01288],[110.32973,-7.01139],[110.32654,-7.01024],[110.32449,-7.00867],[110.32312,-7.00696],[110.32305,-7.00692]]]}},{"type":"Feature","properties":{"id":"ADM-NGALIYAN-WONOSARI","name":"Wonosari","kecamatan":"Ngaliyan"},"geometry":{"type":"Polygon","coordinates":[[[110.28771,-6.96876],[110.28544,-6.96839],[110.28482,-6.97073],[110.28604,-6.97051],[110.28784,-6.9722],[110.28908,-6.9728],[110.29122,-6.97564],[110.29197,-6.97786],[110.2926,-6.97824],[110.2941,-6.97833],[110.29483,-6.97872],[110.29519,-6.97979],[110.29501,-6.98101],[110.29418,-6.98234],[110.29529,-6.98211],[110.2963,-6.98052],[110.29696,-6.97907],[110.2969,-6.97738],[110.29781,-6.97621],[110.30071,-6.97707],[110.30123,-6.97673],[110.30232,-6.97719],[110.30051,-6.9797],[110.30573,-6.9807],[110.3057,-6.98217],[110.30759,-6.98805],[110.31272,-6.98849],[110.31575,-6.98754],[110.32062,-6.99018],[110.32163,-6.99032],[110.32301,-6.98959],[110.32365,-6.9896],[110.32728,-6.99094],[110.32879,-6.98928],[110.3292,-6.98821],[110.32911,-6.98729],[110.32847,-6.98648],[110.32818,-6.983],[110.3313,-6.97731],[110.33039,-6.97652],[110.32687,-6.97605],[110.32275,-6.97599],[110.31767,-6.97532],[110.31547,-6.97458],[110.31281,-6.97246],[110.30828,-6.97265],[110.30116,-6.97359],[110.2985,-6.97354],[110.29442,-6.97231],[110.28775,-6.96876],[110.28771,-6.96876]]]}},{"type":"Feature","properties":{"id":"ADM-PEDURUNGAN-GEMAH","name":"Gemah","kecamatan":"Pedurungan"},"geometry":{"type":"Polygon","coordinates":[[[110.45778,-7.00679],[110.45457,-7.00586],[110.45186,-7.00433],[110.45028,-7.007],[110.45178,-7.00787],[110.45301,-7.00791],[110.45461,-7.00892],[110.4568,-7.00964],[110.45763,-7.01052],[110.45912,-7.01057],[110.4614,-7.01167],[110.46192,-7.0122],[110.46252,-7.01401],[110.47004,-7.01669],[110.47145,-7.01817],[110.47219,-7.01632],[110.47201,-7.01379],[110.47255,-7.01101],[110.45797,-7.00684],[110.45778,-7.00679]]]}},{"type":"Feature","properties":{"id":"ADM-PEDURUNGAN-KALICARI","name":"Kalicari","kecamatan":"Pedurungan"},"geometry":{"type":"Polygon","coordinates":[[[110.45959,-6.99289],[110.45629,-6.98889],[110.45347,-6.98325],[110.45079,-6.97899],[110.45167,-6.98141],[110.45401,-6.99913],[110.45387,-7.001],[110.453,-7.00279],[110.45186,-7.00433],[110.45457,-7.00586],[110.45778,-7.00679],[110.4583,-7.00516],[110.45923,-7.00383],[110.46003,-7.0033],[110.4601,-7.00258],[110.46063,-7.00198],[110.46078,-7.00084],[110.46134,-7.00055],[110.46123,-7.00024],[110.46,-7.00019],[110.45972,-6.99854],[110.4584,-6.99616],[110.45867,-6.99463],[110.45904,-6.99441],[110.45952,-6.99293],[110.45959,-6.99289]]]}},{"type":"Feature","properties":{"id":"ADM-PEDURUNGAN-MUKTIHARJO-KIDUL","name":"Muktiharjo Kidul","kecamatan":"Pedurungan"},"geometry":{"type":"Polygon","coordinates":[[[110.46215,-6.97213],[110.44827,-6.95969],[110.44924,-6.96893],[110.45041,-6.97644],[110.45429,-6.97709],[110.45428,-6.97762],[110.46393,-6.98037],[110.46609,-6.98159],[110.46838,-6.98163],[110.46919,-6.97841],[110.4625,-6.97245],[110.46215,-6.97213]]]}},{"type":"Feature","properties":{"id":"ADM-PEDURUNGAN-PALEBON","name":"Palebon","kecamatan":"Pedurungan"},"geometry":{"type":"Polygon","coordinates":[[[110.46558,-6.99966],[110.46056,-6.99428],[110.46,-6.99315],[110.45952,-6.99293],[110.45904,-6.99441],[110.45867,-6.99463],[110.4584,-6.99616],[110.45972,-6.99854],[110.46,-7.00019],[110.46123,-7.00024],[110.46134,-7.00055],[110.46078,-7.00084],[110.46063,-7.00198],[110.4601,-7.00258],[110.46003,-7.0033],[110.45923,-7.00383],[110.4583,-7.00516],[110.45778,-7.00679],[110.47183,-7.01082],[110.47255,-7.00802],[110.46554,-6.99968],[110.46558,-6.99966]]]}},{"type":"Feature","properties":{"id":"ADM-PEDURUNGAN-PEDURUNGAN-KIDUL","name":"Pedurungan Kidul","kecamatan":"Pedurungan"},"geometry":{"type":"Polygon","coordinates":[[[110.47502,-7.01173],[110.47255,-7.01101],[110.47201,-7.01379],[110.47219,-7.01632],[110.47145,-7.01817],[110.47326,-7.01919],[110.47395,-7.0201],[110.47517,-7.0207],[110.47543,-7.02162],[110.47626,-7.02219],[110.47695,-7.02404],[110.47776,-7.02475],[110.47879,-7.02692],[110.47902,-7.02879],[110.48073,-7.03506],[110.48127,-7.03614],[110.48122,-7.03687],[110.48203,-7.03789],[110.48138,-7.0394],[110.48178,-7.04022],[110.48272,-7.04061],[110.48402,-7.04066],[110.48423,-7.03993],[110.48372,-7.03917],[110.47945,-7.02459],[110.47966,-7.02249],[110.48059,-7.02104],[110.482,-7.01978],[110.48389,-7.01704],[110.48541,-7.01678],[110.48562,-7.01629],[110.47517,-7.01181],[110.47502,-7.01173]]]}},{"type":"Feature","properties":{"id":"ADM-PEDURUNGAN-PEDURUNGAN-LOR","name":"Pedurungan Lor","kecamatan":"Pedurungan"},"geometry":{"type":"Polygon","coordinates":[[[110.48742,-7.00458],[110.48616,-7.00383],[110.48591,-7.0025],[110.4854,-7.00203],[110.48373,-7.00132],[110.48339,-7.00276],[110.48261,-7.00361],[110.48199,-7.00348],[110.48064,-7.00398],[110.47933,-7.00372],[110.47873,-7.00566],[110.47714,-7.00527],[110.47538,-7.01049],[110.47503,-7.01083],[110.47517,-7.01181],[110.48553,-7.01624],[110.48651,-7.01306],[110.4874,-7.01184],[110.48838,-7.00803],[110.4885,-7.00549],[110.48741,-7.00465],[110.48742,-7.00458]]]}},{"type":"Feature","properties":{"id":"ADM-PEDURUNGAN-PEDURUNGAN-TENGAH","name":"Pedurungan Tengah","kecamatan":"Pedurungan"},"geometry":{"type":"Polygon","coordinates":[[[110.47292,-6.99645],[110.46573,-6.99476],[110.46583,-6.99534],[110.46548,-6.99646],[110.46566,-6.99994],[110.47255,-7.00802],[110.47183,-7.01082],[110.47502,-7.01173],[110.47503,-7.01083],[110.47538,-7.01049],[110.47714,-7.00527],[110.47873,-7.00566],[110.47933,-7.00372],[110.48064,-7.00398],[110.48199,-7.00348],[110.48261,-7.00361],[110.48339,-7.00276],[110.48373,-7.00132],[110.48305,-7.001],[110.48294,-7.00064],[110.47945,-6.99934],[110.47984,-6.99825],[110.47847,-6.99756],[110.47568,-6.99681],[110.47292,-6.99646],[110.47292,-6.99645]]]}},{"type":"Feature","properties":{"id":"ADM-PEDURUNGAN-PENGGARON-KIDUL","name":"Penggaron Kidul","kecamatan":"Pedurungan"},"geometry":{"type":"Polygon","coordinates":[[[110.49207,-6.99883],[110.49117,-6.99802],[110.49013,-7.00093],[110.48869,-7.00254],[110.48742,-7.00458],[110.4885,-7.00549],[110.48838,-7.00803],[110.4874,-7.01184],[110.48651,-7.01306],[110.48553,-7.01624],[110.4887,-7.01768],[110.49819,-7.02088],[110.49856,-7.02],[110.49924,-7.01995],[110.49917,-7.01938],[110.4999,-7.01674],[110.4997,-7.01629],[110.50019,-7.01492],[110.49994,-7.01414],[110.50192,-7.0095],[110.49773,-7.00757],[110.49761,-7.00711],[110.49556,-7.00645],[110.49566,-7.00555],[110.49494,-7.0058],[110.49421,-7.00558],[110.49378,-7.00505],[110.49383,-7.00439],[110.49334,-7.00452],[110.49294,-7.00413],[110.49244,-7.0042],[110.49207,-7.00521],[110.49113,-7.00511],[110.49084,-7.00411],[110.49017,-7.00369],[110.49016,-7.00338],[110.49129,-7.00165],[110.4919,-7.00121],[110.49182,-7.00064],[110.4923,-6.99975],[110.49225,-6.99942],[110.49181,-6.99922],[110.49207,-6.99883]]]}},{"type":"Feature","properties":{"id":"ADM-PEDURUNGAN-PLAMONGAN-SARI","name":"Plamongan Sari","kecamatan":"Pedurungan"},"geometry":{"type":"Polygon","coordinates":[[[110.49819,-7.02088],[110.4887,-7.01768],[110.48562,-7.01629],[110.48541,-7.01678],[110.48389,-7.01704],[110.482,-7.01978],[110.48059,-7.02104],[110.47966,-7.02249],[110.47945,-7.02459],[110.48372,-7.03917],[110.48436,-7.03994],[110.48461,-7.03843],[110.48506,-7.03822],[110.48516,-7.03703],[110.48578,-7.03641],[110.48498,-7.03599],[110.48493,-7.03524],[110.48455,-7.03477],[110.48386,-7.0348],[110.48353,-7.03381],[110.48362,-7.03321],[110.48463,-7.03276],[110.48498,-7.03213],[110.48389,-7.03196],[110.48291,-7.03098],[110.48304,-7.03052],[110.48432,-7.03014],[110.48419,-7.02981],[110.48316,-7.0295],[110.48363,-7.02876],[110.48419,-7.02836],[110.48765,-7.02956],[110.48775,-7.02906],[110.49085,-7.02983],[110.49239,-7.02986],[110.4925,-7.02963],[110.49404,-7.03023],[110.49465,-7.02972],[110.49544,-7.02977],[110.49594,-7.02746],[110.49642,-7.02728],[110.49691,-7.02747],[110.49706,-7.02711],[110.49782,-7.02723],[110.49821,-7.02698],[110.49849,-7.02592],[110.49921,-7.02599],[110.4991,-7.02552],[110.49854,-7.02569],[110.49764,-7.0248],[110.49886,-7.02116],[110.49818,-7.0209],[110.49819,-7.02088]]]}},{"type":"Feature","properties":{"id":"ADM-PEDURUNGAN-TLOGOMULYO","name":"Tlogomulyo","kecamatan":"Pedurungan"},"geometry":{"type":"Polygon","coordinates":[[[110.47743,-6.98522],[110.4745,-6.98254],[110.47336,-6.98358],[110.47455,-6.98541],[110.47425,-6.9878],[110.47305,-6.99044],[110.47295,-6.99661],[110.47568,-6.99681],[110.47971,-6.99816],[110.47945,-6.99934],[110.48294,-7.00064],[110.48305,-7.001],[110.4854,-7.00203],[110.48591,-7.0025],[110.48616,-7.00383],[110.48742,-7.00458],[110.49063,-7],[110.49117,-6.99802],[110.47916,-6.98731],[110.47773,-6.98582],[110.47779,-6.98556],[110.47743,-6.98522]]]}},{"type":"Feature","properties":{"id":"ADM-PEDURUNGAN-TLOGOSARI-KULON","name":"Tlogosari Kulon","kecamatan":"Pedurungan"},"geometry":{"type":"Polygon","coordinates":[[[110.46824,-6.98162],[110.46609,-6.98159],[110.46393,-6.98037],[110.45428,-6.97762],[110.45429,-6.97709],[110.45041,-6.97644],[110.45079,-6.97899],[110.45347,-6.98325],[110.45629,-6.98889],[110.45924,-6.99256],[110.46,-6.99315],[110.46056,-6.99428],[110.46558,-6.99966],[110.46568,-6.99708],[110.46548,-6.99646],[110.46583,-6.99534],[110.46568,-6.99258],[110.46717,-6.98582],[110.46759,-6.98579],[110.46822,-6.98172],[110.46824,-6.98162]]]}},{"type":"Feature","properties":{"id":"ADM-PEDURUNGAN-TLOGOSARI-WETAN","name":"Tlogosari Wetan","kecamatan":"Pedurungan"},"geometry":{"type":"Polygon","coordinates":[[[110.47419,-6.98258],[110.46919,-6.97841],[110.46824,-6.98162],[110.46759,-6.98579],[110.46717,-6.98582],[110.46606,-6.99067],[110.46564,-6.99293],[110.46573,-6.99476],[110.47292,-6.99645],[110.47305,-6.99044],[110.47425,-6.9878],[110.47455,-6.98541],[110.47333,-6.9837],[110.47412,-6.98269],[110.47419,-6.98258]]]}},{"type":"Feature","properties":{"id":"ADM-SEMARANG-BARAT-BOJONGSALAMAN","name":"Bojongsalaman","kecamatan":"Semarang Barat"},"geometry":{"type":"Polygon","coordinates":[[[110.40219,-6.98491],[110.39647,-6.98506],[110.39629,-6.98729],[110.39533,-6.9898],[110.39964,-6.99258],[110.40125,-6.99291],[110.4025,-6.99228],[110.40218,-6.98562],[110.40219,-6.98491]]]}},{"type":"Feature","properties":{"id":"ADM-SEMARANG-BARAT-BONGSARI","name":"Bongsari","kecamatan":"Semarang Barat"},"geometry":{"type":"Polygon","coordinates":[[[110.39533,-6.9898],[110.39239,-6.98807],[110.39131,-6.98766],[110.39011,-6.98762],[110.38886,-6.99101],[110.39114,-6.99262],[110.39256,-6.99272],[110.39292,-6.99388],[110.39136,-6.99413],[110.3908,-6.99569],[110.39048,-6.99586],[110.39105,-6.99919],[110.39334,-6.9999],[110.39343,-6.99871],[110.39416,-6.99719],[110.39726,-6.99841],[110.398,-6.99677],[110.39902,-6.9969],[110.39944,-6.99501],[110.39849,-6.99496],[110.39847,-6.99469],[110.39916,-6.99241],[110.39538,-6.98983],[110.39533,-6.9898]]]}},{"type":"Feature","properties":{"id":"ADM-SEMARANG-BARAT-CABEAN","name":"Cabean","kecamatan":"Semarang Barat"},"geometry":{"type":"Polygon","coordinates":[[[110.40185,-6.98108],[110.40029,-6.98069],[110.39522,-6.98161],[110.39626,-6.98395],[110.39647,-6.98506],[110.40034,-6.98504],[110.40219,-6.98491],[110.40186,-6.98153],[110.40185,-6.98108]]]}},{"type":"Feature","properties":{"id":"ADM-SEMARANG-BARAT-GISIKDRONO","name":"Gisikdrono","kecamatan":"Semarang Barat"},"geometry":{"type":"Polygon","coordinates":[[[110.38833,-6.97529],[110.38833,-6.97291],[110.38773,-6.97419],[110.38774,-6.97898],[110.38725,-6.98075],[110.38412,-6.98451],[110.38355,-6.98464],[110.38531,-6.98671],[110.38527,-6.99186],[110.38362,-6.99332],[110.38259,-6.99541],[110.38321,-6.99667],[110.38313,-6.9977],[110.38744,-6.99895],[110.38926,-6.99912],[110.39097,-6.99837],[110.39048,-6.99586],[110.3908,-6.99569],[110.39136,-6.99413],[110.39292,-6.99388],[110.39256,-6.99272],[110.39114,-6.99262],[110.38886,-6.99101],[110.3901,-6.98768],[110.39031,-6.98641],[110.39018,-6.98401],[110.38833,-6.97531],[110.38833,-6.97529]]]}},{"type":"Feature","properties":{"id":"ADM-SEMARANG-BARAT-KALIBANTENG-KIDUL","name":"Kalibanteng Kidul","kecamatan":"Semarang Barat"},"geometry":{"type":"Polygon","coordinates":[[[110.38313,-6.9977],[110.38325,-6.99685],[110.38262,-6.99566],[110.38267,-6.99487],[110.38411,-6.99273],[110.38527,-6.99186],[110.38531,-6.98671],[110.38402,-6.98501],[110.38361,-6.98519],[110.38286,-6.98699],[110.38224,-6.99016],[110.3802,-6.99263],[110.37983,-6.995],[110.38,-6.99704],[110.3831,-6.99769],[110.38313,-6.9977]]]}},{"type":"Feature","properties":{"id":"ADM-SEMARANG-BARAT-KALIBANTENG-KULON","name":"Kalibanteng Kulon","kecamatan":"Semarang Barat"},"geometry":{"type":"Polygon","coordinates":[[[110.38372,-6.98443],[110.38,-6.97985],[110.378,-6.98008],[110.37768,-6.98644],[110.37735,-6.9879],[110.37681,-6.98847],[110.37698,-6.9904],[110.37672,-6.99063],[110.37806,-6.99363],[110.37927,-6.99523],[110.37984,-6.9953],[110.3802,-6.99263],[110.38224,-6.99016],[110.38269,-6.98751],[110.38373,-6.98502],[110.38361,-6.98452],[110.38372,-6.98443]]]}},{"type":"Feature","properties":{"id":"ADM-SEMARANG-BARAT-KARANGAYU","name":"Karangayu","kecamatan":"Semarang Barat"},"geometry":{"type":"Polygon","coordinates":[[[110.39531,-6.98159],[110.39437,-6.97525],[110.39401,-6.97463],[110.39379,-6.97445],[110.39372,-6.97485],[110.39327,-6.97498],[110.38833,-6.97529],[110.38993,-6.98318],[110.39526,-6.9816],[110.39531,-6.98159]]]}},{"type":"Feature","properties":{"id":"ADM-SEMARANG-BARAT-KEMBANGARUM","name":"Kembangarum","kecamatan":"Semarang Barat"},"geometry":{"type":"Polygon","coordinates":[[[110.37984,-6.9953],[110.37927,-6.99523],[110.37883,-6.99476],[110.37684,-6.99121],[110.37677,-6.98866],[110.37758,-6.98725],[110.37756,-6.98602],[110.37541,-6.98645],[110.37538,-6.98695],[110.37431,-6.98872],[110.36971,-6.98877],[110.36964,-6.99312],[110.36942,-6.99381],[110.36897,-6.99365],[110.36857,-6.99523],[110.36913,-6.99696],[110.37057,-6.9989],[110.37146,-7.00182],[110.37233,-7.00253],[110.37547,-7.00368],[110.37838,-7.00693],[110.37994,-7.00556],[110.38057,-7.00397],[110.38157,-7.00322],[110.38026,-7.00187],[110.38033,-7.00045],[110.37921,-6.99996],[110.37856,-6.99891],[110.37877,-6.99829],[110.37988,-6.99767],[110.37986,-6.99556],[110.37984,-6.9953]]]}},{"type":"Feature","properties":{"id":"ADM-SEMARANG-BARAT-KRAPYAK","name":"Krapyak","kecamatan":"Semarang Barat"},"geometry":{"type":"Polygon","coordinates":[[[110.37756,-6.98602],[110.378,-6.98008],[110.36743,-6.98123],[110.36555,-6.98119],[110.36521,-6.98309],[110.36554,-6.98367],[110.36512,-6.98356],[110.36506,-6.98419],[110.36414,-6.98445],[110.36321,-6.98705],[110.36588,-6.98786],[110.36815,-6.98772],[110.36922,-6.99199],[110.36897,-6.99365],[110.36937,-6.99382],[110.36968,-6.99282],[110.36971,-6.98877],[110.37431,-6.98872],[110.37538,-6.98695],[110.37541,-6.98645],[110.37747,-6.98603],[110.37756,-6.98602]]]}},{"type":"Feature","properties":{"id":"ADM-SEMARANG-BARAT-KROBOKAN","name":"Krobokan","kecamatan":"Semarang Barat"},"geometry":{"type":"Polygon","coordinates":[[[110.4014,-6.97753],[110.40056,-6.96991],[110.40007,-6.97023],[110.39611,-6.97088],[110.39617,-6.97168],[110.39454,-6.9719],[110.39452,-6.97301],[110.3929,-6.97325],[110.39433,-6.97506],[110.39531,-6.98159],[110.40029,-6.98069],[110.40185,-6.98108],[110.4017,-6.97936],[110.4014,-6.97753]]]}},{"type":"Feature","properties":{"id":"ADM-SEMARANG-BARAT-MANYARAN","name":"Manyaran","kecamatan":"Semarang Barat"},"geometry":{"type":"Polygon","coordinates":[[[110.38313,-6.9977],[110.38003,-6.99702],[110.37979,-6.99789],[110.37893,-6.99816],[110.37856,-6.99859],[110.37897,-6.99971],[110.38033,-7.00045],[110.38026,-7.00187],[110.3806,-7.00244],[110.38158,-7.00308],[110.3814,-7.00349],[110.38057,-7.00397],[110.37994,-7.00556],[110.37838,-7.00693],[110.3821,-7.01103],[110.38756,-7.01511],[110.38759,-7.01378],[110.3867,-7.01125],[110.38856,-7.00778],[110.38899,-7.00629],[110.38936,-7.00591],[110.3913,-7.00572],[110.39171,-7.00421],[110.38986,-7.00353],[110.38976,-7.00188],[110.38915,-7.00048],[110.38995,-6.99999],[110.38922,-6.99952],[110.38926,-6.99912],[110.38744,-6.99895],[110.38425,-6.99802],[110.38313,-6.9977]]]}},{"type":"Feature","properties":{"id":"ADM-SEMARANG-BARAT-NGEMPLAK-SIMONGAN","name":"Ngemplak Simongan","kecamatan":"Semarang Barat"},"geometry":{"type":"Polygon","coordinates":[[[110.40192,-6.99601],[110.4025,-6.99398],[110.4025,-6.99228],[110.40125,-6.99291],[110.39916,-6.99241],[110.39847,-6.99469],[110.39849,-6.99496],[110.39944,-6.99501],[110.39918,-6.99652],[110.39892,-6.99697],[110.398,-6.99677],[110.39726,-6.99841],[110.39416,-6.99719],[110.39343,-6.99871],[110.39334,-6.9999],[110.39105,-6.99919],[110.3908,-6.99855],[110.38926,-6.99912],[110.38922,-6.99952],[110.38995,-6.99999],[110.38915,-7.00048],[110.38976,-7.00188],[110.38986,-7.00353],[110.39171,-7.00421],[110.3913,-7.00572],[110.39399,-7.00647],[110.39548,-7.00758],[110.39583,-7.00739],[110.39593,-7.00689],[110.39566,-7.00524],[110.39669,-7.0024],[110.39798,-7.00179],[110.40101,-7.00121],[110.40149,-7.00055],[110.40173,-7.00013],[110.40101,-6.99845],[110.40141,-6.9974],[110.40192,-6.99601]]]}},{"type":"Feature","properties":{"id":"ADM-SEMARANG-BARAT-SALAMAN-MLOYO","name":"Salaman Mloyo","kecamatan":"Semarang Barat"},"geometry":{"type":"Polygon","coordinates":[[[110.39647,-6.98506],[110.39626,-6.98395],[110.39522,-6.98161],[110.38993,-6.98318],[110.39026,-6.98507],[110.39011,-6.98762],[110.39131,-6.98766],[110.39239,-6.98807],[110.39533,-6.9898],[110.39629,-6.98729],[110.39648,-6.98519],[110.39647,-6.98506]]]}},{"type":"Feature","properties":{"id":"ADM-SEMARANG-BARAT-TAMBAKHARJO","name":"Tambakharjo","kecamatan":"Semarang Barat"},"geometry":{"type":"Polygon","coordinates":[[[110.38312,-6.9554],[110.3823,-6.95586],[110.38239,-6.95487],[110.38134,-6.95471],[110.37905,-6.95485],[110.37552,-6.95452],[110.36897,-6.95512],[110.36791,-6.95458],[110.36689,-6.95453],[110.36556,-6.96133],[110.36854,-6.96825],[110.36592,-6.97519],[110.36415,-6.9809],[110.36743,-6.98123],[110.38,-6.97985],[110.3796,-6.97914],[110.38117,-6.9786],[110.3824,-6.97908],[110.38304,-6.97848],[110.38379,-6.97715],[110.38349,-6.97232],[110.38364,-6.96604],[110.383,-6.96029],[110.38356,-6.95751],[110.38324,-6.95559],[110.38312,-6.9554]]]}},{"type":"Feature","properties":{"id":"ADM-SEMARANG-BARAT-TAWANG-MAS","name":"Tawang Mas","kecamatan":"Semarang Barat"},"geometry":{"type":"Polygon","coordinates":[[[110.39997,-6.96576],[110.39973,-6.96153],[110.3989,-6.9567],[110.39805,-6.95509],[110.39595,-6.95606],[110.39505,-6.95708],[110.39465,-6.95813],[110.39376,-6.966],[110.39328,-6.96765],[110.39209,-6.96948],[110.38833,-6.97291],[110.38833,-6.97529],[110.39372,-6.97485],[110.39379,-6.97445],[110.39291,-6.9731],[110.39452,-6.97301],[110.39454,-6.9719],[110.39617,-6.97168],[110.39611,-6.97088],[110.40007,-6.97023],[110.40056,-6.96991],[110.40021,-6.96702],[110.39997,-6.96576]]]}},{"type":"Feature","properties":{"id":"ADM-SEMARANG-BARAT-TAWANGSARI","name":"Tawangsari","kecamatan":"Semarang Barat"},"geometry":{"type":"Polygon","coordinates":[[[110.39603,-6.9509],[110.39572,-6.95093],[110.39517,-6.9504],[110.39255,-6.94606],[110.38918,-6.9483],[110.39108,-6.95102],[110.3911,-6.95175],[110.39046,-6.95229],[110.3873,-6.95278],[110.38641,-6.95195],[110.38644,-6.95254],[110.38589,-6.95288],[110.38492,-6.9522],[110.38458,-6.95059],[110.38416,-6.95186],[110.3813,-6.95281],[110.38153,-6.95318],[110.38295,-6.95348],[110.38314,-6.95376],[110.38335,-6.95534],[110.38312,-6.9554],[110.38356,-6.95708],[110.383,-6.96029],[110.38364,-6.96604],[110.38349,-6.97232],[110.38379,-6.97715],[110.3825,-6.97904],[110.38117,-6.9786],[110.3795,-6.97927],[110.38331,-6.98402],[110.38412,-6.98451],[110.38725,-6.98075],[110.38774,-6.97898],[110.38757,-6.97534],[110.38796,-6.97353],[110.38857,-6.97259],[110.39281,-6.96859],[110.39376,-6.966],[110.39484,-6.95752],[110.39538,-6.95658],[110.39624,-6.95584],[110.39805,-6.95509],[110.3972,-6.95404],[110.39661,-6.95228],[110.39603,-6.9509]]]}},{"type":"Feature","properties":{"id":"ADM-SEMARANG-SELATAN-BARUSARI","name":"Barusari","kecamatan":"Semarang Selatan"},"geometry":{"type":"Polygon","coordinates":[[[110.40902,-6.98408],[110.40876,-6.9842],[110.4066,-6.98323],[110.40347,-6.99071],[110.4025,-6.99088],[110.4025,-6.99398],[110.40192,-6.99601],[110.40441,-6.99602],[110.40395,-6.99389],[110.40569,-6.99187],[110.40625,-6.99187],[110.40634,-6.99108],[110.408,-6.98825],[110.40955,-6.98483],[110.40959,-6.98458],[110.40905,-6.98426],[110.40902,-6.98408]]]}},{"type":"Feature","properties":{"id":"ADM-SEMARANG-SELATAN-BULUSTALAN","name":"Bulustalan","kecamatan":"Semarang Selatan"},"geometry":{"type":"Polygon","coordinates":[[[110.40226,-6.98119],[110.40185,-6.98108],[110.40186,-6.98153],[110.4025,-6.99088],[110.40347,-6.99071],[110.4066,-6.98323],[110.40235,-6.98129],[110.40226,-6.98119]]]}},{"type":"Feature","properties":{"id":"ADM-SEMARANG-SELATAN-LAMPER-KIDUL","name":"Lamper Kidul","kecamatan":"Semarang Selatan"},"geometry":{"type":"Polygon","coordinates":[[[110.43698,-7.00591],[110.43208,-7.00472],[110.43191,-7.00607],[110.43245,-7.00845],[110.43412,-7.00927],[110.4358,-7.00914],[110.44128,-7.0106],[110.44163,-7.0093],[110.44117,-7.00674],[110.4403,-7.00679],[110.43708,-7.00593],[110.43698,-7.00591]]]}},{"type":"Feature","properties":{"id":"ADM-SEMARANG-SELATAN-LAMPER-LOR","name":"Lamper Lor","kecamatan":"Semarang Selatan"},"geometry":{"type":"Polygon","coordinates":[[[110.44046,-7.00061],[110.4378,-7.00002],[110.43744,-7.00071],[110.43577,-7.00186],[110.43648,-7.00232],[110.43666,-7.0038],[110.43706,-7.00432],[110.43698,-7.00591],[110.44041,-7.00679],[110.44117,-7.00674],[110.44053,-7.00185],[110.44046,-7.00061]]]}},{"type":"Feature","properties":{"id":"ADM-SEMARANG-SELATAN-LAMPER-TENGAH","name":"Lamper Tengah","kecamatan":"Semarang Selatan"},"geometry":{"type":"Polygon","coordinates":[[[110.44442,-7.00196],[110.44068,-7.00028],[110.44046,-7.00061],[110.44161,-7.00894],[110.44128,-7.0106],[110.44418,-7.01118],[110.44525,-7.01171],[110.44876,-7.00882],[110.45028,-7.007],[110.44978,-7.0066],[110.44915,-7.00537],[110.44902,-7.00418],[110.44867,-7.00374],[110.4445,-7.00201],[110.44442,-7.00196]]]}},{"type":"Feature","properties":{"id":"ADM-SEMARANG-SELATAN-MUGASSARI","name":"Mugassari","kecamatan":"Semarang Selatan"},"geometry":{"type":"Polygon","coordinates":[[[110.42235,-6.98985],[110.41799,-6.98776],[110.41384,-6.98652],[110.41413,-6.99049],[110.4138,-6.99455],[110.41409,-6.99573],[110.41564,-6.99663],[110.4194,-6.99737],[110.42242,-6.99143],[110.42186,-6.99103],[110.42228,-6.98999],[110.42235,-6.98985]]]}},{"type":"Feature","properties":{"id":"ADM-SEMARANG-SELATAN-PETERONGAN","name":"Peterongan","kecamatan":"Semarang Selatan"},"geometry":{"type":"Polygon","coordinates":[[[110.43387,-6.99502],[110.43198,-6.9943],[110.43213,-6.99841],[110.43332,-7.00108],[110.43301,-7.00263],[110.43211,-7.00475],[110.43698,-7.00591],[110.43714,-7.0053],[110.43644,-7.00219],[110.43577,-7.00186],[110.43767,-7.00048],[110.43882,-6.99711],[110.43427,-6.99518],[110.43387,-6.99502]]]}},{"type":"Feature","properties":{"id":"ADM-SEMARANG-SELATAN-PLEBURAN","name":"Pleburan","kecamatan":"Semarang Selatan"},"geometry":{"type":"Polygon","coordinates":[[[110.42402,-6.98982],[110.4229,-6.98915],[110.42255,-6.98943],[110.42186,-6.99103],[110.42242,-6.99143],[110.4194,-6.99737],[110.42183,-6.99837],[110.4243,-7.00168],[110.4261,-7.00067],[110.42927,-7.00047],[110.42976,-7],[110.42979,-6.99863],[110.4291,-6.99598],[110.42841,-6.99601],[110.42742,-6.99553],[110.42866,-6.99311],[110.42373,-6.99052],[110.42389,-6.99016],[110.42402,-6.98982]]]}},{"type":"Feature","properties":{"id":"ADM-SEMARANG-SELATAN-RANDUSARI","name":"Randusari","kecamatan":"Semarang Selatan"},"geometry":{"type":"Polygon","coordinates":[[[110.40988,-6.98467],[110.40959,-6.98458],[110.408,-6.98825],[110.40634,-6.99108],[110.40625,-6.99187],[110.40569,-6.99187],[110.40395,-6.99389],[110.4044,-6.99601],[110.40511,-6.99595],[110.40603,-6.99488],[110.40688,-6.99446],[110.40798,-6.99549],[110.40817,-6.99611],[110.40981,-6.99578],[110.41056,-6.99615],[110.41178,-6.99616],[110.41409,-6.99573],[110.4138,-6.99455],[110.41413,-6.99049],[110.41384,-6.98652],[110.40997,-6.98476],[110.40988,-6.98467]]]}},{"type":"Feature","properties":{"id":"ADM-SEMARANG-SELATAN-WONODRI","name":"Wonodri","kecamatan":"Semarang Selatan"},"geometry":{"type":"Polygon","coordinates":[[[110.43198,-6.9943],[110.43108,-6.99412],[110.42845,-6.99282],[110.42856,-6.99343],[110.42742,-6.99553],[110.42841,-6.99601],[110.4291,-6.99598],[110.42979,-6.99863],[110.42976,-7],[110.42927,-7.00047],[110.4261,-7.00067],[110.4243,-7.00168],[110.42616,-7.00387],[110.42767,-7.00467],[110.42798,-7.00518],[110.42996,-7.00556],[110.43081,-7.00548],[110.43166,-7.00491],[110.43199,-7.00517],[110.43301,-7.00263],[110.43332,-7.00108],[110.43213,-6.99841],[110.43197,-6.99472],[110.43198,-6.9943]]]}},{"type":"Feature","properties":{"id":"ADM-SEMARANG-TENGAH-BANGUNHARJO","name":"Bangunharjo","kecamatan":"Semarang Tengah"},"geometry":{"type":"Polygon","coordinates":[[[110.42274,-6.97584],[110.42254,-6.97296],[110.42318,-6.97255],[110.42267,-6.97096],[110.41996,-6.97355],[110.4213,-6.98049],[110.42245,-6.98008],[110.42275,-6.97895],[110.42346,-6.97914],[110.42274,-6.97588],[110.42274,-6.97584]]]}},{"type":"Feature","properties":{"id":"ADM-SEMARANG-TENGAH-BRUMBUNGAN","name":"Brumbungan","kecamatan":"Semarang Tengah"},"geometry":{"type":"Polygon","coordinates":[[[110.42892,-6.98082],[110.42416,-6.98187],[110.42351,-6.98211],[110.42375,-6.98294],[110.42187,-6.98339],[110.42236,-6.98604],[110.42835,-6.98574],[110.4284,-6.9854],[110.42883,-6.98532],[110.42888,-6.98231],[110.42892,-6.98082]]]}},{"type":"Feature","properties":{"id":"ADM-SEMARANG-TENGAH-GABAHAN","name":"Gabahan","kecamatan":"Semarang Tengah"},"geometry":{"type":"Polygon","coordinates":[[[110.42892,-6.98082],[110.42905,-6.97924],[110.42819,-6.97722],[110.42719,-6.9781],[110.42512,-6.97898],[110.42477,-6.97984],[110.42429,-6.97989],[110.4237,-6.97926],[110.42275,-6.97895],[110.42245,-6.98008],[110.4213,-6.98049],[110.42187,-6.98339],[110.42375,-6.98294],[110.42359,-6.98208],[110.42877,-6.98082],[110.42892,-6.98082]]]}},{"type":"Feature","properties":{"id":"ADM-SEMARANG-TENGAH-JAGALAN","name":"Jagalan","kecamatan":"Semarang Tengah"},"geometry":{"type":"Polygon","coordinates":[[[110.43121,-6.97618],[110.43118,-6.97448],[110.42945,-6.97452],[110.42988,-6.97495],[110.42979,-6.9756],[110.42819,-6.97722],[110.4291,-6.97969],[110.42884,-6.98525],[110.4284,-6.9854],[110.42835,-6.98574],[110.43159,-6.98557],[110.43121,-6.97643],[110.43121,-6.97618]]]}},{"type":"Feature","properties":{"id":"ADM-SEMARANG-TENGAH-KARANGKIDUL","name":"Karangkidul","kecamatan":"Semarang Tengah"},"geometry":{"type":"Polygon","coordinates":[[[110.43198,-6.9943],[110.43159,-6.98557],[110.42845,-6.9857],[110.42851,-6.98605],[110.42687,-6.98823],[110.42517,-6.98939],[110.42402,-6.98982],[110.42373,-6.99052],[110.43177,-6.99427],[110.43198,-6.9943]]]}},{"type":"Feature","properties":{"id":"ADM-SEMARANG-TENGAH-KAUMAN","name":"Kauman","kecamatan":"Semarang Tengah"},"geometry":{"type":"Polygon","coordinates":[[[110.4283,-6.97453],[110.42735,-6.97428],[110.42667,-6.97277],[110.42571,-6.97201],[110.42555,-6.96972],[110.42494,-6.96866],[110.42386,-6.96962],[110.42232,-6.96992],[110.42318,-6.97255],[110.42254,-6.97296],[110.42274,-6.97584],[110.42585,-6.97463],[110.42829,-6.9746],[110.4283,-6.97453]]]}},{"type":"Feature","properties":{"id":"ADM-SEMARANG-TENGAH-KEMBANGSARI","name":"Kembangsari","kecamatan":"Semarang Tengah"},"geometry":{"type":"Polygon","coordinates":[[[110.4213,-6.98049],[110.42002,-6.97387],[110.41652,-6.97743],[110.41752,-6.982],[110.41899,-6.98161],[110.42107,-6.98056],[110.4213,-6.98049]]]}},{"type":"Feature","properties":{"id":"ADM-SEMARANG-TENGAH-KRANGGAN","name":"Kranggan","kecamatan":"Semarang Tengah"},"geometry":{"type":"Polygon","coordinates":[[[110.42937,-6.97465],[110.42585,-6.97463],[110.42274,-6.97584],[110.42346,-6.97914],[110.42429,-6.97989],[110.42486,-6.97976],[110.42512,-6.97898],[110.42719,-6.9781],[110.42961,-6.97592],[110.42988,-6.97536],[110.42972,-6.97478],[110.42937,-6.97465]]]}},{"type":"Feature","properties":{"id":"ADM-SEMARANG-TENGAH-MIROTO","name":"Miroto","kecamatan":"Semarang Tengah"},"geometry":{"type":"Polygon","coordinates":[[[110.42187,-6.98339],[110.4213,-6.98049],[110.41899,-6.98161],[110.41577,-6.98248],[110.41332,-6.98455],[110.41592,-6.9855],[110.42236,-6.98604],[110.42198,-6.98392],[110.42187,-6.98339]]]}},{"type":"Feature","properties":{"id":"ADM-SEMARANG-TENGAH-PANDANSARI","name":"Pandansari","kecamatan":"Semarang Tengah"},"geometry":{"type":"Polygon","coordinates":[[[110.42267,-6.97096],[110.42232,-6.96992],[110.41498,-6.97347],[110.41572,-6.97473],[110.41652,-6.97743],[110.42198,-6.97163],[110.42267,-6.97096]]]}},{"type":"Feature","properties":{"id":"ADM-SEMARANG-TENGAH-PEKUNDEN","name":"Pekunden","kecamatan":"Semarang Tengah"},"geometry":{"type":"Polygon","coordinates":[[[110.41338,-6.98462],[110.41151,-6.9845],[110.40997,-6.98476],[110.41406,-6.98661],[110.41799,-6.98776],[110.42235,-6.98985],[110.42276,-6.98918],[110.42402,-6.98982],[110.42633,-6.98869],[110.428,-6.9868],[110.42845,-6.98573],[110.42149,-6.98604],[110.41592,-6.9855],[110.41347,-6.98467],[110.41338,-6.98462]]]}},{"type":"Feature","properties":{"id":"ADM-SEMARANG-TENGAH-PENDRIKAN-KIDUL","name":"Pendrikan Kidul","kecamatan":"Semarang Tengah"},"geometry":{"type":"Polygon","coordinates":[[[110.41168,-6.97858],[110.41045,-6.97824],[110.40614,-6.97894],[110.40441,-6.97962],[110.40226,-6.98119],[110.40876,-6.9842],[110.40948,-6.98364],[110.41166,-6.97863],[110.41168,-6.97858]]]}},{"type":"Feature","properties":{"id":"ADM-SEMARANG-TENGAH-PENDRIKAN-LOR","name":"Pendrikan Lor","kecamatan":"Semarang Tengah"},"geometry":{"type":"Polygon","coordinates":[[[110.41332,-6.97484],[110.41262,-6.97424],[110.41014,-6.97602],[110.40728,-6.97702],[110.4014,-6.97753],[110.40185,-6.98108],[110.40226,-6.98119],[110.40441,-6.97962],[110.40614,-6.97894],[110.41045,-6.97824],[110.41168,-6.97858],[110.41322,-6.97514],[110.41332,-6.97484]]]}},{"type":"Feature","properties":{"id":"ADM-SEMARANG-TENGAH-PURWODINATAN","name":"Purwodinatan","kecamatan":"Semarang Tengah"},"geometry":{"type":"Polygon","coordinates":[[[110.43106,-6.9699],[110.43095,-6.96717],[110.42862,-6.9683],[110.42494,-6.96866],[110.42555,-6.96972],[110.42571,-6.97201],[110.42667,-6.97277],[110.42708,-6.97396],[110.4276,-6.97444],[110.42937,-6.97465],[110.43118,-6.97448],[110.43108,-6.97076],[110.43106,-6.9699]]]}},{"type":"Feature","properties":{"id":"ADM-SEMARANG-TENGAH-SEKAYU","name":"Sekayu","kecamatan":"Semarang Tengah"},"geometry":{"type":"Polygon","coordinates":[[[110.41652,-6.97743],[110.41572,-6.97473],[110.41498,-6.97347],[110.4137,-6.97411],[110.40905,-6.98426],[110.40988,-6.98467],[110.41338,-6.98462],[110.41531,-6.98274],[110.41752,-6.982],[110.41661,-6.97782],[110.41652,-6.97743]]]}},{"type":"Feature","properties":{"id":"ADM-SEMARANG-TIMUR-BUGANGAN","name":"Bugangan","kecamatan":"Semarang Timur"},"geometry":{"type":"Polygon","coordinates":[[[110.4388,-6.97046],[110.43669,-6.9699],[110.43392,-6.96968],[110.43418,-6.97266],[110.43497,-6.97606],[110.44002,-6.97421],[110.44035,-6.97543],[110.44239,-6.97561],[110.443,-6.97245],[110.44084,-6.97108],[110.43905,-6.97052],[110.4388,-6.97046]]]}},{"type":"Feature","properties":{"id":"ADM-SEMARANG-TIMUR-KARANGTEMPEL","name":"Karangtempel","kecamatan":"Semarang Timur"},"geometry":{"type":"Polygon","coordinates":[[[110.44095,-6.98587],[110.43474,-6.98534],[110.43387,-6.99502],[110.43882,-6.99711],[110.43974,-6.99443],[110.43966,-6.99235],[110.44084,-6.98631],[110.44095,-6.98587]]]}},{"type":"Feature","properties":{"id":"ADM-SEMARANG-TIMUR-KARANGTURI","name":"Karangturi","kecamatan":"Semarang Timur"},"geometry":{"type":"Polygon","coordinates":[[[110.43387,-6.99502],[110.43474,-6.98534],[110.43159,-6.98557],[110.43198,-6.9943],[110.4326,-6.99451],[110.43387,-6.99502]]]}},{"type":"Feature","properties":{"id":"ADM-SEMARANG-TIMUR-KEBONAGUNG","name":"Kebonagung","kecamatan":"Semarang Timur"},"geometry":{"type":"Polygon","coordinates":[[[110.43487,-6.97555],[110.43418,-6.97266],[110.43392,-6.96968],[110.43106,-6.9699],[110.43121,-6.97618],[110.43475,-6.97558],[110.43487,-6.97555]]]}},{"type":"Feature","properties":{"id":"ADM-SEMARANG-TIMUR-KEMIJEN","name":"Kemijen","kecamatan":"Semarang Timur"},"geometry":{"type":"Polygon","coordinates":[[[110.44244,-6.95974],[110.44022,-6.95271],[110.44032,-6.94999],[110.44008,-6.95005],[110.43971,-6.95081],[110.43896,-6.95122],[110.4306,-6.95434],[110.43086,-6.96424],[110.43856,-6.96012],[110.43965,-6.96077],[110.44232,-6.95978],[110.44244,-6.95974]]]}},{"type":"Feature","properties":{"id":"ADM-SEMARANG-TIMUR-MLATIBARU","name":"Mlatibaru","kecamatan":"Semarang Timur"},"geometry":{"type":"Polygon","coordinates":[[[110.4388,-6.97046],[110.44072,-6.9639],[110.44097,-6.96019],[110.43965,-6.96077],[110.43973,-6.96158],[110.43942,-6.96203],[110.43281,-6.96605],[110.43382,-6.96819],[110.43392,-6.96968],[110.43669,-6.9699],[110.43877,-6.97045],[110.4388,-6.97046]]]}},{"type":"Feature","properties":{"id":"ADM-SEMARANG-TIMUR-MLATIHARJO","name":"Mlatiharjo","kecamatan":"Semarang Timur"},"geometry":{"type":"Polygon","coordinates":[[[110.44385,-6.96652],[110.44407,-6.96404],[110.44371,-6.96289],[110.4429,-6.96174],[110.44252,-6.9599],[110.44097,-6.96019],[110.44072,-6.9639],[110.4388,-6.97046],[110.44084,-6.97108],[110.443,-6.97245],[110.44328,-6.97052],[110.44385,-6.96652]]]}},{"type":"Feature","properties":{"id":"ADM-SEMARANG-TIMUR-REJOMULYO","name":"Rejomulyo","kecamatan":"Semarang Timur"},"geometry":{"type":"Polygon","coordinates":[[[110.43965,-6.96077],[110.43856,-6.96012],[110.43086,-6.96424],[110.43106,-6.9699],[110.43392,-6.96968],[110.43382,-6.96819],[110.43281,-6.96605],[110.43942,-6.96203],[110.43973,-6.96158],[110.43973,-6.96083],[110.43965,-6.96077]]]}},{"type":"Feature","properties":{"id":"ADM-SEMARANG-TIMUR-REJOSARI","name":"Rejosari","kecamatan":"Semarang Timur"},"geometry":{"type":"Polygon","coordinates":[[[110.44239,-6.97561],[110.44035,-6.97543],[110.44002,-6.97421],[110.43497,-6.97606],[110.43524,-6.97798],[110.43474,-6.98534],[110.43993,-6.98581],[110.44095,-6.98587],[110.44228,-6.9766],[110.44239,-6.97561]]]}},{"type":"Feature","properties":{"id":"ADM-SEMARANG-TIMUR-SARIREJO","name":"Sarirejo","kecamatan":"Semarang Timur"},"geometry":{"type":"Polygon","coordinates":[[[110.43497,-6.97606],[110.43487,-6.97555],[110.43121,-6.97618],[110.43159,-6.98557],[110.43474,-6.98534],[110.43524,-6.97798],[110.4351,-6.97674],[110.43497,-6.97606]]]}},{"type":"Feature","properties":{"id":"ADM-SEMARANG-UTARA-BANDARHARJO","name":"Bandarharjo","kecamatan":"Semarang Utara"},"geometry":{"type":"Polygon","coordinates":[[[110.41862,-6.94882],[110.41868,-6.94577],[110.41687,-6.94571],[110.41668,-6.94699],[110.4173,-6.94703],[110.4175,-6.94861],[110.41645,-6.94879],[110.41643,-6.9491],[110.41617,-6.94892],[110.4161,-6.94924],[110.41561,-6.94845],[110.41573,-6.9477],[110.41547,-6.94765],[110.41398,-6.94886],[110.41407,-6.94943],[110.41231,-6.95064],[110.41173,-6.95076],[110.41077,-6.94974],[110.41032,-6.94989],[110.41027,-6.95024],[110.40972,-6.95002],[110.40812,-6.95034],[110.40827,-6.95068],[110.40803,-6.95099],[110.40753,-6.94984],[110.40808,-6.95255],[110.40875,-6.9538],[110.41052,-6.95593],[110.41255,-6.95661],[110.41429,-6.95892],[110.41536,-6.95949],[110.41643,-6.95945],[110.41873,-6.96204],[110.42063,-6.96308],[110.42173,-6.96409],[110.42253,-6.96424],[110.4228,-6.9656],[110.42223,-6.96755],[110.42494,-6.96866],[110.42518,-6.9651],[110.42424,-6.95661],[110.42184,-6.95719],[110.42025,-6.95696],[110.41859,-6.95181],[110.41861,-6.9493],[110.41862,-6.94882]]]}},{"type":"Feature","properties":{"id":"ADM-SEMARANG-UTARA-BULU-LOR","name":"Bulu Lor","kecamatan":"Semarang Utara"},"geometry":{"type":"Polygon","coordinates":[[[110.40678,-6.96857],[110.40641,-6.9674],[110.40325,-6.96854],[110.40041,-6.96868],[110.4014,-6.97753],[110.40688,-6.97706],[110.4068,-6.97667],[110.40723,-6.97658],[110.4077,-6.97543],[110.4068,-6.9717],[110.40717,-6.97151],[110.40654,-6.97022],[110.40649,-6.9692],[110.40678,-6.9687],[110.40678,-6.96857]]]}},{"type":"Feature","properties":{"id":"ADM-SEMARANG-UTARA-DADAPSARI","name":"Dadapsari","kecamatan":"Semarang Utara"},"geometry":{"type":"Polygon","coordinates":[[[110.42494,-6.96866],[110.42223,-6.96755],[110.4228,-6.9656],[110.42253,-6.96424],[110.42164,-6.96477],[110.42152,-6.96445],[110.42098,-6.96455],[110.41586,-6.96617],[110.41531,-6.96772],[110.41725,-6.96985],[110.41853,-6.96881],[110.42011,-6.96858],[110.42074,-6.97067],[110.42237,-6.9699],[110.42386,-6.96962],[110.42488,-6.96871],[110.42494,-6.96866]]]}},{"type":"Feature","properties":{"id":"ADM-SEMARANG-UTARA-KUNINGAN","name":"Kuningan","kecamatan":"Semarang Utara"},"geometry":{"type":"Polygon","coordinates":[[[110.42235,-6.9642],[110.42173,-6.96409],[110.42063,-6.96308],[110.41873,-6.96204],[110.41643,-6.95945],[110.41536,-6.95949],[110.41429,-6.95892],[110.41284,-6.95684],[110.4111,-6.95628],[110.4099,-6.95517],[110.41102,-6.96592],[110.41141,-6.96695],[110.41427,-6.9666],[110.41531,-6.96772],[110.41586,-6.96617],[110.42098,-6.96455],[110.42152,-6.96445],[110.42164,-6.96477],[110.42232,-6.96432],[110.42235,-6.9642]]]}},{"type":"Feature","properties":{"id":"ADM-SEMARANG-UTARA-PANGGUNG-KIDUL","name":"Panggung Kidul","kecamatan":"Semarang Utara"},"geometry":{"type":"Polygon","coordinates":[[[110.41069,-6.96281],[110.40538,-6.96349],[110.40568,-6.96399],[110.40624,-6.96389],[110.40639,-6.96487],[110.40371,-6.96551],[110.39997,-6.96576],[110.40041,-6.96868],[110.40325,-6.96854],[110.40641,-6.9674],[110.40678,-6.96857],[110.40702,-6.96856],[110.40715,-6.96791],[110.41016,-6.96704],[110.41141,-6.96695],[110.41102,-6.96592],[110.41069,-6.96281]]]}},{"type":"Feature","properties":{"id":"ADM-SEMARANG-UTARA-PANGGUNG-LOR","name":"Panggung Lor","kecamatan":"Semarang Utara"},"geometry":{"type":"Polygon","coordinates":[[[110.39901,-6.94701],[110.39933,-6.94681],[110.39912,-6.94642],[110.39686,-6.9483],[110.39622,-6.94827],[110.39693,-6.94996],[110.39715,-6.95137],[110.39844,-6.95379],[110.39824,-6.9544],[110.39788,-6.95427],[110.39603,-6.9509],[110.3972,-6.95404],[110.39833,-6.95552],[110.39916,-6.9576],[110.39997,-6.96576],[110.40371,-6.96551],[110.40639,-6.96487],[110.40624,-6.96389],[110.40568,-6.96399],[110.40538,-6.96349],[110.41069,-6.96281],[110.4099,-6.95517],[110.40841,-6.9532],[110.40721,-6.95002],[110.40635,-6.95025],[110.40566,-6.9487],[110.40537,-6.94884],[110.4058,-6.95034],[110.40529,-6.95115],[110.40414,-6.95186],[110.40283,-6.95201],[110.40178,-6.95167],[110.39793,-6.95014],[110.39707,-6.9484],[110.3988,-6.94713],[110.39901,-6.94701]]]}},{"type":"Feature","properties":{"id":"ADM-SEMARANG-UTARA-PLOMBOKAN","name":"Plombokan","kecamatan":"Semarang Utara"},"geometry":{"type":"Polygon","coordinates":[[[110.41262,-6.97424],[110.41209,-6.96936],[110.41141,-6.96695],[110.41016,-6.96704],[110.40715,-6.96791],[110.40717,-6.9685],[110.40678,-6.96857],[110.40646,-6.96947],[110.40671,-6.97093],[110.40717,-6.97151],[110.4068,-6.9717],[110.4077,-6.97543],[110.40723,-6.97658],[110.4068,-6.97667],[110.40688,-6.97706],[110.40925,-6.97644],[110.41197,-6.97477],[110.41262,-6.97424]]]}},{"type":"Feature","properties":{"id":"ADM-SEMARANG-UTARA-PURWOSARI","name":"Purwosari","kecamatan":"Semarang Utara"},"geometry":{"type":"Polygon","coordinates":[[[110.41531,-6.96772],[110.41427,-6.9666],[110.41141,-6.96695],[110.41203,-6.96901],[110.41271,-6.97437],[110.41332,-6.97484],[110.41417,-6.97383],[110.42074,-6.97067],[110.42011,-6.96858],[110.41853,-6.96881],[110.41725,-6.96985],[110.41548,-6.9679],[110.41531,-6.96772]]]}},{"type":"Feature","properties":{"id":"ADM-SEMARANG-UTARA-TANJUNG-MAS","name":"Tanjung Mas","kecamatan":"Semarang Utara"},"geometry":{"type":"Polygon","coordinates":[[[110.44399,-6.93932],[110.44386,-6.93872],[110.44333,-6.93877],[110.44352,-6.93935],[110.44125,-6.94579],[110.44043,-6.9452],[110.43956,-6.94531],[110.43932,-6.94497],[110.43871,-6.94263],[110.43908,-6.94167],[110.43788,-6.94199],[110.43789,-6.94329],[110.43909,-6.94844],[110.43842,-6.94852],[110.43739,-6.94524],[110.43749,-6.94455],[110.43715,-6.94448],[110.43655,-6.943],[110.43595,-6.9434],[110.43602,-6.9446],[110.43545,-6.94579],[110.4354,-6.94656],[110.43449,-6.94636],[110.43429,-6.9466],[110.43482,-6.94732],[110.43586,-6.94768],[110.43613,-6.94836],[110.43707,-6.94907],[110.43709,-6.95004],[110.4366,-6.95061],[110.43435,-6.94785],[110.43373,-6.94851],[110.43386,-6.94726],[110.43281,-6.94388],[110.43149,-6.94405],[110.42947,-6.94509],[110.42734,-6.94556],[110.42615,-6.94231],[110.42525,-6.9413],[110.42407,-6.94161],[110.4237,-6.9416],[110.42366,-6.94135],[110.4236,-6.9457],[110.42385,-6.94682],[110.42554,-6.94851],[110.42608,-6.94965],[110.42676,-6.95001],[110.4267,-6.95136],[110.42582,-6.95259],[110.42424,-6.95164],[110.42435,-6.95113],[110.42402,-6.95143],[110.42368,-6.95127],[110.4232,-6.95063],[110.42368,-6.95068],[110.41989,-6.94772],[110.42022,-6.94903],[110.42078,-6.94928],[110.42098,-6.94984],[110.42068,-6.95055],[110.42206,-6.95173],[110.42415,-6.95269],[110.4243,-6.95298],[110.42406,-6.95315],[110.42635,-6.95446],[110.4261,-6.95496],[110.42365,-6.95353],[110.42341,-6.95396],[110.42374,-6.95479],[110.42305,-6.95451],[110.42437,-6.95528],[110.42418,-6.9557],[110.42191,-6.95442],[110.4215,-6.95517],[110.42116,-6.95504],[110.4216,-6.95402],[110.42107,-6.95251],[110.42044,-6.95225],[110.42026,-6.95322],[110.41958,-6.95334],[110.4192,-6.95212],[110.41871,-6.95211],[110.42025,-6.95696],[110.42184,-6.95719],[110.42424,-6.95661],[110.42518,-6.9651],[110.42512,-6.96854],[110.42526,-6.96878],[110.42862,-6.9683],[110.43095,-6.96717],[110.4306,-6.95434],[110.43971,-6.95081],[110.44032,-6.94999],[110.4435,-6.94062],[110.44399,-6.93932]]]}},{"type":"Feature","properties":{"id":"ADM-TEMBALANG-BULUSAN","name":"Bulusan","kecamatan":"Tembalang"},"geometry":{"type":"Polygon","coordinates":[[[110.46474,-7.05215],[110.45926,-7.05104],[110.45415,-7.04922],[110.44824,-7.05033],[110.44801,-7.05121],[110.44741,-7.05199],[110.4467,-7.05176],[110.4467,-7.05242],[110.44624,-7.05207],[110.44567,-7.05245],[110.44521,-7.05197],[110.44531,-7.05329],[110.44379,-7.0532],[110.44305,-7.05427],[110.44149,-7.05482],[110.44136,-7.05663],[110.44291,-7.0571],[110.44261,-7.05865],[110.44121,-7.06242],[110.4387,-7.06195],[110.43845,-7.06284],[110.43824,-7.06283],[110.43576,-7.06203],[110.43617,-7.06311],[110.43803,-7.06373],[110.43815,-7.064],[110.43805,-7.06582],[110.43661,-7.06631],[110.43608,-7.06677],[110.44017,-7.06788],[110.44259,-7.06807],[110.44387,-7.0687],[110.45033,-7.06854],[110.45365,-7.0681],[110.45647,-7.06577],[110.45684,-7.06418],[110.45657,-7.06349],[110.4571,-7.06264],[110.45877,-7.06113],[110.45972,-7.06074],[110.46039,-7.05951],[110.46382,-7.05671],[110.46451,-7.05265],[110.46474,-7.05215]]]}},{"type":"Feature","properties":{"id":"ADM-TEMBALANG-JANGLI","name":"Jangli","kecamatan":"Tembalang"},"geometry":{"type":"Polygon","coordinates":[[[110.45029,-7.02847],[110.44993,-7.02903],[110.44869,-7.02801],[110.44834,-7.02735],[110.44548,-7.02542],[110.44487,-7.02543],[110.44411,-7.02487],[110.44287,-7.02454],[110.443,-7.02377],[110.44178,-7.02249],[110.44189,-7.0211],[110.44255,-7.01968],[110.44307,-7.01952],[110.44334,-7.01904],[110.44373,-7.01703],[110.44341,-7.01503],[110.44331,-7.01647],[110.44272,-7.01775],[110.43646,-7.02493],[110.43501,-7.02878],[110.43234,-7.03182],[110.43156,-7.03311],[110.43279,-7.03593],[110.43473,-7.04437],[110.43491,-7.04614],[110.43467,-7.04713],[110.43545,-7.04708],[110.4361,-7.04805],[110.43676,-7.04723],[110.43628,-7.04621],[110.43733,-7.04593],[110.43755,-7.04558],[110.43632,-7.04526],[110.43591,-7.04474],[110.43609,-7.0443],[110.43742,-7.04309],[110.4379,-7.04225],[110.4403,-7.04242],[110.4412,-7.04318],[110.44171,-7.04195],[110.44388,-7.03944],[110.4442,-7.03853],[110.44386,-7.03751],[110.44533,-7.03598],[110.44478,-7.03501],[110.44491,-7.03459],[110.44573,-7.03436],[110.44661,-7.03532],[110.44743,-7.03454],[110.44899,-7.03433],[110.4507,-7.0334],[110.45158,-7.03141],[110.45112,-7.03053],[110.45069,-7.03038],[110.45055,-7.02942],[110.45076,-7.02891],[110.45049,-7.02854],[110.45029,-7.02847]]]}},{"type":"Feature","properties":{"id":"ADM-TEMBALANG-KEDUNGMUNDU","name":"Kedungmundu","kecamatan":"Tembalang"},"geometry":{"type":"Polygon","coordinates":[[[110.47145,-7.01817],[110.47004,-7.01669],[110.46678,-7.01561],[110.46615,-7.01778],[110.46378,-7.01721],[110.46044,-7.01778],[110.45829,-7.01666],[110.45734,-7.0182],[110.45533,-7.01802],[110.45664,-7.02112],[110.45644,-7.02223],[110.45984,-7.02493],[110.46095,-7.0251],[110.46297,-7.0226],[110.46588,-7.02435],[110.46852,-7.02531],[110.47061,-7.02752],[110.47357,-7.02789],[110.47377,-7.02707],[110.47505,-7.02516],[110.47632,-7.02239],[110.47552,-7.02175],[110.47499,-7.02051],[110.47395,-7.0201],[110.47326,-7.01919],[110.47214,-7.01864],[110.47145,-7.01817]]]}},{"type":"Feature","properties":{"id":"ADM-TEMBALANG-KRAMAS","name":"Kramas","kecamatan":"Tembalang"},"geometry":{"type":"Polygon","coordinates":[[[110.45365,-7.0681],[110.45033,-7.06854],[110.44445,-7.06873],[110.44259,-7.06807],[110.44017,-7.06788],[110.4363,-7.06678],[110.43545,-7.06735],[110.43481,-7.06842],[110.43713,-7.06873],[110.43816,-7.06995],[110.44133,-7.07167],[110.443,-7.07335],[110.44229,-7.07554],[110.44371,-7.07607],[110.44516,-7.07715],[110.44572,-7.0771],[110.44716,-7.07766],[110.44824,-7.07683],[110.44961,-7.07355],[110.4531,-7.06892],[110.45365,-7.0681]]]}},{"type":"Feature","properties":{"id":"ADM-TEMBALANG-MANGUNHARJO","name":"Mangunharjo","kecamatan":"Tembalang"},"geometry":{"type":"Polygon","coordinates":[[[110.47182,-7.05042],[110.46674,-7.04276],[110.46716,-7.0423],[110.46717,-7.04173],[110.46819,-7.03955],[110.4682,-7.03788],[110.46816,-7.03759],[110.4671,-7.03751],[110.46743,-7.03629],[110.46738,-7.03348],[110.46668,-7.03336],[110.46625,-7.03288],[110.46621,-7.03217],[110.46658,-7.03141],[110.46654,-7.02925],[110.46639,-7.02834],[110.46558,-7.02831],[110.46569,-7.02894],[110.46605,-7.02913],[110.46579,-7.02999],[110.4659,-7.03186],[110.46504,-7.03213],[110.46469,-7.03145],[110.46412,-7.03146],[110.46407,-7.03244],[110.46348,-7.03296],[110.46332,-7.0367],[110.46215,-7.03875],[110.461,-7.03962],[110.45993,-7.03988],[110.45739,-7.03994],[110.45541,-7.0406],[110.45391,-7.04026],[110.45367,-7.04211],[110.45183,-7.04266],[110.45042,-7.04492],[110.45025,-7.04586],[110.44939,-7.04631],[110.44901,-7.04639],[110.44868,-7.04608],[110.44853,-7.04511],[110.44711,-7.04558],[110.4461,-7.04479],[110.44639,-7.04535],[110.44756,-7.04617],[110.44777,-7.04669],[110.44783,-7.0479],[110.44852,-7.04946],[110.44824,-7.05033],[110.45415,-7.04922],[110.45926,-7.05104],[110.465,-7.05218],[110.46922,-7.05153],[110.4714,-7.05059],[110.47182,-7.05042]]]}},{"type":"Feature","properties":{"id":"ADM-TEMBALANG-METESEH","name":"Meteseh","kecamatan":"Tembalang"},"geometry":{"type":"Polygon","coordinates":[[[110.48082,-7.05365],[110.47376,-7.05158],[110.47313,-7.05068],[110.47182,-7.05042],[110.46869,-7.05166],[110.46474,-7.05215],[110.46382,-7.05671],[110.46039,-7.05951],[110.45972,-7.06074],[110.45877,-7.06113],[110.4571,-7.06264],[110.45657,-7.06349],[110.45684,-7.06418],[110.45647,-7.06577],[110.45369,-7.06804],[110.44961,-7.07355],[110.44824,-7.07683],[110.44716,-7.07766],[110.45016,-7.07807],[110.45087,-7.07879],[110.45181,-7.07921],[110.45279,-7.07951],[110.45414,-7.07936],[110.45453,-7.07985],[110.4556,-7.07963],[110.45689,-7.07884],[110.45857,-7.07926],[110.45928,-7.07906],[110.45944,-7.07666],[110.45973,-7.07606],[110.46165,-7.0757],[110.4642,-7.07584],[110.46572,-7.07524],[110.46628,-7.0744],[110.46606,-7.07352],[110.46523,-7.07241],[110.46416,-7.0716],[110.46309,-7.07013],[110.463,-7.06937],[110.46555,-7.06909],[110.46653,-7.06871],[110.46907,-7.06506],[110.4696,-7.06528],[110.46973,-7.0669],[110.47085,-7.06779],[110.47424,-7.06793],[110.4771,-7.06701],[110.47745,-7.06579],[110.47564,-7.06374],[110.47672,-7.06157],[110.47674,-7.06093],[110.47753,-7.06026],[110.4777,-7.05925],[110.47867,-7.05878],[110.48031,-7.05906],[110.48116,-7.05867],[110.48069,-7.05678],[110.48119,-7.05568],[110.48081,-7.05367],[110.48082,-7.05365]]]}},{"type":"Feature","properties":{"id":"ADM-TEMBALANG-ROWOSARI","name":"Rowosari","kecamatan":"Tembalang"},"geometry":{"type":"Polygon","coordinates":[[[110.49045,-7.05453],[110.48842,-7.05264],[110.48683,-7.05295],[110.48601,-7.05515],[110.48513,-7.05578],[110.48327,-7.05661],[110.48231,-7.05629],[110.48126,-7.05671],[110.48116,-7.05724],[110.48083,-7.05737],[110.48106,-7.0588],[110.48031,-7.05906],[110.47867,-7.05878],[110.4777,-7.05925],[110.47753,-7.06026],[110.47674,-7.06093],[110.47672,-7.06157],[110.47564,-7.06374],[110.47745,-7.06579],[110.47731,-7.06669],[110.47686,-7.06718],[110.47424,-7.06793],[110.47073,-7.06776],[110.46973,-7.0669],[110.4696,-7.06528],[110.46907,-7.06506],[110.46653,-7.06871],[110.46555,-7.06909],[110.463,-7.06937],[110.46309,-7.07013],[110.46416,-7.0716],[110.46523,-7.07241],[110.46606,-7.07352],[110.46621,-7.07468],[110.46572,-7.07524],[110.4642,-7.07584],[110.46165,-7.0757],[110.45973,-7.07606],[110.45944,-7.07666],[110.45936,-7.07899],[110.45857,-7.07926],[110.45989,-7.07947],[110.46188,-7.07918],[110.4649,-7.08002],[110.46527,-7.07975],[110.46538,-7.07899],[110.46783,-7.07935],[110.46857,-7.07995],[110.47164,-7.08105],[110.47656,-7.08354],[110.47755,-7.08449],[110.47758,-7.08543],[110.47889,-7.08417],[110.48185,-7.08298],[110.48468,-7.08128],[110.48736,-7.07878],[110.48775,-7.07749],[110.48923,-7.07732],[110.48985,-7.07611],[110.49057,-7.07581],[110.49103,-7.07518],[110.49124,-7.07416],[110.49335,-7.0723],[110.49416,-7.071],[110.49529,-7.07123],[110.49624,-7.06954],[110.49542,-7.06827],[110.49638,-7.06859],[110.49681,-7.06772],[110.49723,-7.06778],[110.4975,-7.0682],[110.497,-7.06876],[110.49704,-7.06911],[110.49839,-7.06938],[110.49849,-7.06917],[110.49778,-7.06849],[110.49792,-7.06724],[110.49934,-7.06754],[110.49991,-7.06671],[110.50041,-7.06732],[110.50092,-7.06704],[110.50088,-7.06658],[110.50003,-7.06612],[110.49919,-7.06508],[110.49746,-7.06516],[110.49325,-7.062],[110.4923,-7.06156],[110.49131,-7.06057],[110.49089,-7.05919],[110.49151,-7.057],[110.491,-7.05525],[110.49045,-7.05453]]]}},{"type":"Feature","properties":{"id":"ADM-TEMBALANG-SAMBIROTO","name":"Sambiroto","kecamatan":"Tembalang"},"geometry":{"type":"Polygon","coordinates":[[[110.45644,-7.02223],[110.45592,-7.02222],[110.45578,-7.0227],[110.45518,-7.0229],[110.45449,-7.02433],[110.45358,-7.0249],[110.45201,-7.0252],[110.45126,-7.02598],[110.45029,-7.02844],[110.45074,-7.02876],[110.45069,-7.03038],[110.45112,-7.03053],[110.45158,-7.03141],[110.4507,-7.0334],[110.44899,-7.03433],[110.44743,-7.03454],[110.44661,-7.03532],[110.44573,-7.03436],[110.44478,-7.03473],[110.44533,-7.03598],[110.44386,-7.03751],[110.4442,-7.03853],[110.44388,-7.03944],[110.44171,-7.04195],[110.4411,-7.04325],[110.44211,-7.04396],[110.44311,-7.0455],[110.44388,-7.04555],[110.44404,-7.04386],[110.44361,-7.04325],[110.44401,-7.04299],[110.44502,-7.04376],[110.44535,-7.04441],[110.44711,-7.04558],[110.44853,-7.04511],[110.44868,-7.04608],[110.44901,-7.04639],[110.44939,-7.04631],[110.45025,-7.04586],[110.45042,-7.04492],[110.45183,-7.04266],[110.45367,-7.04211],[110.45391,-7.04026],[110.45541,-7.0406],[110.45683,-7.04003],[110.461,-7.03962],[110.46215,-7.03875],[110.46315,-7.03731],[110.46324,-7.03524],[110.46355,-7.03478],[110.46348,-7.03296],[110.46407,-7.03244],[110.46412,-7.03146],[110.46469,-7.03145],[110.46504,-7.03213],[110.4659,-7.03186],[110.46579,-7.02999],[110.46605,-7.02913],[110.46569,-7.02894],[110.46558,-7.02831],[110.46419,-7.02771],[110.46461,-7.02714],[110.46498,-7.02734],[110.46518,-7.02715],[110.46541,-7.02606],[110.46497,-7.02571],[110.46512,-7.02483],[110.46588,-7.02435],[110.46289,-7.0226],[110.46095,-7.0251],[110.45984,-7.02493],[110.45646,-7.02224],[110.45644,-7.02223]]]}},{"type":"Feature","properties":{"id":"ADM-TEMBALANG-SENDANGGUWO","name":"Sendangguwo","kecamatan":"Tembalang"},"geometry":{"type":"Polygon","coordinates":[[[110.46678,-7.01561],[110.46252,-7.01401],[110.46192,-7.0122],[110.4614,-7.01167],[110.45912,-7.01057],[110.45763,-7.01052],[110.4568,-7.00964],[110.45461,-7.00892],[110.45301,-7.00791],[110.45178,-7.00787],[110.45028,-7.007],[110.44876,-7.00882],[110.44525,-7.01171],[110.44806,-7.01289],[110.45196,-7.01372],[110.45533,-7.01802],[110.45734,-7.0182],[110.45829,-7.01666],[110.46044,-7.01778],[110.46378,-7.01721],[110.46615,-7.01778],[110.46674,-7.01573],[110.46678,-7.01561]]]}},{"type":"Feature","properties":{"id":"ADM-TEMBALANG-SENDANGMULYO","name":"Sendangmulyo","kecamatan":"Tembalang"},"geometry":{"type":"Polygon","coordinates":[[[110.48402,-7.04066],[110.48272,-7.04061],[110.4815,-7.03995],[110.48138,-7.0394],[110.48203,-7.03789],[110.48122,-7.03687],[110.48127,-7.03614],[110.48073,-7.03506],[110.47902,-7.02879],[110.4789,-7.02721],[110.47776,-7.02475],[110.47695,-7.02404],[110.47632,-7.02239],[110.47505,-7.02516],[110.47377,-7.02707],[110.47357,-7.02789],[110.47061,-7.02752],[110.4681,-7.02506],[110.46588,-7.02435],[110.46512,-7.02483],[110.46497,-7.02571],[110.46541,-7.02606],[110.46518,-7.02715],[110.46498,-7.02734],[110.46461,-7.02714],[110.46419,-7.02771],[110.46558,-7.02831],[110.46639,-7.02834],[110.46658,-7.03141],[110.46621,-7.03217],[110.46625,-7.03288],[110.46668,-7.03336],[110.46738,-7.03348],[110.46743,-7.03629],[110.4671,-7.03751],[110.46816,-7.03759],[110.4682,-7.03788],[110.46819,-7.03955],[110.46717,-7.04173],[110.46716,-7.0423],[110.46674,-7.04276],[110.47167,-7.05041],[110.47313,-7.05068],[110.47376,-7.05158],[110.48082,-7.05365],[110.48117,-7.05301],[110.48287,-7.0527],[110.48266,-7.05187],[110.48295,-7.05126],[110.48404,-7.05117],[110.48492,-7.05174],[110.48494,-7.05214],[110.48427,-7.05296],[110.48465,-7.05333],[110.48523,-7.05339],[110.48601,-7.05199],[110.4857,-7.05013],[110.48448,-7.04899],[110.48347,-7.04866],[110.48401,-7.04697],[110.48327,-7.04684],[110.48298,-7.04648],[110.48313,-7.0461],[110.48402,-7.04604],[110.48429,-7.04565],[110.48221,-7.04527],[110.48159,-7.04435],[110.48235,-7.0437],[110.48506,-7.04383],[110.48503,-7.04341],[110.48356,-7.04262],[110.48339,-7.04225],[110.48395,-7.04134],[110.48395,-7.04082],[110.48402,-7.04066]]]}},{"type":"Feature","properties":{"id":"ADM-TEMBALANG-TANDANG","name":"Tandang","kecamatan":"Tembalang"},"geometry":{"type":"Polygon","coordinates":[[[110.45533,-7.01802],[110.45196,-7.01372],[110.44806,-7.01289],[110.44525,-7.01171],[110.44417,-7.01321],[110.44341,-7.01503],[110.44373,-7.01703],[110.44331,-7.01914],[110.44255,-7.01968],[110.44179,-7.02133],[110.44178,-7.02249],[110.443,-7.02377],[110.44287,-7.02454],[110.44411,-7.02487],[110.44487,-7.02543],[110.44548,-7.02542],[110.44834,-7.02735],[110.44869,-7.02801],[110.44993,-7.02903],[110.45148,-7.02564],[110.45215,-7.02513],[110.45358,-7.0249],[110.45449,-7.02433],[110.45518,-7.0229],[110.45578,-7.0227],[110.45592,-7.02222],[110.45644,-7.02223],[110.45664,-7.02112],[110.45558,-7.01849],[110.45533,-7.01802]]]}},{"type":"Feature","properties":{"id":"ADM-TEMBALANG-TEMBALANG","name":"Tembalang","kecamatan":"Tembalang"},"geometry":{"type":"Polygon","coordinates":[[[110.4411,-7.04325],[110.4403,-7.04242],[110.43894,-7.04217],[110.43769,-7.04237],[110.43742,-7.04309],[110.43592,-7.04465],[110.43632,-7.04526],[110.43755,-7.04558],[110.43743,-7.04588],[110.43657,-7.04597],[110.43624,-7.04629],[110.43673,-7.04732],[110.4361,-7.04805],[110.43545,-7.04708],[110.43467,-7.04713],[110.43259,-7.05168],[110.42994,-7.05333],[110.43069,-7.05398],[110.43197,-7.05401],[110.43345,-7.05692],[110.43516,-7.05859],[110.43576,-7.06203],[110.43824,-7.06283],[110.43845,-7.06284],[110.4387,-7.06195],[110.44121,-7.06242],[110.44261,-7.05865],[110.44291,-7.0571],[110.44136,-7.05663],[110.44149,-7.05482],[110.44305,-7.05427],[110.44379,-7.0532],[110.44531,-7.05329],[110.44521,-7.05197],[110.44567,-7.05245],[110.44624,-7.05207],[110.4467,-7.05242],[110.4467,-7.05176],[110.44747,-7.05195],[110.44801,-7.05121],[110.44852,-7.04946],[110.44783,-7.0479],[110.44756,-7.04617],[110.44639,-7.04535],[110.44605,-7.0447],[110.44535,-7.04441],[110.44502,-7.04376],[110.44401,-7.04299],[110.44361,-7.04325],[110.44404,-7.04386],[110.44388,-7.04555],[110.44359,-7.04561],[110.44311,-7.0455],[110.44211,-7.04396],[110.44126,-7.04353],[110.4411,-7.04325]]]}},{"type":"Feature","properties":{"id":"ADM-TUGU-JERAKAH","name":"Jerakah","kecamatan":"Tugu"},"geometry":{"type":"Polygon","coordinates":[[[110.36555,-6.98119],[110.36415,-6.9809],[110.36592,-6.97519],[110.36854,-6.96825],[110.36561,-6.96155],[110.36527,-6.96201],[110.36385,-6.96168],[110.36289,-6.96316],[110.3624,-6.96455],[110.36287,-6.96641],[110.36282,-6.96756],[110.36342,-6.96771],[110.36312,-6.96894],[110.36228,-6.972],[110.35828,-6.9811],[110.3581,-6.98436],[110.35767,-6.98589],[110.35845,-6.9863],[110.36321,-6.98705],[110.36414,-6.98445],[110.36506,-6.98419],[110.36512,-6.98356],[110.36554,-6.98367],[110.36521,-6.98309],[110.36547,-6.98195],[110.36555,-6.98119]]]}},{"type":"Feature","properties":{"id":"ADM-TUGU-KARANGANYAR","name":"Karanganyar","kecamatan":"Tugu"},"geometry":{"type":"Polygon","coordinates":[[[110.34398,-6.9491],[110.34408,-6.94961],[110.34377,-6.94979],[110.34341,-6.94959],[110.34339,-6.94916],[110.34274,-6.94886],[110.34093,-6.95066],[110.34001,-6.95359],[110.33999,-6.95564],[110.33896,-6.95746],[110.33822,-6.96226],[110.33719,-6.96474],[110.33673,-6.96732],[110.33337,-6.97179],[110.33163,-6.971],[110.32925,-6.97626],[110.33039,-6.97652],[110.33112,-6.97712],[110.33325,-6.97918],[110.33705,-6.98373],[110.33868,-6.98493],[110.34214,-6.98598],[110.341,-6.98357],[110.34139,-6.98229],[110.34223,-6.98157],[110.34314,-6.97851],[110.3433,-6.97766],[110.34311,-6.97727],[110.3437,-6.97506],[110.34332,-6.97493],[110.34399,-6.97183],[110.34397,-6.97028],[110.3453,-6.97002],[110.34586,-6.96838],[110.34543,-6.96743],[110.34752,-6.96273],[110.34846,-6.9623],[110.34902,-6.96024],[110.34987,-6.96018],[110.35,-6.95957],[110.35078,-6.95953],[110.35188,-6.95859],[110.35378,-6.95541],[110.35402,-6.95294],[110.34882,-6.95203],[110.34694,-6.95119],[110.3461,-6.95032],[110.34582,-6.95066],[110.34581,-6.95008],[110.34531,-6.94981],[110.345,-6.94999],[110.34462,-6.94936],[110.34398,-6.9491]]]}},{"type":"Feature","properties":{"id":"ADM-TUGU-MANGKANG-KULON","name":"Mangkang Kulon","kecamatan":"Tugu"},"geometry":{"type":"Polygon","coordinates":[[[110.31448,-6.93764],[110.30901,-6.9367],[110.30708,-6.93711],[110.30683,-6.93792],[110.30588,-6.93759],[110.30496,-6.93844],[110.30357,-6.93835],[110.30184,-6.93903],[110.30111,-6.94017],[110.29994,-6.94017],[110.29909,-6.94091],[110.29786,-6.94352],[110.29459,-6.94707],[110.29401,-6.94726],[110.29333,-6.94856],[110.29154,-6.95046],[110.2931,-6.95198],[110.29178,-6.95324],[110.29234,-6.95375],[110.29186,-6.95466],[110.29187,-6.95537],[110.29363,-6.95614],[110.29307,-6.95756],[110.2997,-6.96004],[110.29572,-6.96856],[110.2917,-6.96701],[110.28929,-6.96573],[110.28817,-6.9655],[110.28742,-6.96731],[110.28817,-6.96767],[110.28775,-6.96876],[110.29442,-6.97231],[110.29832,-6.9735],[110.29837,-6.97318],[110.29803,-6.97308],[110.29827,-6.97129],[110.29907,-6.97092],[110.29955,-6.96936],[110.29929,-6.96786],[110.30114,-6.96525],[110.30212,-6.96479],[110.30252,-6.96302],[110.30234,-6.96151],[110.30275,-6.95984],[110.30556,-6.95472],[110.30772,-6.94713],[110.30747,-6.94481],[110.30766,-6.94415],[110.30868,-6.94298],[110.31127,-6.94147],[110.31116,-6.94073],[110.31222,-6.94096],[110.31278,-6.94061],[110.3141,-6.93803],[110.31448,-6.93764]]]}},{"type":"Feature","properties":{"id":"ADM-TUGU-MANGKANG-WETAN","name":"Mangkang Wetan","kecamatan":"Tugu"},"geometry":{"type":"Polygon","coordinates":[[[110.33559,-6.94606],[110.33041,-6.94368],[110.32983,-6.94448],[110.32614,-6.94409],[110.32474,-6.94604],[110.32494,-6.94657],[110.32394,-6.94785],[110.32254,-6.94827],[110.31866,-6.95226],[110.31801,-6.95354],[110.31742,-6.95331],[110.31644,-6.95434],[110.31536,-6.95461],[110.313,-6.95751],[110.31131,-6.95895],[110.31114,-6.96131],[110.31045,-6.96289],[110.30382,-6.97248],[110.30365,-6.97322],[110.31171,-6.97246],[110.31301,-6.97252],[110.31391,-6.97318],[110.31431,-6.97124],[110.31862,-6.97159],[110.32193,-6.96272],[110.3237,-6.96314],[110.32536,-6.95989],[110.32606,-6.95631],[110.32715,-6.95534],[110.32812,-6.95319],[110.32945,-6.95209],[110.3308,-6.95151],[110.33165,-6.95],[110.3343,-6.94783],[110.33415,-6.94736],[110.33559,-6.94606]]]}},{"type":"Feature","properties":{"id":"ADM-TUGU-MANGUNHARJO","name":"Mangunharjo","kecamatan":"Tugu"},"geometry":{"type":"Polygon","coordinates":[[[110.33041,-6.94368],[110.32755,-6.9428],[110.32328,-6.94077],[110.32083,-6.93923],[110.31727,-6.93855],[110.31501,-6.93749],[110.3141,-6.93803],[110.31278,-6.94061],[110.31222,-6.94096],[110.31116,-6.94073],[110.31127,-6.94147],[110.30868,-6.94298],[110.3078,-6.94389],[110.30747,-6.94481],[110.30765,-6.9474],[110.30556,-6.95472],[110.30275,-6.95984],[110.30234,-6.96151],[110.30252,-6.96302],[110.30212,-6.96479],[110.30114,-6.96525],[110.29936,-6.96774],[110.29956,-6.96927],[110.29918,-6.97072],[110.29827,-6.97129],[110.29803,-6.97308],[110.29837,-6.97318],[110.29832,-6.9735],[110.29935,-6.97362],[110.30365,-6.97322],[110.30382,-6.97248],[110.31045,-6.96289],[110.31114,-6.96131],[110.31131,-6.95895],[110.313,-6.95751],[110.31536,-6.95461],[110.31644,-6.95434],[110.31742,-6.95331],[110.31801,-6.95354],[110.31866,-6.95226],[110.32254,-6.94827],[110.32394,-6.94785],[110.32494,-6.94657],[110.32474,-6.94604],[110.32614,-6.94409],[110.32983,-6.94448],[110.33017,-6.94398],[110.33041,-6.94368]]]}},{"type":"Feature","properties":{"id":"ADM-TUGU-RANDU-GARUT","name":"Randu Garut","kecamatan":"Tugu"},"geometry":{"type":"MultiPolygon","coordinates":[[[[110.34571,-6.9498],[110.34462,-6.94936],[110.345,-6.94999],[110.34531,-6.94981],[110.34581,-6.95008],[110.34582,-6.95066],[110.3461,-6.95032],[110.34598,-6.95003],[110.34571,-6.9498]]],[[[110.34345,-6.94882],[110.34033,-6.94802],[110.33559,-6.94606],[110.33415,-6.94736],[110.3343,-6.94783],[110.33165,-6.95],[110.3308,-6.95151],[110.32945,-6.95209],[110.32812,-6.95319],[110.32715,-6.95534],[110.32606,-6.95631],[110.32536,-6.95989],[110.3237,-6.96314],[110.32193,-6.96272],[110.31862,-6.97159],[110.31431,-6.97124],[110.31391,-6.97318],[110.31547,-6.97458],[110.31767,-6.97532],[110.32021,-6.97574],[110.32925,-6.97626],[110.33163,-6.971],[110.33337,-6.97179],[110.33673,-6.96732],[110.33719,-6.96474],[110.33822,-6.96226],[110.33896,-6.95746],[110.33999,-6.95564],[110.34001,-6.95359],[110.34093,-6.95066],[110.34274,-6.94886],[110.34339,-6.94916],[110.34341,-6.94959],[110.34377,-6.94979],[110.34408,-6.94961],[110.34387,-6.94905],[110.34345,-6.94882]]]]}},{"type":"Feature","properties":{"id":"ADM-TUGU-TUGUREJO","name":"Tugurejo","kecamatan":"Tugu"},"geometry":{"type":"Polygon","coordinates":[[[110.36689,-6.95453],[110.363,-6.95428],[110.36259,-6.95458],[110.35727,-6.95393],[110.35658,-6.9535],[110.35402,-6.95294],[110.35378,-6.95541],[110.35255,-6.95774],[110.3509,-6.95945],[110.35,-6.95957],[110.34987,-6.96018],[110.34902,-6.96024],[110.34846,-6.9623],[110.34752,-6.96273],[110.34543,-6.96743],[110.34586,-6.96838],[110.3453,-6.97002],[110.34397,-6.97028],[110.34399,-6.97183],[110.34332,-6.97493],[110.3437,-6.97506],[110.34311,-6.97727],[110.3433,-6.97766],[110.34314,-6.97851],[110.34223,-6.98157],[110.34139,-6.98229],[110.341,-6.98357],[110.34214,-6.98598],[110.34641,-6.98573],[110.34861,-6.985],[110.35038,-6.9827],[110.3516,-6.98241],[110.35325,-6.98284],[110.35618,-6.98416],[110.35719,-6.98503],[110.35767,-6.98589],[110.3581,-6.98436],[110.35828,-6.9811],[110.36228,-6.972],[110.36337,-6.96794],[110.36342,-6.96771],[110.36282,-6.96756],[110.36287,-6.96641],[110.36243,-6.9644],[110.36365,-6.96183],[110.36393,-6.96165],[110.36527,-6.96201],[110.36561,-6.96155],[110.36655,-6.95656],[110.36689,-6.95453]]]}}]}