{"type":"FeatureCollection","features":[{"type":"Feature","properties":{"id":"hom-110420-6989","name":"@ Hom","group":"hotel","kind":"Hotel bintang 2","stars":2,"price":"Rp 180 rb – Rp 420 rb / malam","hours":"Resepsionis 24 jam","facilities":["Wi-Fi","AC","Kamar mandi dalam"],"address":"Jl. Pandanaran No. 119 Kel. Mugasari Kec. Semarang Selatan","kelurahan":"Mugassari","kecamatan":"Semarang Selatan","phone":"024 86449000","web":"www.horisonhotels.com","description":"Hotel bintang 2 di Mugassari, Semarang Selatan. Cocok untuk menginap praktis. Bandingkan foto kamar terbaru di Google Maps sebelum memesan karena mutu antarproperti beda.","source":"Direktori hotel berbintang Kota Semarang + OpenStreetMap"},"geometry":{"type":"Point","coordinates":[110.41962,-6.98881]}},{"type":"Feature","properties":{"id":"3d-trick-art-museum-110426-6968","name":"3D Trick Art Museum","group":"wisata","kind":"Galeri","stars":null,"price":"Gratis atau tiket kecil","hours":"08.00–17.00","facilities":["Tiket atau gratis","Parkir","Toilet"],"address":"","kelurahan":"Tanjung Mas","kecamatan":"Semarang Utara","phone":"","web":"","description":"3D Trick Art Museum ada di Tanjung Mas, Semarang Utara. Masuk daftar tempat yang sering dicari warga dan pengunjung saat berkeliling Semarang.","source":"OpenStreetMap"},"geometry":{"type":"Point","coordinates":[110.42623,-6.96842]}},{"type":"Feature","properties":{"id":"alastua-110476-6984","name":"Alastua","group":"transport","kind":"Stasiun","stars":null,"price":"Sesuai tiket moda","hours":"Sesuai jadwal kereta","facilities":["Tiket atau gratis","Parkir","Toilet"],"address":"","kelurahan":"Tlogomulyo","kecamatan":"Pedurungan","phone":"","web":"","description":"Alastua adalah simpul perjalanan di Tlogomulyo, Pedurungan. Pakai titik ini sebagai awal atau akhir rute di dalam kota.","source":"OpenStreetMap"},"geometry":{"type":"Point","coordinates":[110.47594,-6.9845]}},{"type":"Feature","properties":{"id":"allstay-110417-6997","name":"AllStay Hotel Semarang","group":"hotel","kind":"Hotel bintang 2","stars":2,"price":"Rp 180 rb – Rp 420 rb / malam","hours":"Resepsionis 24 jam","facilities":["Wi-Fi","AC","Kamar mandi dalam"],"address":"Jl. Veteran No. 51, Kel. Lempang Sari, Kec. Semarang Gajah Mungkur","kelurahan":"Lempongsari","kecamatan":"Gajahmungkur","phone":"","web":"www.allstayhotel.com","description":"Hotel bintang 2 di Lempongsari, Gajahmungkur. Cocok untuk menginap praktis. Bandingkan foto kamar terbaru di Google Maps sebelum memesan karena mutu antarproperti beda.","source":"Direktori hotel berbintang Kota Semarang + OpenStreetMap"},"geometry":{"type":"Point","coordinates":[110.41716,-6.99743]}},{"type":"Feature","properties":{"id":"amelia-guest-house-110434-7057","name":"Amelia Guest House","group":"hotel","kind":"Guest house","stars":null,"price":"Rp 150 rb – Rp 450 rb / malam","hours":"Resepsionis 24 jam","facilities":["Wi-Fi","AC","Kamar mandi dalam"],"address":"","kelurahan":"Tembalang","kecamatan":"Tembalang","phone":"","web":"","description":"Penginapan di Tembalang, Tembalang. Cocok untuk menginap praktis. Bandingkan foto kamar terbaru di Google Maps sebelum memesan karena mutu antarproperti beda.","source":"OpenStreetMap"},"geometry":{"type":"Point","coordinates":[110.43436,-7.05748]}},{"type":"Feature","properties":{"id":"arjuna-hostel-110409-6980","name":"Arjuna Hostel","group":"hotel","kind":"Hostel","stars":null,"price":"Rp 80 rb – Rp 250 rb / malam","hours":"Resepsionis 24 jam","facilities":["Wi-Fi","AC","Kamar mandi dalam"],"address":"","kelurahan":"Pendrikan Kidul","kecamatan":"Semarang Tengah","phone":"","web":"","description":"Penginapan di Pendrikan Kidul, Semarang Tengah. Cocok untuk menginap praktis. Bandingkan foto kamar terbaru di Google Maps sebelum memesan karena mutu antarproperti beda.","source":"OpenStreetMap"},"geometry":{"type":"Point","coordinates":[110.4092,-6.98037]}},{"type":"Feature","properties":{"id":"artotel-gajahmada-110422-6984","name":"Artotel Gajahmada Semarang","group":"hotel","kind":"Hotel","stars":null,"price":"Rp 150 rb – Rp 450 rb / malam","hours":"Resepsionis 24 jam","facilities":["Wi-Fi","AC","Kamar mandi dalam"],"address":"","kelurahan":"Miroto","kecamatan":"Semarang Tengah","phone":"","web":"","description":"Penginapan di Miroto, Semarang Tengah. Cocok untuk menginap praktis. Bandingkan foto kamar terbaru di Google Maps sebelum memesan karena mutu antarproperti beda.","source":"OpenStreetMap"},"geometry":{"type":"Point","coordinates":[110.42156,-6.98389]}},{"type":"Feature","properties":{"id":"aston-110431-6968","name":"Aston","group":"hotel","kind":"Hotel","stars":null,"price":"Rp 150 rb – Rp 450 rb / malam","hours":"Resepsionis 24 jam","facilities":["Wi-Fi","AC","Kamar mandi dalam"],"address":"","kelurahan":"Purwodinatan","kecamatan":"Semarang Tengah","phone":"","web":"","description":"Penginapan di Purwodinatan, Semarang Tengah. Cocok untuk menginap praktis. Bandingkan foto kamar terbaru di Google Maps sebelum memesan karena mutu antarproperti beda.","source":"OpenStreetMap"},"geometry":{"type":"Point","coordinates":[110.43052,-6.96773]}},{"type":"Feature","properties":{"id":"aston-pandanaran-110414-6986","name":"Aston Inn Pandanaran Semarang","group":"hotel","kind":"Hotel bintang 3","stars":3,"price":"Rp 280 rb – Rp 650 rb / malam","hours":"Resepsionis 24 jam","facilities":["Wi-Fi","Parkir","AC","Sarapan"],"address":"Jl. Pandanaran No. 58 Kel. Pekunden Kec. Semarang Tengah","kelurahan":"Pekunden","kecamatan":"Semarang Tengah","phone":"024 8452952","web":"","description":"Hotel bintang 3 di Pekunden, Semarang Tengah. Cocok untuk menginap praktis. Bandingkan foto kamar terbaru di Google Maps sebelum memesan karena mutu antarproperti beda.","source":"Direktori hotel berbintang Kota Semarang + OpenStreetMap"},"geometry":{"type":"Point","coordinates":[110.41383,-6.98561]}},{"type":"Feature","properties":{"id":"ava-reddoorz-110414-7024","name":"Ava Reddoorz","group":"hotel","kind":"Hotel","stars":null,"price":"Rp 150 rb – Rp 450 rb / malam","hours":"Resepsionis 24 jam","facilities":["Wi-Fi","AC","Kamar mandi dalam"],"address":"","kelurahan":"Karangrejo","kecamatan":"Gajahmungkur","phone":"","web":"","description":"Penginapan di Karangrejo, Gajahmungkur. Cocok untuk menginap praktis. Bandingkan foto kamar terbaru di Google Maps sebelum memesan karena mutu antarproperti beda.","source":"OpenStreetMap"},"geometry":{"type":"Point","coordinates":[110.41375,-7.02421]}},{"type":"Feature","properties":{"id":"bali-110320-7044","name":"Bali","group":"hotel","kind":"Hotel bintang 1","stars":1,"price":"Rp 120 rb – Rp 280 rb / malam","hours":"Resepsionis 24 jam","facilities":["Wi-Fi","AC","Kamar mandi dalam"],"address":"Jl. Imam Bonjol No. 144-148 Kel. Sekayu Kec. Semarang Tengah","kelurahan":"Pesantren","kecamatan":"Mijen","phone":"024 3511761","web":"","description":"Hotel bintang 1 di Pesantren, Mijen. Cocok untuk menginap praktis. Bandingkan foto kamar terbaru di Google Maps sebelum memesan karena mutu antarproperti beda.","source":"Direktori hotel berbintang Kota Semarang"},"geometry":{"type":"Point","coordinates":[110.32023,-7.04415]}},{"type":"Feature","properties":{"id":"bandar-udara-ahmad-yani-110372-6972","name":"Bandar Udara Ahmad Yani","group":"transport","kind":"Bandara","stars":null,"price":"Sesuai tiket moda","hours":"24 jam","facilities":["Penerbangan","Toilet","Makanan","Taksi"],"address":"","kelurahan":"Tambakharjo","kecamatan":"Semarang Barat","phone":"+62 24 7608735","web":"","description":"Bandara Internasional Ahmad Yani ada di barat laut kota. Angkutan lanjutan dan hotel bandara ada di sekitar koridor ini, jauh dari Simpang Lima.","source":"OpenStreetMap"},"geometry":{"type":"Point","coordinates":[110.37209,-6.97162]}},{"type":"Feature","properties":{"id":"belle-view-110404-7006","name":"Belle View","group":"hotel","kind":"Hotel bintang 2","stars":2,"price":"Rp 180 rb – Rp 420 rb / malam","hours":"Resepsionis 24 jam","facilities":["Wi-Fi","AC","Kamar mandi dalam"],"address":"Jl. Tumpang Raya 7 Kel. Petompon Kec. Gajahmungkur","kelurahan":"Petompon","kecamatan":"Gajahmungkur","phone":"024 8504433","web":"","description":"Hotel bintang 2 di Petompon, Gajahmungkur. Cocok untuk menginap praktis. Bandingkan foto kamar terbaru di Google Maps sebelum memesan karena mutu antarproperti beda.","source":"Direktori hotel berbintang Kota Semarang + OpenStreetMap"},"geometry":{"type":"Point","coordinates":[110.40441,-7.00567]}},{"type":"Feature","properties":{"id":"bobobox-pods-kota-lama-110426-6969","name":"Bobobox Pods Kota Lama","group":"hotel","kind":"Hotel","stars":null,"price":"Rp 150 rb – Rp 450 rb / malam","hours":"Resepsionis 24 jam","facilities":["Wi-Fi","AC","Kamar mandi dalam"],"address":"","kelurahan":"Purwodinatan","kecamatan":"Semarang Tengah","phone":"","web":"","description":"Kota Lama adalah kawasan bangunan kolonial di utara pusat kota. Sore hari paling nyaman untuk jalan kaki, foto, dan singgah kafe.","source":"OpenStreetMap"},"geometry":{"type":"Point","coordinates":[110.42628,-6.96894]}},{"type":"Feature","properties":{"id":"brotojoyo-guest-house-110411-6966","name":"Brotojoyo Guest House","group":"hotel","kind":"Guest house","stars":null,"price":"Rp 150 rb – Rp 450 rb / malam","hours":"Resepsionis 24 jam","facilities":["Wi-Fi","AC","Kamar mandi dalam"],"address":"Jalan Brotojoyo Timur 2 1","kelurahan":"Panggung Kidul","kecamatan":"Semarang Utara","phone":"+628170575557","web":"","description":"Penginapan di Panggung Kidul, Semarang Utara. Cocok untuk menginap praktis. Bandingkan foto kamar terbaru di Google Maps sebelum memesan karena mutu antarproperti beda.","source":"OpenStreetMap"},"geometry":{"type":"Point","coordinates":[110.41072,-6.96594]}},{"type":"Feature","properties":{"id":"brown-canyon-110487-7056","name":"Brown Canyon Semarang","group":"wisata","kind":"Wisata","stars":null,"price":"Gratis atau tiket kecil","hours":"Area publik","facilities":["Area terbuka","Foto","Parkir"],"address":"","kelurahan":"Rowosari","kecamatan":"Tembalang","phone":"","web":"","description":"Brown Canyon di Meteseh terbentuk dari bekas galian tanah. Lokasinya di selatan kota; jalan setapak licin saat hujan, jadi jangan terlalu ke bibir tebing.","source":"OpenStreetMap"},"geometry":{"type":"Point","coordinates":[110.48726,-7.0563]}},{"type":"Feature","properties":{"id":"bukit-asri-110476-7026","name":"Bukit Asri","group":"hotel","kind":"Hotel bintang 1","stars":1,"price":"Rp 120 rb – Rp 280 rb / malam","hours":"Resepsionis 24 jam","facilities":["Wi-Fi","AC","Kamar mandi dalam"],"address":"Jl. Setyabudi No. 5 A","kelurahan":"Sendangmulyo","kecamatan":"Tembalang","phone":"024 7475743","web":"","description":"Hotel bintang 1 di Sendangmulyo, Tembalang. Cocok untuk menginap praktis. Bandingkan foto kamar terbaru di Google Maps sebelum memesan karena mutu antarproperti beda.","source":"Direktori hotel berbintang Kota Semarang"},"geometry":{"type":"Point","coordinates":[110.4764,-7.02593]}},{"type":"Feature","properties":{"id":"c-2301-110410-6984","name":"C 2301","group":"wisata","kind":"Wisata","stars":null,"price":"Gratis atau tiket kecil","hours":"08.00–17.00","facilities":["Tiket atau gratis","Parkir","Toilet"],"address":"","kelurahan":"Sekayu","kecamatan":"Semarang Tengah","phone":"","web":"","description":"C 2301 ada di Sekayu, Semarang Tengah. Masuk daftar tempat yang sering dicari warga dan pengunjung saat berkeliling Semarang.","source":"OpenStreetMap"},"geometry":{"type":"Point","coordinates":[110.4102,-6.98379]}},{"type":"Feature","properties":{"id":"candi-baru-110416-7010","name":"Candi Baru","group":"hotel","kind":"Hotel bintang 1","stars":1,"price":"Rp 120 rb – Rp 280 rb / malam","hours":"Resepsionis 24 jam","facilities":["Wi-Fi","AC","Kamar mandi dalam"],"address":"Jl. Rinjani No. 21 Kel. Bendungan Kec. Gajahmungkur","kelurahan":"Gajahmungkur","kecamatan":"Gajahmungkur","phone":"024 7472704","web":"","description":"Hotel bintang 1 di Gajahmungkur, Gajahmungkur. Cocok untuk menginap praktis. Bandingkan foto kamar terbaru di Google Maps sebelum memesan karena mutu antarproperti beda.","source":"Direktori hotel berbintang Kota Semarang"},"geometry":{"type":"Point","coordinates":[110.41582,-7.00974]}},{"type":"Feature","properties":{"id":"candiview-110410-7002","name":"Candiview Hotel","group":"hotel","kind":"Hotel bintang 1","stars":1,"price":"Rp 120 rb – Rp 280 rb / malam","hours":"Resepsionis 24 jam","facilities":["Wi-Fi","AC","Kamar mandi dalam"],"address":"Jl. Rinjani No. 12, Kel. Bendungan,Kec. Gajahmungkur, Kode Pos 50232","kelurahan":"Bendungan","kecamatan":"Gajahmungkur","phone":"","web":"www.candiview.com","description":"Hotel bintang 1 di Bendungan, Gajahmungkur. Cocok untuk menginap praktis. Bandingkan foto kamar terbaru di Google Maps sebelum memesan karena mutu antarproperti beda.","source":"Direktori hotel berbintang Kota Semarang + OpenStreetMap"},"geometry":{"type":"Point","coordinates":[110.40955,-7.00201]}},{"type":"Feature","properties":{"id":"citrip-simpang-lima-110427-6990","name":"Citrip Hotel Simpang Lima","group":"hotel","kind":"Hotel","stars":null,"price":"Rp 150 rb – Rp 450 rb / malam","hours":"Resepsionis 24 jam","facilities":["Wi-Fi","AC","Kamar mandi dalam"],"address":"","kelurahan":"Karangkidul","kecamatan":"Semarang Tengah","phone":"","web":"","description":"Penginapan di Karangkidul, Semarang Tengah. Cocok untuk menginap praktis. Cek kondisi kamar terbaru sebelum memesan.","source":"OpenStreetMap"},"geometry":{"type":"Point","coordinates":[110.42737,-6.98957]}},{"type":"Feature","properties":{"id":"city-plaza-110423-6992","name":"City Plaza Semarang","group":"belanja","kind":"Mal","stars":null,"price":"Gratis masuk","hours":"10.00–22.00","facilities":["Toko","Makanan","Parkir","Toilet"],"address":"","kelurahan":"Pleburan","kecamatan":"Semarang Selatan","phone":"","web":"","description":"City Plaza Semarang adalah pusat belanja di Pleburan, Semarang Selatan. Ramai sore hingga malam, terutama akhir pekan.","source":"OpenStreetMap"},"geometry":{"type":"Point","coordinates":[110.4229,-6.99195]}},{"type":"Feature","properties":{"id":"cityone-110443-7005","name":"Cityone Hotel Semarang","group":"hotel","kind":"Hotel","stars":null,"price":"Rp 150 rb – Rp 450 rb / malam","hours":"Resepsionis 24 jam","facilities":["Wi-Fi","AC","Kamar mandi dalam"],"address":"","kelurahan":"Lamper Tengah","kecamatan":"Semarang Selatan","phone":"","web":"","description":"Penginapan di Lamper Tengah, Semarang Selatan. Cocok untuk menginap praktis. Bandingkan foto kamar terbaru di Google Maps sebelum memesan karena mutu antarproperti beda.","source":"OpenStreetMap"},"geometry":{"type":"Point","coordinates":[110.44285,-7.00545]}},{"type":"Feature","properties":{"id":"d-paragon-mt-haryono-110432-7001","name":"D Paragon Hotel MT Haryono","group":"hotel","kind":"Hotel","stars":null,"price":"Rp 150 rb – Rp 450 rb / malam","hours":"Resepsionis 24 jam","facilities":["Wi-Fi","AC","Kamar mandi dalam"],"address":"","kelurahan":"Wonodri","kecamatan":"Semarang Selatan","phone":"","web":"","description":"Penginapan di Wonodri, Semarang Selatan. Cocok untuk menginap praktis. Cek kondisi kamar terbaru sebelum memesan.","source":"OpenStreetMap"},"geometry":{"type":"Point","coordinates":[110.43235,-7.00072]}},{"type":"Feature","properties":{"id":"d-paragon-bukit-sari-110422-7045","name":"D'Paragon Bukit Sari","group":"hotel","kind":"Hotel","stars":null,"price":"Rp 150 rb – Rp 450 rb / malam","hours":"Resepsionis 24 jam","facilities":["Wi-Fi","AC","Kamar mandi dalam"],"address":"","kelurahan":"Sumurboto","kecamatan":"Banyumanik","phone":"","web":"","description":"Penginapan di Sumurboto, Banyumanik. Cocok untuk menginap praktis. Cek kondisi kamar terbaru sebelum memesan.","source":"OpenStreetMap"},"geometry":{"type":"Point","coordinates":[110.42243,-7.04471]}},{"type":"Feature","properties":{"id":"d-paragon-veteran-daily-110413-6996","name":"D'Paragon Semarang Veteran Daily","group":"hotel","kind":"Hotel","stars":null,"price":"Rp 150 rb – Rp 450 rb / malam","hours":"Resepsionis 24 jam","facilities":["Wi-Fi","AC","Kamar mandi dalam"],"address":"","kelurahan":"Randusari","kecamatan":"Semarang Selatan","phone":"","web":"","description":"Penginapan di Randusari, Semarang Selatan. Cocok untuk menginap praktis. Cek kondisi kamar terbaru sebelum memesan.","source":"OpenStreetMap"},"geometry":{"type":"Point","coordinates":[110.41277,-6.99551]}},{"type":"Feature","properties":{"id":"djajanti-house-110413-7020","name":"Djajanti House","group":"hotel","kind":"Hotel","stars":null,"price":"Rp 150 rb – Rp 450 rb / malam","hours":"Resepsionis 24 jam","facilities":["Wi-Fi","AC","Kamar mandi dalam"],"address":"Jl Semeru 4B 4B","kelurahan":"Karangrejo","kecamatan":"Gajahmungkur","phone":"+62248501192","web":"https://djajanti.jimdo.com/","description":"Penginapan di Karangrejo, Gajahmungkur. Cocok untuk menginap praktis. Bandingkan foto kamar terbaru di Google Maps sebelum memesan karena mutu antarproperti beda.","source":"OpenStreetMap"},"geometry":{"type":"Point","coordinates":[110.41345,-7.02043]}},{"type":"Feature","properties":{"id":"dp-mall-110413-6983","name":"DP Mall Semarang","group":"belanja","kind":"Mal","stars":null,"price":"Gratis masuk","hours":"10.00–22.00","facilities":["Toko","Makanan","Parkir","Toilet"],"address":"","kelurahan":"Sekayu","kecamatan":"Semarang Tengah","phone":"","web":"","description":"Pusat belanja ini menjadi tujuan harian warga: pakaian, makanan, dan bioskop. Jam ramai biasanya sore hingga malam, terutama akhir pekan.","source":"OpenStreetMap"},"geometry":{"type":"Point","coordinates":[110.4126,-6.98326]}},{"type":"Feature","properties":{"id":"elba-guesthouse-patemon-110405-7064","name":"Elba GuestHouse Patemon","group":"hotel","kind":"Hotel","stars":null,"price":"Rp 150 rb – Rp 450 rb / malam","hours":"Resepsionis 24 jam","facilities":["Wi-Fi","AC","Kamar mandi dalam"],"address":"jaten","kelurahan":"Patemon","kecamatan":"Gunungpati","phone":"","web":"","description":"Penginapan di Patemon, Gunungpati. Cocok untuk menginap praktis. Bandingkan foto kamar terbaru di Google Maps sebelum memesan karena mutu antarproperti beda.","source":"OpenStreetMap"},"geometry":{"type":"Point","coordinates":[110.40454,-7.06442]}},{"type":"Feature","properties":{"id":"fave-diponegoro-110419-7001","name":"Fave Hotel Diponegoro Semarang","group":"hotel","kind":"Hotel","stars":null,"price":"Rp 150 rb – Rp 450 rb / malam","hours":"Resepsionis 24 jam","facilities":["Wi-Fi","AC","Kamar mandi dalam"],"address":"","kelurahan":"Tegalsari","kecamatan":"Candisari","phone":"","web":"","description":"Hotel jaringan ini menekankan kamar bersih, Wi-Fi, dan lokasi kota dengan tarif lebih rapat daripada bintang 5. Cocok untuk satu atau dua malam.","source":"OpenStreetMap"},"geometry":{"type":"Point","coordinates":[110.41853,-7.00133]}},{"type":"Feature","properties":{"id":"fybed-guest-house-salamanmloyo-110391-6984","name":"Fybed Guest House Salamanmloyo","group":"hotel","kind":"Hotel","stars":null,"price":"Rp 150 rb – Rp 450 rb / malam","hours":"Resepsionis 24 jam","facilities":["Wi-Fi","AC","Kamar mandi dalam"],"address":"","kelurahan":"Salaman Mloyo","kecamatan":"Semarang Barat","phone":"","web":"","description":"Penginapan di Salaman Mloyo, Semarang Barat. Cocok untuk menginap praktis. Bandingkan foto kamar terbaru di Google Maps sebelum memesan karena mutu antarproperti beda.","source":"OpenStreetMap"},"geometry":{"type":"Point","coordinates":[110.3909,-6.98393]}},{"type":"Feature","properties":{"id":"gajah-mada-100-110423-6989","name":"Gajah Mada 100","group":"hotel","kind":"Hotel bintang 2","stars":2,"price":"Rp 180 rb – Rp 420 rb / malam","hours":"Resepsionis 24 jam","facilities":["Wi-Fi","AC","Kamar mandi dalam"],"address":"Jl. Gajah Mada No. 100 Kel. Bangunharjo Kec Semarang Tengah","kelurahan":"Pekunden","kecamatan":"Semarang Tengah","phone":"024 3515416","web":"","description":"Hotel bintang 2 di Pekunden, Semarang Tengah. Cocok untuk menginap praktis. Bandingkan foto kamar terbaru di Google Maps sebelum memesan karena mutu antarproperti beda.","source":"Direktori hotel berbintang Kota Semarang"},"geometry":{"type":"Point","coordinates":[110.4228,-6.98885]}},{"type":"Feature","properties":{"id":"galeri-seni-kontemporer-110428-6967","name":"Galeri Seni Kontemporer Semarang","group":"wisata","kind":"Galeri","stars":null,"price":"Gratis atau tiket kecil","hours":"08.00–17.00","facilities":["Tiket atau gratis","Parkir","Toilet"],"address":"","kelurahan":"Tanjung Mas","kecamatan":"Semarang Utara","phone":"","web":"","description":"Galeri Seni Kontemporer Semarang ada di Tanjung Mas, Semarang Utara. Masuk daftar tempat yang sering dicari warga dan pengunjung saat berkeliling Semarang.","source":"OpenStreetMap"},"geometry":{"type":"Point","coordinates":[110.4282,-6.96747]}},{"type":"Feature","properties":{"id":"gereja-blenduk-110421-6984","name":"Gereja Blenduk","group":"wisata","kind":"Cagar budaya","stars":null,"price":"Gratis","hours":"Buka untuk ibadah","facilities":["Tiket atau gratis","Parkir","Toilet"],"address":"","kelurahan":"Miroto","kecamatan":"Semarang Tengah","phone":"","web":"","description":"Gereja Blenduk di Kota Lama mudah dikenali dari kubahnya. Bangunan ini menjadi penanda kawasan kolonial yang sekarang ramai kafe dan jalan kaki sore.","source":"OpenStreetMap / pencarian nama"},"geometry":{"type":"Point","coordinates":[110.4207,-6.98395]}},{"type":"Feature","properties":{"id":"gets-110432-6977","name":"Gets Hotel","group":"hotel","kind":"Hotel bintang 4","stars":4,"price":"Rp 450 rb – Rp 1,1 jt / malam","hours":"Resepsionis 24 jam","facilities":["Sarapan","Wi-Fi","Parkir","Restoran","Ruang pertemuan"],"address":"Jl. MT. Haryono No. 312-316, Kel. Jagalan, Kec. Semarang Tengah, Kode Pos 50124","kelurahan":"Sarirejo","kecamatan":"Semarang Timur","phone":"+62 24 86400500","web":"www.getshotels.com","description":"Hotel bintang 4 di Sarirejo, Semarang Timur. Fasilitas relatif lengkap untuk tamu yang menginap lebih dari satu malam atau membawa keluarga.","source":"Direktori hotel berbintang Kota Semarang + OpenStreetMap"},"geometry":{"type":"Point","coordinates":[110.43194,-6.97651]}},{"type":"Feature","properties":{"id":"goa-kreo-110348-7037","name":"Goa Kreo","group":"wisata","kind":"Wisata alam","stars":null,"price":"Gratis atau tiket kecil","hours":"07.00–17.00","facilities":["Area terbuka","Foto","Parkir"],"address":"","kelurahan":"Kandri","kecamatan":"Gunungpati","phone":"","web":"","description":"Goa Kreo di Kandri, Gunungpati, adalah gua dan waduk dengan cerita Sunan Kalijaga. Monyet di sekitar lokasi sudah biasa melihat pengunjung, jadi simpan makanan.","source":"OpenStreetMap / pencarian nama"},"geometry":{"type":"Point","coordinates":[110.34751,-7.03721]}},{"type":"Feature","properties":{"id":"golden-city-convention-center-110430-6968","name":"Golden City Hotel And Convention Center Semarang","group":"hotel","kind":"Hotel bintang 4","stars":4,"price":"Rp 450 rb – Rp 1,1 jt / malam","hours":"Resepsionis 24 jam","facilities":["Sarapan","Wi-Fi","Parkir","Restoran","Ruang pertemuan"],"address":"Jl. MT. Haryono No. 1, Kel. Purwodinatan, Kec. Semarang Tengah","kelurahan":"Purwodinatan","kecamatan":"Semarang Tengah","phone":"","web":"www.ghsemarang.com","description":"Hotel bintang 4 di Purwodinatan, Semarang Tengah. Fasilitas relatif lengkap untuk tamu yang menginap lebih dari satu malam atau membawa keluarga.","source":"Direktori hotel berbintang Kota Semarang + OpenStreetMap"},"geometry":{"type":"Point","coordinates":[110.43048,-6.9679]}},{"type":"Feature","properties":{"id":"grand-arkenso-park-view-110425-6990","name":"Grand Arkenso Park View Hotel","group":"hotel","kind":"Hotel bintang 4","stars":4,"price":"Rp 450 rb – Rp 1,1 jt / malam","hours":"Resepsionis 24 jam","facilities":["Sarapan","Wi-Fi","Parkir","Restoran","Ruang pertemuan"],"address":"Jl. Ahmad Dahlan No. 2, Kel. Karang Kidul, Kec. Semarang Tengah, Kode Pos 50136","kelurahan":"Karangkidul","kecamatan":"Semarang Tengah","phone":"","web":"www.grandarkenso.com","description":"Hotel di Jalan KH. Ahmad Dahlan ini melayani tamu pusat kota, dekat kawasan Karangkidul dan Peterongan. Cocok untuk menginap singkat yang tetap ingin dekat layanan kota.","source":"Direktori hotel berbintang Kota Semarang + OpenStreetMap"},"geometry":{"type":"Point","coordinates":[110.42483,-6.98972]}},{"type":"Feature","properties":{"id":"grand-aularis-110396-6981","name":"Grand Aularis Hotel","group":"hotel","kind":"Hotel","stars":null,"price":"Rp 150 rb – Rp 450 rb / malam","hours":"Resepsionis 24 jam","facilities":["Wi-Fi","AC","Kamar mandi dalam"],"address":"","kelurahan":"Krobokan","kecamatan":"Semarang Barat","phone":"","web":"","description":"Penginapan di Krobokan, Semarang Barat. Cocok untuk menginap praktis. Bandingkan foto kamar terbaru di Google Maps sebelum memesan karena mutu antarproperti beda.","source":"OpenStreetMap"},"geometry":{"type":"Point","coordinates":[110.39558,-6.98112]}},{"type":"Feature","properties":{"id":"grand-candi-110423-7016","name":"Grand Candi","group":"hotel","kind":"Hotel bintang 5","stars":5,"price":"Rp 900 rb – Rp 2,5 jt / malam","hours":"Resepsionis 24 jam","facilities":["Kolam renang","Sarapan","Wi-Fi","Parkir","Gym","Ruang pertemuan"],"address":"Jl. Sisingamangaraja No.16 Kode Pos 50232 Kel. Kaliwiru Kec. Candisari","kelurahan":"Kaliwiru","kecamatan":"Candisari","phone":"024 8416222","web":"www.Grandcandihotel.com","description":"Grand Candi Hotel di Jalan Sisingamangaraja, Candisari, duduk di bukit dengan aula pertemuan. Banyak dipakai untuk acara dan tamu yang ingin menginap di selatan pusat kota.","source":"Direktori hotel berbintang Kota Semarang + OpenStreetMap"},"geometry":{"type":"Point","coordinates":[110.42276,-7.01623]}},{"type":"Feature","properties":{"id":"grand-edge-110416-7011","name":"Grand Edge Hotel","group":"hotel","kind":"Hotel bintang 3","stars":3,"price":"Rp 280 rb – Rp 650 rb / malam","hours":"Resepsionis 24 jam","facilities":["Wi-Fi","Parkir","AC","Sarapan"],"address":"Jl. Sultan Agung No. 96, Kel. Wonotingal, Kec. Candisari","kelurahan":"Wonotingal","kecamatan":"Candisari","phone":"","web":"https://www.grandedge-smg.com/","description":"Hotel bintang 3 di Wonotingal, Candisari. Cocok untuk menginap praktis. Bandingkan foto kamar terbaru di Google Maps sebelum memesan karena mutu antarproperti beda.","source":"Direktori hotel berbintang Kota Semarang + OpenStreetMap"},"geometry":{"type":"Point","coordinates":[110.41617,-7.01125]}},{"type":"Feature","properties":{"id":"grand-saraswati-110425-7001","name":"Grand Saraswati Hotel","group":"hotel","kind":"Hotel","stars":null,"price":"Rp 150 rb – Rp 450 rb / malam","hours":"Resepsionis 24 jam","facilities":["Wi-Fi","AC","Kamar mandi dalam"],"address":"","kelurahan":"Pleburan","kecamatan":"Semarang Selatan","phone":"","web":"","description":"Penginapan di Pleburan, Semarang Selatan. Cocok untuk menginap praktis. Bandingkan foto kamar terbaru di Google Maps sebelum memesan karena mutu antarproperti beda.","source":"OpenStreetMap"},"geometry":{"type":"Point","coordinates":[110.4246,-7.00091]}},{"type":"Feature","properties":{"id":"grand-valora-guest-house-110424-6986","name":"Grand Valora Guest House","group":"hotel","kind":"Guest house","stars":null,"price":"Rp 150 rb – Rp 450 rb / malam","hours":"Resepsionis 24 jam","facilities":["Wi-Fi","AC","Kamar mandi dalam"],"address":"","kelurahan":"Pekunden","kecamatan":"Semarang Tengah","phone":"","web":"","description":"Penginapan di Pekunden, Semarang Tengah. Cocok untuk menginap praktis. Bandingkan foto kamar terbaru di Google Maps sebelum memesan karena mutu antarproperti beda.","source":"OpenStreetMap"},"geometry":{"type":"Point","coordinates":[110.42361,-6.98645]}},{"type":"Feature","properties":{"id":"green-valley-110410-6982","name":"Green Valley","group":"hotel","kind":"Hotel","stars":null,"price":"Rp 150 rb – Rp 450 rb / malam","hours":"Resepsionis 24 jam","facilities":["Wi-Fi","AC","Kamar mandi dalam"],"address":"","kelurahan":"Pendrikan Kidul","kecamatan":"Semarang Tengah","phone":"","web":"","description":"Penginapan di Pendrikan Kidul, Semarang Tengah. Cocok untuk menginap praktis. Bandingkan foto kamar terbaru di Google Maps sebelum memesan karena mutu antarproperti beda.","source":"OpenStreetMap"},"geometry":{"type":"Point","coordinates":[110.40961,-6.98226]}},{"type":"Feature","properties":{"id":"griya-aleena-sekaran-110396-7044","name":"Griya Aleena Sekaran","group":"hotel","kind":"Guest house","stars":null,"price":"Rp 150 rb – Rp 450 rb / malam","hours":"Resepsionis 24 jam","facilities":["Wi-Fi","AC","Kamar mandi dalam"],"address":"Gang Sadewa 14","kelurahan":"Sekaran","kecamatan":"Gunungpati","phone":"","web":"","description":"Penginapan di Sekaran, Gunungpati. Cocok untuk menginap praktis. Bandingkan foto kamar terbaru di Google Maps sebelum memesan karena mutu antarproperti beda.","source":"OpenStreetMap"},"geometry":{"type":"Point","coordinates":[110.39575,-7.04395]}},{"type":"Feature","properties":{"id":"griya-kencana-guest-house-110420-6986","name":"Griya Kencana Guest House","group":"hotel","kind":"Hotel","stars":null,"price":"Rp 150 rb – Rp 450 rb / malam","hours":"Resepsionis 24 jam","facilities":["Wi-Fi","AC","Kamar mandi dalam"],"address":"","kelurahan":"Pekunden","kecamatan":"Semarang Tengah","phone":"","web":"","description":"Penginapan di Pekunden, Semarang Tengah. Cocok untuk menginap praktis. Bandingkan foto kamar terbaru di Google Maps sebelum memesan karena mutu antarproperti beda.","source":"OpenStreetMap"},"geometry":{"type":"Point","coordinates":[110.41963,-6.98632]}},{"type":"Feature","properties":{"id":"griya-loka-guest-house-110392-7009","name":"Griya Loka Guest House","group":"hotel","kind":"Guest house","stars":null,"price":"Rp 150 rb – Rp 450 rb / malam","hours":"Resepsionis 24 jam","facilities":["Wi-Fi","AC","Kamar mandi dalam"],"address":"","kelurahan":"Sampangan","kecamatan":"Gajahmungkur","phone":"","web":"","description":"Penginapan di Sampangan, Gajahmungkur. Cocok untuk menginap praktis. Bandingkan foto kamar terbaru di Google Maps sebelum memesan karena mutu antarproperti beda.","source":"OpenStreetMap"},"geometry":{"type":"Point","coordinates":[110.39188,-7.00935]}},{"type":"Feature","properties":{"id":"griya-orrangers-110444-7063","name":"Griya Orrangers","group":"hotel","kind":"Hotel","stars":null,"price":"Rp 150 rb – Rp 450 rb / malam","hours":"Resepsionis 24 jam","facilities":["Wi-Fi","AC","Kamar mandi dalam"],"address":"","kelurahan":"Bulusan","kecamatan":"Tembalang","phone":"","web":"","description":"Penginapan di Bulusan, Tembalang. Cocok untuk menginap praktis. Bandingkan foto kamar terbaru di Google Maps sebelum memesan karena mutu antarproperti beda.","source":"OpenStreetMap"},"geometry":{"type":"Point","coordinates":[110.44405,-7.06305]}},{"type":"Feature","properties":{"id":"griya-pangestu-guest-house-110385-6985","name":"Griya Pangestu Guest House","group":"hotel","kind":"Guest house","stars":null,"price":"Rp 150 rb – Rp 450 rb / malam","hours":"Resepsionis 24 jam","facilities":["Wi-Fi","AC","Kamar mandi dalam"],"address":"","kelurahan":"Gisikdrono","kecamatan":"Semarang Barat","phone":"","web":"","description":"Penginapan di Gisikdrono, Semarang Barat. Cocok untuk menginap praktis. Bandingkan foto kamar terbaru di Google Maps sebelum memesan karena mutu antarproperti beda.","source":"OpenStreetMap"},"geometry":{"type":"Point","coordinates":[110.38461,-6.98536]}},{"type":"Feature","properties":{"id":"griya-stadion-110430-6988","name":"Griya Stadion","group":"hotel","kind":"Hotel","stars":null,"price":"Rp 150 rb – Rp 450 rb / malam","hours":"Resepsionis 24 jam","facilities":["Wi-Fi","AC","Kamar mandi dalam"],"address":"","kelurahan":"Karangkidul","kecamatan":"Semarang Tengah","phone":"","web":"","description":"Penginapan di Karangkidul, Semarang Tengah. Cocok untuk menginap praktis. Bandingkan foto kamar terbaru di Google Maps sebelum memesan karena mutu antarproperti beda.","source":"OpenStreetMap"},"geometry":{"type":"Point","coordinates":[110.43019,-6.98836]}},{"type":"Feature","properties":{"id":"griya-tentrem-asri-110421-7047","name":"Griya Tentrem Asri","group":"hotel","kind":"Hotel","stars":null,"price":"Rp 150 rb – Rp 450 rb / malam","hours":"Resepsionis 24 jam","facilities":["Kolam renang","Sarapan","Wi-Fi","Parkir","Gym","Ruang pertemuan"],"address":"","kelurahan":"Sumurboto","kecamatan":"Banyumanik","phone":"","web":"","description":"Penginapan di Sumurboto, Banyumanik. Cocok untuk menginap praktis. Cek kondisi kamar terbaru sebelum memesan.","source":"OpenStreetMap"},"geometry":{"type":"Point","coordinates":[110.42104,-7.04742]}},{"type":"Feature","properties":{"id":"guest-house-tiga-110421-7049","name":"Guest House Bintang Tiga","group":"hotel","kind":"Guest house","stars":null,"price":"Rp 150 rb – Rp 450 rb / malam","hours":"Resepsionis 24 jam","facilities":["Wi-Fi","AC","Kamar mandi dalam"],"address":"","kelurahan":"Sumurboto","kecamatan":"Banyumanik","phone":"","web":"","description":"Penginapan di Sumurboto, Banyumanik. Cocok untuk menginap praktis. Bandingkan foto kamar terbaru di Google Maps sebelum memesan karena mutu antarproperti beda.","source":"OpenStreetMap"},"geometry":{"type":"Point","coordinates":[110.42077,-7.0488]}},{"type":"Feature","properties":{"id":"gumaya-110420-6978","name":"Gumaya Tower Hotel","group":"hotel","kind":"Hotel bintang 5","stars":5,"price":"Rp 900 rb – Rp 2,5 jt / malam","hours":"Resepsionis 24 jam","facilities":["Kolam renang","Sarapan","Wi-Fi","Parkir","Gym","Ruang pertemuan"],"address":"Jl. Gajah Mada No.59-61 Kode Pos 50134 Kel. Kembangsari Kec. Semarang Tengah","kelurahan":"Kembangsari","kecamatan":"Semarang Tengah","phone":"024 3551999","web":"www.gumayatowerhotel.com","description":"Gumaya Tower Hotel berdiri di Jalan Gajah Mada, Kembangsari. Hotel bintang 5 ini dekat Simpang Lima, dengan pemandangan kota dan fasilitas menginap yang lengkap untuk bisnis maupun liburan.","source":"Direktori hotel berbintang Kota Semarang + OpenStreetMap"},"geometry":{"type":"Point","coordinates":[110.42005,-6.97762]}},{"type":"Feature","properties":{"id":"haka-hotels-110429-6993","name":"Haka Hotels","group":"hotel","kind":"Hotel","stars":null,"price":"Rp 150 rb – Rp 450 rb / malam","hours":"Resepsionis 24 jam","facilities":["Wi-Fi","AC","Kamar mandi dalam"],"address":"","kelurahan":"Wonodri","kecamatan":"Semarang Selatan","phone":"","web":"","description":"Penginapan di Wonodri, Semarang Selatan. Cocok untuk menginap praktis. Bandingkan foto kamar terbaru di Google Maps sebelum memesan karena mutu antarproperti beda.","source":"OpenStreetMap"},"geometry":{"type":"Point","coordinates":[110.42889,-6.99341]}},{"type":"Feature","properties":{"id":"halein-s-guest-house-110392-6975","name":"Halein's Guest House","group":"hotel","kind":"Hotel","stars":null,"price":"Rp 150 rb – Rp 450 rb / malam","hours":"Resepsionis 24 jam","facilities":["Wi-Fi","AC","Kamar mandi dalam"],"address":"","kelurahan":"Tawang Mas","kecamatan":"Semarang Barat","phone":"","web":"","description":"Penginapan di Tawang Mas, Semarang Barat. Cocok untuk menginap praktis. Bandingkan foto kamar terbaru di Google Maps sebelum memesan karena mutu antarproperti beda.","source":"OpenStreetMap"},"geometry":{"type":"Point","coordinates":[110.39213,-6.9748]}},{"type":"Feature","properties":{"id":"harris-sentraland-110430-6992","name":"Harris Hotel Sentraland Semarang","group":"hotel","kind":"Hotel bintang 4","stars":4,"price":"Rp 450 rb – Rp 1,1 jt / malam","hours":"Resepsionis 24 jam","facilities":["Sarapan","Wi-Fi","Parkir","Restoran","Ruang pertemuan"],"address":"Jalan Ki Mangunsarkoro 36, Semarang Tengah, Semarang, Jawa Tengah, Indonesia, 50136","kelurahan":"Karangkidul","kecamatan":"Semarang Tengah","phone":"","web":"","description":"Hotel bintang 4 di Karangkidul, Semarang Tengah. Fasilitas relatif lengkap untuk tamu yang menginap lebih dari satu malam atau membawa keluarga.","source":"Direktori hotel berbintang Kota Semarang"},"geometry":{"type":"Point","coordinates":[110.42966,-6.99216]}},{"type":"Feature","properties":{"id":"hazotel-110417-7062","name":"Hazotel Semarang","group":"hotel","kind":"Hotel","stars":null,"price":"Rp 150 rb – Rp 450 rb / malam","hours":"Resepsionis 24 jam","facilities":["Wi-Fi","AC","Kamar mandi dalam"],"address":"","kelurahan":"Srondol Wetan","kecamatan":"Banyumanik","phone":"","web":"","description":"Penginapan di Srondol Wetan, Banyumanik. Cocok untuk menginap praktis. Bandingkan foto kamar terbaru di Google Maps sebelum memesan karena mutu antarproperti beda.","source":"OpenStreetMap"},"geometry":{"type":"Point","coordinates":[110.41721,-7.06179]}},{"type":"Feature","properties":{"id":"holiday-express-simpang-lima-110425-6992","name":"Holiday inn express Semarang Simpang Lima","group":"hotel","kind":"Hotel bintang 3","stars":3,"price":"Rp 280 rb – Rp 650 rb / malam","hours":"Resepsionis 24 jam","facilities":["Wi-Fi","Parkir","AC","Sarapan"],"address":"Jl. Ahmad Yani No. 145 Kel. Pleburan Kec. Semarang Selatan","kelurahan":"Pleburan","kecamatan":"Semarang Selatan","phone":"024 86449222","web":"https://www.ihg.com/holidayinnexpress/hotels/us/en/central-java/srgsl/hoteldetail","description":"Hotel bintang 3 di Pleburan, Semarang Selatan. Alamatnya Jl. Ahmad Yani No. 145 Kel. Pleburan Kec. Semarang Selatan. Cocok untuk menginap praktis. Cek kondisi kamar terbaru sebelum memesan.","source":"Direktori hotel berbintang Kota Semarang + OpenStreetMap"},"geometry":{"type":"Point","coordinates":[110.42524,-6.99165]}},{"type":"Feature","properties":{"id":"dan-restoran-alam-indah-ngesrep-110422-7040","name":"Hotel & Restoran Alam Indah Ngesrep","group":"hotel","kind":"Hotel bintang 1","stars":1,"price":"Rp 120 rb – Rp 280 rb / malam","hours":"Resepsionis 24 jam","facilities":["Wi-Fi","AC","Kamar mandi dalam"],"address":"Jl. Setyabudi No. 12-14","kelurahan":"Ngesrep","kecamatan":"Banyumanik","phone":"024 7471911","web":"","description":"Hotel bintang 1 di Ngesrep, Banyumanik. Cocok untuk menginap praktis. Bandingkan foto kamar terbaru di Google Maps sebelum memesan karena mutu antarproperti beda.","source":"Direktori hotel berbintang Kota Semarang + OpenStreetMap"},"geometry":{"type":"Point","coordinates":[110.42181,-7.04026]}},{"type":"Feature","properties":{"id":"amaris-110414-6981","name":"Hotel Amaris","group":"hotel","kind":"Hotel bintang 2","stars":2,"price":"Rp 180 rb – Rp 420 rb / malam","hours":"Resepsionis 24 jam","facilities":["Wi-Fi","AC","Kamar mandi dalam"],"address":"Jl. Pemuda No. 138 Kel. Sekayu Kec. Semarang Tengah","kelurahan":"Sekayu","kecamatan":"Semarang Tengah","phone":"024 3588558","web":"","description":"Hotel jaringan ini menekankan kamar bersih, Wi-Fi, dan lokasi kota dengan tarif lebih rapat daripada bintang 5. Cocok untuk satu atau dua malam.","source":"Direktori hotel berbintang Kota Semarang + OpenStreetMap"},"geometry":{"type":"Point","coordinates":[110.4137,-6.98088]}},{"type":"Feature","properties":{"id":"amaris-simpang-lima-tengah-110427-6988","name":"Hotel Amaris Simpang Lima Semarang Tengah","group":"hotel","kind":"Hotel","stars":null,"price":"Rp 150 rb – Rp 450 rb / malam","hours":"Resepsionis 24 jam","facilities":["Wi-Fi","AC","Kamar mandi dalam"],"address":"","kelurahan":"Karangkidul","kecamatan":"Semarang Tengah","phone":"","web":"","description":"Hotel jaringan ini menekankan kamar bersih, Wi-Fi, dan lokasi kota dengan tarif lebih rapat daripada bintang 5. Cocok untuk satu atau dua malam.","source":"OpenStreetMap"},"geometry":{"type":"Point","coordinates":[110.42696,-6.98837]}},{"type":"Feature","properties":{"id":"andelir-110430-6995","name":"Hotel Andelir","group":"hotel","kind":"Hotel","stars":null,"price":"Rp 150 rb – Rp 450 rb / malam","hours":"Resepsionis 24 jam","facilities":["Wi-Fi","AC","Kamar mandi dalam"],"address":"","kelurahan":"Wonodri","kecamatan":"Semarang Selatan","phone":"","web":"","description":"Penginapan di Wonodri, Semarang Selatan. Cocok untuk menginap praktis. Bandingkan foto kamar terbaru di Google Maps sebelum memesan karena mutu antarproperti beda.","source":"OpenStreetMap"},"geometry":{"type":"Point","coordinates":[110.42963,-6.99456]}},{"type":"Feature","properties":{"id":"arjuna-imam-bonjol-110419-6971","name":"Hotel Arjuna Imam Bonjol Semarang","group":"hotel","kind":"Hotel","stars":null,"price":"Rp 150 rb – Rp 450 rb / malam","hours":"Resepsionis 24 jam","facilities":["Wi-Fi","AC","Kamar mandi dalam"],"address":"","kelurahan":"Purwosari","kecamatan":"Semarang Utara","phone":"","web":"","description":"Penginapan di Purwosari, Semarang Utara. Cocok untuk menginap praktis. Bandingkan foto kamar terbaru di Google Maps sebelum memesan karena mutu antarproperti beda.","source":"OpenStreetMap"},"geometry":{"type":"Point","coordinates":[110.41905,-6.97123]}},{"type":"Feature","properties":{"id":"aruss-110422-7023","name":"Hotel Aruss Semarang","group":"hotel","kind":"Hotel bintang 5","stars":5,"price":"Rp 900 rb – Rp 2,5 jt / malam","hours":"Resepsionis 24 jam","facilities":["Kolam renang","Sarapan","Wi-Fi","Parkir","Gym","Ruang pertemuan"],"address":"Jl. Dr. Wahidin No.116, Jatingaleh, Kec. Candisari, Kota Semarang","kelurahan":"Jatingaleh","kecamatan":"Candisari","phone":"","web":"www.hotelaruss.com","description":"Aruss Hotel di Jalan Dr. Wahidin, Jatingaleh, adalah bintang 5 yang lebih baru di kawasan bukit Candisari. Aksesnya lewat selatan kota, dengan suasana lebih lengang.","source":"Direktori hotel berbintang Kota Semarang + OpenStreetMap"},"geometry":{"type":"Point","coordinates":[110.42224,-7.02283]}},{"type":"Feature","properties":{"id":"bajirut-110428-7056","name":"Hotel Bajirut","group":"hotel","kind":"Hotel","stars":null,"price":"Rp 150 rb – Rp 450 rb / malam","hours":"Resepsionis 24 jam","facilities":["Wi-Fi","AC","Kamar mandi dalam"],"address":"","kelurahan":"Pedalangan","kecamatan":"Banyumanik","phone":"","web":"","description":"Penginapan di Pedalangan, Banyumanik. Cocok untuk menginap praktis. Bandingkan foto kamar terbaru di Google Maps sebelum memesan karena mutu antarproperti beda.","source":"OpenStreetMap"},"geometry":{"type":"Point","coordinates":[110.42782,-7.05647]}},{"type":"Feature","properties":{"id":"blambangan-110421-6972","name":"Hotel Blambangan","group":"hotel","kind":"Hotel","stars":null,"price":"Rp 150 rb – Rp 450 rb / malam","hours":"Resepsionis 24 jam","facilities":["Wi-Fi","AC","Kamar mandi dalam"],"address":"","kelurahan":"Pandansari","kecamatan":"Semarang Tengah","phone":"","web":"","description":"Penginapan di Pandansari, Semarang Tengah. Cocok untuk menginap praktis. Bandingkan foto kamar terbaru di Google Maps sebelum memesan karena mutu antarproperti beda.","source":"OpenStreetMap"},"geometry":{"type":"Point","coordinates":[110.42119,-6.97239]}},{"type":"Feature","properties":{"id":"bliss-soetta-palebon-110471-7007","name":"Hotel Bliss Soetta Palebon","group":"hotel","kind":"Hotel","stars":null,"price":"Rp 150 rb – Rp 450 rb / malam","hours":"Resepsionis 24 jam","facilities":["Wi-Fi","AC","Kamar mandi dalam"],"address":"","kelurahan":"Palebon","kecamatan":"Pedurungan","phone":"","web":"","description":"Penginapan di Palebon, Pedurungan. Cocok untuk menginap praktis. Bandingkan foto kamar terbaru di Google Maps sebelum memesan karena mutu antarproperti beda.","source":"OpenStreetMap"},"geometry":{"type":"Point","coordinates":[110.47139,-7.00702]}},{"type":"Feature","properties":{"id":"bukit-indah-110439-7071","name":"Hotel Bukit Indah","group":"hotel","kind":"Hotel","stars":null,"price":"Rp 150 rb – Rp 450 rb / malam","hours":"Resepsionis 24 jam","facilities":["Wi-Fi","AC","Kamar mandi dalam"],"address":"","kelurahan":"Jabungan","kecamatan":"Banyumanik","phone":"","web":"","description":"Penginapan di Jabungan, Banyumanik. Cocok untuk menginap praktis. Bandingkan foto kamar terbaru di Google Maps sebelum memesan karena mutu antarproperti beda.","source":"OpenStreetMap"},"geometry":{"type":"Point","coordinates":[110.43865,-7.07132]}},{"type":"Feature","properties":{"id":"bukit-permai-gombel-110422-7037","name":"Hotel Bukit Permai Gombel","group":"hotel","kind":"Hotel bintang 1","stars":1,"price":"Rp 120 rb – Rp 280 rb / malam","hours":"Resepsionis 24 jam","facilities":["Wi-Fi","AC","Kamar mandi dalam"],"address":"Jl. Setyabudi No. 34 Kel. Ngesrep Kec. Banyumanik","kelurahan":"Ngesrep","kecamatan":"Banyumanik","phone":"024 7472704","web":"","description":"Hotel bintang 1 di Ngesrep, Banyumanik. Cocok untuk menginap praktis. Bandingkan foto kamar terbaru di Google Maps sebelum memesan karena mutu antarproperti beda.","source":"Direktori hotel berbintang Kota Semarang + OpenStreetMap"},"geometry":{"type":"Point","coordinates":[110.42184,-7.03697]}},{"type":"Feature","properties":{"id":"candi-indah-110423-7022","name":"Hotel Candi Indah","group":"hotel","kind":"Hotel bintang 1","stars":1,"price":"Rp 120 rb – Rp 280 rb / malam","hours":"Resepsionis 24 jam","facilities":["Wi-Fi","AC","Kamar mandi dalam"],"address":"Jl. Dr.Wahidin No. 122 Kel. Jatingaleh Kec. Candisari","kelurahan":"Jatingaleh","kecamatan":"Candisari","phone":"024 8312912","web":"","description":"Hotel bintang 1 di Jatingaleh, Candisari. Cocok untuk menginap praktis. Bandingkan foto kamar terbaru di Google Maps sebelum memesan karena mutu antarproperti beda.","source":"Direktori hotel berbintang Kota Semarang + OpenStreetMap"},"geometry":{"type":"Point","coordinates":[110.42253,-7.02244]}},{"type":"Feature","properties":{"id":"chanti-110421-6975","name":"Hotel Chanti","group":"hotel","kind":"Hotel bintang 4","stars":4,"price":"Rp 450 rb – Rp 1,1 jt / malam","hours":"Resepsionis 24 jam","facilities":["Sarapan","Wi-Fi","Parkir","Restoran","Ruang pertemuan"],"address":"Jl. Gajahmada No. 40, Kel. Kembangsari, Kec. Semarang Tengah, Kode Pos 50133","kelurahan":"Bangunharjo","kecamatan":"Semarang Tengah","phone":"","web":"www.hotelchanti.com","description":"Hotel bintang 4 di Bangunharjo, Semarang Tengah. Fasilitas relatif lengkap untuk tamu yang menginap lebih dari satu malam atau membawa keluarga.","source":"Direktori hotel berbintang Kota Semarang + OpenStreetMap"},"geometry":{"type":"Point","coordinates":[110.42061,-6.97513]}},{"type":"Feature","properties":{"id":"ciputra-110424-6989","name":"Hotel Ciputra","group":"hotel","kind":"Hotel bintang 5","stars":5,"price":"Rp 900 rb – Rp 2,5 jt / malam","hours":"Resepsionis 24 jam","facilities":["Kolam renang","Sarapan","Wi-Fi","Parkir","Gym","Ruang pertemuan"],"address":"Simpang Lima Kel. Pekunden Kec. Semarang Tengah","kelurahan":"Pekunden","kecamatan":"Semarang Tengah","phone":"024 8449888","web":"www.swiss-belhotel.com","description":"Hotel Ciputra di Simpang Lima menempel pusat perbelanjaan Ciputra Mall. Dari sini lapangan Simpang Lima, kuliner malam, dan kantor pusat kota bisa dijangkau jalan kaki.","source":"Direktori hotel berbintang Kota Semarang + OpenStreetMap"},"geometry":{"type":"Point","coordinates":[110.42368,-6.989]}},{"type":"Feature","properties":{"id":"citradream-110410-6981","name":"Hotel Citradream Semarang","group":"hotel","kind":"Hotel bintang 2","stars":2,"price":"Rp 180 rb – Rp 420 rb / malam","hours":"Resepsionis 24 jam","facilities":["Wi-Fi","AC","Kamar mandi dalam"],"address":"Imam Bonjol 187","kelurahan":"Pendrikan Kidul","kecamatan":"Semarang Tengah","phone":"+62 24 358 0999","web":"","description":"Hotel bintang 2 di Pendrikan Kidul, Semarang Tengah. Cocok untuk menginap praktis. Bandingkan foto kamar terbaru di Google Maps sebelum memesan karena mutu antarproperti beda.","source":"OpenStreetMap"},"geometry":{"type":"Point","coordinates":[110.41017,-6.98074]}},{"type":"Feature","properties":{"id":"dafam-110412-6980","name":"Hotel Dafam Semarang","group":"hotel","kind":"Hotel","stars":null,"price":"Rp 150 rb – Rp 450 rb / malam","hours":"Resepsionis 24 jam","facilities":["Wi-Fi","AC","Kamar mandi dalam"],"address":"","kelurahan":"Sekayu","kecamatan":"Semarang Tengah","phone":"","web":"https://dafamsemarang.com/hotel-directory/hotel-dafam-semarang","description":"Hotel Dafam di koridor Imam Bonjol melayani tamu menengah di barat pusat kota. Restoran dan ruang pertemuan tersedia untuk perjalanan dinas singkat.","source":"OpenStreetMap"},"geometry":{"type":"Point","coordinates":[110.41196,-6.9797]}},{"type":"Feature","properties":{"id":"dalu-majapahit-110458-7006","name":"Hotel Dalu Majapahit","group":"hotel","kind":"Hotel","stars":null,"price":"Rp 150 rb – Rp 450 rb / malam","hours":"Resepsionis 24 jam","facilities":["Wi-Fi","AC","Kamar mandi dalam"],"address":"","kelurahan":"Kalicari","kecamatan":"Pedurungan","phone":"","web":"","description":"Penginapan di Kalicari, Pedurungan. Cocok untuk menginap praktis. Bandingkan foto kamar terbaru di Google Maps sebelum memesan karena mutu antarproperti beda.","source":"OpenStreetMap"},"geometry":{"type":"Point","coordinates":[110.45768,-7.00614]}},{"type":"Feature","properties":{"id":"damai-residence-110432-6994","name":"Hotel Damai Residence","group":"hotel","kind":"Hotel","stars":null,"price":"Rp 150 rb – Rp 450 rb / malam","hours":"Resepsionis 24 jam","facilities":["Wi-Fi","AC","Kamar mandi dalam"],"address":"","kelurahan":"Karangturi","kecamatan":"Semarang Timur","phone":"","web":"","description":"Penginapan di Karangturi, Semarang Timur. Cocok untuk menginap praktis. Bandingkan foto kamar terbaru di Google Maps sebelum memesan karena mutu antarproperti beda.","source":"OpenStreetMap"},"geometry":{"type":"Point","coordinates":[110.4325,-6.99399]}},{"type":"Feature","properties":{"id":"gracia-110410-7005","name":"Hotel Gracia","group":"hotel","kind":"Hotel","stars":null,"price":"Rp 150 rb – Rp 450 rb / malam","hours":"Resepsionis 24 jam","facilities":["Wi-Fi","AC","Kamar mandi dalam"],"address":"","kelurahan":"Gajahmungkur","kecamatan":"Gajahmungkur","phone":"","web":"","description":"Penginapan di Gajahmungkur, Gajahmungkur. Cocok untuk menginap praktis. Bandingkan foto kamar terbaru di Google Maps sebelum memesan karena mutu antarproperti beda.","source":"OpenStreetMap"},"geometry":{"type":"Point","coordinates":[110.40975,-7.00502]}},{"type":"Feature","properties":{"id":"grandhika-110419-6976","name":"Hotel GranDhika","group":"hotel","kind":"Hotel bintang 4","stars":4,"price":"Rp 450 rb – Rp 1,1 jt / malam","hours":"Resepsionis 24 jam","facilities":["Sarapan","Wi-Fi","Parkir","Restoran","Ruang pertemuan"],"address":"Jl. Pemuda No. 80-82, Kel. Pandansari, Kec. Semarang Tengah, Kode Pos 50139","kelurahan":"Kembangsari","kecamatan":"Semarang Tengah","phone":"","web":"","description":"Hotel bintang 4 di Kembangsari, Semarang Tengah. Fasilitas relatif lengkap untuk tamu yang menginap lebih dari satu malam atau membawa keluarga.","source":"Direktori hotel berbintang Kota Semarang + OpenStreetMap"},"geometry":{"type":"Point","coordinates":[110.41891,-6.97575]}},{"type":"Feature","properties":{"id":"hanoman-indah-110372-6984","name":"Hotel Hanoman Indah","group":"hotel","kind":"Hotel","stars":null,"price":"Rp 150 rb – Rp 450 rb / malam","hours":"Resepsionis 24 jam","facilities":["Wi-Fi","AC","Kamar mandi dalam"],"address":"","kelurahan":"Krapyak","kecamatan":"Semarang Barat","phone":"","web":"","description":"Penginapan di Krapyak, Semarang Barat. Cocok untuk menginap praktis. Bandingkan foto kamar terbaru di Google Maps sebelum memesan karena mutu antarproperti beda.","source":"OpenStreetMap"},"geometry":{"type":"Point","coordinates":[110.37193,-6.98426]}},{"type":"Feature","properties":{"id":"horison-110425-6990","name":"Hotel Horison","group":"hotel","kind":"Hotel bintang 4","stars":4,"price":"Rp 450 rb – Rp 1,1 jt / malam","hours":"Resepsionis 24 jam","facilities":["Sarapan","Wi-Fi","Parkir","Restoran","Ruang pertemuan"],"address":"Jl. KH. Ahmad Dahlan No. 2 Kode Pos 50136 Kel. Karang Kidul Kec. Semarang Tengah","kelurahan":"Karangkidul","kecamatan":"Semarang Tengah","phone":"024 8450045","web":"www.horisonsemarang.com","description":"Hotel di Jalan KH. Ahmad Dahlan ini melayani tamu pusat kota, dekat kawasan Karangkidul dan Peterongan. Cocok untuk menginap singkat yang tetap ingin dekat layanan kota.","source":"Direktori hotel berbintang Kota Semarang + OpenStreetMap"},"geometry":{"type":"Point","coordinates":[110.42468,-6.98998]}},{"type":"Feature","properties":{"id":"horison-nindya-pedurungan-lor-110478-7013","name":"Hotel Horison Nindya Pedurungan Lor","group":"hotel","kind":"Hotel bintang 3","stars":3,"price":"Rp 280 rb – Rp 650 rb / malam","hours":"Resepsionis 24 jam","facilities":["Wi-Fi","Parkir","AC","Sarapan"],"address":"Jalan Brigjen Sudiarto, Pedurungan, Semarang, Indonesia, 50192","kelurahan":"Pedurungan Lor","kecamatan":"Pedurungan","phone":"","web":"www.myhorison.com/hotelprofile/view?hotel=horison-nindya-semarang","description":"Hotel di Jalan KH. Ahmad Dahlan ini melayani tamu pusat kota, dekat kawasan Karangkidul dan Peterongan. Cocok untuk menginap singkat yang tetap ingin dekat layanan kota.","source":"Direktori hotel berbintang Kota Semarang + OpenStreetMap"},"geometry":{"type":"Point","coordinates":[110.47815,-7.01286]}},{"type":"Feature","properties":{"id":"horison-nj-110431-6969","name":"Hotel Horison Nj Semarang","group":"hotel","kind":"Hotel","stars":null,"price":"Rp 150 rb – Rp 450 rb / malam","hours":"Resepsionis 24 jam","facilities":["Wi-Fi","AC","Kamar mandi dalam"],"address":"","kelurahan":"Rejomulyo","kecamatan":"Semarang Timur","phone":"","web":"","description":"Hotel di Jalan KH. Ahmad Dahlan ini melayani tamu pusat kota, dekat kawasan Karangkidul dan Peterongan. Cocok untuk menginap singkat yang tetap ingin dekat layanan kota.","source":"OpenStreetMap"},"geometry":{"type":"Point","coordinates":[110.43126,-6.96889]}},{"type":"Feature","properties":{"id":"horison-ultima-110432-7005","name":"Hotel Horison Ultima Semarang","group":"hotel","kind":"Hotel bintang 4","stars":4,"price":"Rp 450 rb – Rp 1,1 jt / malam","hours":"Resepsionis 24 jam","facilities":["Sarapan","Wi-Fi","Parkir","Restoran","Ruang pertemuan"],"address":"Jl. MT. Haryono Blok A 2 No. 970 - 972, Kel. Lamper Kidul, Kec. Semarang Selatan","kelurahan":"Lamper Kidul","kecamatan":"Semarang Selatan","phone":"","web":"www.myhorison.com","description":"Hotel di Jalan KH. Ahmad Dahlan ini melayani tamu pusat kota, dekat kawasan Karangkidul dan Peterongan. Cocok untuk menginap singkat yang tetap ingin dekat layanan kota.","source":"Direktori hotel berbintang Kota Semarang + OpenStreetMap"},"geometry":{"type":"Point","coordinates":[110.43223,-7.00548]}},{"type":"Feature","properties":{"id":"horizon-110412-6984","name":"Hotel Horizon","group":"hotel","kind":"Hotel","stars":null,"price":"Rp 150 rb – Rp 450 rb / malam","hours":"Resepsionis 24 jam","facilities":["Wi-Fi","AC","Kamar mandi dalam"],"address":"","kelurahan":"Sekayu","kecamatan":"Semarang Tengah","phone":"","web":"","description":"Penginapan di Sekayu, Semarang Tengah. Cocok untuk menginap praktis. Bandingkan foto kamar terbaru di Google Maps sebelum memesan karena mutu antarproperti beda.","source":"OpenStreetMap"},"geometry":{"type":"Point","coordinates":[110.41197,-6.98422]}},{"type":"Feature","properties":{"id":"johar-110426-6971","name":"Hotel Johar","group":"hotel","kind":"Hotel","stars":null,"price":"Rp 150 rb – Rp 450 rb / malam","hours":"Resepsionis 24 jam","facilities":["Wi-Fi","AC","Kamar mandi dalam"],"address":"","kelurahan":"Purwodinatan","kecamatan":"Semarang Tengah","phone":"","web":"","description":"Penginapan di Purwodinatan, Semarang Tengah. Cocok untuk menginap praktis. Bandingkan foto kamar terbaru di Google Maps sebelum memesan karena mutu antarproperti beda.","source":"OpenStreetMap"},"geometry":{"type":"Point","coordinates":[110.42596,-6.97088]}},{"type":"Feature","properties":{"id":"karangayu-110396-6981","name":"Hotel Karangayu","group":"hotel","kind":"Hotel","stars":null,"price":"Rp 150 rb – Rp 450 rb / malam","hours":"Resepsionis 24 jam","facilities":["Wi-Fi","AC","Kamar mandi dalam"],"address":"","kelurahan":"Krobokan","kecamatan":"Semarang Barat","phone":"","web":"","description":"Penginapan di Krobokan, Semarang Barat. Cocok untuk menginap praktis. Bandingkan foto kamar terbaru di Google Maps sebelum memesan karena mutu antarproperti beda.","source":"OpenStreetMap"},"geometry":{"type":"Point","coordinates":[110.39558,-6.9813]}},{"type":"Feature","properties":{"id":"kesambi-hijau-110416-7000","name":"Hotel Kesambi Hijau Semarang","group":"hotel","kind":"Hotel bintang 3","stars":3,"price":"Rp 280 rb – Rp 650 rb / malam","hours":"Resepsionis 24 jam","facilities":["Wi-Fi","Parkir","AC","Sarapan"],"address":"Jl. Kesambi No. 7, Kel. Lempong sari, Kec. Gajah Mungkur, Kode Pos 50231","kelurahan":"Lempongsari","kecamatan":"Gajahmungkur","phone":"","web":"www.kesambihijauhotel.com","description":"Hotel bintang 3 di Lempongsari, Gajahmungkur. Cocok untuk menginap praktis. Bandingkan foto kamar terbaru di Google Maps sebelum memesan karena mutu antarproperti beda.","source":"Direktori hotel berbintang Kota Semarang + OpenStreetMap"},"geometry":{"type":"Point","coordinates":[110.41608,-6.9998]}},{"type":"Feature","properties":{"id":"louis-kienne-pandanaran-110412-6985","name":"Hotel Louis Kienne Pandanaran","group":"hotel","kind":"Hotel bintang 4","stars":4,"price":"Rp 450 rb – Rp 1,1 jt / malam","hours":"Resepsionis 24 jam","facilities":["Sarapan","Wi-Fi","Parkir","Restoran","Ruang pertemuan"],"address":"Jl. Ahmad Yani No. 137, Kel. Pleburan, Kec. Semarang Selatan","kelurahan":"Pekunden","kecamatan":"Semarang Tengah","phone":"","web":"","description":"Properti ini berada di sekitar pusat kota dan sering dipilih untuk menginap beberapa hari. Cek tipe kamar karena sebagian unit berupa apartemen berlayanan.","source":"Direktori hotel berbintang Kota Semarang + OpenStreetMap"},"geometry":{"type":"Point","coordinates":[110.41216,-6.98515]}},{"type":"Feature","properties":{"id":"louis-kienne-simpang-lima-110424-6991","name":"Hotel Louis Kienne Simpang Lima","group":"hotel","kind":"Hotel","stars":null,"price":"Rp 150 rb – Rp 450 rb / malam","hours":"Resepsionis 24 jam","facilities":["Wi-Fi","AC","Kamar mandi dalam"],"address":"Jalan Ahmad Yani","kelurahan":"Pleburan","kecamatan":"Semarang Selatan","phone":"","web":"","description":"Properti ini berada di sekitar pusat kota dan sering dipilih untuk menginap beberapa hari. Cek tipe kamar karena sebagian unit berupa apartemen berlayanan.","source":"OpenStreetMap"},"geometry":{"type":"Point","coordinates":[110.42441,-6.99142]}},{"type":"Feature","properties":{"id":"muria-110435-6978","name":"Hotel Muria","group":"hotel","kind":"Hotel bintang 2","stars":2,"price":"Rp 180 rb – Rp 420 rb / malam","hours":"Resepsionis 24 jam","facilities":["Wi-Fi","AC","Kamar mandi dalam"],"address":"Jl. Dr.Cipto No. 73 Kel. Sarirejo Kec. Semarang Tengah","kelurahan":"Sarirejo","kecamatan":"Semarang Timur","phone":"024 3513622","web":"www.hotelmuria.com","description":"Hotel bintang 2 di Sarirejo, Semarang Timur. Cocok untuk menginap praktis. Bandingkan foto kamar terbaru di Google Maps sebelum memesan karena mutu antarproperti beda.","source":"Direktori hotel berbintang Kota Semarang + OpenStreetMap"},"geometry":{"type":"Point","coordinates":[110.43476,-6.97807]}},{"type":"Feature","properties":{"id":"neo-candi-110413-7005","name":"Hotel NEO Candi Semarang","group":"hotel","kind":"Hotel bintang 2","stars":2,"price":"Rp 180 rb – Rp 420 rb / malam","hours":"Resepsionis 24 jam","facilities":["Wi-Fi","AC","Kamar mandi dalam"],"address":"Jl. S.Parman No. 56 Kel. Gajahmungkur Kec. Gajahmungkur","kelurahan":"Bendungan","kecamatan":"Gajahmungkur","phone":"024 8509900","web":"www.NeoHotels.com","description":"Hotel bintang 2 di Bendungan, Gajahmungkur. Cocok untuk menginap praktis. Bandingkan foto kamar terbaru di Google Maps sebelum memesan karena mutu antarproperti beda.","source":"Direktori hotel berbintang Kota Semarang + OpenStreetMap"},"geometry":{"type":"Point","coordinates":[110.41322,-7.00481]}},{"type":"Feature","properties":{"id":"novotel-110414-6979","name":"Hotel Novotel Semarang","group":"hotel","kind":"Hotel bintang 5","stars":5,"price":"Rp 900 rb – Rp 2,5 jt / malam","hours":"Resepsionis 24 jam","facilities":["Kolam renang","Sarapan","Wi-Fi","Parkir","Gym","Ruang pertemuan"],"address":"Jl. Pemuda No.123 Kode Pos 50132 Kel. Sekayu Kec. Semarang Tengah","kelurahan":"Sekayu","kecamatan":"Semarang Tengah","phone":"024 3563000","web":"","description":"Novotel Semarang di Jalan Pemuda berada di sebelah Paragon. Hotel bintang 5 jaringan Accor ini praktis untuk keluarga dan perjalanan dinas di pusat kota.","source":"Direktori hotel berbintang Kota Semarang + OpenStreetMap"},"geometry":{"type":"Point","coordinates":[110.4144,-6.97867]}},{"type":"Feature","properties":{"id":"nozi-110397-6980","name":"Hotel Nozi","group":"hotel","kind":"Hotel","stars":null,"price":"Rp 150 rb – Rp 450 rb / malam","hours":"Resepsionis 24 jam","facilities":["Wi-Fi","AC","Kamar mandi dalam"],"address":"","kelurahan":"Krobokan","kecamatan":"Semarang Barat","phone":"","web":"","description":"Penginapan di Krobokan, Semarang Barat. Cocok untuk menginap praktis. Bandingkan foto kamar terbaru di Google Maps sebelum memesan karena mutu antarproperti beda.","source":"OpenStreetMap"},"geometry":{"type":"Point","coordinates":[110.39693,-6.97958]}},{"type":"Feature","properties":{"id":"olympic-imam-bonjol-tengah-110414-6975","name":"Hotel Olympic Imam Bonjol Semarang Tengah","group":"hotel","kind":"Hotel bintang 1","stars":1,"price":"Rp 120 rb – Rp 280 rb / malam","hours":"Resepsionis 24 jam","facilities":["Wi-Fi","AC","Kamar mandi dalam"],"address":"Jl. Imam Bonjol No.126, Sekayu, Kec. Semarang Tengah, Kota Semarang, Jawa Tengah 50132","kelurahan":"Sekayu","kecamatan":"Semarang Tengah","phone":"","web":"www.hotelolympicsemarang.com","description":"Hotel bintang 1 di Sekayu, Semarang Tengah. Cocok untuk menginap praktis. Bandingkan foto kamar terbaru di Google Maps sebelum memesan karena mutu antarproperti beda.","source":"Direktori hotel berbintang Kota Semarang + OpenStreetMap"},"geometry":{"type":"Point","coordinates":[110.41373,-6.97492]}},{"type":"Feature","properties":{"id":"pantes-110425-6982","name":"Hotel Pantes","group":"hotel","kind":"Hotel bintang 1","stars":1,"price":"Rp 120 rb – Rp 280 rb / malam","hours":"Resepsionis 24 jam","facilities":["Wi-Fi","AC","Kamar mandi dalam"],"address":"Jl. Kawi No. 49","kelurahan":"Brumbungan","kecamatan":"Semarang Tengah","phone":"","web":"www.hotelpantes.com","description":"Hotel bintang 1 di Brumbungan, Semarang Tengah. Cocok untuk menginap praktis. Bandingkan foto kamar terbaru di Google Maps sebelum memesan karena mutu antarproperti beda.","source":"Direktori hotel berbintang Kota Semarang + OpenStreetMap"},"geometry":{"type":"Point","coordinates":[110.4253,-6.98173]}},{"type":"Feature","properties":{"id":"pantes-kota-lama-110429-6971","name":"Hotel Pantes Kota Lama Semarang","group":"hotel","kind":"Hostel","stars":null,"price":"Rp 80 rb – Rp 250 rb / malam","hours":"Resepsionis 24 jam","facilities":["Wi-Fi","AC","Kamar mandi dalam"],"address":"Jl. K.H. Agus Salim Ruko THD Blok B.18-19","kelurahan":"Purwodinatan","kecamatan":"Semarang Tengah","phone":"","web":"","description":"Kota Lama adalah kawasan bangunan kolonial di utara pusat kota. Sore hari paling nyaman untuk jalan kaki, foto, dan singgah kafe.","source":"OpenStreetMap"},"geometry":{"type":"Point","coordinates":[110.42882,-6.97116]}},{"type":"Feature","properties":{"id":"pattimura-110433-6969","name":"Hotel Pattimura","group":"hotel","kind":"Hotel","stars":null,"price":"Rp 150 rb – Rp 450 rb / malam","hours":"Resepsionis 24 jam","facilities":["Wi-Fi","AC","Kamar mandi dalam"],"address":"","kelurahan":"Rejomulyo","kecamatan":"Semarang Timur","phone":"","web":"","description":"Penginapan di Rejomulyo, Semarang Timur. Cocok untuk menginap praktis. Bandingkan foto kamar terbaru di Google Maps sebelum memesan karena mutu antarproperti beda.","source":"OpenStreetMap"},"geometry":{"type":"Point","coordinates":[110.43348,-6.96935]}},{"type":"Feature","properties":{"id":"pelangi-indah-tanjungmas-110429-6966","name":"Hotel Pelangi Indah Tanjungmas","group":"hotel","kind":"Hotel","stars":null,"price":"Rp 150 rb – Rp 450 rb / malam","hours":"Resepsionis 24 jam","facilities":["Wi-Fi","AC","Kamar mandi dalam"],"address":"","kelurahan":"Tanjung Mas","kecamatan":"Semarang Utara","phone":"","web":"","description":"Penginapan di Tanjung Mas, Semarang Utara. Cocok untuk menginap praktis. Bandingkan foto kamar terbaru di Google Maps sebelum memesan karena mutu antarproperti beda.","source":"OpenStreetMap"},"geometry":{"type":"Point","coordinates":[110.42879,-6.96582]}},{"type":"Feature","properties":{"id":"permata-hijau-110427-7019","name":"Hotel Permata Hijau","group":"hotel","kind":"Hotel bintang 1","stars":1,"price":"Rp 120 rb – Rp 280 rb / malam","hours":"Resepsionis 24 jam","facilities":["Wi-Fi","AC","Kamar mandi dalam"],"address":"Jl. Dr.Wahidin No. 64-66 Kel. Jatingaleh Kec. Candisari","kelurahan":"Jatingaleh","kecamatan":"Candisari","phone":"024 8315671","web":"","description":"Hotel bintang 1 di Jatingaleh, Candisari. Cocok untuk menginap praktis. Bandingkan foto kamar terbaru di Google Maps sebelum memesan karena mutu antarproperti beda.","source":"Direktori hotel berbintang Kota Semarang + OpenStreetMap"},"geometry":{"type":"Point","coordinates":[110.42713,-7.01851]}},{"type":"Feature","properties":{"id":"plampitan-110422-6977","name":"Hotel Plampitan Semarang","group":"hotel","kind":"Hotel","stars":null,"price":"Rp 150 rb – Rp 450 rb / malam","hours":"Resepsionis 24 jam","facilities":["Wi-Fi","AC","Kamar mandi dalam"],"address":"","kelurahan":"Bangunharjo","kecamatan":"Semarang Tengah","phone":"","web":"","description":"Penginapan di Bangunharjo, Semarang Tengah. Cocok untuk menginap praktis. Bandingkan foto kamar terbaru di Google Maps sebelum memesan karena mutu antarproperti beda.","source":"OpenStreetMap"},"geometry":{"type":"Point","coordinates":[110.42235,-6.97696]}},{"type":"Feature","properties":{"id":"plaza-110420-7048","name":"Hotel Plaza","group":"hotel","kind":"Hotel bintang 3","stars":3,"price":"Rp 280 rb – Rp 650 rb / malam","hours":"Resepsionis 24 jam","facilities":["Wi-Fi","Parkir","AC","Sarapan"],"address":"Jl. Setia Budi No. 101-103 Kel. Srondol Kulon Kec. Banyumanik","kelurahan":"Srondol Kulon","kecamatan":"Banyumanik","phone":"024 7473188/7479711/70575883","web":"","description":"Hotel bintang 3 di Srondol Kulon, Banyumanik. Cocok untuk menginap praktis. Bandingkan foto kamar terbaru di Google Maps sebelum memesan karena mutu antarproperti beda.","source":"Direktori hotel berbintang Kota Semarang + OpenStreetMap"},"geometry":{"type":"Point","coordinates":[110.4199,-7.04783]}},{"type":"Feature","properties":{"id":"purnama-110425-6966","name":"Hotel Purnama Semarang","group":"hotel","kind":"Hotel","stars":null,"price":"Rp 150 rb – Rp 450 rb / malam","hours":"Resepsionis 24 jam","facilities":["Wi-Fi","AC","Kamar mandi dalam"],"address":"","kelurahan":"Bandarharjo","kecamatan":"Semarang Utara","phone":"","web":"","description":"Penginapan di Bandarharjo, Semarang Utara. Cocok untuk menginap praktis. Bandingkan foto kamar terbaru di Google Maps sebelum memesan karena mutu antarproperti beda.","source":"OpenStreetMap"},"geometry":{"type":"Point","coordinates":[110.42489,-6.96557]}},{"type":"Feature","properties":{"id":"rahayu-imam-bonjol-110420-6971","name":"Hotel Rahayu Imam Bonjol Semarang","group":"hotel","kind":"Hotel","stars":null,"price":"Rp 150 rb – Rp 450 rb / malam","hours":"Resepsionis 24 jam","facilities":["Wi-Fi","AC","Kamar mandi dalam"],"address":"","kelurahan":"Purwosari","kecamatan":"Semarang Utara","phone":"","web":"","description":"Penginapan di Purwosari, Semarang Utara. Cocok untuk menginap praktis. Bandingkan foto kamar terbaru di Google Maps sebelum memesan karena mutu antarproperti beda.","source":"OpenStreetMap"},"geometry":{"type":"Point","coordinates":[110.41994,-6.97061]}},{"type":"Feature","properties":{"id":"red-orchid-simpang-lima-110426-6988","name":"Hotel Red Orchid Simpang Lima","group":"hotel","kind":"Hotel","stars":null,"price":"Rp 150 rb – Rp 450 rb / malam","hours":"Resepsionis 24 jam","facilities":["Wi-Fi","AC","Kamar mandi dalam"],"address":"","kelurahan":"Pekunden","kecamatan":"Semarang Tengah","phone":"","web":"","description":"Penginapan di Pekunden, Semarang Tengah. Cocok untuk menginap praktis. Cek kondisi kamar terbaru sebelum memesan.","source":"OpenStreetMap"},"geometry":{"type":"Point","coordinates":[110.42577,-6.98787]}},{"type":"Feature","properties":{"id":"restoran-sriwijaya-110429-7005","name":"Hotel Restoran Sriwijaya","group":"hotel","kind":"Hotel","stars":null,"price":"Rp 150 rb – Rp 450 rb / malam","hours":"Resepsionis 24 jam","facilities":["Wi-Fi","AC","Kamar mandi dalam"],"address":"","kelurahan":"Wonodri","kecamatan":"Semarang Selatan","phone":"","web":"","description":"Penginapan di Wonodri, Semarang Selatan. Cocok untuk menginap praktis. Bandingkan foto kamar terbaru di Google Maps sebelum memesan karena mutu antarproperti beda.","source":"OpenStreetMap"},"geometry":{"type":"Point","coordinates":[110.42934,-7.00509]}},{"type":"Feature","properties":{"id":"rooms-inc-110412-6984","name":"Hotel Rooms Inc.","group":"hotel","kind":"Hotel bintang 2","stars":2,"price":"Rp 180 rb – Rp 420 rb / malam","hours":"Resepsionis 24 jam","facilities":["Wi-Fi","AC","Kamar mandi dalam"],"address":"Jl. Pemuda No. 150, Kel. Sekayu, Kec. Semarang Tengah","kelurahan":"Sekayu","kecamatan":"Semarang Tengah","phone":"","web":"www.artotelgroup.com/hotels/rooms-inc/semarang","description":"Hotel bintang 2 di Sekayu, Semarang Tengah. Cocok untuk menginap praktis. Bandingkan foto kamar terbaru di Google Maps sebelum memesan karena mutu antarproperti beda.","source":"Direktori hotel berbintang Kota Semarang + OpenStreetMap"},"geometry":{"type":"Point","coordinates":[110.41233,-6.98352]}},{"type":"Feature","properties":{"id":"royal-phoenix-110425-7001","name":"Hotel Royal Phoenix","group":"hotel","kind":"Hotel","stars":null,"price":"Rp 150 rb – Rp 450 rb / malam","hours":"Resepsionis 24 jam","facilities":["Wi-Fi","AC","Kamar mandi dalam"],"address":"","kelurahan":"Wonodri","kecamatan":"Semarang Selatan","phone":"","web":"","description":"Penginapan di Wonodri, Semarang Selatan. Cocok untuk menginap praktis. Bandingkan foto kamar terbaru di Google Maps sebelum memesan karena mutu antarproperti beda.","source":"OpenStreetMap"},"geometry":{"type":"Point","coordinates":[110.42457,-7.00148]}},{"type":"Feature","properties":{"id":"simpang-lima-110426-6992","name":"Hotel Simpang Lima Semarang","group":"hotel","kind":"Hotel bintang 1","stars":1,"price":"Rp 120 rb – Rp 280 rb / malam","hours":"Resepsionis 24 jam","facilities":["Wi-Fi","AC","Kamar mandi dalam"],"address":"Jl. Brumbungan III Jl. Karang Anyar No.1, Brumbungan, Kec. Semarang Tengah, Kota Semarang, Jawa Tengah 50135","kelurahan":"Pleburan","kecamatan":"Semarang Selatan","phone":"","web":"www.hotelpantes.com","description":"Hotel bintang 1 di Pleburan, Semarang Selatan. Alamatnya Jl. Brumbungan III Jl. Karang Anyar No.1, Brumbungan, Kec. Semarang Tengah, Kota Semarang, Jawa Tengah 50135. Cocok untuk menginap praktis. Cek kondisi kamar terbaru sebelum memesan.","source":"Direktori hotel berbintang Kota Semarang + OpenStreetMap"},"geometry":{"type":"Point","coordinates":[110.42594,-6.99203]}},{"type":"Feature","properties":{"id":"sonic-110385-6989","name":"Hotel Sonic","group":"hotel","kind":"Hotel","stars":null,"price":"Rp 150 rb – Rp 450 rb / malam","hours":"Resepsionis 24 jam","facilities":["Wi-Fi","AC","Kamar mandi dalam"],"address":"","kelurahan":"Kalibanteng Kidul","kecamatan":"Semarang Barat","phone":"","web":"","description":"Penginapan di Kalibanteng Kidul, Semarang Barat. Cocok untuk menginap praktis. Bandingkan foto kamar terbaru di Google Maps sebelum memesan karena mutu antarproperti beda.","source":"OpenStreetMap"},"geometry":{"type":"Point","coordinates":[110.38494,-6.98892]}},{"type":"Feature","properties":{"id":"studio-dan-amp-suites-110409-7001","name":"HOTEL STUDIO INN &amp; SUITES","group":"hotel","kind":"Hotel bintang 1","stars":1,"price":"Rp 120 rb – Rp 280 rb / malam","hours":"Resepsionis 24 jam","facilities":["Wi-Fi","AC","Kamar mandi dalam"],"address":"JL. RINJANI NO. 10 D SEMARANG","kelurahan":"Bendungan","kecamatan":"Gajahmungkur","phone":"","web":"","description":"Hotel bintang 1 di Bendungan, Gajahmungkur. Cocok untuk menginap praktis. Bandingkan foto kamar terbaru di Google Maps sebelum memesan karena mutu antarproperti beda.","source":"Direktori hotel berbintang Kota Semarang + OpenStreetMap"},"geometry":{"type":"Point","coordinates":[110.40864,-7.00098]}},{"type":"Feature","properties":{"id":"tentrem-110422-6987","name":"Hotel Tentrem Semarang","group":"hotel","kind":"Hotel bintang 5","stars":5,"price":"Rp 900 rb – Rp 2,5 jt / malam","hours":"Resepsionis 24 jam","facilities":["Kolam renang","Sarapan","Wi-Fi","Parkir","Gym","Ruang pertemuan"],"address":"Jl. Gajahmada No. 123, Pekunden, Semarang, 50134","kelurahan":"Pekunden","kecamatan":"Semarang Tengah","phone":"","web":"www.semarang.hoteltentrem.com","description":"Hotel Tentrem di Jalan Gajahmada, Pekunden, adalah bintang 5 dengan dua menara di pusat kota. Lokasinya strategis untuk Simpang Lima, ruang pertemuan besar, dan tamu yang menginginkan layanan lengkap.","source":"Direktori hotel berbintang Kota Semarang + OpenStreetMap"},"geometry":{"type":"Point","coordinates":[110.42208,-6.98693]}},{"type":"Feature","properties":{"id":"whiz-110415-6978","name":"Hotel Whiz","group":"hotel","kind":"Hotel bintang 2","stars":2,"price":"Rp 180 rb – Rp 420 rb / malam","hours":"Resepsionis 24 jam","facilities":["Wi-Fi","AC","Kamar mandi dalam"],"address":"Jl. Kapten Pierre No. 9 Kode Pos 50132 Kel. Sekayu Kec. Semarang Tengah","kelurahan":"Sekayu","kecamatan":"Semarang Tengah","phone":"024 3566999","web":"","description":"Hotel jaringan ini menekankan kamar bersih, Wi-Fi, dan lokasi kota dengan tarif lebih rapat daripada bintang 5. Cocok untuk satu atau dua malam.","source":"Direktori hotel berbintang Kota Semarang + OpenStreetMap"},"geometry":{"type":"Point","coordinates":[110.41507,-6.97756]}},{"type":"Feature","properties":{"id":"wimarion-110419-7007","name":"Hotel Wimarion","group":"hotel","kind":"Hotel bintang 3","stars":3,"price":"Rp 280 rb – Rp 650 rb / malam","hours":"Resepsionis 24 jam","facilities":["Wi-Fi","Parkir","AC","Sarapan"],"address":"Jl. Wilis No. 2 A Semarang, Kel. Tegalsari, Kec. Candisari, Kode Pos 50614","kelurahan":"Tegalsari","kecamatan":"Candisari","phone":"","web":"www.imarionhotel.com","description":"Hotel bintang 3 di Tegalsari, Candisari. Cocok untuk menginap praktis. Bandingkan foto kamar terbaru di Google Maps sebelum memesan karena mutu antarproperti beda.","source":"Direktori hotel berbintang Kota Semarang + OpenStreetMap"},"geometry":{"type":"Point","coordinates":[110.41858,-7.00744]}},{"type":"Feature","properties":{"id":"ibis-110423-6987","name":"Ibis","group":"hotel","kind":"Hotel bintang 3","stars":3,"price":"Rp 280 rb – Rp 650 rb / malam","hours":"Resepsionis 24 jam","facilities":["Wi-Fi","Parkir","AC","Sarapan"],"address":"Jl. Gajah Mada No.172 Kel. Pekunden Kec. Semarang Tengah","kelurahan":"Pekunden","kecamatan":"Semarang Tengah","phone":"024 33000888","web":"","description":"Hotel jaringan ini menekankan kamar bersih, Wi-Fi, dan lokasi kota dengan tarif lebih rapat daripada bintang 5. Cocok untuk satu atau dua malam.","source":"Direktori hotel berbintang Kota Semarang + OpenStreetMap"},"geometry":{"type":"Point","coordinates":[110.42294,-6.98672]}},{"type":"Feature","properties":{"id":"ibis-budget-110414-6978","name":"Ibis Budget Hotel","group":"hotel","kind":"Hotel bintang 3","stars":3,"price":"Rp 280 rb – Rp 650 rb / malam","hours":"Resepsionis 24 jam","facilities":["Wi-Fi","Parkir","AC","Sarapan"],"address":"Jl. Piere Tendean No. 21, Kel. Sekayu, Kec. Semarang Tengah","kelurahan":"Sekayu","kecamatan":"Semarang Tengah","phone":"","web":"www.all.accor.com/hotel/8430/index.id.shtml","description":"Hotel jaringan ini menekankan kamar bersih, Wi-Fi, dan lokasi kota dengan tarif lebih rapat daripada bintang 5. Cocok untuk satu atau dua malam.","source":"Direktori hotel berbintang Kota Semarang + OpenStreetMap"},"geometry":{"type":"Point","coordinates":[110.41355,-6.97782]}},{"type":"Feature","properties":{"id":"ibis-styles-110423-6992","name":"Ibis Styles","group":"hotel","kind":"Hotel","stars":null,"price":"Rp 150 rb – Rp 450 rb / malam","hours":"Resepsionis 24 jam","facilities":["Wi-Fi","AC","Kamar mandi dalam"],"address":"Jalan Pahlawan 2-2a","kelurahan":"Pleburan","kecamatan":"Semarang Selatan","phone":"+6228419711","web":"https://all.accor.com/","description":"Hotel jaringan ini menekankan kamar bersih, Wi-Fi, dan lokasi kota dengan tarif lebih rapat daripada bintang 5. Cocok untuk satu atau dua malam.","source":"OpenStreetMap"},"geometry":{"type":"Point","coordinates":[110.42264,-6.99178]}},{"type":"Feature","properties":{"id":"ibrahim-simpang-lima-syariah-110422-6999","name":"Ibrahim Simpang Lima Syariah Hotel","group":"hotel","kind":"Hotel","stars":null,"price":"Rp 150 rb – Rp 450 rb / malam","hours":"Resepsionis 24 jam","facilities":["Wi-Fi","AC","Kamar mandi dalam"],"address":"","kelurahan":"Pleburan","kecamatan":"Semarang Selatan","phone":"","web":"","description":"Penginapan di Pleburan, Semarang Selatan. Cocok untuk menginap praktis. Cek kondisi kamar terbaru sebelum memesan.","source":"OpenStreetMap"},"geometry":{"type":"Point","coordinates":[110.42234,-6.99861]}},{"type":"Feature","properties":{"id":"imam-bonjol-hostel-110411-6980","name":"Imam Bonjol Hostel","group":"hotel","kind":"Hostel","stars":null,"price":"Rp 80 rb – Rp 250 rb / malam","hours":"Resepsionis 24 jam","facilities":["Wi-Fi","AC","Kamar mandi dalam"],"address":"","kelurahan":"Pendrikan Kidul","kecamatan":"Semarang Tengah","phone":"","web":"","description":"Penginapan di Pendrikan Kidul, Semarang Tengah. Cocok untuk menginap praktis. Bandingkan foto kamar terbaru di Google Maps sebelum memesan karena mutu antarproperti beda.","source":"OpenStreetMap"},"geometry":{"type":"Point","coordinates":[110.41073,-6.97968]}},{"type":"Feature","properties":{"id":"inna-familia-110428-6999","name":"Inna Familia","group":"hotel","kind":"Hotel","stars":null,"price":"Rp 150 rb – Rp 450 rb / malam","hours":"Resepsionis 24 jam","facilities":["Wi-Fi","AC","Kamar mandi dalam"],"address":"","kelurahan":"Pleburan","kecamatan":"Semarang Selatan","phone":"","web":"","description":"Penginapan di Pleburan, Semarang Selatan. Cocok untuk menginap praktis. Bandingkan foto kamar terbaru di Google Maps sebelum memesan karena mutu antarproperti beda.","source":"OpenStreetMap"},"geometry":{"type":"Point","coordinates":[110.42776,-6.99867]}},{"type":"Feature","properties":{"id":"java-mall-110433-7006","name":"Java Mall","group":"belanja","kind":"Mal","stars":null,"price":"Gratis masuk","hours":"10.00–22.00","facilities":["Toko","Makanan","Parkir","Toilet"],"address":"","kelurahan":"Lamper Kidul","kecamatan":"Semarang Selatan","phone":"","web":"","description":"Pusat belanja ini menjadi tujuan harian warga: pakaian, makanan, dan bioskop. Jam ramai biasanya sore hingga malam, terutama akhir pekan.","source":"OpenStreetMap"},"geometry":{"type":"Point","coordinates":[110.43259,-7.00634]}},{"type":"Feature","properties":{"id":"jerakah-110362-6980","name":"Jerakah","group":"transport","kind":"Stasiun","stars":null,"price":"Sesuai tiket moda","hours":"Sesuai jadwal kereta","facilities":["Tiket atau gratis","Parkir","Toilet"],"address":"","kelurahan":"Jerakah","kecamatan":"Tugu","phone":"","web":"","description":"Jerakah adalah simpul perjalanan di Jerakah, Tugu. Pakai titik ini sebagai awal atau akhir rute di dalam kota.","source":"OpenStreetMap"},"geometry":{"type":"Point","coordinates":[110.36248,-6.98037]}},{"type":"Feature","properties":{"id":"joglo-sumurrejo-110391-7112","name":"Joglo Sumurrejo","group":"hotel","kind":"Hotel","stars":null,"price":"Rp 150 rb – Rp 450 rb / malam","hours":"Resepsionis 24 jam","facilities":["Wi-Fi","AC","Kamar mandi dalam"],"address":"","kelurahan":"Sumurejo","kecamatan":"Gunungpati","phone":"","web":"","description":"Penginapan di Sumurejo, Gunungpati. Cocok untuk menginap praktis. Bandingkan foto kamar terbaru di Google Maps sebelum memesan karena mutu antarproperti beda.","source":"OpenStreetMap"},"geometry":{"type":"Point","coordinates":[110.39132,-7.11211]}},{"type":"Feature","properties":{"id":"just-110433-6986","name":"Just Inn Semarang","group":"hotel","kind":"Hotel","stars":null,"price":"Rp 150 rb – Rp 450 rb / malam","hours":"Resepsionis 24 jam","facilities":["Wi-Fi","AC","Kamar mandi dalam"],"address":"","kelurahan":"Karangturi","kecamatan":"Semarang Timur","phone":"","web":"","description":"Penginapan di Karangturi, Semarang Timur. Cocok untuk menginap praktis. Bandingkan foto kamar terbaru di Google Maps sebelum memesan karena mutu antarproperti beda.","source":"OpenStreetMap"},"geometry":{"type":"Point","coordinates":[110.4329,-6.98612]}},{"type":"Feature","properties":{"id":"kamarkoe-residence-red-doorz-110431-6971","name":"Kamarkoe Residence Red Doorz","group":"hotel","kind":"Hotel","stars":null,"price":"Rp 150 rb – Rp 450 rb / malam","hours":"Resepsionis 24 jam","facilities":["Wi-Fi","AC","Kamar mandi dalam"],"address":"","kelurahan":"Kebonagung","kecamatan":"Semarang Timur","phone":"","web":"","description":"Penginapan di Kebonagung, Semarang Timur. Cocok untuk menginap praktis. Bandingkan foto kamar terbaru di Google Maps sebelum memesan karena mutu antarproperti beda.","source":"OpenStreetMap"},"geometry":{"type":"Point","coordinates":[110.43141,-6.97118]}},{"type":"Feature","properties":{"id":"kampung-jawi-110377-7029","name":"Kampung Jawi","group":"wisata","kind":"Rekreasi","stars":null,"price":"Gratis atau tiket kecil","hours":"08.00–17.00","facilities":["Area terbuka","Foto","Parkir"],"address":"","kelurahan":"Sukorejo","kecamatan":"Gunungpati","phone":"","web":"","description":"Kampung Jawi ada di Sukorejo, Gunungpati. Masuk daftar tempat yang sering dicari warga dan pengunjung saat berkeliling Semarang.","source":"OpenStreetMap"},"geometry":{"type":"Point","coordinates":[110.37748,-7.02879]}},{"type":"Feature","properties":{"id":"kampung-pelangi-110408-6989","name":"Kampung Pelangi","group":"wisata","kind":"Kampung wisata","stars":null,"price":"Gratis atau tiket kecil","hours":"07.00–18.00","facilities":["Area terbuka","Foto","Parkir"],"address":"","kelurahan":"Randusari","kecamatan":"Semarang Selatan","phone":"","web":"","description":"Kampung Pelangi di Randusari mengecat gang perbukitan dengan warna-warni. Datang pagi atau sore; tanjakan cukup terasa dan jalan kampung sempit.","source":"OpenStreetMap / pencarian nama"},"geometry":{"type":"Point","coordinates":[110.40822,-6.9887]}},{"type":"Feature","properties":{"id":"kelenteng-sam-poo-kong-110398-6996","name":"Kelenteng Sam Poo Kong","group":"wisata","kind":"Wisata","stars":null,"price":"Tiket sekitar Rp 10–20 rb","hours":"08.00–20.00","facilities":["Tiket atau gratis","Parkir","Toilet"],"address":"","kelurahan":"Bongsari","kecamatan":"Semarang Barat","phone":"","web":"https://linktr.ee/sampookong","description":"Kelenteng Sam Poo Kong di Gedong Batu adalah klenteng terbesar di Semarang, terkait jejak Laksamana Cheng Ho. Halaman dan bangunan merahnya jadi tujuan wisata sekaligus ibadah.","source":"OpenStreetMap"},"geometry":{"type":"Point","coordinates":[110.3983,-6.99593]}},{"type":"Feature","properties":{"id":"khas-110419-6976","name":"KHAS Hotel Semarang","group":"hotel","kind":"Hotel bintang 3","stars":3,"price":"Rp 280 rb – Rp 650 rb / malam","hours":"Resepsionis 24 jam","facilities":["Wi-Fi","Parkir","AC","Sarapan"],"address":"Jalan Depok 33","kelurahan":"Kembangsari","kecamatan":"Semarang Tengah","phone":"+62 24-8657-0840","web":"https://khashotels.com/hotels/khas-semarang","description":"Hotel bintang 3 di Kembangsari, Semarang Tengah. Cocok untuk menginap praktis. Bandingkan foto kamar terbaru di Google Maps sebelum memesan karena mutu antarproperti beda.","source":"OpenStreetMap"},"geometry":{"type":"Point","coordinates":[110.41946,-6.97621]}},{"type":"Feature","properties":{"id":"kimura-kostay-110443-6999","name":"Kimura Kostay Semarang","group":"hotel","kind":"Hotel","stars":null,"price":"Rp 150 rb – Rp 450 rb / malam","hours":"Resepsionis 24 jam","facilities":["Wi-Fi","AC","Kamar mandi dalam"],"address":"","kelurahan":"Pandean Lamper","kecamatan":"Gayamsari","phone":"","web":"","description":"Penginapan di Pandean Lamper, Gayamsari. Cocok untuk menginap praktis. Bandingkan foto kamar terbaru di Google Maps sebelum memesan karena mutu antarproperti beda.","source":"OpenStreetMap"},"geometry":{"type":"Point","coordinates":[110.44302,-6.99877]}},{"type":"Feature","properties":{"id":"kintelan-46-110409-6998","name":"Kintelan 46","group":"hotel","kind":"Hotel","stars":null,"price":"Rp 150 rb – Rp 450 rb / malam","hours":"Resepsionis 24 jam","facilities":["Wi-Fi","AC","Kamar mandi dalam"],"address":"","kelurahan":"Bendungan","kecamatan":"Gajahmungkur","phone":"","web":"","description":"Penginapan di Bendungan, Gajahmungkur. Cocok untuk menginap praktis. Bandingkan foto kamar terbaru di Google Maps sebelum memesan karena mutu antarproperti beda.","source":"OpenStreetMap"},"geometry":{"type":"Point","coordinates":[110.40901,-6.99841]}},{"type":"Feature","properties":{"id":"lawang-sewu-110411-6984","name":"Lawang Sewu","group":"wisata","kind":"Museum","stars":null,"price":"Tiket sekitar Rp 20–30 rb","hours":"08.00–21.00","facilities":["Tiket atau gratis","Parkir","Toilet"],"address":"","kelurahan":"Sekayu","kecamatan":"Semarang Tengah","phone":"","web":"","description":"Lawang Sewu adalah gedung bersejarah perusahaan kereta api Belanda di Jalan Pemuda, tepat di sebelah Tugu Muda. Pengunjung masuk untuk melihat lorong, menara, dan cerita kota lama Semarang.","source":"OpenStreetMap"},"geometry":{"type":"Point","coordinates":[110.41091,-6.98387]}},{"type":"Feature","properties":{"id":"louis-kienne-pandanaran-110416-6987","name":"Louis Kienne Hotel Pandanaran","group":"hotel","kind":"Hotel bintang 4","stars":4,"price":"Rp 450 rb – Rp 1,1 jt / malam","hours":"Resepsionis 24 jam","facilities":["Sarapan","Wi-Fi","Parkir","Restoran","Ruang pertemuan"],"address":"Jalan Pandanaran No. 18, Semarang Tengah, Semarang, Jawa Tengah, Indonesia, 50241","kelurahan":"Pekunden","kecamatan":"Semarang Tengah","phone":"","web":"www.lkhg.com.sg/lk-hotel-pandanaran-semarang","description":"Properti ini berada di sekitar pusat kota dan sering dipilih untuk menginap beberapa hari. Cek tipe kamar karena sebagian unit berupa apartemen berlayanan.","source":"Direktori hotel berbintang Kota Semarang + OpenStreetMap"},"geometry":{"type":"Point","coordinates":[110.41555,-6.98673]}},{"type":"Feature","properties":{"id":"mahima-110372-6986","name":"Mahima Hotel Semarang","group":"hotel","kind":"Hotel bintang 2","stars":2,"price":"Rp 180 rb – Rp 420 rb / malam","hours":"Resepsionis 24 jam","facilities":["Wi-Fi","AC","Kamar mandi dalam"],"address":"Jl. Hanoman Raya No.62, Krapyak, Kec. Semarang Bar., Kota Semarang, Jawa Tengah 50146","kelurahan":"Krapyak","kecamatan":"Semarang Barat","phone":"0858-6722-4999","web":"","description":"Hotel bintang 2 di Krapyak, Semarang Barat. Cocok untuk menginap praktis. Bandingkan foto kamar terbaru di Google Maps sebelum memesan karena mutu antarproperti beda.","source":"Direktori hotel berbintang Kota Semarang + OpenStreetMap"},"geometry":{"type":"Point","coordinates":[110.37234,-6.98554]}},{"type":"Feature","properties":{"id":"mangkang-110302-6971","name":"Mangkang","group":"transport","kind":"Stasiun","stars":null,"price":"Sesuai tiket moda","hours":"Sesuai jadwal kereta","facilities":["Tiket atau gratis","Parkir","Toilet"],"address":"","kelurahan":"Mangunharjo","kecamatan":"Tugu","phone":"","web":"","description":"Mangkang adalah simpul perjalanan di Mangunharjo, Tugu. Pakai titik ini sebagai awal atau akhir rute di dalam kota.","source":"OpenStreetMap"},"geometry":{"type":"Point","coordinates":[110.30223,-6.97082]}},{"type":"Feature","properties":{"id":"masjid-agung-jawa-tengah-110446-6984","name":"Masjid Agung Jawa Tengah","group":"wisata","kind":"Masjid","stars":null,"price":"Gratis","hours":"Buka untuk ibadah","facilities":["Ibadah","Parkir","Toilet"],"address":"","kelurahan":"Sambirejo","kecamatan":"Gayamsari","phone":"","web":"","description":"Masjid Agung Jawa Tengah di Gayamsari punya payung raksasa dan menara Al-Husna. Selain ibadah, kompleksnya luas untuk berjalan dan melihat arsitektur.","source":"OpenStreetMap / pencarian nama"},"geometry":{"type":"Point","coordinates":[110.44559,-6.98365]}},{"type":"Feature","properties":{"id":"merbabu-110420-6988","name":"Merbabu","group":"hotel","kind":"Hotel bintang 1","stars":1,"price":"Rp 120 rb – Rp 280 rb / malam","hours":"Resepsionis 24 jam","facilities":["Wi-Fi","AC","Kamar mandi dalam"],"address":"Jl. Pemuda No. 122-124 Kode Pos 50132 Kel. Sekayu Kec. Semarang Tengah","kelurahan":"Pekunden","kecamatan":"Semarang Tengah","phone":"024 3547491","web":"","description":"Hotel bintang 1 di Pekunden, Semarang Tengah. Cocok untuk menginap praktis. Bandingkan foto kamar terbaru di Google Maps sebelum memesan karena mutu antarproperti beda.","source":"Direktori hotel berbintang Kota Semarang"},"geometry":{"type":"Point","coordinates":[110.42023,-6.98844]}},{"type":"Feature","properties":{"id":"metro-park-view-110424-6971","name":"Metro Park View Hotel","group":"hotel","kind":"Hotel bintang 3","stars":3,"price":"Rp 280 rb – Rp 650 rb / malam","hours":"Resepsionis 24 jam","facilities":["Wi-Fi","Parkir","AC","Sarapan"],"address":"Jl. H. Agus Salim No. 2-4 Kel. Kauman Kec. Semarang Tengah","kelurahan":"Kauman","kecamatan":"Semarang Tengah","phone":"024 3547371","web":"www.metrohotel.co.id","description":"Hotel bintang 3 di Kauman, Semarang Tengah. Cocok untuk menginap praktis. Bandingkan foto kamar terbaru di Google Maps sebelum memesan karena mutu antarproperti beda.","source":"Direktori hotel berbintang Kota Semarang + OpenStreetMap"},"geometry":{"type":"Point","coordinates":[110.42372,-6.97097]}},{"type":"Feature","properties":{"id":"mg-setos-110420-6981","name":"MG Setos Hotel Semarang","group":"hotel","kind":"Hotel bintang 4","stars":4,"price":"Rp 450 rb – Rp 1,1 jt / malam","hours":"Resepsionis 24 jam","facilities":["Sarapan","Wi-Fi","Parkir","Restoran","Ruang pertemuan"],"address":"JL. Petempen No. 294, (Jl. Inspeksi), Miroto, Kel. Kembangsari, Kec. Semarang Tengah, Kode Pos 50134","kelurahan":"Kembangsari","kecamatan":"Semarang Tengah","phone":"","web":"www.mgsetoshotel.com","description":"Properti ini berada di sekitar pusat kota dan sering dipilih untuk menginap beberapa hari. Cek tipe kamar karena sebagian unit berupa apartemen berlayanan.","source":"Direktori hotel berbintang Kota Semarang + OpenStreetMap"},"geometry":{"type":"Point","coordinates":[110.42025,-6.98059]}},{"type":"Feature","properties":{"id":"mg-suites-service-apartment-110420-6980","name":"MG Suites Service Apartment","group":"hotel","kind":"Hotel bintang 3","stars":3,"price":"Rp 280 rb – Rp 650 rb / malam","hours":"Resepsionis 24 jam","facilities":["Wi-Fi","Parkir","AC","Sarapan"],"address":"Jl. Petempen Malang No. 294 Kel. Kembang Sari Kec. Semarang Tengah","kelurahan":"Kembangsari","kecamatan":"Semarang Tengah","phone":"024 8314816","web":"www.mgsuitesmaven.com","description":"Properti ini berada di sekitar pusat kota dan sering dipilih untuk menginap beberapa hari. Cek tipe kamar karena sebagian unit berupa apartemen berlayanan.","source":"Direktori hotel berbintang Kota Semarang + OpenStreetMap"},"geometry":{"type":"Point","coordinates":[110.41993,-6.97961]}},{"type":"Feature","properties":{"id":"mimpi-karang-rejo-110416-7025","name":"Mimpi Inn Karang Rejo","group":"hotel","kind":"Hotel","stars":null,"price":"Rp 150 rb – Rp 450 rb / malam","hours":"Resepsionis 24 jam","facilities":["Wi-Fi","AC","Kamar mandi dalam"],"address":"","kelurahan":"Karangrejo","kecamatan":"Gajahmungkur","phone":"","web":"","description":"Penginapan di Karangrejo, Gajahmungkur. Cocok untuk menginap praktis. Bandingkan foto kamar terbaru di Google Maps sebelum memesan karena mutu antarproperti beda.","source":"OpenStreetMap"},"geometry":{"type":"Point","coordinates":[110.41591,-7.02464]}},{"type":"Feature","properties":{"id":"museum-kota-lama-110431-6969","name":"Museum Kota Lama","group":"wisata","kind":"Museum","stars":null,"price":"Gratis atau tiket kecil","hours":"Area publik","facilities":["Tiket atau gratis","Parkir","Toilet"],"address":"","kelurahan":"Purwodinatan","kecamatan":"Semarang Tengah","phone":"","web":"","description":"Kota Lama adalah kawasan bangunan kolonial di utara pusat kota. Sore hari paling nyaman untuk jalan kaki, foto, dan singgah kafe.","source":"OpenStreetMap"},"geometry":{"type":"Point","coordinates":[110.43083,-6.96944]}},{"type":"Feature","properties":{"id":"museum-mandala-bhakti-110409-6985","name":"Museum Mandala Bhakti","group":"wisata","kind":"Museum","stars":null,"price":"Gratis atau tiket kecil","hours":"08.00–17.00","facilities":["Tiket atau gratis","Parkir","Toilet"],"address":"","kelurahan":"Barusari","kecamatan":"Semarang Selatan","phone":"","web":"http://semarang.yogyes.com/id/places/129/","description":"Museum Mandala Bhakti ada di Barusari, Semarang Selatan. Masuk daftar tempat yang sering dicari warga dan pengunjung saat berkeliling Semarang.","source":"OpenStreetMap"},"geometry":{"type":"Point","coordinates":[110.4088,-6.9848]}},{"type":"Feature","properties":{"id":"museum-pusat-perkembangan-islam-jawa-tenga-110447-6985","name":"Museum Pusat Perkembangan Islam Jawa Tengah","group":"wisata","kind":"Museum","stars":null,"price":"Gratis atau tiket kecil","hours":"08.00–17.00","facilities":["Tiket atau gratis","Parkir","Toilet"],"address":"","kelurahan":"Sambirejo","kecamatan":"Gayamsari","phone":"","web":"","description":"Museum Pusat Perkembangan Islam Jawa Tengah ada di Sambirejo, Gayamsari. Masuk daftar tempat yang sering dicari warga dan pengunjung saat berkeliling Semarang.","source":"OpenStreetMap"},"geometry":{"type":"Point","coordinates":[110.44664,-6.98474]}},{"type":"Feature","properties":{"id":"mutiara-garden-110420-6980","name":"Mutiara Garden","group":"hotel","kind":"Hotel","stars":null,"price":"Rp 150 rb – Rp 450 rb / malam","hours":"Resepsionis 24 jam","facilities":["Wi-Fi","AC","Kamar mandi dalam"],"address":"","kelurahan":"Kembangsari","kecamatan":"Semarang Tengah","phone":"","web":"","description":"Penginapan di Kembangsari, Semarang Tengah. Cocok untuk menginap praktis. Bandingkan foto kamar terbaru di Google Maps sebelum memesan karena mutu antarproperti beda.","source":"OpenStreetMap"},"geometry":{"type":"Point","coordinates":[110.41992,-6.97986]}},{"type":"Feature","properties":{"id":"nj-guest-house-tembalang-110433-7057","name":"NJ Guest House Tembalang","group":"hotel","kind":"Guest house","stars":null,"price":"Rp 150 rb – Rp 450 rb / malam","hours":"Resepsionis 24 jam","facilities":["Wi-Fi","AC","Kamar mandi dalam"],"address":"","kelurahan":"Pedalangan","kecamatan":"Banyumanik","phone":"","web":"","description":"Penginapan di Pedalangan, Banyumanik. Cocok untuk menginap praktis. Bandingkan foto kamar terbaru di Google Maps sebelum memesan karena mutu antarproperti beda.","source":"OpenStreetMap"},"geometry":{"type":"Point","coordinates":[110.4335,-7.05708]}},{"type":"Feature","properties":{"id":"nomaden-urban-stay-110398-6983","name":"Nomaden Urban Stay","group":"hotel","kind":"Hotel","stars":null,"price":"Rp 150 rb – Rp 450 rb / malam","hours":"Resepsionis 24 jam","facilities":["Wi-Fi","AC","Kamar mandi dalam"],"address":"Jalan Puspanjolo Barat Raya 20","kelurahan":"Cabean","kecamatan":"Semarang Barat","phone":"+6224 76437531","web":"","description":"Penginapan di Cabean, Semarang Barat. Cocok untuk menginap praktis. Bandingkan foto kamar terbaru di Google Maps sebelum memesan karena mutu antarproperti beda.","source":"OpenStreetMap"},"geometry":{"type":"Point","coordinates":[110.39782,-6.98344]}},{"type":"Feature","properties":{"id":"noormans-110418-7028","name":"Noormans Hotel","group":"hotel","kind":"Hotel bintang 3","stars":3,"price":"Rp 280 rb – Rp 650 rb / malam","hours":"Resepsionis 24 jam","facilities":["Wi-Fi","Parkir","AC","Sarapan"],"address":"Jl. Teuku Umar No. 27 Kec. Jatingaleh Semarang","kelurahan":"Karangrejo","kecamatan":"Gajahmungkur","phone":"024 86010999","web":"www.noormanshotel.com","description":"Hotel bintang 3 di Karangrejo, Gajahmungkur. Cocok untuk menginap praktis. Bandingkan foto kamar terbaru di Google Maps sebelum memesan karena mutu antarproperti beda.","source":"Direktori hotel berbintang Kota Semarang + OpenStreetMap"},"geometry":{"type":"Point","coordinates":[110.41807,-7.02795]}},{"type":"Feature","properties":{"id":"nyata-plaza-110427-6971","name":"Nyata Plaza","group":"hotel","kind":"Hotel bintang 1","stars":1,"price":"Rp 120 rb – Rp 280 rb / malam","hours":"Resepsionis 24 jam","facilities":["Wi-Fi","AC","Kamar mandi dalam"],"address":"Jl. Setyabudi No. 16 Kel. Ngesrep Kec. Banyumanik","kelurahan":"Purwodinatan","kecamatan":"Semarang Tengah","phone":"024 7477113","web":"","description":"Hotel bintang 1 di Purwodinatan, Semarang Tengah. Cocok untuk menginap praktis. Bandingkan foto kamar terbaru di Google Maps sebelum memesan karena mutu antarproperti beda.","source":"Direktori hotel berbintang Kota Semarang"},"geometry":{"type":"Point","coordinates":[110.42692,-6.97146]}},{"type":"Feature","properties":{"id":"oak-tree-emerald-dan-conventions-110405-7015","name":"Oak Tree Emerald Hotel & Conventions","group":"hotel","kind":"Hotel bintang 4","stars":4,"price":"Rp 450 rb – Rp 1,1 jt / malam","hours":"Resepsionis 24 jam","facilities":["Sarapan","Wi-Fi","Parkir","Restoran","Ruang pertemuan"],"address":"Palm Hill Estate Jl.Palm-Papandayan, Gajah Mungkur Kel. Gajah Mungkur Kec. Gajah Mungkur","kelurahan":"Gajahmungkur","kecamatan":"Gajahmungkur","phone":"024 8509191/86019005/86019002","web":"www.oaktree-hotel.com/semarang","description":"Oak Tree Emerald berada di kawasan perumahan Gajahmungkur. Lebih sepi daripada Simpang Lima, cocok bila Anda datang dengan kendaraan sendiri.","source":"Direktori hotel berbintang Kota Semarang + OpenStreetMap"},"geometry":{"type":"Point","coordinates":[110.40494,-7.01458]}},{"type":"Feature","properties":{"id":"oetojo-putri-karangtempel-110438-6988","name":"Oetojo Putri Karangtempel","group":"hotel","kind":"Hotel","stars":null,"price":"Rp 150 rb – Rp 450 rb / malam","hours":"Resepsionis 24 jam","facilities":["Wi-Fi","AC","Kamar mandi dalam"],"address":"","kelurahan":"Karangtempel","kecamatan":"Semarang Timur","phone":"","web":"","description":"Penginapan di Karangtempel, Semarang Timur. Cocok untuk menginap praktis. Bandingkan foto kamar terbaru di Google Maps sebelum memesan karena mutu antarproperti beda.","source":"OpenStreetMap"},"geometry":{"type":"Point","coordinates":[110.43762,-6.9876]}},{"type":"Feature","properties":{"id":"oyo-1008-setiabudi-d-famili-110418-7052","name":"OYO 1008 Setiabudi D'famili","group":"hotel","kind":"Hotel","stars":null,"price":"Rp 150 rb – Rp 450 rb / malam","hours":"Resepsionis 24 jam","facilities":["Wi-Fi","AC","Kamar mandi dalam"],"address":"","kelurahan":"Sumurboto","kecamatan":"Banyumanik","phone":"","web":"","description":"Penginapan di Sumurboto, Banyumanik. Cocok untuk menginap praktis. Bandingkan foto kamar terbaru di Google Maps sebelum memesan karena mutu antarproperti beda.","source":"OpenStreetMap"},"geometry":{"type":"Point","coordinates":[110.41761,-7.05201]}},{"type":"Feature","properties":{"id":"oyo-1250-unta-residence-110442-6987","name":"OYO 1250 Unta Residence","group":"hotel","kind":"Hotel","stars":null,"price":"Rp 150 rb – Rp 450 rb / malam","hours":"Resepsionis 24 jam","facilities":["Wi-Fi","AC","Kamar mandi dalam"],"address":"","kelurahan":"Sambirejo","kecamatan":"Gayamsari","phone":"","web":"","description":"Penginapan di Sambirejo, Gayamsari. Cocok untuk menginap praktis. Bandingkan foto kamar terbaru di Google Maps sebelum memesan karena mutu antarproperti beda.","source":"OpenStreetMap"},"geometry":{"type":"Point","coordinates":[110.44161,-6.98718]}},{"type":"Feature","properties":{"id":"oyo-1251-sweet-home-residence-110424-6988","name":"OYO 1251 Sweet Home Residence","group":"hotel","kind":"Hotel","stars":null,"price":"Rp 150 rb – Rp 450 rb / malam","hours":"Resepsionis 24 jam","facilities":["Wi-Fi","AC","Kamar mandi dalam"],"address":"","kelurahan":"Pekunden","kecamatan":"Semarang Tengah","phone":"","web":"","description":"Penginapan di Pekunden, Semarang Tengah. Cocok untuk menginap praktis. Bandingkan foto kamar terbaru di Google Maps sebelum memesan karena mutu antarproperti beda.","source":"OpenStreetMap"},"geometry":{"type":"Point","coordinates":[110.4245,-6.98771]}},{"type":"Feature","properties":{"id":"oyo-1284-executive-residence-110394-7015","name":"OYO 1284 Executive Residence","group":"hotel","kind":"Hotel","stars":null,"price":"Rp 150 rb – Rp 450 rb / malam","hours":"Resepsionis 24 jam","facilities":["Wi-Fi","AC","Kamar mandi dalam"],"address":"","kelurahan":"Sampangan","kecamatan":"Gajahmungkur","phone":"","web":"","description":"Penginapan di Sampangan, Gajahmungkur. Cocok untuk menginap praktis. Bandingkan foto kamar terbaru di Google Maps sebelum memesan karena mutu antarproperti beda.","source":"OpenStreetMap"},"geometry":{"type":"Point","coordinates":[110.39437,-7.01458]}},{"type":"Feature","properties":{"id":"oyo-1565-palebon-residence-110466-7008","name":"OYO 1565 Palebon Residence","group":"hotel","kind":"Hotel","stars":null,"price":"Rp 150 rb – Rp 450 rb / malam","hours":"Resepsionis 24 jam","facilities":["Wi-Fi","AC","Kamar mandi dalam"],"address":"","kelurahan":"Palebon","kecamatan":"Pedurungan","phone":"","web":"","description":"Penginapan di Palebon, Pedurungan. Cocok untuk menginap praktis. Bandingkan foto kamar terbaru di Google Maps sebelum memesan karena mutu antarproperti beda.","source":"OpenStreetMap"},"geometry":{"type":"Point","coordinates":[110.46618,-7.00786]}},{"type":"Feature","properties":{"id":"oyo-1815-gatsu-residence-110368-6992","name":"OYO 1815 Gatsu Residence","group":"hotel","kind":"Hotel","stars":null,"price":"Rp 150 rb – Rp 450 rb / malam","hours":"Resepsionis 24 jam","facilities":["Wi-Fi","AC","Kamar mandi dalam"],"address":"","kelurahan":"Purwoyoso","kecamatan":"Ngaliyan","phone":"","web":"","description":"Penginapan di Purwoyoso, Ngaliyan. Cocok untuk menginap praktis. Bandingkan foto kamar terbaru di Google Maps sebelum memesan karena mutu antarproperti beda.","source":"OpenStreetMap"},"geometry":{"type":"Point","coordinates":[110.36808,-6.99161]}},{"type":"Feature","properties":{"id":"oyo-2133-pintu-naga-110397-6965","name":"OYO 2133 Pintu Naga","group":"hotel","kind":"Hotel","stars":null,"price":"Rp 150 rb – Rp 450 rb / malam","hours":"Resepsionis 24 jam","facilities":["Wi-Fi","AC","Kamar mandi dalam"],"address":"","kelurahan":"Tawang Mas","kecamatan":"Semarang Barat","phone":"","web":"","description":"Penginapan di Tawang Mas, Semarang Barat. Cocok untuk menginap praktis. Bandingkan foto kamar terbaru di Google Maps sebelum memesan karena mutu antarproperti beda.","source":"OpenStreetMap"},"geometry":{"type":"Point","coordinates":[110.39735,-6.96542]}},{"type":"Feature","properties":{"id":"oyo-379-grand-mundu-110452-7014","name":"OYO 379 Grand Mundu","group":"hotel","kind":"Hotel","stars":null,"price":"Rp 150 rb – Rp 450 rb / malam","hours":"Resepsionis 24 jam","facilities":["Wi-Fi","AC","Kamar mandi dalam"],"address":"","kelurahan":"Tandang","kecamatan":"Tembalang","phone":"","web":"","description":"Penginapan di Tandang, Tembalang. Cocok untuk menginap praktis. Bandingkan foto kamar terbaru di Google Maps sebelum memesan karena mutu antarproperti beda.","source":"OpenStreetMap"},"geometry":{"type":"Point","coordinates":[110.45189,-7.01398]}},{"type":"Feature","properties":{"id":"oyo-389-sky-guesthouse-110435-6977","name":"OYO 389 Sky Guesthouse","group":"hotel","kind":"Hotel","stars":null,"price":"Rp 150 rb – Rp 450 rb / malam","hours":"Resepsionis 24 jam","facilities":["Wi-Fi","AC","Kamar mandi dalam"],"address":"","kelurahan":"Sarirejo","kecamatan":"Semarang Timur","phone":"","web":"","description":"Penginapan di Sarirejo, Semarang Timur. Cocok untuk menginap praktis. Bandingkan foto kamar terbaru di Google Maps sebelum memesan karena mutu antarproperti beda.","source":"OpenStreetMap"},"geometry":{"type":"Point","coordinates":[110.43463,-6.97702]}},{"type":"Feature","properties":{"id":"oyo-422-achterhuis-guesthouse-110429-6968","name":"OYO 422 Achterhuis Guesthouse","group":"hotel","kind":"Hotel","stars":null,"price":"Rp 150 rb – Rp 450 rb / malam","hours":"Resepsionis 24 jam","facilities":["Wi-Fi","AC","Kamar mandi dalam"],"address":"","kelurahan":"Tanjung Mas","kecamatan":"Semarang Utara","phone":"","web":"","description":"Penginapan di Tanjung Mas, Semarang Utara. Cocok untuk menginap praktis. Bandingkan foto kamar terbaru di Google Maps sebelum memesan karena mutu antarproperti beda.","source":"OpenStreetMap"},"geometry":{"type":"Point","coordinates":[110.42944,-6.96758]}},{"type":"Feature","properties":{"id":"oyo-746-harmoni-hostel-mlatibaru-110439-6966","name":"OYO 746 Harmoni Hostel Mlatibaru","group":"hotel","kind":"Hotel","stars":null,"price":"Rp 80 rb – Rp 250 rb / malam","hours":"Resepsionis 24 jam","facilities":["Wi-Fi","AC","Kamar mandi dalam"],"address":"","kelurahan":"Mlatibaru","kecamatan":"Semarang Timur","phone":"","web":"","description":"Penginapan di Mlatibaru, Semarang Timur. Cocok untuk menginap praktis. Bandingkan foto kamar terbaru di Google Maps sebelum memesan karena mutu antarproperti beda.","source":"OpenStreetMap"},"geometry":{"type":"Point","coordinates":[110.43885,-6.9662]}},{"type":"Feature","properties":{"id":"oyo-flagship-2124-kars-110439-7062","name":"OYO Flagship 2124 Kars Inn Semarang","group":"hotel","kind":"Hotel","stars":null,"price":"Rp 150 rb – Rp 450 rb / malam","hours":"Resepsionis 24 jam","facilities":["Wi-Fi","AC","Kamar mandi dalam"],"address":"","kelurahan":"Tembalang","kecamatan":"Tembalang","phone":"","web":"","description":"Penginapan di Tembalang, Tembalang. Cocok untuk menginap praktis. Bandingkan foto kamar terbaru di Google Maps sebelum memesan karena mutu antarproperti beda.","source":"OpenStreetMap"},"geometry":{"type":"Point","coordinates":[110.43855,-7.06157]}},{"type":"Feature","properties":{"id":"pagoda-avalokitesvara-watugong-110410-7086","name":"Pagoda Avalokitesvara Watugong","group":"wisata","kind":"Vihara","stars":null,"price":"Gratis atau tiket kecil","hours":"08.00–17.00","facilities":["Tiket atau gratis","Parkir","Toilet"],"address":"","kelurahan":"Pudakpayung","kecamatan":"Banyumanik","phone":"","web":"","description":"Pagoda Avalokitesvara di Vihara Buddhagaya Watugong, Banyumanik, adalah salah satu pagoda tertinggi di Asia Tenggara. Terlihat dari kejauhan saat cuaca cerah.","source":"OpenStreetMap / pencarian nama"},"geometry":{"type":"Point","coordinates":[110.40959,-7.08644]}},{"type":"Feature","properties":{"id":"pantai-marina-110390-6948","name":"Pantai Marina","group":"wisata","kind":"Pantai","stars":null,"price":"Gratis atau tiket kecil","hours":"Area publik","facilities":["Area terbuka","Foto","Parkir"],"address":"","kelurahan":"Tawangsari","kecamatan":"Semarang Barat","phone":"","web":"","description":"Pantai Marina di utara Semarang Barat adalah pantai kota untuk sore dan akhir pekan, bukan pantai pasir putih. Ada area kuliner dan perahu.","source":"OpenStreetMap / pencarian nama"},"geometry":{"type":"Point","coordinates":[110.39014,-6.94767]}},{"type":"Feature","properties":{"id":"pasar-malam-semawis-110427-6975","name":"Pasar Malam Semawis","group":"wisata","kind":"Wisata","stars":null,"price":"Gratis atau tiket kecil","hours":"08.00–17.00","facilities":["Tiket atau gratis","Parkir","Toilet"],"address":"","kelurahan":"Kranggan","kecamatan":"Semarang Tengah","phone":"","web":"","description":"Pasar Malam Semawis ada di Kranggan, Semarang Tengah. Masuk daftar tempat yang sering dicari warga dan pengunjung saat berkeliling Semarang.","source":"OpenStreetMap"},"geometry":{"type":"Point","coordinates":[110.4267,-6.97474]}},{"type":"Feature","properties":{"id":"patra-jasa-110420-7012","name":"Patra Jasa","group":"hotel","kind":"Hotel bintang 5","stars":5,"price":"Rp 900 rb – Rp 2,5 jt / malam","hours":"Resepsionis 24 jam","facilities":["Kolam renang","Sarapan","Wi-Fi","Parkir","Gym","Ruang pertemuan"],"address":"Jl. Sisingamangaraja Kel. Wono Tingal Kec. Candisari","kelurahan":"Wonotingal","kecamatan":"Candisari","phone":"024 8414141","web":"www.Patra-jasa.com","description":"Patra Jasa di Jalan Sisingamangaraja, Candisari, adalah hotel bintang 5 yang lama dikenal untuk konvensi. Lingkungannya lebih tenang daripada Simpang Lima.","source":"Direktori hotel berbintang Kota Semarang + OpenStreetMap"},"geometry":{"type":"Point","coordinates":[110.42024,-7.01221]}},{"type":"Feature","properties":{"id":"peace-joy-guest-house-110427-7059","name":"Peace And Joy Guest House","group":"hotel","kind":"Guest house","stars":null,"price":"Rp 150 rb – Rp 450 rb / malam","hours":"Resepsionis 24 jam","facilities":["Wi-Fi","AC","Kamar mandi dalam"],"address":"","kelurahan":"Pedalangan","kecamatan":"Banyumanik","phone":"","web":"","description":"Penginapan di Pedalangan, Banyumanik. Cocok untuk menginap praktis. Bandingkan foto kamar terbaru di Google Maps sebelum memesan karena mutu antarproperti beda.","source":"OpenStreetMap"},"geometry":{"type":"Point","coordinates":[110.42741,-7.05864]}},{"type":"Feature","properties":{"id":"plasa-kepodang-membara-110409-7027","name":"Plasa Kepodang Membara","group":"wisata","kind":"Monumen","stars":null,"price":"Gratis atau tiket kecil","hours":"08.00–17.00","facilities":["Tiket atau gratis","Parkir","Toilet"],"address":"","kelurahan":"Karangrejo","kecamatan":"Gajahmungkur","phone":"","web":"","description":"Plasa Kepodang Membara ada di Karangrejo, Gajahmungkur. Masuk daftar tempat yang sering dicari warga dan pengunjung saat berkeliling Semarang.","source":"OpenStreetMap"},"geometry":{"type":"Point","coordinates":[110.40862,-7.02683]}},{"type":"Feature","properties":{"id":"plaza-candi-110416-7010","name":"Plaza Candi","group":"belanja","kind":"Mal","stars":null,"price":"Gratis masuk","hours":"10.00–22.00","facilities":["Toko","Makanan","Parkir","Toilet"],"address":"","kelurahan":"Wonotingal","kecamatan":"Candisari","phone":"","web":"","description":"Plaza Candi adalah pusat belanja di Wonotingal, Candisari. Ramai sore hingga malam, terutama akhir pekan.","source":"OpenStreetMap"},"geometry":{"type":"Point","coordinates":[110.41612,-7.01031]}},{"type":"Feature","properties":{"id":"plaza-simpang-lima-110425-6990","name":"Plaza Simpang Lima","group":"belanja","kind":"Mal","stars":null,"price":"Gratis masuk","hours":"10.00–22.00","facilities":["Toko","Makanan","Parkir","Toilet"],"address":"","kelurahan":"Karangkidul","kecamatan":"Semarang Tengah","phone":"","web":"","description":"Simpang Lima adalah lapangan dan pertemuan lima jalan di jantung kota. Malam hari sekelilingnya ramai kuliner, lampu, dan orang berolahraga.","source":"OpenStreetMap"},"geometry":{"type":"Point","coordinates":[110.42456,-6.99036]}},{"type":"Feature","properties":{"id":"po-110416-6979","name":"Po Hotel","group":"hotel","kind":"Hotel bintang 5","stars":5,"price":"Rp 900 rb – Rp 2,5 jt / malam","hours":"Resepsionis 24 jam","facilities":["Kolam renang","Sarapan","Wi-Fi","Parkir","Gym","Ruang pertemuan"],"address":"Jl. Pemuda No. 116-118 Kel. Sekayu Kec. Semarang Tengah","kelurahan":"Sekayu","kecamatan":"Semarang Tengah","phone":"024 86579111","web":"","description":"Hotel bintang 5 di Sekayu, Semarang Tengah. Alamatnya Jl. Pemuda No. 116-118 Kel. Sekayu Kec. Semarang Tengah. Fasilitas relatif lengkap untuk tamu yang menginap lebih dari satu malam.","source":"Direktori hotel berbintang Kota Semarang + OpenStreetMap"},"geometry":{"type":"Point","coordinates":[110.41604,-6.97853]}},{"type":"Feature","properties":{"id":"pollux-mall-paragon-110416-6979","name":"Pollux Mall Paragon Semarang","group":"belanja","kind":"Mal","stars":null,"price":"Gratis masuk","hours":"10.00–22.00","facilities":["Toko","Makanan","Parkir","Toilet"],"address":"","kelurahan":"Sekayu","kecamatan":"Semarang Tengah","phone":"","web":"","description":"Pusat belanja ini menjadi tujuan harian warga: pakaian, makanan, dan bioskop. Jam ramai biasanya sore hingga malam, terutama akhir pekan.","source":"OpenStreetMap"},"geometry":{"type":"Point","coordinates":[110.41587,-6.97923]}},{"type":"Feature","properties":{"id":"pondok-serrata-110294-7008","name":"Pondok Serrata","group":"hotel","kind":"Hotel bintang 3","stars":3,"price":"Rp 280 rb – Rp 650 rb / malam","hours":"Resepsionis 24 jam","facilities":["Wi-Fi","Parkir","AC","Sarapan"],"address":"Jl. Setia Budi No. 145 Kel. Sumurboto Kec. Banyumanik","kelurahan":"Podorejo","kecamatan":"Ngaliyan","phone":"024 7470270","web":"","description":"Hotel bintang 3 di Podorejo, Ngaliyan. Cocok untuk menginap praktis. Bandingkan foto kamar terbaru di Google Maps sebelum memesan karena mutu antarproperti beda.","source":"Direktori hotel berbintang Kota Semarang"},"geometry":{"type":"Point","coordinates":[110.29435,-7.00827]}},{"type":"Feature","properties":{"id":"pop-110412-6984","name":"POP Hotel Semarang","group":"hotel","kind":"Hotel","stars":null,"price":"Rp 150 rb – Rp 450 rb / malam","hours":"Resepsionis 24 jam","facilities":["Wi-Fi","AC","Kamar mandi dalam"],"address":"","kelurahan":"Sekayu","kecamatan":"Semarang Tengah","phone":"","web":"","description":"Penginapan di Sekayu, Semarang Tengah. Cocok untuk menginap praktis. Bandingkan foto kamar terbaru di Google Maps sebelum memesan karena mutu antarproperti beda.","source":"OpenStreetMap"},"geometry":{"type":"Point","coordinates":[110.41199,-6.98399]}},{"type":"Feature","properties":{"id":"pringgondani-110458-7038","name":"Pringgondani","group":"hotel","kind":"Guest house","stars":null,"price":"Rp 150 rb – Rp 450 rb / malam","hours":"Resepsionis 24 jam","facilities":["Wi-Fi","AC","Kamar mandi dalam"],"address":"","kelurahan":"Sambiroto","kecamatan":"Tembalang","phone":"","web":"","description":"Penginapan di Sambiroto, Tembalang. Cocok untuk menginap praktis. Bandingkan foto kamar terbaru di Google Maps sebelum memesan karena mutu antarproperti beda.","source":"OpenStreetMap"},"geometry":{"type":"Point","coordinates":[110.4578,-7.03794]}},{"type":"Feature","properties":{"id":"puri-garden-110389-6972","name":"Puri Garden Hotel","group":"hotel","kind":"Motel","stars":3,"price":"Rp 280 rb – Rp 650 rb / malam","hours":"Resepsionis 24 jam","facilities":["Wi-Fi","Parkir","AC","Sarapan"],"address":"Jl. Arteri Utara, Puri Anjasmoro Blok D 4 Kel. Tawangsari Kec. Semarang Barat","kelurahan":"Tawangsari","kecamatan":"Semarang Barat","phone":"024 7606606","web":"","description":"Hotel bintang 3 di Tawangsari, Semarang Barat. Cocok untuk menginap praktis. Bandingkan foto kamar terbaru di Google Maps sebelum memesan karena mutu antarproperti beda.","source":"Direktori hotel berbintang Kota Semarang + OpenStreetMap"},"geometry":{"type":"Point","coordinates":[110.38927,-6.97165]}},{"type":"Feature","properties":{"id":"queen-city-mall-110420-6972","name":"Queen City Mall Semarang","group":"belanja","kind":"Mal","stars":null,"price":"Gratis masuk","hours":"10.00–22.00","facilities":["Toko","Makanan","Parkir","Toilet"],"address":"","kelurahan":"Pandansari","kecamatan":"Semarang Tengah","phone":"","web":"https://queencity.id/","description":"Pusat belanja ini menjadi tujuan harian warga: pakaian, makanan, dan bioskop. Jam ramai biasanya sore hingga malam, terutama akhir pekan.","source":"OpenStreetMap"},"geometry":{"type":"Point","coordinates":[110.42034,-6.97249]}},{"type":"Feature","properties":{"id":"quest-110423-6978","name":"Quest Hotel Semarang","group":"hotel","kind":"Hotel bintang 3","stars":3,"price":"Rp 280 rb – Rp 650 rb / malam","hours":"Resepsionis 24 jam","facilities":["Wi-Fi","Parkir","AC","Sarapan"],"address":"Jl. Plampitan No. 37-38 Kel. Bangunharjo Kec. Semarang Tengah","kelurahan":"Bangunharjo","kecamatan":"Semarang Tengah","phone":"024 3520808","web":"","description":"Hotel bintang 3 di Bangunharjo, Semarang Tengah. Cocok untuk menginap praktis. Bandingkan foto kamar terbaru di Google Maps sebelum memesan karena mutu antarproperti beda.","source":"Direktori hotel berbintang Kota Semarang + OpenStreetMap"},"geometry":{"type":"Point","coordinates":[110.42275,-6.9783]}},{"type":"Feature","properties":{"id":"radja-110427-7000","name":"Radja Hotel","group":"hotel","kind":"Hotel","stars":null,"price":"Rp 150 rb – Rp 450 rb / malam","hours":"Resepsionis 24 jam","facilities":["Wi-Fi","AC","Kamar mandi dalam"],"address":"","kelurahan":"Pleburan","kecamatan":"Semarang Selatan","phone":"","web":"","description":"Penginapan di Pleburan, Semarang Selatan. Cocok untuk menginap praktis. Bandingkan foto kamar terbaru di Google Maps sebelum memesan karena mutu antarproperti beda.","source":"OpenStreetMap"},"geometry":{"type":"Point","coordinates":[110.42739,-7.00035]}},{"type":"Feature","properties":{"id":"rainbow-s-house-110450-6990","name":"Rainbow's House Semarang","group":"hotel","kind":"Hotel","stars":null,"price":"Rp 150 rb – Rp 450 rb / malam","hours":"Resepsionis 24 jam","facilities":["Wi-Fi","AC","Kamar mandi dalam"],"address":"","kelurahan":"Siwalan","kecamatan":"Gayamsari","phone":"","web":"","description":"Penginapan di Siwalan, Gayamsari. Cocok untuk menginap praktis. Bandingkan foto kamar terbaru di Google Maps sebelum memesan karena mutu antarproperti beda.","source":"OpenStreetMap"},"geometry":{"type":"Point","coordinates":[110.45044,-6.98963]}},{"type":"Feature","properties":{"id":"reddoorz-110471-7067","name":"RedDoorz","group":"hotel","kind":"Hotel","stars":null,"price":"Rp 150 rb – Rp 450 rb / malam","hours":"Resepsionis 24 jam","facilities":["Wi-Fi","AC","Kamar mandi dalam"],"address":"","kelurahan":"Meteseh","kecamatan":"Tembalang","phone":"","web":"","description":"Penginapan di Meteseh, Tembalang. Cocok untuk menginap praktis. Bandingkan foto kamar terbaru di Google Maps sebelum memesan karena mutu antarproperti beda.","source":"OpenStreetMap"},"geometry":{"type":"Point","coordinates":[110.4713,-7.0665]}},{"type":"Feature","properties":{"id":"reddoorz-110362-6976","name":"RedDoorz","group":"hotel","kind":"Hostel","stars":null,"price":"Rp 80 rb – Rp 250 rb / malam","hours":"Resepsionis 24 jam","facilities":["Wi-Fi","AC","Kamar mandi dalam"],"address":"","kelurahan":"Jerakah","kecamatan":"Tugu","phone":"","web":"","description":"Penginapan di Jerakah, Tugu. Cocok untuk menginap praktis. Bandingkan foto kamar terbaru di Google Maps sebelum memesan karena mutu antarproperti beda.","source":"OpenStreetMap"},"geometry":{"type":"Point","coordinates":[110.36195,-6.97626]}},{"type":"Feature","properties":{"id":"reddoorz-city-park-medoho-110453-6991","name":"RedDoorz @ City Park Medoho Semarang","group":"hotel","kind":"Hotel","stars":null,"price":"Rp 150 rb – Rp 450 rb / malam","hours":"Resepsionis 24 jam","facilities":["Wi-Fi","AC","Kamar mandi dalam"],"address":"","kelurahan":"Kalicari","kecamatan":"Pedurungan","phone":"","web":"","description":"Penginapan di Kalicari, Pedurungan. Cocok untuk menginap praktis. Bandingkan foto kamar terbaru di Google Maps sebelum memesan karena mutu antarproperti beda.","source":"OpenStreetMap"},"geometry":{"type":"Point","coordinates":[110.45333,-6.99104]}},{"type":"Feature","properties":{"id":"reddoorz-rejosari-110436-6984","name":"Reddoorz Rejosari","group":"hotel","kind":"Hotel","stars":null,"price":"Rp 150 rb – Rp 450 rb / malam","hours":"Resepsionis 24 jam","facilities":["Wi-Fi","AC","Kamar mandi dalam"],"address":"","kelurahan":"Rejosari","kecamatan":"Semarang Timur","phone":"","web":"","description":"Penginapan di Rejosari, Semarang Timur. Cocok untuk menginap praktis. Bandingkan foto kamar terbaru di Google Maps sebelum memesan karena mutu antarproperti beda.","source":"OpenStreetMap"},"geometry":{"type":"Point","coordinates":[110.43578,-6.98378]}},{"type":"Feature","properties":{"id":"rhema-house-110429-6976","name":"Rhema House","group":"hotel","kind":"Hotel","stars":null,"price":"Rp 150 rb – Rp 450 rb / malam","hours":"Resepsionis 24 jam","facilities":["Wi-Fi","AC","Kamar mandi dalam"],"address":"Japan Kalikuping 31","kelurahan":"Kranggan","kecamatan":"Semarang Tengah","phone":"+62 24 86402736","web":"","description":"Penginapan di Kranggan, Semarang Tengah. Cocok untuk menginap praktis. Bandingkan foto kamar terbaru di Google Maps sebelum memesan karena mutu antarproperti beda.","source":"OpenStreetMap"},"geometry":{"type":"Point","coordinates":[110.42884,-6.97559]}},{"type":"Feature","properties":{"id":"rinjani-110410-7005","name":"Rinjani","group":"hotel","kind":"Hotel bintang 2","stars":2,"price":"Rp 180 rb – Rp 420 rb / malam","hours":"Resepsionis 24 jam","facilities":["Wi-Fi","AC","Kamar mandi dalam"],"address":"Jl. Rinjani 16 A Kel. Lempongsari Kec. Gajahmungkur","kelurahan":"Bendungan","kecamatan":"Gajahmungkur","phone":"024 8443232","web":"www.rinjanihotel.20m.com","description":"Hotel bintang 2 di Bendungan, Gajahmungkur. Cocok untuk menginap praktis. Bandingkan foto kamar terbaru di Google Maps sebelum memesan karena mutu antarproperti beda.","source":"Direktori hotel berbintang Kota Semarang"},"geometry":{"type":"Point","coordinates":[110.40967,-7.00458]}},{"type":"Feature","properties":{"id":"roemah-pantes-110429-6975","name":"Roemah Pantes","group":"hotel","kind":"Hotel","stars":null,"price":"Rp 150 rb – Rp 450 rb / malam","hours":"Resepsionis 24 jam","facilities":["Wi-Fi","AC","Kamar mandi dalam"],"address":"","kelurahan":"Kranggan","kecamatan":"Semarang Tengah","phone":"","web":"","description":"Penginapan di Kranggan, Semarang Tengah. Cocok untuk menginap praktis. Bandingkan foto kamar terbaru di Google Maps sebelum memesan karena mutu antarproperti beda.","source":"OpenStreetMap"},"geometry":{"type":"Point","coordinates":[110.42895,-6.97526]}},{"type":"Feature","properties":{"id":"ronggo-warsito-museum-110384-6986","name":"Ronggo Warsito Museum","group":"wisata","kind":"Museum","stars":null,"price":"Gratis atau tiket kecil","hours":"08.00–16.00, Senin tutup","facilities":["Tiket atau gratis","Parkir","Toilet"],"address":"","kelurahan":"Kalibanteng Kidul","kecamatan":"Semarang Barat","phone":"","web":"","description":"Museum Jawa Tengah Ronggowarsito menyimpan koleksi sejarah dan budaya provinsi. Lebih sepi daripada Lawang Sewu, cocok bila ingin melihat artefak dengan tenang.","source":"OpenStreetMap"},"geometry":{"type":"Point","coordinates":[110.38408,-6.98589]}},{"type":"Feature","properties":{"id":"rumah-akar-kota-lama-110427-6969","name":"Rumah Akar Kota Lama Semarang","group":"wisata","kind":"Wisata","stars":null,"price":"Gratis atau tiket kecil","hours":"Area publik","facilities":["Tiket atau gratis","Parkir","Toilet"],"address":"","kelurahan":"Purwodinatan","kecamatan":"Semarang Tengah","phone":"","web":"","description":"Kota Lama adalah kawasan bangunan kolonial di utara pusat kota. Sore hari paling nyaman untuk jalan kaki, foto, dan singgah kafe.","source":"OpenStreetMap"},"geometry":{"type":"Point","coordinates":[110.4266,-6.96911]}},{"type":"Feature","properties":{"id":"rumi-110442-7062","name":"rumi","group":"hotel","kind":"Guest house","stars":null,"price":"Rp 150 rb – Rp 450 rb / malam","hours":"Resepsionis 24 jam","facilities":["Wi-Fi","AC","Kamar mandi dalam"],"address":"","kelurahan":"Bulusan","kecamatan":"Tembalang","phone":"","web":"","description":"Penginapan di Bulusan, Tembalang. Cocok untuk menginap praktis. Bandingkan foto kamar terbaru di Google Maps sebelum memesan karena mutu antarproperti beda.","source":"OpenStreetMap"},"geometry":{"type":"Point","coordinates":[110.44175,-7.06159]}},{"type":"Feature","properties":{"id":"sans-city-park-medoho-110453-6991","name":"Sans Hotel City Park Medoho Semarang","group":"hotel","kind":"Hotel","stars":null,"price":"Rp 150 rb – Rp 450 rb / malam","hours":"Resepsionis 24 jam","facilities":["Wi-Fi","AC","Kamar mandi dalam"],"address":"","kelurahan":"Kalicari","kecamatan":"Pedurungan","phone":"","web":"","description":"Penginapan di Kalicari, Pedurungan. Cocok untuk menginap praktis. Bandingkan foto kamar terbaru di Google Maps sebelum memesan karena mutu antarproperti beda.","source":"OpenStreetMap"},"geometry":{"type":"Point","coordinates":[110.45334,-6.99084]}},{"type":"Feature","properties":{"id":"santika-premiere-110421-6988","name":"Santika Premiere Semarang","group":"hotel","kind":"Hotel bintang 4","stars":4,"price":"Rp 450 rb – Rp 1,1 jt / malam","hours":"Resepsionis 24 jam","facilities":["Sarapan","Wi-Fi","Parkir","Restoran","Ruang pertemuan"],"address":"Jl. Pandanaran No. 116-120 Kel. Pekunden Kec. Semarang Tengah","kelurahan":"Pekunden","kecamatan":"Semarang Tengah","phone":"024 8413115","web":"https://www.mysantika.com/indonesia/banyumas/hotel-santika-premiere-semarang","description":"Hotel Santika Premiere di Jalan Pandanaran, Pekunden, bintang 4 di tepi pusat kota. Nyaman untuk tamu yang ingin dekat Pandanaran dan Simpang Lima tanpa tarif bintang 5.","source":"Direktori hotel berbintang Kota Semarang + OpenStreetMap"},"geometry":{"type":"Point","coordinates":[110.42095,-6.98849]}},{"type":"Feature","properties":{"id":"poncol-110415-6973","name":"Semarang Poncol","group":"transport","kind":"Stasiun","stars":null,"price":"Sesuai tiket moda","hours":"Sesuai jadwal kereta","facilities":["Tiket atau gratis","Parkir","Toilet"],"address":"","kelurahan":"Purwosari","kecamatan":"Semarang Utara","phone":"","web":"","description":"Stasiun Semarang Poncol melayani perjalanan di barat pusat kota. Aksesnya praktis bila menginap di sekitar Bubakan atau Indraprasta.","source":"OpenStreetMap"},"geometry":{"type":"Point","coordinates":[110.41463,-6.97287]}},{"type":"Feature","properties":{"id":"tawang-110428-6964","name":"Semarang Tawang","group":"transport","kind":"Stasiun","stars":null,"price":"Sesuai tiket moda","hours":"Sesuai jadwal kereta","facilities":["Tiket atau gratis","Parkir","Toilet"],"address":"","kelurahan":"Tanjung Mas","kecamatan":"Semarang Utara","phone":"","web":"","description":"Stasiun Semarang Tawang adalah stasiun bersejarah di tepi Kota Lama. Dari sini jalan ke Gereja Blenduk dan kawasan pecinan relatif dekat.","source":"OpenStreetMap"},"geometry":{"type":"Point","coordinates":[110.42768,-6.96415]}},{"type":"Feature","properties":{"id":"town-square-110420-6980","name":"Semarang Town Square","group":"belanja","kind":"Mal","stars":null,"price":"Gratis masuk","hours":"10.00–22.00","facilities":["Toko","Makanan","Parkir","Toilet"],"address":"","kelurahan":"Kembangsari","kecamatan":"Semarang Tengah","phone":"","web":"","description":"Semarang Town Square adalah pusat belanja di Kembangsari, Semarang Tengah. Ramai sore hingga malam, terutama akhir pekan.","source":"OpenStreetMap"},"geometry":{"type":"Point","coordinates":[110.42013,-6.98042]}},{"type":"Feature","properties":{"id":"semesta-heritage-110416-7055","name":"Semesta Heritage","group":"hotel","kind":"Hotel bintang 3","stars":3,"price":"Rp 280 rb – Rp 650 rb / malam","hours":"Resepsionis 24 jam","facilities":["Wi-Fi","Parkir","AC","Sarapan"],"address":"Jl . KH . Wahid Hasyim 125-127 Kel. Bangun Harjo Kec. Semarang Tengah","kelurahan":"Sumurboto","kecamatan":"Banyumanik","phone":"024 3576000","web":"www.semestahotel.com","description":"Hotel bintang 3 di Sumurboto, Banyumanik. Cocok untuk menginap praktis. Bandingkan foto kamar terbaru di Google Maps sebelum memesan karena mutu antarproperti beda.","source":"Direktori hotel berbintang Kota Semarang"},"geometry":{"type":"Point","coordinates":[110.4163,-7.05454]}},{"type":"Feature","properties":{"id":"shopping-centre-johar-110425-6971","name":"Shopping Centre Johar","group":"belanja","kind":"Mal","stars":null,"price":"Gratis masuk","hours":"10.00–22.00","facilities":["Tiket atau gratis","Parkir","Toilet"],"address":"","kelurahan":"Kauman","kecamatan":"Semarang Tengah","phone":"","web":"","description":"Shopping Centre Johar adalah pusat belanja di Kauman, Semarang Tengah. Ramai sore hingga malam, terutama akhir pekan.","source":"OpenStreetMap"},"geometry":{"type":"Point","coordinates":[110.42493,-6.97111]}},{"type":"Feature","properties":{"id":"siliwangi-110403-6981","name":"Siliwangi Hotel","group":"hotel","kind":"Hotel bintang 3","stars":3,"price":"Rp 280 rb – Rp 650 rb / malam","hours":"Resepsionis 24 jam","facilities":["Wi-Fi","Parkir","AC","Sarapan"],"address":"Jl. MGR. Soegijopranoto No. 61 Kel. Pendrikan Kidul Kec. Semarang Tengah","kelurahan":"Pendrikan Kidul","kecamatan":"Semarang Tengah","phone":"024 3542636","web":"","description":"Hotel bintang 3 di Pendrikan Kidul, Semarang Tengah. Cocok untuk menginap praktis. Bandingkan foto kamar terbaru di Google Maps sebelum memesan karena mutu antarproperti beda.","source":"Direktori hotel berbintang Kota Semarang + OpenStreetMap"},"geometry":{"type":"Point","coordinates":[110.4033,-6.98096]}},{"type":"Feature","properties":{"id":"simpang-lima-residence-110426-6989","name":"Simpang Lima Residence","group":"hotel","kind":"Hotel","stars":null,"price":"Rp 150 rb – Rp 450 rb / malam","hours":"Resepsionis 24 jam","facilities":["Wi-Fi","AC","Kamar mandi dalam"],"address":"","kelurahan":"Pekunden","kecamatan":"Semarang Tengah","phone":"","web":"","description":"Penginapan di Pekunden, Semarang Tengah. Cocok untuk menginap praktis. Cek kondisi kamar terbaru sebelum memesan.","source":"OpenStreetMap"},"geometry":{"type":"Point","coordinates":[110.42559,-6.98877]}},{"type":"Feature","properties":{"id":"siranda-residence-110419-6999","name":"Siranda Residence","group":"hotel","kind":"Guest house","stars":null,"price":"Rp 150 rb – Rp 450 rb / malam","hours":"Resepsionis 24 jam","facilities":["Wi-Fi","AC","Kamar mandi dalam"],"address":"Jalan Diponegoro Raya 05","kelurahan":"Lempongsari","kecamatan":"Gajahmungkur","phone":"+622450278668","web":"https://facebook.com/alexa.thok","description":"Penginapan di Lempongsari, Gajahmungkur. Cocok untuk menginap praktis. Bandingkan foto kamar terbaru di Google Maps sebelum memesan karena mutu antarproperti beda.","source":"OpenStreetMap"},"geometry":{"type":"Point","coordinates":[110.41939,-6.99856]}},{"type":"Feature","properties":{"id":"sisingamangaraja-guest-house-110427-7017","name":"Sisingamangaraja Guest House","group":"hotel","kind":"Guest house","stars":null,"price":"Rp 150 rb – Rp 450 rb / malam","hours":"Resepsionis 24 jam","facilities":["Wi-Fi","AC","Kamar mandi dalam"],"address":"","kelurahan":"Kaliwiru","kecamatan":"Candisari","phone":"","web":"","description":"Penginapan di Kaliwiru, Candisari. Cocok untuk menginap praktis. Bandingkan foto kamar terbaru di Google Maps sebelum memesan karena mutu antarproperti beda.","source":"OpenStreetMap"},"geometry":{"type":"Point","coordinates":[110.42715,-7.01656]}},{"type":"Feature","properties":{"id":"sleep-sleep-110421-6970","name":"Sleep And Sleep Hotel","group":"hotel","kind":"Hotel","stars":null,"price":"Rp 150 rb – Rp 450 rb / malam","hours":"Resepsionis 24 jam","facilities":["Wi-Fi","AC","Kamar mandi dalam"],"address":"","kelurahan":"Dadapsari","kecamatan":"Semarang Utara","phone":"","web":"","description":"Penginapan di Dadapsari, Semarang Utara. Cocok untuk menginap praktis. Bandingkan foto kamar terbaru di Google Maps sebelum memesan karena mutu antarproperti beda.","source":"OpenStreetMap"},"geometry":{"type":"Point","coordinates":[110.42119,-6.97034]}},{"type":"Feature","properties":{"id":"somerset-queen-city-110420-6972","name":"Somerset Queen City Semarang","group":"hotel","kind":"Hotel","stars":null,"price":"Rp 150 rb – Rp 450 rb / malam","hours":"Resepsionis 24 jam","facilities":["Wi-Fi","AC","Kamar mandi dalam"],"address":"Jalan Pemuda 35","kelurahan":"Pandansari","kecamatan":"Semarang Tengah","phone":"+62 24 3511553","web":"https://www.discoverasr.com/en/somerset-serviced-residence/indonesia/somerset-queen-city-semarang","description":"Penginapan di Pandansari, Semarang Tengah. Alamatnya Jalan Pemuda 35. Cocok untuk menginap praktis. Cek kondisi kamar terbaru sebelum memesan.","source":"OpenStreetMap"},"geometry":{"type":"Point","coordinates":[110.4199,-6.97155]}},{"type":"Feature","properties":{"id":"srondol-indah-110423-7050","name":"Srondol Indah","group":"hotel","kind":"Hotel bintang 2","stars":2,"price":"Rp 180 rb – Rp 420 rb / malam","hours":"Resepsionis 24 jam","facilities":["Wi-Fi","AC","Kamar mandi dalam"],"address":"Jl. Setyabudi No. 211 Semarang","kelurahan":"Sumurboto","kecamatan":"Banyumanik","phone":"024 3513622","web":"","description":"Hotel bintang 2 di Sumurboto, Banyumanik. Cocok untuk menginap praktis. Bandingkan foto kamar terbaru di Google Maps sebelum memesan karena mutu antarproperti beda.","source":"Direktori hotel berbintang Kota Semarang"},"geometry":{"type":"Point","coordinates":[110.42291,-7.05023]}},{"type":"Feature","properties":{"id":"star-110432-7006","name":"Star Hotel","group":"hotel","kind":"Hotel","stars":null,"price":"Rp 150 rb – Rp 450 rb / malam","hours":"Resepsionis 24 jam","facilities":["Wi-Fi","AC","Kamar mandi dalam"],"address":"","kelurahan":"Lamper Kidul","kecamatan":"Semarang Selatan","phone":"","web":"","description":"Star Hotel di Jalan MT. Haryono, Lamper Kidul, melayani koridor selatan. Dari sini jalan menuju Banyumanik dan pusat kota sama-sama lurus.","source":"OpenStreetMap"},"geometry":{"type":"Point","coordinates":[110.43243,-7.00551]}},{"type":"Feature","properties":{"id":"stonen-110398-7007","name":"Stonen","group":"hotel","kind":"Motel","stars":null,"price":"Rp 150 rb – Rp 450 rb / malam","hours":"Resepsionis 24 jam","facilities":["Wi-Fi","AC","Kamar mandi dalam"],"address":"","kelurahan":"Bendan Ngisor","kecamatan":"Gajahmungkur","phone":"","web":"","description":"Penginapan di Bendan Ngisor, Gajahmungkur. Cocok untuk menginap praktis. Bandingkan foto kamar terbaru di Google Maps sebelum memesan karena mutu antarproperti beda.","source":"OpenStreetMap"},"geometry":{"type":"Point","coordinates":[110.39805,-7.00698]}},{"type":"Feature","properties":{"id":"studio-patung-dan-taman-110454-7007","name":"Studio Patung & Taman","group":"wisata","kind":"Galeri","stars":null,"price":"Gratis atau tiket kecil","hours":"08.00–17.00","facilities":["Area terbuka","Foto","Parkir"],"address":"","kelurahan":"Gemah","kecamatan":"Pedurungan","phone":"","web":"","description":"Studio Patung & Taman ada di Gemah, Pedurungan. Masuk daftar tempat yang sering dicari warga dan pengunjung saat berkeliling Semarang.","source":"OpenStreetMap"},"geometry":{"type":"Point","coordinates":[110.45445,-7.00685]}},{"type":"Feature","properties":{"id":"sumi-110422-6988","name":"Sumi Hotel","group":"hotel","kind":"Hotel bintang 2","stars":2,"price":"Rp 180 rb – Rp 420 rb / malam","hours":"Resepsionis 24 jam","facilities":["Wi-Fi","AC","Kamar mandi dalam"],"address":"JL. Gajah Mada No. 129 Semarang, Kel. Pekunden, Kec. Semarang Tengah, Kode pos 50241","kelurahan":"Pekunden","kecamatan":"Semarang Tengah","phone":"","web":"","description":"Hotel bintang 2 di Pekunden, Semarang Tengah. Cocok untuk menginap praktis. Bandingkan foto kamar terbaru di Google Maps sebelum memesan karena mutu antarproperti beda.","source":"Direktori hotel berbintang Kota Semarang + OpenStreetMap"},"geometry":{"type":"Point","coordinates":[110.4223,-6.98752]}},{"type":"Feature","properties":{"id":"sunrise-110453-6982","name":"Sunrise Hotel Semarang","group":"hotel","kind":"Hotel","stars":null,"price":"Rp 150 rb – Rp 450 rb / malam","hours":"Resepsionis 24 jam","facilities":["Wi-Fi","AC","Kamar mandi dalam"],"address":"","kelurahan":"Tlogosari Kulon","kecamatan":"Pedurungan","phone":"","web":"","description":"Penginapan di Tlogosari Kulon, Pedurungan. Cocok untuk menginap praktis. Bandingkan foto kamar terbaru di Google Maps sebelum memesan karena mutu antarproperti beda.","source":"OpenStreetMap"},"geometry":{"type":"Point","coordinates":[110.45319,-6.98165]}},{"type":"Feature","properties":{"id":"surya-110421-6971","name":"Surya Hotel","group":"hotel","kind":"Hotel bintang 2","stars":2,"price":"Rp 180 rb – Rp 420 rb / malam","hours":"Resepsionis 24 jam","facilities":["Wi-Fi","AC","Kamar mandi dalam"],"address":"Jl. Imam Bonjol 28 Kel. Pandan Sari Kec. Semarang Tengah","kelurahan":"Pandansari","kecamatan":"Semarang Tengah","phone":"","web":"","description":"Hotel bintang 2 di Pandansari, Semarang Tengah. Cocok untuk menginap praktis. Bandingkan foto kamar terbaru di Google Maps sebelum memesan karena mutu antarproperti beda.","source":"Direktori hotel berbintang Kota Semarang + OpenStreetMap"},"geometry":{"type":"Point","coordinates":[110.42061,-6.97123]}},{"type":"Feature","properties":{"id":"taman-indonesia-kaya-110420-6992","name":"Taman Indonesia Kaya","group":"wisata","kind":"Taman","stars":null,"price":"Gratis","hours":"Area publik","facilities":["Area terbuka","Foto","Parkir"],"address":"","kelurahan":"Mugassari","kecamatan":"Semarang Selatan","phone":"","web":"","description":"Taman Indonesia Kaya di dekat Tugu Muda adalah ruang terbuka untuk duduk dan pertunjukan. Praktis dikunjungi bersama Lawang Sewu karena jaraknya dekat.","source":"OpenStreetMap / pencarian nama"},"geometry":{"type":"Point","coordinates":[110.42002,-6.99209]}},{"type":"Feature","properties":{"id":"taman-makam-pahlawan-giri-tunggal-110421-6997","name":"Taman Makam Pahlawan Giri Tunggal","group":"wisata","kind":"Monumen","stars":null,"price":"Gratis atau tiket kecil","hours":"08.00–17.00","facilities":["Area terbuka","Foto","Parkir"],"address":"","kelurahan":"Pleburan","kecamatan":"Semarang Selatan","phone":"","web":"","description":"Taman Makam Pahlawan Giri Tunggal ada di Pleburan, Semarang Selatan. Masuk daftar tempat yang sering dicari warga dan pengunjung saat berkeliling Semarang.","source":"OpenStreetMap"},"geometry":{"type":"Point","coordinates":[110.42081,-6.99692]}},{"type":"Feature","properties":{"id":"taman-margasatwa-110288-6970","name":"Taman Margasatwa Semarang","group":"wisata","kind":"Rekreasi","stars":null,"price":"Gratis atau tiket kecil","hours":"08.00–17.00","facilities":["Area terbuka","Foto","Parkir"],"address":"","kelurahan":"Wonosari","kecamatan":"Ngaliyan","phone":"","web":"","description":"Taman Margasatwa Semarang ada di Wonosari, Ngaliyan. Masuk daftar tempat yang sering dicari warga dan pengunjung saat berkeliling Semarang.","source":"OpenStreetMap"},"geometry":{"type":"Point","coordinates":[110.28841,-6.97037]}},{"type":"Feature","properties":{"id":"tentrem-ayem-110422-6981","name":"Tentrem Ayem Semarang","group":"hotel","kind":"Hotel","stars":null,"price":"Rp 150 rb – Rp 450 rb / malam","hours":"Resepsionis 24 jam","facilities":["Kolam renang","Sarapan","Wi-Fi","Parkir","Gym","Ruang pertemuan"],"address":"","kelurahan":"Gabahan","kecamatan":"Semarang Tengah","phone":"","web":"","description":"Penginapan di Gabahan, Semarang Tengah. Cocok untuk menginap praktis. Cek kondisi kamar terbaru sebelum memesan.","source":"OpenStreetMap"},"geometry":{"type":"Point","coordinates":[110.42178,-6.98099]}},{"type":"Feature","properties":{"id":"alaska-110414-6994","name":"The Alaska Hotel","group":"hotel","kind":"Hotel bintang 2","stars":2,"price":"Rp 180 rb – Rp 420 rb / malam","hours":"Resepsionis 24 jam","facilities":["Wi-Fi","AC","Kamar mandi dalam"],"address":"Jl. Kyai Saleh No.4, Randusari, Kec. Semarang Sel., Kota Semarang, Jawa Tengah 50249","kelurahan":"Mugassari","kecamatan":"Semarang Selatan","phone":"","web":"www.myhorison.com/website/unit/horison-inn-alaska-simpang-lima-semarang","description":"Hotel bintang 2 di Mugassari, Semarang Selatan. Cocok untuk menginap praktis. Bandingkan foto kamar terbaru di Google Maps sebelum memesan karena mutu antarproperti beda.","source":"Direktori hotel berbintang Kota Semarang + OpenStreetMap"},"geometry":{"type":"Point","coordinates":[110.414,-6.99388]}},{"type":"Feature","properties":{"id":"azana-airport-110385-6985","name":"The Azana Hotel Airport Semarang","group":"hotel","kind":"Hotel bintang 3","stars":3,"price":"Rp 280 rb – Rp 650 rb / malam","hours":"Resepsionis 24 jam","facilities":["Wi-Fi","Parkir","AC","Sarapan"],"address":"Jl. Jend Sudirman No. 386, Semarang Barat, Semarang, Jawa Tengah, Indonesia, 50000","kelurahan":"Gisikdrono","kecamatan":"Semarang Barat","phone":"","web":"www.theazanahotelairportsemarang.com","description":"The Azana Hotel Airport dekat Bandara Ahmad Yani. Pilih hotel ini bila jadwal penerbangan pagi atau transit, bukan untuk berjalan kaki ke Simpang Lima.","source":"Direktori hotel berbintang Kota Semarang + OpenStreetMap"},"geometry":{"type":"Point","coordinates":[110.38485,-6.98467]}},{"type":"Feature","properties":{"id":"capsule-gajahmada-110421-6976","name":"The Capsule Gajahmada","group":"hotel","kind":"Hotel","stars":null,"price":"Rp 150 rb – Rp 450 rb / malam","hours":"Resepsionis 24 jam","facilities":["Wi-Fi","AC","Kamar mandi dalam"],"address":"","kelurahan":"Bangunharjo","kecamatan":"Semarang Tengah","phone":"","web":"","description":"Penginapan di Bangunharjo, Semarang Tengah. Cocok untuk menginap praktis. Bandingkan foto kamar terbaru di Google Maps sebelum memesan karena mutu antarproperti beda.","source":"OpenStreetMap"},"geometry":{"type":"Point","coordinates":[110.42065,-6.97626]}},{"type":"Feature","properties":{"id":"lorriz-110428-6989","name":"The Lorriz Hotel","group":"hotel","kind":"Hotel","stars":null,"price":"Rp 150 rb – Rp 450 rb / malam","hours":"Resepsionis 24 jam","facilities":["Wi-Fi","AC","Kamar mandi dalam"],"address":"","kelurahan":"Karangkidul","kecamatan":"Semarang Tengah","phone":"","web":"","description":"Penginapan di Karangkidul, Semarang Tengah. Cocok untuk menginap praktis. Bandingkan foto kamar terbaru di Google Maps sebelum memesan karena mutu antarproperti beda.","source":"OpenStreetMap"},"geometry":{"type":"Point","coordinates":[110.4285,-6.98909]}},{"type":"Feature","properties":{"id":"park-110398-6964","name":"The Park Semarang","group":"belanja","kind":"Mal","stars":null,"price":"Gratis masuk","hours":"10.00–22.00","facilities":["Tiket atau gratis","Parkir","Toilet"],"address":"","kelurahan":"Tawang Mas","kecamatan":"Semarang Barat","phone":"","web":"","description":"The Park Semarang adalah pusat belanja di Tawang Mas, Semarang Barat. Ramai sore hingga malam, terutama akhir pekan.","source":"OpenStreetMap"},"geometry":{"type":"Point","coordinates":[110.39808,-6.9641]}},{"type":"Feature","properties":{"id":"raden-patah-heritage-kota-lama-110430-6968","name":"The Raden Patah Heritage Kota Lama","group":"hotel","kind":"Hotel","stars":null,"price":"Rp 150 rb – Rp 450 rb / malam","hours":"Resepsionis 24 jam","facilities":["Wi-Fi","AC","Kamar mandi dalam"],"address":"Jalan Letjen Suprapto 48","kelurahan":"Tanjung Mas","kecamatan":"Semarang Utara","phone":"","web":"https://theradenpatah.com/","description":"Kota Lama adalah kawasan bangunan kolonial di utara pusat kota. Sore hari paling nyaman untuk jalan kaki, foto, dan singgah kafe.","source":"OpenStreetMap"},"geometry":{"type":"Point","coordinates":[110.42971,-6.96753]}},{"type":"Feature","properties":{"id":"tjiang-resindence-110428-6975","name":"Tjiang Resindence","group":"hotel","kind":"Hotel","stars":null,"price":"Rp 150 rb – Rp 450 rb / malam","hours":"Resepsionis 24 jam","facilities":["Wi-Fi","AC","Kamar mandi dalam"],"address":"Jalan Gang Pinggir 24","kelurahan":"Kranggan","kecamatan":"Semarang Tengah","phone":"+62 24 3540330","web":"","description":"Penginapan di Kranggan, Semarang Tengah. Cocok untuk menginap praktis. Bandingkan foto kamar terbaru di Google Maps sebelum memesan karena mutu antarproperti beda.","source":"OpenStreetMap"},"geometry":{"type":"Point","coordinates":[110.42837,-6.97505]}},{"type":"Feature","properties":{"id":"transmart-110411-7068","name":"Transmart","group":"belanja","kind":"Mal","stars":null,"price":"Gratis masuk","hours":"10.00–22.00","facilities":["Toko","Makanan","Parkir","Toilet"],"address":"","kelurahan":"Srondol Kulon","kecamatan":"Banyumanik","phone":"","web":"","description":"Pusat belanja ini menjadi tujuan harian warga: pakaian, makanan, dan bioskop. Jam ramai biasanya sore hingga malam, terutama akhir pekan.","source":"OpenStreetMap"},"geometry":{"type":"Point","coordinates":[110.41124,-7.06767]}},{"type":"Feature","properties":{"id":"transmart-majapahit-110494-7020","name":"Transmart Majapahit Semarang","group":"belanja","kind":"Mal","stars":null,"price":"Gratis masuk","hours":"10.00–22.00","facilities":["Toko","Makanan","Parkir","Toilet"],"address":"","kelurahan":"Plamongan Sari","kecamatan":"Pedurungan","phone":"","web":"","description":"Pusat belanja ini menjadi tujuan harian warga: pakaian, makanan, dan bioskop. Jam ramai biasanya sore hingga malam, terutama akhir pekan.","source":"OpenStreetMap"},"geometry":{"type":"Point","coordinates":[110.49446,-7.01992]}},{"type":"Feature","properties":{"id":"tugu-adipura-110403-6981","name":"Tugu Adipura","group":"wisata","kind":"Monumen","stars":null,"price":"Gratis atau tiket kecil","hours":"Area publik","facilities":["Tiket atau gratis","Parkir","Toilet"],"address":"","kelurahan":"Pendrikan Kidul","kecamatan":"Semarang Tengah","phone":"","web":"","description":"Tugu Adipura ada di Pendrikan Kidul, Semarang Tengah. Masuk daftar tempat yang sering dicari warga dan pengunjung saat berkeliling Semarang.","source":"OpenStreetMap"},"geometry":{"type":"Point","coordinates":[110.40279,-6.98116]}},{"type":"Feature","properties":{"id":"tugu-muda-110409-6984","name":"Tugu Muda","group":"wisata","kind":"Monumen","stars":null,"price":"Gratis","hours":"Area publik","facilities":["Tiket atau gratis","Parkir","Toilet"],"address":"","kelurahan":"Sekayu","kecamatan":"Semarang Tengah","phone":"","web":"","description":"Tugu Muda adalah monumen di pertemuan jalan pusat kota, dekat Lawang Sewu dan Taman Indonesia Kaya. Titik yang mudah dipakai sebagai patokan arah.","source":"OpenStreetMap"},"geometry":{"type":"Point","coordinates":[110.40933,-6.98432]}},{"type":"Feature","properties":{"id":"tugu-nol-jawa-tengah-110424-6969","name":"Tugu Nol Jawa Tengah","group":"wisata","kind":"Monumen","stars":null,"price":"Gratis atau tiket kecil","hours":"Area publik","facilities":["Tiket atau gratis","Parkir","Toilet"],"address":"","kelurahan":"Kauman","kecamatan":"Semarang Tengah","phone":"","web":"","description":"Tugu Nol Jawa Tengah ada di Kauman, Semarang Tengah. Masuk daftar tempat yang sering dicari warga dan pengunjung saat berkeliling Semarang.","source":"OpenStreetMap"},"geometry":{"type":"Point","coordinates":[110.42438,-6.96931]}},{"type":"Feature","properties":{"id":"undip-110445-7048","name":"Undip Inn","group":"hotel","kind":"Hotel bintang 2","stars":2,"price":"Rp 180 rb – Rp 420 rb / malam","hours":"Resepsionis 24 jam","facilities":["Wi-Fi","AC","Kamar mandi dalam"],"address":"Jl. Prof Sudarto Tembalang Semarang","kelurahan":"Tembalang","kecamatan":"Tembalang","phone":"02476405000","web":"","description":"Hotel bintang 2 di Tembalang, Tembalang. Cocok untuk menginap praktis. Bandingkan foto kamar terbaru di Google Maps sebelum memesan karena mutu antarproperti beda.","source":"Direktori hotel berbintang Kota Semarang"},"geometry":{"type":"Point","coordinates":[110.44519,-7.04838]}},{"type":"Feature","properties":{"id":"uptown-mall-110325-7045","name":"Uptown Mall","group":"belanja","kind":"Mal","stars":null,"price":"Gratis masuk","hours":"10.00–22.00","facilities":["Toko","Makanan","Parkir","Toilet"],"address":"","kelurahan":"Pesantren","kecamatan":"Mijen","phone":"","web":"","description":"Uptown Mall adalah pusat belanja di Pesantren, Mijen. Ramai sore hingga malam, terutama akhir pekan.","source":"OpenStreetMap"},"geometry":{"type":"Point","coordinates":[110.32474,-7.0445]}},{"type":"Feature","properties":{"id":"utc-110402-7003","name":"UTC Hotel Semarang","group":"hotel","kind":"Hotel bintang 3","stars":3,"price":"Rp 280 rb – Rp 650 rb / malam","hours":"Resepsionis 24 jam","facilities":["Wi-Fi","Parkir","AC","Sarapan"],"address":"Jl. Kelud Raya No. 2, 50237 Semarang, Indonesia","kelurahan":"Petompon","kecamatan":"Gajahmungkur","phone":"","web":"www.utc-semarang.com","description":"Hotel bintang 3 di Petompon, Gajahmungkur. Cocok untuk menginap praktis. Bandingkan foto kamar terbaru di Google Maps sebelum memesan karena mutu antarproperti beda.","source":"Direktori hotel berbintang Kota Semarang + OpenStreetMap"},"geometry":{"type":"Point","coordinates":[110.40207,-7.00297]}},{"type":"Feature","properties":{"id":"ventura-residences-110429-6975","name":"Ventura Residences","group":"hotel","kind":"Hotel","stars":null,"price":"Rp 150 rb – Rp 450 rb / malam","hours":"Resepsionis 24 jam","facilities":["Wi-Fi","AC","Kamar mandi dalam"],"address":"Jalan Kalikuping Utara 243e","kelurahan":"Kranggan","kecamatan":"Semarang Tengah","phone":"+62 24 3543559","web":"","description":"Penginapan di Kranggan, Semarang Tengah. Cocok untuk menginap praktis. Bandingkan foto kamar terbaru di Google Maps sebelum memesan karena mutu antarproperti beda.","source":"OpenStreetMap"},"geometry":{"type":"Point","coordinates":[110.42918,-6.97486]}},{"type":"Feature","properties":{"id":"victory-110407-7029","name":"Victory","group":"hotel","kind":"Hostel","stars":null,"price":"Rp 80 rb – Rp 250 rb / malam","hours":"Resepsionis 24 jam","facilities":["Wi-Fi","AC","Kamar mandi dalam"],"address":"","kelurahan":"Tinjomoyo","kecamatan":"Banyumanik","phone":"","web":"","description":"Penginapan di Tinjomoyo, Banyumanik. Cocok untuk menginap praktis. Bandingkan foto kamar terbaru di Google Maps sebelum memesan karena mutu antarproperti beda.","source":"OpenStreetMap"},"geometry":{"type":"Point","coordinates":[110.40721,-7.02861]}},{"type":"Feature","properties":{"id":"vina-house-110416-7002","name":"Vina House","group":"hotel","kind":"Hotel","stars":null,"price":"Rp 150 rb – Rp 450 rb / malam","hours":"Resepsionis 24 jam","facilities":["Wi-Fi","AC","Kamar mandi dalam"],"address":"","kelurahan":"Lempongsari","kecamatan":"Gajahmungkur","phone":"","web":"","description":"Penginapan di Lempongsari, Gajahmungkur. Cocok untuk menginap praktis. Bandingkan foto kamar terbaru di Google Maps sebelum memesan karena mutu antarproperti beda.","source":"OpenStreetMap"},"geometry":{"type":"Point","coordinates":[110.416,-7.00158]}},{"type":"Feature","properties":{"id":"votel-krakatau-110437-6988","name":"Votel Krakatau Hotel Semarang","group":"hotel","kind":"Hotel bintang 1","stars":1,"price":"Rp 120 rb – Rp 280 rb / malam","hours":"Resepsionis 24 jam","facilities":["Wi-Fi","AC","Kamar mandi dalam"],"address":"Jl. Krakatau No.8, Karangtempel, Kec. Semarang Tim., Kota Semarang, Jawa Tengah 50232","kelurahan":"Karangtempel","kecamatan":"Semarang Timur","phone":"0821-3619-9168","web":"www.votelkrakatausemarang.com","description":"Hotel bintang 1 di Karangtempel, Semarang Timur. Cocok untuk menginap praktis. Bandingkan foto kamar terbaru di Google Maps sebelum memesan karena mutu antarproperti beda.","source":"Direktori hotel berbintang Kota Semarang + OpenStreetMap"},"geometry":{"type":"Point","coordinates":[110.43732,-6.98787]}},{"type":"Feature","properties":{"id":"wisma-hargo-110414-7058","name":"Wisma Hargo","group":"hotel","kind":"Hotel","stars":null,"price":"Rp 150 rb – Rp 450 rb / malam","hours":"Resepsionis 24 jam","facilities":["Wi-Fi","AC","Kamar mandi dalam"],"address":"","kelurahan":"Srondol Kulon","kecamatan":"Banyumanik","phone":"","web":"","description":"Penginapan di Srondol Kulon, Banyumanik. Cocok untuk menginap praktis. Bandingkan foto kamar terbaru di Google Maps sebelum memesan karena mutu antarproperti beda.","source":"OpenStreetMap"},"geometry":{"type":"Point","coordinates":[110.41359,-7.05789]}},{"type":"Feature","properties":{"id":"wisma-menoreh-110389-7017","name":"Wisma Menoreh","group":"hotel","kind":"Motel","stars":null,"price":"Rp 150 rb – Rp 450 rb / malam","hours":"Resepsionis 24 jam","facilities":["Wi-Fi","AC","Kamar mandi dalam"],"address":"","kelurahan":"Bendanduwur","kecamatan":"Gajahmungkur","phone":"","web":"","description":"Penginapan di Bendanduwur, Gajahmungkur. Cocok untuk menginap praktis. Bandingkan foto kamar terbaru di Google Maps sebelum memesan karena mutu antarproperti beda.","source":"OpenStreetMap"},"geometry":{"type":"Point","coordinates":[110.38939,-7.01691]}},{"type":"Feature","properties":{"id":"wisma-mira-110399-7003","name":"Wisma Mira","group":"hotel","kind":"Guest house","stars":null,"price":"Rp 150 rb – Rp 450 rb / malam","hours":"Resepsionis 24 jam","facilities":["Wi-Fi","AC","Kamar mandi dalam"],"address":"","kelurahan":"Petompon","kecamatan":"Gajahmungkur","phone":"","web":"","description":"Penginapan di Petompon, Gajahmungkur. Cocok untuk menginap praktis. Bandingkan foto kamar terbaru di Google Maps sebelum memesan karena mutu antarproperti beda.","source":"OpenStreetMap"},"geometry":{"type":"Point","coordinates":[110.39881,-7.00307]}},{"type":"Feature","properties":{"id":"wisma-texas-110380-6990","name":"Wisma Texas","group":"hotel","kind":"Hotel","stars":null,"price":"Rp 150 rb – Rp 450 rb / malam","hours":"Resepsionis 24 jam","facilities":["Wi-Fi","AC","Kamar mandi dalam"],"address":"","kelurahan":"Kalibanteng Kulon","kecamatan":"Semarang Barat","phone":"","web":"","description":"Penginapan di Kalibanteng Kulon, Semarang Barat. Cocok untuk menginap praktis. Bandingkan foto kamar terbaru di Google Maps sebelum memesan karena mutu antarproperti beda.","source":"OpenStreetMap"},"geometry":{"type":"Point","coordinates":[110.38014,-6.98959]}},{"type":"Feature","properties":{"id":"wismagamsari-110437-7058","name":"Wismagamsari","group":"hotel","kind":"Hostel","stars":null,"price":"Rp 80 rb – Rp 250 rb / malam","hours":"Resepsionis 24 jam","facilities":["Wi-Fi","AC","Kamar mandi dalam"],"address":"Gang Gayamsari 26","kelurahan":"Tembalang","kecamatan":"Tembalang","phone":"","web":"","description":"Penginapan di Tembalang, Tembalang. Cocok untuk menginap praktis. Bandingkan foto kamar terbaru di Google Maps sebelum memesan karena mutu antarproperti beda.","source":"OpenStreetMap"},"geometry":{"type":"Point","coordinates":[110.43728,-7.05823]}},{"type":"Feature","properties":{"id":"wonderia-110424-7002","name":"Wonderia","group":"wisata","kind":"Rekreasi","stars":null,"price":"Tiket masuk","hours":"08.00–17.00","facilities":["Tiket atau gratis","Parkir","Toilet"],"address":"","kelurahan":"Tegalsari","kecamatan":"Candisari","phone":"","web":"","description":"Wonderia adalah taman rekreasi keluarga di Semarang. Cek jam operasional sebelum berangkat karena wahana tidak selalu penuh di hari biasa.","source":"OpenStreetMap"},"geometry":{"type":"Point","coordinates":[110.42378,-7.0022]}},{"type":"Feature","properties":{"id":"padma-hotel-semarang","name":"Padma Hotel Semarang","group":"hotel","kind":"Hotel bintang 5","stars":5,"price":"Rp 900 rb – Rp 2,5 jt / malam","hours":"Resepsionis 24 jam","facilities":["Kolam renang","Sarapan","Wi-Fi","Parkir","Gym","Ruang pertemuan"],"address":"Jl. Sultan Agung No.86, Wonotingal, Candisari","kelurahan":"Wonotingal","kecamatan":"Candisari","phone":"024 33000900","web":"https://padmahotelsemarang.com","description":"Padma Hotel Semarang berada di lereng Candisari, Jalan Sultan Agung. Bintang 5 ini dipilih tamu yang ingin suasana resort, kolam, dan pemandangan kota dari atas bukit, sekitar 2 km dari Simpang Lima.","source":"Direktori hotel berbintang Kota Semarang"},"geometry":{"type":"Point","coordinates":[110.416468,-7.009231]}},{"type":"Feature","properties":{"id":"simpang-lima","name":"Simpang Lima","group":"wisata","kind":"Ruang kota","stars":null,"price":"Gratis","hours":"Area publik","facilities":["Area terbuka","Kuliner malam","Foto"],"address":"Lapangan Pancasila, pusat Kota Semarang","kelurahan":"Mugassari","kecamatan":"Semarang Selatan","phone":"","web":"","description":"Simpang Lima adalah lapangan dan pertemuan lima jalan di jantung kota. Malam hari sekelilingnya ramai kuliner, lampu, dan orang berolahraga. Titik ini juga dipakai sebagai awal rute bila lokasi Anda belum aktif.","source":"OpenStreetMap / pencarian nama"},"geometry":{"type":"Point","coordinates":[110.4211,-6.9931]}}]}